[?2026h[?25l[1Gpulling manifest ⠋ [K[?25h[?2026l[?2026h[?25l[1Gpulling manifest ⠙ [K[?25h[?2026l[?2026h[?25l[1Gpulling manifest ⠹ [K[?25h[?2026l[?2026h[?25l[1Gpulling manifest ⠸ [K[?25h[?2026l[?2026h[?25l[1Gpulling manifest ⠼ [K[?25h[?2026l[?2026h[?25l[1Gpulling manifest ⠴ [K[?25h[?2026l[?2026h[?25l[1Gpulling manifest ⠦ [K[?25h[?2026l[?2026h[?25l[1Gpulling manifest ⠧ [K[?25h[?2026l[?2026h[?25l[1Gpulling manifest ⠇ [K[?25h[?2026l[?2026h[?25l[1Gpulling manifest ⠏ [K[?25h[?2026l[?2026h[?25l[1Gpulling manifest ⠋ [K[?25h[?2026l[?2026h[?25l[1Gpulling manifest ⠙ [K[?25h[?2026l[?2026h[?25l[1Gpulling manifest ⠹ [K[?25h[?2026l[?2026h[?25l[1Gpulling manifest ⠸ [K[?25h[?2026l[?2026h[?25l[1Gpulling manifest ⠼ [K[?25h[?2026l[?2026h[?25l[1Gpulling manifest ⠴ [K[?25h[?2026l[?2026h[?25l[1Gpulling manifest ⠦ [K[?25h[?2026l[?2026h[?25l[1Gpulling manifest ⠧ [K[?25h[?2026l[?2026h[?25l[1Gpulling manifest ⠇ [K[?25h[?2026l[?2026h[?25l[1Gpulling manifest ⠏ [K[?25h[?2026l[?2026h[?25l[1Gpulling manifest ⠋ [K[?25h[?2026l[?2026h[?25l[1Gpulling manifest ⠙ [K[?25h[?2026l[?2026h[?25l[1Gpulling manifest ⠹ [K[?25h[?2026l[?2026h[?25l[1Gpulling manifest ⠸ [K[?25h[?2026l[?2026h[?25l[1Gpulling manifest ⠼ [K[?25h[?2026l[?2026h[?25l[1Gpulling manifest ⠦ [K[?25h[?2026l[?2026h[?25l[1Gpulling manifest ⠦ [K[?25h[?2026l[?2026h[?25l[1Gpulling manifest ⠧ [K[?25h[?2026l[?2026h[?25l[1Gpulling manifest ⠇ [K[?25h[?2026l[?2026h[?25l[1Gpulling manifest ⠏ [K[?25h[?2026l[?2026h[?25l[1Gpulling manifest ⠋ [K[?25h[?2026l[?2026h[?25l[1Gpulling manifest ⠙ [K[?25h[?2026l[?2026h[?25l[1Gpulling manifest ⠹ [K[?25h[?2026l[?2026h[?25l[1Gpulling manifest ⠸ [K[?25h[?2026l[?2026h[?25l[1Gpulling manifest ⠼ [K[?25h[?2026l[?2026h[?25l[1Gpulling manifest ⠴ [K[?25h[?2026l[?2026h[?25l[1Gpulling manifest ⠦ [K[?25h[?2026l[?2026h[?25l[1Gpulling manifest ⠧ [K[?25h[?2026l[?2026h[?25l[1Gpulling manifest ⠇ [K[?25h[?2026l[?2026h[?25l[1Gpulling manifest ⠏ [K[?25h[?2026l[?2026h[?25l[1Gpulling manifest ⠋ [K[?25h[?2026l[?2026h[?25l[1Gpulling manifest ⠙ [K[?25h[?2026l[?2026h[?25l[1Gpulling manifest ⠹ [K[?25h[?2026l[?2026h[?25l[1Gpulling manifest ⠸ [K[?25h[?2026l[?2026h[?25l[1Gpulling manifest ⠼ [K[?25h[?2026l[?2026h[?25l[1Gpulling manifest ⠴ [K[?25h[?2026l[?2026h[?25l[1Gpulling manifest ⠦ [K[?25h[?2026l[?2026h[?25l[1Gpulling manifest ⠧ [K[?25h[?2026l[?2026h[?25l[1Gpulling manifest ⠇ [K[?25h[?2026l[?2026h[?25l[1Gpulling manifest ⠏ [K[?25h[?2026l[?2026h[?25l[1Gpulling manifest ⠋ [K[?25h[?2026l[?2026h[?25l[1Gpulling manifest ⠙ [K[?25h[?2026l[?2026h[?25l[1Gpulling manifest ⠹ [K[?25h[?2026l[?2026h[?25l[1Gpulling manifest [K
pulling eabc98a9bcbf:   0% ▕                  ▏  39 KB/ 19 GB                  [K[?25h[?2026l[?2026h[?25l[A[1Gpulling manifest [K
pulling eabc98a9bcbf:   0% ▕                  ▏  10 MB/ 19 GB                  [K[?25h[?2026l[?2026h[?25l[A[1Gpulling manifest [K
pulling eabc98a9bcbf:   0% ▕                  ▏  23 MB/ 19 GB                  [K[?25h[?2026l[?2026h[?25l[A[1Gpulling manifest [K
pulling eabc98a9bcbf:   0% ▕                  ▏  30 MB/ 19 GB                  [K[?25h[?2026l[?2026h[?25l[A[1Gpulling manifest [K
pulling eabc98a9bcbf:   0% ▕                  ▏  44 MB/ 19 GB                  [K[?25h[?2026l[?2026h[?25l[A[1Gpulling manifest [K
pulling eabc98a9bcbf:   0% ▕                  ▏  57 MB/ 19 GB                  [K[?25h[?2026l[?2026h[?25l[A[1Gpulling manifest [K
pulling eabc98a9bcbf:   0% ▕                  ▏  64 MB/ 19 GB                  [K[?25h[?2026l[?2026h[?25l[A[1Gpulling manifest [K
pulling eabc98a9bcbf:   0% ▕                  ▏  77 MB/ 19 GB                  [K[?25h[?2026l[?2026h[?25l[A[1Gpulling manifest [K
pulling eabc98a9bcbf:   0% ▕                  ▏  90 MB/ 19 GB                  [K[?25h[?2026l[?2026h[?25l[A[1Gpulling manifest [K
pulling eabc98a9bcbf:   0% ▕                  ▏  97 MB/ 19 GB                  [K[?25h[?2026l[?2026h[?25l[A[1Gpulling manifest [K
pulling eabc98a9bcbf:   1% ▕                  ▏ 111 MB/ 19 GB  111 MB/s   2m57s[K[?25h[?2026l[?2026h[?25l[A[1Gpulling manifest [K
pulling eabc98a9bcbf:   1% ▕                  ▏ 124 MB/ 19 GB  111 MB/s   2m57s[K[?25h[?2026l[?2026h[?25l[A[1Gpulling manifest [K
pulling eabc98a9bcbf:   1% ▕                  ▏ 130 MB/ 19 GB  111 MB/s   2m57s[K[?25h[?2026l[?2026h[?25l[A[1Gpulling manifest [K
pulling eabc98a9bcbf:   1% ▕                  ▏ 143 MB/ 19 GB  111 MB/s   2m57s[K[?25h[?2026l[?2026h[?25l[A[1Gpulling manifest [K
pulling eabc98a9bcbf:   1% ▕                  ▏ 157 MB/ 19 GB  111 MB/s   2m57s[K[?25h[?2026l[?2026h[?25l[A[1Gpulling manifest [K
pulling eabc98a9bcbf:   1% ▕                  ▏ 164 MB/ 19 GB  111 MB/s   2m57s[K[?25h[?2026l[?2026h[?25l[A[1Gpulling manifest [K
pulling eabc98a9bcbf:   1% ▕                  ▏ 178 MB/ 19 GB  111 MB/s   2m56s[K[?25h[?2026l[?2026h[?25l[A[1Gpulling manifest [K
pulling eabc98a9bcbf:   1% ▕                  ▏ 192 MB/ 19 GB  111 MB/s   2m56s[K[?25h[?2026l[?2026h[?25l[A[1Gpulling manifest [K
pulling eabc98a9bcbf:   1% ▕                  ▏ 199 MB/ 19 GB  111 MB/s   2m56s[K[?25h[?2026l[?2026h[?25l[A[1Gpulling manifest [K
pulling eabc98a9bcbf:   1% ▕                  ▏ 213 MB/ 19 GB  111 MB/s   2m56s[K[?25h[?2026l[?2026h[?25l[A[1Gpulling manifest [K
pulling eabc98a9bcbf:   1% ▕                  ▏ 227 MB/ 19 GB  113 MB/s   2m52s[K[?25h[?2026l[?2026h[?25l[A[1Gpulling manifest [K
pulling eabc98a9bcbf:   1% ▕                  ▏ 234 MB/ 19 GB  113 MB/s   2m52s[K[?25h[?2026l[?2026h[?25l[A[1Gpulling manifest [K
pulling eabc98a9bcbf:   1% ▕                  ▏ 248 MB/ 19 GB  113 MB/s   2m52s[K[?25h[?2026l[?2026h[?25l[A[1Gpulling manifest [K
pulling eabc98a9bcbf:   1% ▕                  ▏ 262 MB/ 19 GB  113 MB/s   2m52s[K[?25h[?2026l[?2026h[?25l[A[1Gpulling manifest [K
pulling eabc98a9bcbf:   1% ▕                  ▏ 269 MB/ 19 GB  113 MB/s   2m52s[K[?25h[?2026l[?2026h[?25l[A[1Gpulling manifest [K
pulling eabc98a9bcbf:   1% ▕                  ▏ 282 MB/ 19 GB  113 MB/s   2m51s[K[?25h[?2026l[?2026h[?25l[A[1Gpulling manifest [K
pulling eabc98a9bcbf:   1% ▕                  ▏ 296 MB/ 19 GB  113 MB/s   2m51s[K[?25h[?2026l[?2026h[?25l[A[1Gpulling manifest [K
pulling eabc98a9bcbf:   2% ▕                  ▏ 303 MB/ 19 GB  113 MB/s   2m51s[K[?25h[?2026l[?2026h[?25l[A[1Gpulling manifest [K
pulling eabc98a9bcbf:   2% ▕                  ▏ 317 MB/ 19 GB  113 MB/s   2m51s[K[?25h[?2026l[?2026h[?25l[A[1Gpulling manifest [K
pulling eabc98a9bcbf:   2% ▕                  ▏ 331 MB/ 19 GB  113 MB/s   2m51s[K[?25h[?2026l[?2026h[?25l[A[1Gpulling manifest [K
pulling eabc98a9bcbf:   2% ▕                  ▏ 339 MB/ 19 GB  113 MB/s   2m51s[K[?25h[?2026l[?2026h[?25l[A[1Gpulling manifest [K
pulling eabc98a9bcbf:   2% ▕                  ▏ 352 MB/ 19 GB  115 MB/s   2m49s[K[?25h[?2026l[?2026h[?25l[A[1Gpulling manifest [K
pulling eabc98a9bcbf:   2% ▕                  ▏ 366 MB/ 19 GB  115 MB/s   2m49s[K[?25h[?2026l[?2026h[?25l[A[1Gpulling manifest [K
pulling eabc98a9bcbf:   2% ▕                  ▏ 373 MB/ 19 GB  115 MB/s   2m49s[K[?25h[?2026l[?2026h[?25l[A[1Gpulling manifest [K
pulling eabc98a9bcbf:   2% ▕                  ▏ 387 MB/ 19 GB  115 MB/s   2m48s[K[?25h[?2026l[?2026h[?25l[A[1Gpulling manifest [K
pulling eabc98a9bcbf:   2% ▕                  ▏ 401 MB/ 19 GB  115 MB/s   2m48s[K[?25h[?2026l[?2026h[?25l[A[1Gpulling manifest [K
pulling eabc98a9bcbf:   2% ▕                  ▏ 409 MB/ 19 GB  115 MB/s   2m48s[K[?25h[?2026l[?2026h[?25l[A[1Gpulling manifest [K
pulling eabc98a9bcbf:   2% ▕                  ▏ 423 MB/ 19 GB  115 MB/s   2m48s[K[?25h[?2026l[?2026h[?25l[A[1Gpulling manifest [K
pulling eabc98a9bcbf:   2% ▕                  ▏ 435 MB/ 19 GB  115 MB/s   2m48s[K[?25h[?2026l[?2026h[?25l[A[1Gpulling manifest [K
pulling eabc98a9bcbf:   2% ▕                  ▏ 443 MB/ 19 GB  115 MB/s   2m48s[K[?25h[?2026l[?2026h[?25l[A[1Gpulling manifest [K
pulling eabc98a9bcbf:   2% ▕                  ▏ 457 MB/ 19 GB  115 MB/s   2m48s[K[?25h[?2026l[?2026h[?25l[A[1Gpulling manifest [K
pulling eabc98a9bcbf:   2% ▕                  ▏ 471 MB/ 19 GB  116 MB/s   2m47s[K[?25h[?2026l[?2026h[?25l[A[1Gpulling manifest [K
pulling eabc98a9bcbf:   2% ▕                  ▏ 477 MB/ 19 GB  116 MB/s   2m47s[K[?25h[?2026l[?2026h[?25l[A[1Gpulling manifest [K
pulling eabc98a9bcbf:   2% ▕                  ▏ 490 MB/ 19 GB  116 MB/s   2m46s[K[?25h[?2026l[?2026h[?25l[A[1Gpulling manifest [K
pulling eabc98a9bcbf:   3% ▕                  ▏ 504 MB/ 19 GB  116 MB/s   2m46s[K[?25h[?2026l[?2026h[?25l[A[1Gpulling manifest [K
pulling eabc98a9bcbf:   3% ▕                  ▏ 511 MB/ 19 GB  116 MB/s   2m46s[K[?25h[?2026l[?2026h[?25l[A[1Gpulling manifest [K
pulling eabc98a9bcbf:   3% ▕                  ▏ 525 MB/ 19 GB  116 MB/s   2m46s[K[?25h[?2026l[?2026h[?25l[A[1Gpulling manifest [K
pulling eabc98a9bcbf:   3% ▕                  ▏ 539 MB/ 19 GB  116 MB/s   2m46s[K[?25h[?2026l[?2026h[?25l[A[1Gpulling manifest [K
pulling eabc98a9bcbf:   3% ▕                  ▏ 546 MB/ 19 GB  116 MB/s   2m46s[K[?25h[?2026l[?2026h[?25l[A[1Gpulling manifest [K
pulling eabc98a9bcbf:   3% ▕                  ▏ 559 MB/ 19 GB  116 MB/s   2m46s[K[?25h[?2026l[?2026h[?25l[A[1Gpulling manifest [K
pulling eabc98a9bcbf:   3% ▕                  ▏ 573 MB/ 19 GB  116 MB/s   2m46s[K[?25h[?2026l[?2026h[?25l[A[1Gpulling manifest [K
pulling eabc98a9bcbf:   3% ▕                  ▏ 580 MB/ 19 GB  116 MB/s   2m46s[K[?25h[?2026l[?2026h[?25l[A[1Gpulling manifest [K
pulling eabc98a9bcbf:   3% ▕                  ▏ 595 MB/ 19 GB  116 MB/s   2m45s[K[?25h[?2026l[?2026h[?25l[A[1Gpulling manifest [K
pulling eabc98a9bcbf:   3% ▕                  ▏ 607 MB/ 19 GB  116 MB/s   2m45s[K[?25h[?2026l[?2026h[?25l[A[1Gpulling manifest [K
pulling eabc98a9bcbf:   3% ▕                  ▏ 614 MB/ 19 GB  116 MB/s   2m45s[K[?25h[?2026l[?2026h[?25l[A[1Gpulling manifest [K
pulling eabc98a9bcbf:   3% ▕                  ▏ 628 MB/ 19 GB  116 MB/s   2m45s[K[?25h[?2026l[?2026h[?25l[A[1Gpulling manifest [K
pulling eabc98a9bcbf:   3% ▕                  ▏ 642 MB/ 19 GB  116 MB/s   2m45s[K[?25h[?2026l[?2026h[?25l[A[1Gpulling manifest [K
pulling eabc98a9bcbf:   3% ▕                  ▏ 649 MB/ 19 GB  116 MB/s   2m45s[K[?25h[?2026l[?2026h[?25l[A[1Gpulling manifest [K
pulling eabc98a9bcbf:   3% ▕                  ▏ 663 MB/ 19 GB  116 MB/s   2m45s[K[?25h[?2026l[?2026h[?25l[A[1Gpulling manifest [K
pulling eabc98a9bcbf:   3% ▕                  ▏ 677 MB/ 19 GB  116 MB/s   2m45s[K[?25h[?2026l[?2026h[?25l[A[1Gpulling manifest [K
pulling eabc98a9bcbf:   3% ▕                  ▏ 684 MB/ 19 GB  116 MB/s   2m45s[K[?25h[?2026l[?2026h[?25l[A[1Gpulling manifest [K
pulling eabc98a9bcbf:   4% ▕                  ▏ 698 MB/ 19 GB  116 MB/s   2m44s[K[?25h[?2026l[?2026h[?25l[A[1Gpulling manifest [K
pulling eabc98a9bcbf:   4% ▕                  ▏ 713 MB/ 19 GB  116 MB/s   2m44s[K[?25h[?2026l[?2026h[?25l[A[1Gpulling manifest [K
pulling eabc98a9bcbf:   4% ▕                  ▏ 718 MB/ 19 GB  116 MB/s   2m44s[K[?25h[?2026l[?2026h[?25l[A[1Gpulling manifest [K
pulling eabc98a9bcbf:   4% ▕                  ▏ 731 MB/ 19 GB  116 MB/s   2m44s[K[?25h[?2026l[?2026h[?25l[A[1Gpulling manifest [K
pulling eabc98a9bcbf:   4% ▕                  ▏ 745 MB/ 19 GB  116 MB/s   2m44s[K[?25h[?2026l[?2026h[?25l[A[1Gpulling manifest [K
pulling eabc98a9bcbf:   4% ▕                  ▏ 752 MB/ 19 GB  116 MB/s   2m43s[K[?25h[?2026l[?2026h[?25l[A[1Gpulling manifest [K
pulling eabc98a9bcbf:   4% ▕                  ▏ 766 MB/ 19 GB  116 MB/s   2m43s[K[?25h[?2026l[?2026h[?25l[A[1Gpulling manifest [K
pulling eabc98a9bcbf:   4% ▕                  ▏ 780 MB/ 19 GB  116 MB/s   2m43s[K[?25h[?2026l[?2026h[?25l[A[1Gpulling manifest [K
pulling eabc98a9bcbf:   4% ▕                  ▏ 787 MB/ 19 GB  116 MB/s   2m43s[K[?25h[?2026l[?2026h[?25l[A[1Gpulling manifest [K
pulling eabc98a9bcbf:   4% ▕                  ▏ 801 MB/ 19 GB  116 MB/s   2m43s[K[?25h[?2026l[?2026h[?25l[A[1Gpulling manifest [K
pulling eabc98a9bcbf:   4% ▕                  ▏ 815 MB/ 19 GB  116 MB/s   2m43s[K[?25h[?2026l[?2026h[?25l[A[1Gpulling manifest [K
pulling eabc98a9bcbf:   4% ▕                  ▏ 822 MB/ 19 GB  116 MB/s   2m43s[K[?25h[?2026l[?2026h[?25l[A[1Gpulling manifest [K
pulling eabc98a9bcbf:   4% ▕                  ▏ 836 MB/ 19 GB  116 MB/s   2m43s[K[?25h[?2026l[?2026h[?25l[A[1Gpulling manifest [K
pulling eabc98a9bcbf:   4% ▕                  ▏ 850 MB/ 19 GB  116 MB/s   2m43s[K[?25h[?2026l[?2026h[?25l[A[1Gpulling manifest [K
pulling eabc98a9bcbf:   4% ▕                  ▏ 857 MB/ 19 GB  116 MB/s   2m43s[K[?25h[?2026l[?2026h[?25l[A[1Gpulling manifest [K
pulling eabc98a9bcbf:   4% ▕                  ▏ 870 MB/ 19 GB  116 MB/s   2m42s[K[?25h[?2026l[?2026h[?25l[A[1Gpulling manifest [K
pulling eabc98a9bcbf:   4% ▕                  ▏ 885 MB/ 19 GB  116 MB/s   2m42s[K[?25h[?2026l[?2026h[?25l[A[1Gpulling manifest [K
pulling eabc98a9bcbf:   4% ▕                  ▏ 892 MB/ 19 GB  116 MB/s   2m42s[K[?25h[?2026l[?2026h[?25l[A[1Gpulling manifest [K
pulling eabc98a9bcbf:   5% ▕                  ▏ 906 MB/ 19 GB  116 MB/s   2m42s[K[?25h[?2026l[?2026h[?25l[A[1Gpulling manifest [K
pulling eabc98a9bcbf:   5% ▕                  ▏ 920 MB/ 19 GB  116 MB/s   2m42s[K[?25h[?2026l[?2026h[?25l[A[1Gpulling manifest [K
pulling eabc98a9bcbf:   5% ▕                  ▏ 927 MB/ 19 GB  116 MB/s   2m42s[K[?25h[?2026l[?2026h[?25l[A[1Gpulling manifest [K
pulling eabc98a9bcbf:   5% ▕                  ▏ 941 MB/ 19 GB  116 MB/s   2m41s[K[?25h[?2026l[?2026h[?25l[A[1Gpulling manifest [K
pulling eabc98a9bcbf:   5% ▕                  ▏ 955 MB/ 19 GB  116 MB/s   2m41s[K[?25h[?2026l[?2026h[?25l[A[1Gpulling manifest [K
pulling eabc98a9bcbf:   5% ▕                  ▏ 962 MB/ 19 GB  116 MB/s   2m41s[K[?25h[?2026l[?2026h[?25l[A[1Gpulling manifest [K
pulling eabc98a9bcbf:   5% ▕                  ▏ 975 MB/ 19 GB  116 MB/s   2m41s[K[?25h[?2026l[?2026h[?25l[A[1Gpulling manifest [K
pulling eabc98a9bcbf:   5% ▕                  ▏ 988 MB/ 19 GB  116 MB/s   2m41s[K[?25h[?2026l[?2026h[?25l[A[1Gpulling manifest [K
pulling eabc98a9bcbf:   5% ▕                  ▏ 995 MB/ 19 GB  116 MB/s   2m41s[K[?25h[?2026l[?2026h[?25l[A[1Gpulling manifest [K
pulling eabc98a9bcbf:   5% ▕                  ▏ 1.0 GB/ 19 GB  116 MB/s   2m41s[K[?25h[?2026l[?2026h[?25l[A[1Gpulling manifest [K
pulling eabc98a9bcbf:   5% ▕                  ▏ 1.0 GB/ 19 GB  116 MB/s   2m41s[K[?25h[?2026l[?2026h[?25l[A[1Gpulling manifest [K
pulling eabc98a9bcbf:   5% ▕                  ▏ 1.0 GB/ 19 GB  116 MB/s   2m41s[K[?25h[?2026l[?2026h[?25l[A[1Gpulling manifest [K
pulling eabc98a9bcbf:   5% ▕                  ▏ 1.0 GB/ 19 GB  116 MB/s   2m41s[K[?25h[?2026l[?2026h[?25l[A[1Gpulling manifest [K
pulling eabc98a9bcbf:   5% ▕                  ▏ 1.1 GB/ 19 GB  116 MB/s   2m41s[K[?25h[?2026l[?2026h[?25l[A[1Gpulling manifest [K
pulling eabc98a9bcbf:   5% ▕                  ▏ 1.1 GB/ 19 GB  116 MB/s   2m41s[K[?25h[?2026l[?2026h[?25l[A[1Gpulling manifest [K
pulling eabc98a9bcbf:   5% ▕                  ▏ 1.1 GB/ 19 GB  116 MB/s   2m41s[K[?25h[?2026l[?2026h[?25l[A[1Gpulling manifest [K
pulling eabc98a9bcbf:   5% ▕                  ▏ 1.1 GB/ 19 GB  116 MB/s   2m40s[K[?25h[?2026l[?2026h[?25l[A[1Gpulling manifest [K
pulling eabc98a9bcbf:   6% ▕                  ▏ 1.1 GB/ 19 GB  116 MB/s   2m40s[K[?25h[?2026l[?2026h[?25l[A[1Gpulling manifest [K
pulling eabc98a9bcbf:   6% ▕█                 ▏ 1.1 GB/ 19 GB  116 MB/s   2m40s[K[?25h[?2026l[?2026h[?25l[A[1Gpulling manifest [K
pulling eabc98a9bcbf:   6% ▕█                 ▏ 1.1 GB/ 19 GB  116 MB/s   2m40s[K[?25h[?2026l[?2026h[?25l[A[1Gpulling manifest [K
pulling eabc98a9bcbf:   6% ▕█                 ▏ 1.1 GB/ 19 GB  116 MB/s   2m40s[K[?25h[?2026l[?2026h[?25l[A[1Gpulling manifest [K
pulling eabc98a9bcbf:   6% ▕█                 ▏ 1.1 GB/ 19 GB  116 MB/s   2m40s[K[?25h[?2026l[?2026h[?25l[A[1Gpulling manifest [K
pulling eabc98a9bcbf:   6% ▕█                 ▏ 1.2 GB/ 19 GB  116 MB/s   2m40s[K[?25h[?2026l[?2026h[?25l[A[1Gpulling manifest [K
pulling eabc98a9bcbf:   6% ▕█                 ▏ 1.2 GB/ 19 GB  117 MB/s   2m39s[K[?25h[?2026l[?2026h[?25l[A[1Gpulling manifest [K
pulling eabc98a9bcbf:   6% ▕█                 ▏ 1.2 GB/ 19 GB  117 MB/s   2m39s[K[?25h[?2026l[?2026h[?25l[A[1Gpulling manifest [K
pulling eabc98a9bcbf:   6% ▕█                 ▏ 1.2 GB/ 19 GB  117 MB/s   2m39s[K[?25h[?2026l[?2026h[?25l[A[1Gpulling manifest [K
pulling eabc98a9bcbf:   6% ▕█                 ▏ 1.2 GB/ 19 GB  117 MB/s   2m39s[K[?25h[?2026l[?2026h[?25l[A[1Gpulling manifest [K
pulling eabc98a9bcbf:   6% ▕█                 ▏ 1.2 GB/ 19 GB  117 MB/s   2m39s[K[?25h[?2026l[?2026h[?25l[A[1Gpulling manifest [K
pulling eabc98a9bcbf:   6% ▕█                 ▏ 1.2 GB/ 19 GB  117 MB/s   2m38s[K[?25h[?2026l[?2026h[?25l[A[1Gpulling manifest [K
pulling eabc98a9bcbf:   6% ▕█                 ▏ 1.2 GB/ 19 GB  117 MB/s   2m38s[K[?25h[?2026l[?2026h[?25l[A[1Gpulling manifest [K
pulling eabc98a9bcbf:   6% ▕█                 ▏ 1.2 GB/ 19 GB  117 MB/s   2m38s[K[?25h[?2026l[?2026h[?25l[A[1Gpulling manifest [K
pulling eabc98a9bcbf:   6% ▕█                 ▏ 1.3 GB/ 19 GB  117 MB/s   2m38s[K[?25h[?2026l[?2026h[?25l[A[1Gpulling manifest [K
pulling eabc98a9bcbf:   6% ▕█                 ▏ 1.3 GB/ 19 GB  117 MB/s   2m38s[K[?25h[?2026l[?2026h[?25l[A[1Gpulling manifest [K
pulling eabc98a9bcbf:   6% ▕█                 ▏ 1.3 GB/ 19 GB  117 MB/s   2m38s[K[?25h[?2026l[?2026h[?25l[A[1Gpulling manifest [K
pulling eabc98a9bcbf:   7% ▕█                 ▏ 1.3 GB/ 19 GB  117 MB/s   2m38s[K[?25h[?2026l[?2026h[?25l[A[1Gpulling manifest [K
pulling eabc98a9bcbf:   7% ▕█                 ▏ 1.3 GB/ 19 GB  117 MB/s   2m37s[K[?25h[?2026l[?2026h[?25l[A[1Gpulling manifest [K
pulling eabc98a9bcbf:   7% ▕█                 ▏ 1.3 GB/ 19 GB  117 MB/s   2m37s[K[?25h[?2026l[?2026h[?25l[A[1Gpulling manifest [K
pulling eabc98a9bcbf:   7% ▕█                 ▏ 1.3 GB/ 19 GB  117 MB/s   2m37s[K[?25h[?2026l[?2026h[?25l[A[1Gpulling manifest [K
pulling eabc98a9bcbf:   7% ▕█                 ▏ 1.3 GB/ 19 GB  117 MB/s   2m37s[K[?25h[?2026l[?2026h[?25l[A[1Gpulling manifest [K
pulling eabc98a9bcbf:   7% ▕█                 ▏ 1.4 GB/ 19 GB  117 MB/s   2m37s[K[?25h[?2026l[?2026h[?25l[A[1Gpulling manifest [K
pulling eabc98a9bcbf:   7% ▕█                 ▏ 1.4 GB/ 19 GB  117 MB/s   2m37s[K[?25h[?2026l[?2026h[?25l[A[1Gpulling manifest [K
pulling eabc98a9bcbf:   7% ▕█                 ▏ 1.4 GB/ 19 GB  117 MB/s   2m37s[K[?25h[?2026l[?2026h[?25l[A[1Gpulling manifest [K
pulling eabc98a9bcbf:   7% ▕█                 ▏ 1.4 GB/ 19 GB  117 MB/s   2m37s[K[?25h[?2026l[?2026h[?25l[A[1Gpulling manifest [K
pulling eabc98a9bcbf:   7% ▕█                 ▏ 1.4 GB/ 19 GB  117 MB/s   2m37s[K[?25h[?2026l[?2026h[?25l[A[1Gpulling manifest [K
pulling eabc98a9bcbf:   7% ▕█                 ▏ 1.4 GB/ 19 GB  117 MB/s   2m36s[K[?25h[?2026l[?2026h[?25l[A[1Gpulling manifest [K
pulling eabc98a9bcbf:   7% ▕█                 ▏ 1.4 GB/ 19 GB  117 MB/s   2m36s[K[?25h[?2026l[?2026h[?25l[A[1Gpulling manifest [K
pulling eabc98a9bcbf:   7% ▕█                 ▏ 1.4 GB/ 19 GB  117 MB/s   2m36s[K[?25h[?2026l[?2026h[?25l[A[1Gpulling manifest [K
pulling eabc98a9bcbf:   7% ▕█                 ▏ 1.4 GB/ 19 GB  117 MB/s   2m36s[K[?25h[?2026l[?2026h[?25l[A[1Gpulling manifest [K
pulling eabc98a9bcbf:   7% ▕█                 ▏ 1.5 GB/ 19 GB  117 MB/s   2m36s[K[?25h[?2026l[?2026h[?25l[A[1Gpulling manifest [K
pulling eabc98a9bcbf:   7% ▕█                 ▏ 1.5 GB/ 19 GB  117 MB/s   2m36s[K[?25h[?2026l[?2026h[?25l[A[1Gpulling manifest [K
pulling eabc98a9bcbf:   7% ▕█                 ▏ 1.5 GB/ 19 GB  117 MB/s   2m36s[K[?25h[?2026l[?2026h[?25l[A[1Gpulling manifest [K
pulling eabc98a9bcbf:   8% ▕█                 ▏ 1.5 GB/ 19 GB  117 MB/s   2m36s[K[?25h[?2026l[?2026h[?25l[A[1Gpulling manifest [K
pulling eabc98a9bcbf:   8% ▕█                 ▏ 1.5 GB/ 19 GB  117 MB/s   2m36s[K[?25h[?2026l[?2026h[?25l[A[1Gpulling manifest [K
pulling eabc98a9bcbf:   8% ▕█                 ▏ 1.5 GB/ 19 GB  117 MB/s   2m36s[K[?25h[?2026l[?2026h[?25l[A[1Gpulling manifest [K
pulling eabc98a9bcbf:   8% ▕█                 ▏ 1.5 GB/ 19 GB  117 MB/s   2m36s[K[?25h[?2026l[?2026h[?25l[A[1Gpulling manifest [K
pulling eabc98a9bcbf:   8% ▕█                 ▏ 1.5 GB/ 19 GB  117 MB/s   2m35s[K[?25h[?2026l[?2026h[?25l[A[1Gpulling manifest [K
pulling eabc98a9bcbf:   8% ▕█                 ▏ 1.5 GB/ 19 GB  117 MB/s   2m35s[K[?25h[?2026l[?2026h[?25l[A[1Gpulling manifest [K
pulling eabc98a9bcbf:   8% ▕█                 ▏ 1.6 GB/ 19 GB  117 MB/s   2m35s[K[?25h[?2026l[?2026h[?25l[A[1Gpulling manifest [K
pulling eabc98a9bcbf:   8% ▕█                 ▏ 1.6 GB/ 19 GB  117 MB/s   2m35s[K[?25h[?2026l[?2026h[?25l[A[1Gpulling manifest [K
pulling eabc98a9bcbf:   8% ▕█                 ▏ 1.6 GB/ 19 GB  117 MB/s   2m35s[K[?25h[?2026l[?2026h[?25l[A[1Gpulling manifest [K
pulling eabc98a9bcbf:   8% ▕█                 ▏ 1.6 GB/ 19 GB  117 MB/s   2m35s[K[?25h[?2026l[?2026h[?25l[A[1Gpulling manifest [K
pulling eabc98a9bcbf:   8% ▕█                 ▏ 1.6 GB/ 19 GB  117 MB/s   2m35s[K[?25h[?2026l[?2026h[?25l[A[1Gpulling manifest [K
pulling eabc98a9bcbf:   8% ▕█                 ▏ 1.6 GB/ 19 GB  117 MB/s   2m35s[K[?25h[?2026l[?2026h[?25l[A[1Gpulling manifest [K
pulling eabc98a9bcbf:   8% ▕█                 ▏ 1.6 GB/ 19 GB  117 MB/s   2m35s[K[?25h[?2026l[?2026h[?25l[A[1Gpulling manifest [K
pulling eabc98a9bcbf:   8% ▕█                 ▏ 1.6 GB/ 19 GB  117 MB/s   2m34s[K[?25h[?2026l[?2026h[?25l[A[1Gpulling manifest [K
pulling eabc98a9bcbf:   8% ▕█                 ▏ 1.7 GB/ 19 GB  117 MB/s   2m34s[K[?25h[?2026l[?2026h[?25l[A[1Gpulling manifest [K
pulling eabc98a9bcbf:   8% ▕█                 ▏ 1.7 GB/ 19 GB  117 MB/s   2m34s[K[?25h[?2026l[?2026h[?25l[A[1Gpulling manifest [K
pulling eabc98a9bcbf:   8% ▕█                 ▏ 1.7 GB/ 19 GB  117 MB/s   2m34s[K[?25h[?2026l[?2026h[?25l[A[1Gpulling manifest [K
pulling eabc98a9bcbf:   9% ▕█                 ▏ 1.7 GB/ 19 GB  117 MB/s   2m34s[K[?25h[?2026l[?2026h[?25l[A[1Gpulling manifest [K
pulling eabc98a9bcbf:   9% ▕█                 ▏ 1.7 GB/ 19 GB  117 MB/s   2m34s[K[?25h[?2026l[?2026h[?25l[A[1Gpulling manifest [K
pulling eabc98a9bcbf:   9% ▕█                 ▏ 1.7 GB/ 19 GB  117 MB/s   2m34s[K[?25h[?2026l[?2026h[?25l[A[1Gpulling manifest [K
pulling eabc98a9bcbf:   9% ▕█                 ▏ 1.7 GB/ 19 GB  117 MB/s   2m34s[K[?25h[?2026l[?2026h[?25l[A[1Gpulling manifest [K
pulling eabc98a9bcbf:   9% ▕█                 ▏ 1.7 GB/ 19 GB  117 MB/s   2m33s[K[?25h[?2026l[?2026h[?25l[A[1Gpulling manifest [K
pulling eabc98a9bcbf:   9% ▕█                 ▏ 1.8 GB/ 19 GB  117 MB/s   2m33s[K[?25h[?2026l[?2026h[?25l[A[1Gpulling manifest [K
pulling eabc98a9bcbf:   9% ▕█                 ▏ 1.8 GB/ 19 GB  117 MB/s   2m33s[K[?25h[?2026l[?2026h[?25l[A[1Gpulling manifest [K
pulling eabc98a9bcbf:   9% ▕█                 ▏ 1.8 GB/ 19 GB  117 MB/s   2m33s[K[?25h[?2026l[?2026h[?25l[A[1Gpulling manifest [K
pulling eabc98a9bcbf:   9% ▕█                 ▏ 1.8 GB/ 19 GB  117 MB/s   2m33s[K[?25h[?2026l[?2026h[?25l[A[1Gpulling manifest [K
pulling eabc98a9bcbf:   9% ▕█                 ▏ 1.8 GB/ 19 GB  117 MB/s   2m33s[K[?25h[?2026l[?2026h[?25l[A[1Gpulling manifest [K
pulling eabc98a9bcbf:   9% ▕█                 ▏ 1.8 GB/ 19 GB  117 MB/s   2m33s[K[?25h[?2026l[?2026h[?25l[A[1Gpulling manifest [K
pulling eabc98a9bcbf:   9% ▕█                 ▏ 1.8 GB/ 19 GB  117 MB/s   2m33s[K[?25h[?2026l[?2026h[?25l[A[1Gpulling manifest [K
pulling eabc98a9bcbf:   9% ▕█                 ▏ 1.8 GB/ 19 GB  117 MB/s   2m33s[K[?25h[?2026l[?2026h[?25l[A[1Gpulling manifest [K
pulling eabc98a9bcbf:   9% ▕█                 ▏ 1.8 GB/ 19 GB  117 MB/s   2m33s[K[?25h[?2026l[?2026h[?25l[A[1Gpulling manifest [K
pulling eabc98a9bcbf:   9% ▕█                 ▏ 1.9 GB/ 19 GB  117 MB/s   2m32s[K[?25h[?2026l[?2026h[?25l[A[1Gpulling manifest [K
pulling eabc98a9bcbf:   9% ▕█                 ▏ 1.9 GB/ 19 GB  117 MB/s   2m32s[K[?25h[?2026l[?2026h[?25l[A[1Gpulling manifest [K
pulling eabc98a9bcbf:   9% ▕█                 ▏ 1.9 GB/ 19 GB  117 MB/s   2m32s[K[?25h[?2026l[?2026h[?25l[A[1Gpulling manifest [K
pulling eabc98a9bcbf:  10% ▕█                 ▏ 1.9 GB/ 19 GB  117 MB/s   2m32s[K[?25h[?2026l[?2026h[?25l[A[1Gpulling manifest [K
pulling eabc98a9bcbf:  10% ▕█                 ▏ 1.9 GB/ 19 GB  117 MB/s   2m32s[K[?25h[?2026l[?2026h[?25l[A[1Gpulling manifest [K
pulling eabc98a9bcbf:  10% ▕█                 ▏ 1.9 GB/ 19 GB  117 MB/s   2m32s[K[?25h[?2026l[?2026h[?25l[A[1Gpulling manifest [K
pulling eabc98a9bcbf:  10% ▕█                 ▏ 1.9 GB/ 19 GB  117 MB/s   2m32s[K[?25h[?2026l[?2026h[?25l[A[1Gpulling manifest [K
pulling eabc98a9bcbf:  10% ▕█                 ▏ 1.9 GB/ 19 GB  117 MB/s   2m32s[K[?25h[?2026l[?2026h[?25l[A[1Gpulling manifest [K
pulling eabc98a9bcbf:  10% ▕█                 ▏ 1.9 GB/ 19 GB  117 MB/s   2m31s[K[?25h[?2026l[?2026h[?25l[A[1Gpulling manifest [K
pulling eabc98a9bcbf:  10% ▕█                 ▏ 2.0 GB/ 19 GB  117 MB/s   2m31s[K[?25h[?2026l[?2026h[?25l[A[1Gpulling manifest [K
pulling eabc98a9bcbf:  10% ▕█                 ▏ 2.0 GB/ 19 GB  117 MB/s   2m31s[K[?25h[?2026l[?2026h[?25l[A[1Gpulling manifest [K
pulling eabc98a9bcbf:  10% ▕█                 ▏ 2.0 GB/ 19 GB  117 MB/s   2m31s[K[?25h[?2026l[?2026h[?25l[A[1Gpulling manifest [K
pulling eabc98a9bcbf:  10% ▕█                 ▏ 2.0 GB/ 19 GB  117 MB/s   2m31s[K[?25h[?2026l[?2026h[?25l[A[1Gpulling manifest [K
pulling eabc98a9bcbf:  10% ▕█                 ▏ 2.0 GB/ 19 GB  117 MB/s   2m31s[K[?25h[?2026l[?2026h[?25l[A[1Gpulling manifest [K
pulling eabc98a9bcbf:  10% ▕█                 ▏ 2.0 GB/ 19 GB  117 MB/s   2m31s[K[?25h[?2026l[?2026h[?25l[A[1Gpulling manifest [K
pulling eabc98a9bcbf:  10% ▕█                 ▏ 2.0 GB/ 19 GB  117 MB/s   2m31s[K[?25h[?2026l[?2026h[?25l[A[1Gpulling manifest [K
pulling eabc98a9bcbf:  10% ▕█                 ▏ 2.0 GB/ 19 GB  117 MB/s   2m31s[K[?25h[?2026l[?2026h[?25l[A[1Gpulling manifest [K
pulling eabc98a9bcbf:  10% ▕█                 ▏ 2.0 GB/ 19 GB  117 MB/s   2m31s[K[?25h[?2026l[?2026h[?25l[A[1Gpulling manifest [K
pulling eabc98a9bcbf:  10% ▕█                 ▏ 2.1 GB/ 19 GB  117 MB/s   2m31s[K[?25h[?2026l[?2026h[?25l[A[1Gpulling manifest [K
pulling eabc98a9bcbf:  10% ▕█                 ▏ 2.1 GB/ 19 GB  117 MB/s   2m31s[K[?25h[?2026l[?2026h[?25l[A[1Gpulling manifest [K
pulling eabc98a9bcbf:  10% ▕█                 ▏ 2.1 GB/ 19 GB  117 MB/s   2m31s[K[?25h[?2026l[?2026h[?25l[A[1Gpulling manifest [K
pulling eabc98a9bcbf:  11% ▕█                 ▏ 2.1 GB/ 19 GB  117 MB/s   2m31s[K[?25h[?2026l[?2026h[?25l[A[1Gpulling manifest [K
pulling eabc98a9bcbf:  11% ▕█                 ▏ 2.1 GB/ 19 GB  117 MB/s   2m31s[K[?25h[?2026l[?2026h[?25l[A[1Gpulling manifest [K
pulling eabc98a9bcbf:  11% ▕█                 ▏ 2.1 GB/ 19 GB  117 MB/s   2m30s[K[?25h[?2026l[?2026h[?25l[A[1Gpulling manifest [K
pulling eabc98a9bcbf:  11% ▕█                 ▏ 2.1 GB/ 19 GB  117 MB/s   2m30s[K[?25h[?2026l[?2026h[?25l[A[1Gpulling manifest [K
pulling eabc98a9bcbf:  11% ▕█                 ▏ 2.1 GB/ 19 GB  117 MB/s   2m30s[K[?25h[?2026l[?2026h[?25l[A[1Gpulling manifest [K
pulling eabc98a9bcbf:  11% ▕█                 ▏ 2.2 GB/ 19 GB  117 MB/s   2m30s[K[?25h[?2026l[?2026h[?25l[A[1Gpulling manifest [K
pulling eabc98a9bcbf:  11% ▕█                 ▏ 2.2 GB/ 19 GB  117 MB/s   2m30s[K[?25h[?2026l[?2026h[?25l[A[1Gpulling manifest [K
pulling eabc98a9bcbf:  11% ▕█                 ▏ 2.2 GB/ 19 GB  117 MB/s   2m30s[K[?25h[?2026l[?2026h[?25l[A[1Gpulling manifest [K
pulling eabc98a9bcbf:  11% ▕█                 ▏ 2.2 GB/ 19 GB  117 MB/s   2m29s[K[?25h[?2026l[?2026h[?25l[A[1Gpulling manifest [K
pulling eabc98a9bcbf:  11% ▕█                 ▏ 2.2 GB/ 19 GB  117 MB/s   2m29s[K[?25h[?2026l[?2026h[?25l[A[1Gpulling manifest [K
pulling eabc98a9bcbf:  11% ▕█                 ▏ 2.2 GB/ 19 GB  117 MB/s   2m29s[K[?25h[?2026l[?2026h[?25l[A[1Gpulling manifest [K
pulling eabc98a9bcbf:  11% ▕██                ▏ 2.2 GB/ 19 GB  117 MB/s   2m29s[K[?25h[?2026l[?2026h[?25l[A[1Gpulling manifest [K
pulling eabc98a9bcbf:  11% ▕██                ▏ 2.2 GB/ 19 GB  117 MB/s   2m30s[K[?25h[?2026l[?2026h[?25l[A[1Gpulling manifest [K
pulling eabc98a9bcbf:  11% ▕██                ▏ 2.2 GB/ 19 GB  117 MB/s   2m29s[K[?25h[?2026l[?2026h[?25l[A[1Gpulling manifest [K
pulling eabc98a9bcbf:  11% ▕██                ▏ 2.3 GB/ 19 GB  117 MB/s   2m29s[K[?25h[?2026l[?2026h[?25l[A[1Gpulling manifest [K
pulling eabc98a9bcbf:  11% ▕██                ▏ 2.3 GB/ 19 GB  117 MB/s   2m29s[K[?25h[?2026l[?2026h[?25l[A[1Gpulling manifest [K
pulling eabc98a9bcbf:  11% ▕██                ▏ 2.3 GB/ 19 GB  117 MB/s   2m29s[K[?25h[?2026l[?2026h[?25l[A[1Gpulling manifest [K
pulling eabc98a9bcbf:  12% ▕██                ▏ 2.3 GB/ 19 GB  117 MB/s   2m29s[K[?25h[?2026l[?2026h[?25l[A[1Gpulling manifest [K
pulling eabc98a9bcbf:  12% ▕██                ▏ 2.3 GB/ 19 GB  117 MB/s   2m29s[K[?25h[?2026l[?2026h[?25l[A[1Gpulling manifest [K
pulling eabc98a9bcbf:  12% ▕██                ▏ 2.3 GB/ 19 GB  117 MB/s   2m29s[K[?25h[?2026l[?2026h[?25l[A[1Gpulling manifest [K
pulling eabc98a9bcbf:  12% ▕██                ▏ 2.3 GB/ 19 GB  117 MB/s   2m29s[K[?25h[?2026l[?2026h[?25l[A[1Gpulling manifest [K
pulling eabc98a9bcbf:  12% ▕██                ▏ 2.3 GB/ 19 GB  117 MB/s   2m29s[K[?25h[?2026l[?2026h[?25l[A[1Gpulling manifest [K
pulling eabc98a9bcbf:  12% ▕██                ▏ 2.3 GB/ 19 GB  117 MB/s   2m29s[K[?25h[?2026l[?2026h[?25l[A[1Gpulling manifest [K
pulling eabc98a9bcbf:  12% ▕██                ▏ 2.4 GB/ 19 GB  117 MB/s   2m28s[K[?25h[?2026l[?2026h[?25l[A[1Gpulling manifest [K
pulling eabc98a9bcbf:  12% ▕██                ▏ 2.4 GB/ 19 GB  117 MB/s   2m28s[K[?25h[?2026l[?2026h[?25l[A[1Gpulling manifest [K
pulling eabc98a9bcbf:  12% ▕██                ▏ 2.4 GB/ 19 GB  117 MB/s   2m28s[K[?25h[?2026l[?2026h[?25l[A[1Gpulling manifest [K
pulling eabc98a9bcbf:  12% ▕██                ▏ 2.4 GB/ 19 GB  117 MB/s   2m28s[K[?25h[?2026l[?2026h[?25l[A[1Gpulling manifest [K
pulling eabc98a9bcbf:  12% ▕██                ▏ 2.4 GB/ 19 GB  117 MB/s   2m28s[K[?25h[?2026l[?2026h[?25l[A[1Gpulling manifest [K
pulling eabc98a9bcbf:  12% ▕██                ▏ 2.4 GB/ 19 GB  117 MB/s   2m28s[K[?25h[?2026l[?2026h[?25l[A[1Gpulling manifest [K
pulling eabc98a9bcbf:  12% ▕██                ▏ 2.4 GB/ 19 GB  117 MB/s   2m28s[K[?25h[?2026l[?2026h[?25l[A[1Gpulling manifest [K
pulling eabc98a9bcbf:  12% ▕██                ▏ 2.4 GB/ 19 GB  117 MB/s   2m28s[K[?25h[?2026l[?2026h[?25l[A[1Gpulling manifest [K
pulling eabc98a9bcbf:  12% ▕██                ▏ 2.4 GB/ 19 GB  117 MB/s   2m28s[K[?25h[?2026l[?2026h[?25l[A[1Gpulling manifest [K
pulling eabc98a9bcbf:  12% ▕██                ▏ 2.5 GB/ 19 GB  117 MB/s   2m28s[K[?25h[?2026l[?2026h[?25l[A[1Gpulling manifest [K
pulling eabc98a9bcbf:  12% ▕██                ▏ 2.5 GB/ 19 GB  117 MB/s   2m28s[K[?25h[?2026l[?2026h[?25l[A[1Gpulling manifest [K
pulling eabc98a9bcbf:  12% ▕██                ▏ 2.5 GB/ 19 GB  117 MB/s   2m28s[K[?25h[?2026l[?2026h[?25l[A[1Gpulling manifest [K
pulling eabc98a9bcbf:  13% ▕██                ▏ 2.5 GB/ 19 GB  117 MB/s   2m28s[K[?25h[?2026l[?2026h[?25l[A[1Gpulling manifest [K
pulling eabc98a9bcbf:  13% ▕██                ▏ 2.5 GB/ 19 GB  117 MB/s   2m28s[K[?25h[?2026l[?2026h[?25l[A[1Gpulling manifest [K
pulling eabc98a9bcbf:  13% ▕██                ▏ 2.5 GB/ 19 GB  117 MB/s   2m27s[K[?25h[?2026l[?2026h[?25l[A[1Gpulling manifest [K
pulling eabc98a9bcbf:  13% ▕██                ▏ 2.5 GB/ 19 GB  117 MB/s   2m27s[K[?25h[?2026l[?2026h[?25l[A[1Gpulling manifest [K
pulling eabc98a9bcbf:  13% ▕██                ▏ 2.5 GB/ 19 GB  117 MB/s   2m27s[K[?25h[?2026l[?2026h[?25l[A[1Gpulling manifest [K
pulling eabc98a9bcbf:  13% ▕██                ▏ 2.5 GB/ 19 GB  117 MB/s   2m27s[K[?25h[?2026l[?2026h[?25l[A[1Gpulling manifest [K
pulling eabc98a9bcbf:  13% ▕██                ▏ 2.6 GB/ 19 GB  117 MB/s   2m27s[K[?25h[?2026l[?2026h[?25l[A[1Gpulling manifest [K
pulling eabc98a9bcbf:  13% ▕██                ▏ 2.6 GB/ 19 GB  117 MB/s   2m27s[K[?25h[?2026l[?2026h[?25l[A[1Gpulling manifest [K
pulling eabc98a9bcbf:  13% ▕██                ▏ 2.6 GB/ 19 GB  117 MB/s   2m27s[K[?25h[?2026l[?2026h[?25l[A[1Gpulling manifest [K
pulling eabc98a9bcbf:  13% ▕██                ▏ 2.6 GB/ 19 GB  117 MB/s   2m27s[K[?25h[?2026l[?2026h[?25l[A[1Gpulling manifest [K
pulling eabc98a9bcbf:  13% ▕██                ▏ 2.6 GB/ 19 GB  117 MB/s   2m27s[K[?25h[?2026l[?2026h[?25l[A[1Gpulling manifest [K
pulling eabc98a9bcbf:  13% ▕██                ▏ 2.6 GB/ 19 GB  117 MB/s   2m27s[K[?25h[?2026l[?2026h[?25l[A[1Gpulling manifest [K
pulling eabc98a9bcbf:  13% ▕██                ▏ 2.6 GB/ 19 GB  117 MB/s   2m27s[K[?25h[?2026l[?2026h[?25l[A[1Gpulling manifest [K
pulling eabc98a9bcbf:  13% ▕██                ▏ 2.6 GB/ 19 GB  117 MB/s   2m27s[K[?25h[?2026l[?2026h[?25l[A[1Gpulling manifest [K
pulling eabc98a9bcbf:  13% ▕██                ▏ 2.6 GB/ 19 GB  117 MB/s   2m26s[K[?25h[?2026l[?2026h[?25l[A[1Gpulling manifest [K
pulling eabc98a9bcbf:  13% ▕██                ▏ 2.7 GB/ 19 GB  117 MB/s   2m26s[K[?25h[?2026l[?2026h[?25l[A[1Gpulling manifest [K
pulling eabc98a9bcbf:  13% ▕██                ▏ 2.7 GB/ 19 GB  117 MB/s   2m26s[K[?25h[?2026l[?2026h[?25l[A[1Gpulling manifest [K
pulling eabc98a9bcbf:  14% ▕██                ▏ 2.7 GB/ 19 GB  117 MB/s   2m26s[K[?25h[?2026l[?2026h[?25l[A[1Gpulling manifest [K
pulling eabc98a9bcbf:  14% ▕██                ▏ 2.7 GB/ 19 GB  116 MB/s   2m26s[K[?25h[?2026l[?2026h[?25l[A[1Gpulling manifest [K
pulling eabc98a9bcbf:  14% ▕██                ▏ 2.7 GB/ 19 GB  116 MB/s   2m26s[K[?25h[?2026l[?2026h[?25l[A[1Gpulling manifest [K
pulling eabc98a9bcbf:  14% ▕██                ▏ 2.7 GB/ 19 GB  116 MB/s   2m26s[K[?25h[?2026l[?2026h[?25l[A[1Gpulling manifest [K
pulling eabc98a9bcbf:  14% ▕██                ▏ 2.7 GB/ 19 GB  116 MB/s   2m26s[K[?25h[?2026l[?2026h[?25l[A[1Gpulling manifest [K
pulling eabc98a9bcbf:  14% ▕██                ▏ 2.7 GB/ 19 GB  116 MB/s   2m26s[K[?25h[?2026l[?2026h[?25l[A[1Gpulling manifest [K
pulling eabc98a9bcbf:  14% ▕██                ▏ 2.8 GB/ 19 GB  116 MB/s   2m26s[K[?25h[?2026l[?2026h[?25l[A[1Gpulling manifest [K
pulling eabc98a9bcbf:  14% ▕██                ▏ 2.8 GB/ 19 GB  116 MB/s   2m26s[K[?25h[?2026l[?2026h[?25l[A[1Gpulling manifest [K
pulling eabc98a9bcbf:  14% ▕██                ▏ 2.8 GB/ 19 GB  116 MB/s   2m26s[K[?25h[?2026l[?2026h[?25l[A[1Gpulling manifest [K
pulling eabc98a9bcbf:  14% ▕██                ▏ 2.8 GB/ 19 GB  116 MB/s   2m25s[K[?25h[?2026l[?2026h[?25l[A[1Gpulling manifest [K
pulling eabc98a9bcbf:  14% ▕██                ▏ 2.8 GB/ 19 GB  116 MB/s   2m25s[K[?25h[?2026l[?2026h[?25l[A[1Gpulling manifest [K
pulling eabc98a9bcbf:  14% ▕██                ▏ 2.8 GB/ 19 GB  116 MB/s   2m26s[K[?25h[?2026l[?2026h[?25l[A[1Gpulling manifest [K
pulling eabc98a9bcbf:  14% ▕██                ▏ 2.8 GB/ 19 GB  116 MB/s   2m26s[K[?25h[?2026l[?2026h[?25l[A[1Gpulling manifest [K
pulling eabc98a9bcbf:  14% ▕██                ▏ 2.8 GB/ 19 GB  116 MB/s   2m26s[K[?25h[?2026l[?2026h[?25l[A[1Gpulling manifest [K
pulling eabc98a9bcbf:  14% ▕██                ▏ 2.8 GB/ 19 GB  116 MB/s   2m25s[K[?25h[?2026l[?2026h[?25l[A[1Gpulling manifest [K
pulling eabc98a9bcbf:  14% ▕██                ▏ 2.9 GB/ 19 GB  116 MB/s   2m25s[K[?25h[?2026l[?2026h[?25l[A[1Gpulling manifest [K
pulling eabc98a9bcbf:  14% ▕██                ▏ 2.9 GB/ 19 GB  116 MB/s   2m25s[K[?25h[?2026l[?2026h[?25l[A[1Gpulling manifest [K
pulling eabc98a9bcbf:  15% ▕██                ▏ 2.9 GB/ 19 GB  116 MB/s   2m25s[K[?25h[?2026l[?2026h[?25l[A[1Gpulling manifest [K
pulling eabc98a9bcbf:  15% ▕██                ▏ 2.9 GB/ 19 GB  116 MB/s   2m25s[K[?25h[?2026l[?2026h[?25l[A[1Gpulling manifest [K
pulling eabc98a9bcbf:  15% ▕██                ▏ 2.9 GB/ 19 GB  116 MB/s   2m25s[K[?25h[?2026l[?2026h[?25l[A[1Gpulling manifest [K
pulling eabc98a9bcbf:  15% ▕██                ▏ 2.9 GB/ 19 GB  116 MB/s   2m25s[K[?25h[?2026l[?2026h[?25l[A[1Gpulling manifest [K
pulling eabc98a9bcbf:  15% ▕██                ▏ 2.9 GB/ 19 GB  116 MB/s   2m25s[K[?25h[?2026l[?2026h[?25l[A[1Gpulling manifest [K
pulling eabc98a9bcbf:  15% ▕██                ▏ 2.9 GB/ 19 GB  116 MB/s   2m25s[K[?25h[?2026l[?2026h[?25l[A[1Gpulling manifest [K
pulling eabc98a9bcbf:  15% ▕██                ▏ 3.0 GB/ 19 GB  116 MB/s   2m25s[K[?25h[?2026l[?2026h[?25l[A[1Gpulling manifest [K
pulling eabc98a9bcbf:  15% ▕██                ▏ 3.0 GB/ 19 GB  116 MB/s   2m25s[K[?25h[?2026l[?2026h[?25l[A[1Gpulling manifest [K
pulling eabc98a9bcbf:  15% ▕██                ▏ 3.0 GB/ 19 GB  116 MB/s   2m24s[K[?25h[?2026l[?2026h[?25l[A[1Gpulling manifest [K
pulling eabc98a9bcbf:  15% ▕██                ▏ 3.0 GB/ 19 GB  116 MB/s   2m24s[K[?25h[?2026l[?2026h[?25l[A[1Gpulling manifest [K
pulling eabc98a9bcbf:  15% ▕██                ▏ 3.0 GB/ 19 GB  116 MB/s   2m24s[K[?25h[?2026l[?2026h[?25l[A[1Gpulling manifest [K
pulling eabc98a9bcbf:  15% ▕██                ▏ 3.0 GB/ 19 GB  116 MB/s   2m24s[K[?25h[?2026l[?2026h[?25l[A[1Gpulling manifest [K
pulling eabc98a9bcbf:  15% ▕██                ▏ 3.0 GB/ 19 GB  116 MB/s   2m24s[K[?25h[?2026l[?2026h[?25l[A[1Gpulling manifest [K
pulling eabc98a9bcbf:  15% ▕██                ▏ 3.0 GB/ 19 GB  116 MB/s   2m24s[K[?25h[?2026l[?2026h[?25l[A[1Gpulling manifest [K
pulling eabc98a9bcbf:  15% ▕██                ▏ 3.0 GB/ 19 GB  116 MB/s   2m23s[K[?25h[?2026l[?2026h[?25l[A[1Gpulling manifest [K
pulling eabc98a9bcbf:  15% ▕██                ▏ 3.1 GB/ 19 GB  116 MB/s   2m23s[K[?25h[?2026l[?2026h[?25l[A[1Gpulling manifest [K
pulling eabc98a9bcbf:  15% ▕██                ▏ 3.1 GB/ 19 GB  116 MB/s   2m23s[K[?25h[?2026l[?2026h[?25l[A[1Gpulling manifest [K
pulling eabc98a9bcbf:  16% ▕██                ▏ 3.1 GB/ 19 GB  116 MB/s   2m23s[K[?25h[?2026l[?2026h[?25l[A[1Gpulling manifest [K
pulling eabc98a9bcbf:  16% ▕██                ▏ 3.1 GB/ 19 GB  116 MB/s   2m23s[K[?25h[?2026l[?2026h[?25l[A[1Gpulling manifest [K
pulling eabc98a9bcbf:  16% ▕██                ▏ 3.1 GB/ 19 GB  116 MB/s   2m23s[K[?25h[?2026l[?2026h[?25l[A[1Gpulling manifest [K
pulling eabc98a9bcbf:  16% ▕██                ▏ 3.1 GB/ 19 GB  116 MB/s   2m23s[K[?25h[?2026l[?2026h[?25l[A[1Gpulling manifest [K
pulling eabc98a9bcbf:  16% ▕██                ▏ 3.1 GB/ 19 GB  116 MB/s   2m23s[K[?25h[?2026l[?2026h[?25l[A[1Gpulling manifest [K
pulling eabc98a9bcbf:  16% ▕██                ▏ 3.1 GB/ 19 GB  116 MB/s   2m23s[K[?25h[?2026l[?2026h[?25l[A[1Gpulling manifest [K
pulling eabc98a9bcbf:  16% ▕██                ▏ 3.1 GB/ 19 GB  116 MB/s   2m22s[K[?25h[?2026l[?2026h[?25l[A[1Gpulling manifest [K
pulling eabc98a9bcbf:  16% ▕██                ▏ 3.2 GB/ 19 GB  116 MB/s   2m22s[K[?25h[?2026l[?2026h[?25l[A[1Gpulling manifest [K
pulling eabc98a9bcbf:  16% ▕██                ▏ 3.2 GB/ 19 GB  116 MB/s   2m22s[K[?25h[?2026l[?2026h[?25l[A[1Gpulling manifest [K
pulling eabc98a9bcbf:  16% ▕██                ▏ 3.2 GB/ 19 GB  116 MB/s   2m22s[K[?25h[?2026l[?2026h[?25l[A[1Gpulling manifest [K
pulling eabc98a9bcbf:  16% ▕██                ▏ 3.2 GB/ 19 GB  116 MB/s   2m22s[K[?25h[?2026l[?2026h[?25l[A[1Gpulling manifest [K
pulling eabc98a9bcbf:  16% ▕██                ▏ 3.2 GB/ 19 GB  116 MB/s   2m22s[K[?25h[?2026l[?2026h[?25l[A[1Gpulling manifest [K
pulling eabc98a9bcbf:  16% ▕██                ▏ 3.2 GB/ 19 GB  116 MB/s   2m22s[K[?25h[?2026l[?2026h[?25l[A[1Gpulling manifest [K
pulling eabc98a9bcbf:  16% ▕██                ▏ 3.2 GB/ 19 GB  116 MB/s   2m22s[K[?25h[?2026l[?2026h[?25l[A[1Gpulling manifest [K
pulling eabc98a9bcbf:  16% ▕██                ▏ 3.2 GB/ 19 GB  116 MB/s   2m22s[K[?25h[?2026l[?2026h[?25l[A[1Gpulling manifest [K
pulling eabc98a9bcbf:  16% ▕██                ▏ 3.3 GB/ 19 GB  116 MB/s   2m21s[K[?25h[?2026l[?2026h[?25l[A[1Gpulling manifest [K
pulling eabc98a9bcbf:  16% ▕██                ▏ 3.3 GB/ 19 GB  116 MB/s   2m21s[K[?25h[?2026l[?2026h[?25l[A[1Gpulling manifest [K
pulling eabc98a9bcbf:  16% ▕██                ▏ 3.3 GB/ 19 GB  116 MB/s   2m21s[K[?25h[?2026l[?2026h[?25l[A[1Gpulling manifest [K
pulling eabc98a9bcbf:  17% ▕██                ▏ 3.3 GB/ 19 GB  117 MB/s   2m20s[K[?25h[?2026l[?2026h[?25l[A[1Gpulling manifest [K
pulling eabc98a9bcbf:  17% ▕██                ▏ 3.3 GB/ 19 GB  117 MB/s   2m20s[K[?25h[?2026l[?2026h[?25l[A[1Gpulling manifest [K
pulling eabc98a9bcbf:  17% ▕███               ▏ 3.3 GB/ 19 GB  117 MB/s   2m20s[K[?25h[?2026l[?2026h[?25l[A[1Gpulling manifest [K
pulling eabc98a9bcbf:  17% ▕███               ▏ 3.3 GB/ 19 GB  117 MB/s   2m20s[K[?25h[?2026l[?2026h[?25l[A[1Gpulling manifest [K
pulling eabc98a9bcbf:  17% ▕███               ▏ 3.3 GB/ 19 GB  117 MB/s   2m20s[K[?25h[?2026l[?2026h[?25l[A[1Gpulling manifest [K
pulling eabc98a9bcbf:  17% ▕███               ▏ 3.3 GB/ 19 GB  117 MB/s   2m20s[K[?25h[?2026l[?2026h[?25l[A[1Gpulling manifest [K
pulling eabc98a9bcbf:  17% ▕███               ▏ 3.4 GB/ 19 GB  117 MB/s   2m20s[K[?25h[?2026l[?2026h[?25l[A[1Gpulling manifest [K
pulling eabc98a9bcbf:  17% ▕███               ▏ 3.4 GB/ 19 GB  117 MB/s   2m20s[K[?25h[?2026l[?2026h[?25l[A[1Gpulling manifest [K
pulling eabc98a9bcbf:  17% ▕███               ▏ 3.4 GB/ 19 GB  117 MB/s   2m20s[K[?25h[?2026l[?2026h[?25l[A[1Gpulling manifest [K
pulling eabc98a9bcbf:  17% ▕███               ▏ 3.4 GB/ 19 GB  117 MB/s   2m20s[K[?25h[?2026l[?2026h[?25l[A[1Gpulling manifest [K
pulling eabc98a9bcbf:  17% ▕███               ▏ 3.4 GB/ 19 GB  117 MB/s   2m20s[K[?25h[?2026l[?2026h[?25l[A[1Gpulling manifest [K
pulling eabc98a9bcbf:  17% ▕███               ▏ 3.4 GB/ 19 GB  117 MB/s   2m20s[K[?25h[?2026l[?2026h[?25l[A[1Gpulling manifest [K
pulling eabc98a9bcbf:  17% ▕███               ▏ 3.4 GB/ 19 GB  117 MB/s   2m19s[K[?25h[?2026l[?2026h[?25l[A[1Gpulling manifest [K
pulling eabc98a9bcbf:  17% ▕███               ▏ 3.4 GB/ 19 GB  117 MB/s   2m19s[K[?25h[?2026l[?2026h[?25l[A[1Gpulling manifest [K
pulling eabc98a9bcbf:  17% ▕███               ▏ 3.4 GB/ 19 GB  117 MB/s   2m19s[K[?25h[?2026l[?2026h[?25l[A[1Gpulling manifest [K
pulling eabc98a9bcbf:  17% ▕███               ▏ 3.5 GB/ 19 GB  117 MB/s   2m19s[K[?25h[?2026l[?2026h[?25l[A[1Gpulling manifest [K
pulling eabc98a9bcbf:  18% ▕███               ▏ 3.5 GB/ 19 GB  117 MB/s   2m19s[K[?25h[?2026l[?2026h[?25l[A[1Gpulling manifest [K
pulling eabc98a9bcbf:  18% ▕███               ▏ 3.5 GB/ 19 GB  117 MB/s   2m19s[K[?25h[?2026l[?2026h[?25l[A[1Gpulling manifest [K
pulling eabc98a9bcbf:  18% ▕███               ▏ 3.5 GB/ 19 GB  117 MB/s   2m19s[K[?25h[?2026l[?2026h[?25l[A[1Gpulling manifest [K
pulling eabc98a9bcbf:  18% ▕███               ▏ 3.5 GB/ 19 GB  117 MB/s   2m19s[K[?25h[?2026l[?2026h[?25l[A[1Gpulling manifest [K
pulling eabc98a9bcbf:  18% ▕███               ▏ 3.5 GB/ 19 GB  117 MB/s   2m19s[K[?25h[?2026l[?2026h[?25l[A[1Gpulling manifest [K
pulling eabc98a9bcbf:  18% ▕███               ▏ 3.5 GB/ 19 GB  117 MB/s   2m18s[K[?25h[?2026l[?2026h[?25l[A[1Gpulling manifest [K
pulling eabc98a9bcbf:  18% ▕███               ▏ 3.5 GB/ 19 GB  117 MB/s   2m18s[K[?25h[?2026l[?2026h[?25l[A[1Gpulling manifest [K
pulling eabc98a9bcbf:  18% ▕███               ▏ 3.6 GB/ 19 GB  117 MB/s   2m18s[K[?25h[?2026l[?2026h[?25l[A[1Gpulling manifest [K
pulling eabc98a9bcbf:  18% ▕███               ▏ 3.6 GB/ 19 GB  117 MB/s   2m18s[K[?25h[?2026l[?2026h[?25l[A[1Gpulling manifest [K
pulling eabc98a9bcbf:  18% ▕███               ▏ 3.6 GB/ 19 GB  117 MB/s   2m18s[K[?25h[?2026l[?2026h[?25l[A[1Gpulling manifest [K
pulling eabc98a9bcbf:  18% ▕███               ▏ 3.6 GB/ 19 GB  117 MB/s   2m18s[K[?25h[?2026l[?2026h[?25l[A[1Gpulling manifest [K
pulling eabc98a9bcbf:  18% ▕███               ▏ 3.6 GB/ 19 GB  117 MB/s   2m18s[K[?25h[?2026l[?2026h[?25l[A[1Gpulling manifest [K
pulling eabc98a9bcbf:  18% ▕███               ▏ 3.6 GB/ 19 GB  117 MB/s   2m18s[K[?25h[?2026l[?2026h[?25l[A[1Gpulling manifest [K
pulling eabc98a9bcbf:  18% ▕███               ▏ 3.6 GB/ 19 GB  117 MB/s   2m18s[K[?25h[?2026l[?2026h[?25l[A[1Gpulling manifest [K
pulling eabc98a9bcbf:  18% ▕███               ▏ 3.6 GB/ 19 GB  117 MB/s   2m17s[K[?25h[?2026l[?2026h[?25l[A[1Gpulling manifest [K
pulling eabc98a9bcbf:  18% ▕███               ▏ 3.6 GB/ 19 GB  117 MB/s   2m17s[K[?25h[?2026l[?2026h[?25l[A[1Gpulling manifest [K
pulling eabc98a9bcbf:  18% ▕███               ▏ 3.7 GB/ 19 GB  117 MB/s   2m17s[K[?25h[?2026l[?2026h[?25l[A[1Gpulling manifest [K
pulling eabc98a9bcbf:  18% ▕███               ▏ 3.7 GB/ 19 GB  117 MB/s   2m17s[K[?25h[?2026l[?2026h[?25l[A[1Gpulling manifest [K
pulling eabc98a9bcbf:  19% ▕███               ▏ 3.7 GB/ 19 GB  117 MB/s   2m17s[K[?25h[?2026l[?2026h[?25l[A[1Gpulling manifest [K
pulling eabc98a9bcbf:  19% ▕███               ▏ 3.7 GB/ 19 GB  117 MB/s   2m17s[K[?25h[?2026l[?2026h[?25l[A[1Gpulling manifest [K
pulling eabc98a9bcbf:  19% ▕███               ▏ 3.7 GB/ 19 GB  117 MB/s   2m16s[K[?25h[?2026l[?2026h[?25l[A[1Gpulling manifest [K
pulling eabc98a9bcbf:  19% ▕███               ▏ 3.7 GB/ 19 GB  117 MB/s   2m16s[K[?25h[?2026l[?2026h[?25l[A[1Gpulling manifest [K
pulling eabc98a9bcbf:  19% ▕███               ▏ 3.7 GB/ 19 GB  117 MB/s   2m16s[K[?25h[?2026l[?2026h[?25l[A[1Gpulling manifest [K
pulling eabc98a9bcbf:  19% ▕███               ▏ 3.7 GB/ 19 GB  117 MB/s   2m16s[K[?25h[?2026l[?2026h[?25l[A[1Gpulling manifest [K
pulling eabc98a9bcbf:  19% ▕███               ▏ 3.8 GB/ 19 GB  117 MB/s   2m16s[K[?25h[?2026l[?2026h[?25l[A[1Gpulling manifest [K
pulling eabc98a9bcbf:  19% ▕███               ▏ 3.8 GB/ 19 GB  117 MB/s   2m16s[K[?25h[?2026l[?2026h[?25l[A[1Gpulling manifest [K
pulling eabc98a9bcbf:  19% ▕███               ▏ 3.8 GB/ 19 GB  117 MB/s   2m16s[K[?25h[?2026l[?2026h[?25l[A[1Gpulling manifest [K
pulling eabc98a9bcbf:  19% ▕███               ▏ 3.8 GB/ 19 GB  117 MB/s   2m16s[K[?25h[?2026l[?2026h[?25l[A[1Gpulling manifest [K
pulling eabc98a9bcbf:  19% ▕███               ▏ 3.8 GB/ 19 GB  117 MB/s   2m16s[K[?25h[?2026l[?2026h[?25l[A[1Gpulling manifest [K
pulling eabc98a9bcbf:  19% ▕███               ▏ 3.8 GB/ 19 GB  117 MB/s   2m16s[K[?25h[?2026l[?2026h[?25l[A[1Gpulling manifest [K
pulling eabc98a9bcbf:  19% ▕███               ▏ 3.8 GB/ 19 GB  117 MB/s   2m15s[K[?25h[?2026l[?2026h[?25l[A[1Gpulling manifest [K
pulling eabc98a9bcbf:  19% ▕███               ▏ 3.8 GB/ 19 GB  117 MB/s   2m15s[K[?25h[?2026l[?2026h[?25l[A[1Gpulling manifest [K
pulling eabc98a9bcbf:  19% ▕███               ▏ 3.8 GB/ 19 GB  117 MB/s   2m15s[K[?25h[?2026l[?2026h[?25l[A[1Gpulling manifest [K
pulling eabc98a9bcbf:  19% ▕███               ▏ 3.9 GB/ 19 GB  117 MB/s   2m15s[K[?25h[?2026l[?2026h[?25l[A[1Gpulling manifest [K
pulling eabc98a9bcbf:  19% ▕███               ▏ 3.9 GB/ 19 GB  117 MB/s   2m15s[K[?25h[?2026l[?2026h[?25l[A[1Gpulling manifest [K
pulling eabc98a9bcbf:  20% ▕███               ▏ 3.9 GB/ 19 GB  118 MB/s   2m15s[K[?25h[?2026l[?2026h[?25l[A[1Gpulling manifest [K
pulling eabc98a9bcbf:  20% ▕███               ▏ 3.9 GB/ 19 GB  118 MB/s   2m15s[K[?25h[?2026l[?2026h[?25l[A[1Gpulling manifest [K
pulling eabc98a9bcbf:  20% ▕███               ▏ 3.9 GB/ 19 GB  118 MB/s   2m15s[K[?25h[?2026l[?2026h[?25l[A[1Gpulling manifest [K
pulling eabc98a9bcbf:  20% ▕███               ▏ 3.9 GB/ 19 GB  118 MB/s   2m15s[K[?25h[?2026l[?2026h[?25l[A[1Gpulling manifest [K
pulling eabc98a9bcbf:  20% ▕███               ▏ 3.9 GB/ 19 GB  118 MB/s   2m14s[K[?25h[?2026l[?2026h[?25l[A[1Gpulling manifest [K
pulling eabc98a9bcbf:  20% ▕███               ▏ 3.9 GB/ 19 GB  118 MB/s   2m14s[K[?25h[?2026l[?2026h[?25l[A[1Gpulling manifest [K
pulling eabc98a9bcbf:  20% ▕███               ▏ 3.9 GB/ 19 GB  118 MB/s   2m14s[K[?25h[?2026l[?2026h[?25l[A[1Gpulling manifest [K
pulling eabc98a9bcbf:  20% ▕███               ▏ 4.0 GB/ 19 GB  118 MB/s   2m14s[K[?25h[?2026l[?2026h[?25l[A[1Gpulling manifest [K
pulling eabc98a9bcbf:  20% ▕███               ▏ 4.0 GB/ 19 GB  118 MB/s   2m14s[K[?25h[?2026l[?2026h[?25l[A[1Gpulling manifest [K
pulling eabc98a9bcbf:  20% ▕███               ▏ 4.0 GB/ 19 GB  118 MB/s   2m14s[K[?25h[?2026l[?2026h[?25l[A[1Gpulling manifest [K
pulling eabc98a9bcbf:  20% ▕███               ▏ 4.0 GB/ 19 GB  118 MB/s   2m14s[K[?25h[?2026l[?2026h[?25l[A[1Gpulling manifest [K
pulling eabc98a9bcbf:  20% ▕███               ▏ 4.0 GB/ 19 GB  118 MB/s   2m13s[K[?25h[?2026l[?2026h[?25l[A[1Gpulling manifest [K
pulling eabc98a9bcbf:  20% ▕███               ▏ 4.0 GB/ 19 GB  118 MB/s   2m13s[K[?25h[?2026l[?2026h[?25l[A[1Gpulling manifest [K
pulling eabc98a9bcbf:  20% ▕███               ▏ 4.0 GB/ 19 GB  118 MB/s   2m13s[K[?25h[?2026l[?2026h[?25l[A[1Gpulling manifest [K
pulling eabc98a9bcbf:  20% ▕███               ▏ 4.0 GB/ 19 GB  118 MB/s   2m13s[K[?25h[?2026l[?2026h[?25l[A[1Gpulling manifest [K
pulling eabc98a9bcbf:  20% ▕███               ▏ 4.1 GB/ 19 GB  118 MB/s   2m13s[K[?25h[?2026l[?2026h[?25l[A[1Gpulling manifest [K
pulling eabc98a9bcbf:  20% ▕███               ▏ 4.1 GB/ 19 GB  118 MB/s   2m13s[K[?25h[?2026l[?2026h[?25l[A[1Gpulling manifest [K
pulling eabc98a9bcbf:  21% ▕███               ▏ 4.1 GB/ 19 GB  118 MB/s   2m13s[K[?25h[?2026l[?2026h[?25l[A[1Gpulling manifest [K
pulling eabc98a9bcbf:  21% ▕███               ▏ 4.1 GB/ 19 GB  118 MB/s   2m13s[K[?25h[?2026l[?2026h[?25l[A[1Gpulling manifest [K
pulling eabc98a9bcbf:  21% ▕███               ▏ 4.1 GB/ 19 GB  118 MB/s   2m13s[K[?25h[?2026l[?2026h[?25l[A[1Gpulling manifest [K
pulling eabc98a9bcbf:  21% ▕███               ▏ 4.1 GB/ 19 GB  118 MB/s   2m13s[K[?25h[?2026l[?2026h[?25l[A[1Gpulling manifest [K
pulling eabc98a9bcbf:  21% ▕███               ▏ 4.1 GB/ 19 GB  118 MB/s   2m13s[K[?25h[?2026l[?2026h[?25l[A[1Gpulling manifest [K
pulling eabc98a9bcbf:  21% ▕███               ▏ 4.1 GB/ 19 GB  118 MB/s   2m13s[K[?25h[?2026l[?2026h[?25l[A[1Gpulling manifest [K
pulling eabc98a9bcbf:  21% ▕███               ▏ 4.1 GB/ 19 GB  118 MB/s   2m12s[K[?25h[?2026l[?2026h[?25l[A[1Gpulling manifest [K
pulling eabc98a9bcbf:  21% ▕███               ▏ 4.2 GB/ 19 GB  118 MB/s   2m12s[K[?25h[?2026l[?2026h[?25l[A[1Gpulling manifest [K
pulling eabc98a9bcbf:  21% ▕███               ▏ 4.2 GB/ 19 GB  118 MB/s   2m12s[K[?25h[?2026l[?2026h[?25l[A[1Gpulling manifest [K
pulling eabc98a9bcbf:  21% ▕███               ▏ 4.2 GB/ 19 GB  118 MB/s   2m12s[K[?25h[?2026l[?2026h[?25l[A[1Gpulling manifest [K
pulling eabc98a9bcbf:  21% ▕███               ▏ 4.2 GB/ 19 GB  118 MB/s   2m12s[K[?25h[?2026l[?2026h[?25l[A[1Gpulling manifest [K
pulling eabc98a9bcbf:  21% ▕███               ▏ 4.2 GB/ 19 GB  118 MB/s   2m12s[K[?25h[?2026l[?2026h[?25l[A[1Gpulling manifest [K
pulling eabc98a9bcbf:  21% ▕███               ▏ 4.2 GB/ 19 GB  118 MB/s   2m12s[K[?25h[?2026l[?2026h[?25l[A[1Gpulling manifest [K
pulling eabc98a9bcbf:  21% ▕███               ▏ 4.2 GB/ 19 GB  118 MB/s   2m12s[K[?25h[?2026l[?2026h[?25l[A[1Gpulling manifest [K
pulling eabc98a9bcbf:  21% ▕███               ▏ 4.2 GB/ 19 GB  118 MB/s   2m12s[K[?25h[?2026l[?2026h[?25l[A[1Gpulling manifest [K
pulling eabc98a9bcbf:  21% ▕███               ▏ 4.2 GB/ 19 GB  118 MB/s   2m12s[K[?25h[?2026l[?2026h[?25l[A[1Gpulling manifest [K
pulling eabc98a9bcbf:  21% ▕███               ▏ 4.3 GB/ 19 GB  118 MB/s   2m11s[K[?25h[?2026l[?2026h[?25l[A[1Gpulling manifest [K
pulling eabc98a9bcbf:  22% ▕███               ▏ 4.3 GB/ 19 GB  118 MB/s   2m11s[K[?25h[?2026l[?2026h[?25l[A[1Gpulling manifest [K
pulling eabc98a9bcbf:  22% ▕███               ▏ 4.3 GB/ 19 GB  118 MB/s   2m11s[K[?25h[?2026l[?2026h[?25l[A[1Gpulling manifest [K
pulling eabc98a9bcbf:  22% ▕███               ▏ 4.3 GB/ 19 GB  118 MB/s   2m11s[K[?25h[?2026l[?2026h[?25l[A[1Gpulling manifest [K
pulling eabc98a9bcbf:  22% ▕███               ▏ 4.3 GB/ 19 GB  118 MB/s   2m11s[K[?25h[?2026l[?2026h[?25l[A[1Gpulling manifest [K
pulling eabc98a9bcbf:  22% ▕███               ▏ 4.3 GB/ 19 GB  118 MB/s   2m11s[K[?25h[?2026l[?2026h[?25l[A[1Gpulling manifest [K
pulling eabc98a9bcbf:  22% ▕███               ▏ 4.3 GB/ 19 GB  118 MB/s   2m11s[K[?25h[?2026l[?2026h[?25l[A[1Gpulling manifest [K
pulling eabc98a9bcbf:  22% ▕███               ▏ 4.3 GB/ 19 GB  118 MB/s   2m11s[K[?25h[?2026l[?2026h[?25l[A[1Gpulling manifest [K
pulling eabc98a9bcbf:  22% ▕███               ▏ 4.4 GB/ 19 GB  118 MB/s   2m11s[K[?25h[?2026l[?2026h[?25l[A[1Gpulling manifest [K
pulling eabc98a9bcbf:  22% ▕███               ▏ 4.4 GB/ 19 GB  118 MB/s   2m10s[K[?25h[?2026l[?2026h[?25l[A[1Gpulling manifest [K
pulling eabc98a9bcbf:  22% ▕███               ▏ 4.4 GB/ 19 GB  118 MB/s   2m10s[K[?25h[?2026l[?2026h[?25l[A[1Gpulling manifest [K
pulling eabc98a9bcbf:  22% ▕███               ▏ 4.4 GB/ 19 GB  118 MB/s   2m10s[K[?25h[?2026l[?2026h[?25l[A[1Gpulling manifest [K
pulling eabc98a9bcbf:  22% ▕███               ▏ 4.4 GB/ 19 GB  118 MB/s   2m10s[K[?25h[?2026l[?2026h[?25l[A[1Gpulling manifest [K
pulling eabc98a9bcbf:  22% ▕████              ▏ 4.4 GB/ 19 GB  118 MB/s   2m10s[K[?25h[?2026l[?2026h[?25l[A[1Gpulling manifest [K
pulling eabc98a9bcbf:  22% ▕████              ▏ 4.4 GB/ 19 GB  118 MB/s   2m10s[K[?25h[?2026l[?2026h[?25l[A[1Gpulling manifest [K
pulling eabc98a9bcbf:  22% ▕████              ▏ 4.4 GB/ 19 GB  118 MB/s   2m10s[K[?25h[?2026l[?2026h[?25l[A[1Gpulling manifest [K
pulling eabc98a9bcbf:  22% ▕████              ▏ 4.4 GB/ 19 GB  118 MB/s   2m10s[K[?25h[?2026l[?2026h[?25l[A[1Gpulling manifest [K
pulling eabc98a9bcbf:  22% ▕████              ▏ 4.5 GB/ 19 GB  118 MB/s   2m10s[K[?25h[?2026l[?2026h[?25l[A[1Gpulling manifest [K
pulling eabc98a9bcbf:  23% ▕████              ▏ 4.5 GB/ 19 GB  118 MB/s   2m10s[K[?25h[?2026l[?2026h[?25l[A[1Gpulling manifest [K
pulling eabc98a9bcbf:  23% ▕████              ▏ 4.5 GB/ 19 GB  118 MB/s    2m9s[K[?25h[?2026l[?2026h[?25l[A[1Gpulling manifest [K
pulling eabc98a9bcbf:  23% ▕████              ▏ 4.5 GB/ 19 GB  118 MB/s    2m9s[K[?25h[?2026l[?2026h[?25l[A[1Gpulling manifest [K
pulling eabc98a9bcbf:  23% ▕████              ▏ 4.5 GB/ 19 GB  118 MB/s    2m9s[K[?25h[?2026l[?2026h[?25l[A[1Gpulling manifest [K
pulling eabc98a9bcbf:  23% ▕████              ▏ 4.5 GB/ 19 GB  118 MB/s    2m9s[K[?25h[?2026l[?2026h[?25l[A[1Gpulling manifest [K
pulling eabc98a9bcbf:  23% ▕████              ▏ 4.5 GB/ 19 GB  118 MB/s    2m9s[K[?25h[?2026l[?2026h[?25l[A[1Gpulling manifest [K
pulling eabc98a9bcbf:  23% ▕████              ▏ 4.5 GB/ 19 GB  118 MB/s    2m9s[K[?25h[?2026l[?2026h[?25l[A[1Gpulling manifest [K
pulling eabc98a9bcbf:  23% ▕████              ▏ 4.6 GB/ 19 GB  118 MB/s    2m9s[K[?25h[?2026l[?2026h[?25l[A[1Gpulling manifest [K
pulling eabc98a9bcbf:  23% ▕████              ▏ 4.6 GB/ 19 GB  118 MB/s    2m9s[K[?25h[?2026l[?2026h[?25l[A[1Gpulling manifest [K
pulling eabc98a9bcbf:  23% ▕████              ▏ 4.6 GB/ 19 GB  118 MB/s    2m9s[K[?25h[?2026l[?2026h[?25l[A[1Gpulling manifest [K
pulling eabc98a9bcbf:  23% ▕████              ▏ 4.6 GB/ 19 GB  118 MB/s    2m9s[K[?25h[?2026l[?2026h[?25l[A[1Gpulling manifest [K
pulling eabc98a9bcbf:  23% ▕████              ▏ 4.6 GB/ 19 GB  118 MB/s    2m8s[K[?25h[?2026l[?2026h[?25l[A[1Gpulling manifest [K
pulling eabc98a9bcbf:  23% ▕████              ▏ 4.6 GB/ 19 GB  118 MB/s    2m8s[K[?25h[?2026l[?2026h[?25l[A[1Gpulling manifest [K
pulling eabc98a9bcbf:  23% ▕████              ▏ 4.6 GB/ 19 GB  118 MB/s    2m8s[K[?25h[?2026l[?2026h[?25l[A[1Gpulling manifest [K
pulling eabc98a9bcbf:  23% ▕████              ▏ 4.6 GB/ 19 GB  118 MB/s    2m8s[K[?25h[?2026l[?2026h[?25l[A[1Gpulling manifest [K
pulling eabc98a9bcbf:  23% ▕████              ▏ 4.6 GB/ 19 GB  118 MB/s    2m8s[K[?25h[?2026l[?2026h[?25l[A[1Gpulling manifest [K
pulling eabc98a9bcbf:  23% ▕████              ▏ 4.7 GB/ 19 GB  118 MB/s    2m8s[K[?25h[?2026l[?2026h[?25l[A[1Gpulling manifest [K
pulling eabc98a9bcbf:  23% ▕████              ▏ 4.7 GB/ 19 GB  118 MB/s    2m8s[K[?25h[?2026l[?2026h[?25l[A[1Gpulling manifest [K
pulling eabc98a9bcbf:  24% ▕████              ▏ 4.7 GB/ 19 GB  118 MB/s    2m8s[K[?25h[?2026l[?2026h[?25l[A[1Gpulling manifest [K
pulling eabc98a9bcbf:  24% ▕████              ▏ 4.7 GB/ 19 GB  118 MB/s    2m8s[K[?25h[?2026l[?2026h[?25l[A[1Gpulling manifest [K
pulling eabc98a9bcbf:  24% ▕████              ▏ 4.7 GB/ 19 GB  118 MB/s    2m8s[K[?25h[?2026l[?2026h[?25l[A[1Gpulling manifest [K
pulling eabc98a9bcbf:  24% ▕████              ▏ 4.7 GB/ 19 GB  118 MB/s    2m7s[K[?25h[?2026l[?2026h[?25l[A[1Gpulling manifest [K
pulling eabc98a9bcbf:  24% ▕████              ▏ 4.7 GB/ 19 GB  118 MB/s    2m7s[K[?25h[?2026l[?2026h[?25l[A[1Gpulling manifest [K
pulling eabc98a9bcbf:  24% ▕████              ▏ 4.7 GB/ 19 GB  118 MB/s    2m7s[K[?25h[?2026l[?2026h[?25l[A[1Gpulling manifest [K
pulling eabc98a9bcbf:  24% ▕████              ▏ 4.7 GB/ 19 GB  118 MB/s    2m7s[K[?25h[?2026l[?2026h[?25l[A[1Gpulling manifest [K
pulling eabc98a9bcbf:  24% ▕████              ▏ 4.8 GB/ 19 GB  118 MB/s    2m7s[K[?25h[?2026l[?2026h[?25l[A[1Gpulling manifest [K
pulling eabc98a9bcbf:  24% ▕████              ▏ 4.8 GB/ 19 GB  118 MB/s    2m7s[K[?25h[?2026l[?2026h[?25l[A[1Gpulling manifest [K
pulling eabc98a9bcbf:  24% ▕████              ▏ 4.8 GB/ 19 GB  118 MB/s    2m7s[K[?25h[?2026l[?2026h[?25l[A[1Gpulling manifest [K
pulling eabc98a9bcbf:  24% ▕████              ▏ 4.8 GB/ 19 GB  118 MB/s    2m7s[K[?25h[?2026l[?2026h[?25l[A[1Gpulling manifest [K
pulling eabc98a9bcbf:  24% ▕████              ▏ 4.8 GB/ 19 GB  118 MB/s    2m7s[K[?25h[?2026l[?2026h[?25l[A[1Gpulling manifest [K
pulling eabc98a9bcbf:  24% ▕████              ▏ 4.8 GB/ 19 GB  118 MB/s    2m6s[K[?25h[?2026l[?2026h[?25l[A[1Gpulling manifest [K
pulling eabc98a9bcbf:  24% ▕████              ▏ 4.8 GB/ 19 GB  118 MB/s    2m6s[K[?25h[?2026l[?2026h[?25l[A[1Gpulling manifest [K
pulling eabc98a9bcbf:  24% ▕████              ▏ 4.8 GB/ 19 GB  118 MB/s    2m6s[K[?25h[?2026l[?2026h[?25l[A[1Gpulling manifest [K
pulling eabc98a9bcbf:  24% ▕████              ▏ 4.9 GB/ 19 GB  118 MB/s    2m6s[K[?25h[?2026l[?2026h[?25l[A[1Gpulling manifest [K
pulling eabc98a9bcbf:  25% ▕████              ▏ 4.9 GB/ 19 GB  118 MB/s    2m6s[K[?25h[?2026l[?2026h[?25l[A[1Gpulling manifest [K
pulling eabc98a9bcbf:  25% ▕████              ▏ 4.9 GB/ 19 GB  118 MB/s    2m6s[K[?25h[?2026l[?2026h[?25l[A[1Gpulling manifest [K
pulling eabc98a9bcbf:  25% ▕████              ▏ 4.9 GB/ 19 GB  118 MB/s    2m6s[K[?25h[?2026l[?2026h[?25l[A[1Gpulling manifest [K
pulling eabc98a9bcbf:  25% ▕████              ▏ 4.9 GB/ 19 GB  118 MB/s    2m6s[K[?25h[?2026l[?2026h[?25l[A[1Gpulling manifest [K
pulling eabc98a9bcbf:  25% ▕████              ▏ 4.9 GB/ 19 GB  118 MB/s    2m6s[K[?25h[?2026l[?2026h[?25l[A[1Gpulling manifest [K
pulling eabc98a9bcbf:  25% ▕████              ▏ 4.9 GB/ 19 GB  118 MB/s    2m5s[K[?25h[?2026l[?2026h[?25l[A[1Gpulling manifest [K
pulling eabc98a9bcbf:  25% ▕████              ▏ 4.9 GB/ 19 GB  118 MB/s    2m5s[K[?25h[?2026l[?2026h[?25l[A[1Gpulling manifest [K
pulling eabc98a9bcbf:  25% ▕████              ▏ 4.9 GB/ 19 GB  118 MB/s    2m5s[K[?25h[?2026l[?2026h[?25l[A[1Gpulling manifest [K
pulling eabc98a9bcbf:  25% ▕████              ▏ 5.0 GB/ 19 GB  118 MB/s    2m5s[K[?25h[?2026l[?2026h[?25l[A[1Gpulling manifest [K
pulling eabc98a9bcbf:  25% ▕████              ▏ 5.0 GB/ 19 GB  118 MB/s    2m5s[K[?25h[?2026l[?2026h[?25l[A[1Gpulling manifest [K
pulling eabc98a9bcbf:  25% ▕████              ▏ 5.0 GB/ 19 GB  118 MB/s    2m5s[K[?25h[?2026l[?2026h[?25l[A[1Gpulling manifest [K
pulling eabc98a9bcbf:  25% ▕████              ▏ 5.0 GB/ 19 GB  118 MB/s    2m5s[K[?25h[?2026l[?2026h[?25l[A[1Gpulling manifest [K
pulling eabc98a9bcbf:  25% ▕████              ▏ 5.0 GB/ 19 GB  118 MB/s    2m5s[K[?25h[?2026l[?2026h[?25l[A[1Gpulling manifest [K
pulling eabc98a9bcbf:  25% ▕████              ▏ 5.0 GB/ 19 GB  118 MB/s    2m5s[K[?25h[?2026l[?2026h[?25l[A[1Gpulling manifest [K
pulling eabc98a9bcbf:  25% ▕████              ▏ 5.0 GB/ 19 GB  118 MB/s    2m4s[K[?25h[?2026l[?2026h[?25l[A[1Gpulling manifest [K
pulling eabc98a9bcbf:  25% ▕████              ▏ 5.0 GB/ 19 GB  118 MB/s    2m4s[K[?25h[?2026l[?2026h[?25l[A[1Gpulling manifest [K
pulling eabc98a9bcbf:  25% ▕████              ▏ 5.0 GB/ 19 GB  118 MB/s    2m4s[K[?25h[?2026l[?2026h[?25l[A[1Gpulling manifest [K
pulling eabc98a9bcbf:  25% ▕████              ▏ 5.1 GB/ 19 GB  118 MB/s    2m5s[K[?25h[?2026l[?2026h[?25l[A[1Gpulling manifest [K
pulling eabc98a9bcbf:  26% ▕████              ▏ 5.1 GB/ 19 GB  118 MB/s    2m4s[K[?25h[?2026l[?2026h[?25l[A[1Gpulling manifest [K
pulling eabc98a9bcbf:  26% ▕████              ▏ 5.1 GB/ 19 GB  118 MB/s    2m4s[K[?25h[?2026l[?2026h[?25l[A[1Gpulling manifest [K
pulling eabc98a9bcbf:  26% ▕████              ▏ 5.1 GB/ 19 GB  118 MB/s    2m4s[K[?25h[?2026l[?2026h[?25l[A[1Gpulling manifest [K
pulling eabc98a9bcbf:  26% ▕████              ▏ 5.1 GB/ 19 GB  118 MB/s    2m4s[K[?25h[?2026l[?2026h[?25l[A[1Gpulling manifest [K
pulling eabc98a9bcbf:  26% ▕████              ▏ 5.1 GB/ 19 GB  118 MB/s    2m4s[K[?25h[?2026l[?2026h[?25l[A[1Gpulling manifest [K
pulling eabc98a9bcbf:  26% ▕████              ▏ 5.1 GB/ 19 GB  118 MB/s    2m4s[K[?25h[?2026l[?2026h[?25l[A[1Gpulling manifest [K
pulling eabc98a9bcbf:  26% ▕████              ▏ 5.1 GB/ 19 GB  118 MB/s    2m4s[K[?25h[?2026l[?2026h[?25l[A[1Gpulling manifest [K
pulling eabc98a9bcbf:  26% ▕████              ▏ 5.1 GB/ 19 GB  118 MB/s    2m4s[K[?25h[?2026l[?2026h[?25l[A[1Gpulling manifest [K
pulling eabc98a9bcbf:  26% ▕████              ▏ 5.2 GB/ 19 GB  118 MB/s    2m4s[K[?25h[?2026l[?2026h[?25l[A[1Gpulling manifest [K
pulling eabc98a9bcbf:  26% ▕████              ▏ 5.2 GB/ 19 GB  118 MB/s    2m4s[K[?25h[?2026l[?2026h[?25l[A[1Gpulling manifest [K
pulling eabc98a9bcbf:  26% ▕████              ▏ 5.2 GB/ 19 GB  118 MB/s    2m4s[K[?25h[?2026l[?2026h[?25l[A[1Gpulling manifest [K
pulling eabc98a9bcbf:  26% ▕████              ▏ 5.2 GB/ 19 GB  118 MB/s    2m3s[K[?25h[?2026l[?2026h[?25l[A[1Gpulling manifest [K
pulling eabc98a9bcbf:  26% ▕████              ▏ 5.2 GB/ 19 GB  118 MB/s    2m3s[K[?25h[?2026l[?2026h[?25l[A[1Gpulling manifest [K
pulling eabc98a9bcbf:  26% ▕████              ▏ 5.2 GB/ 19 GB  118 MB/s    2m3s[K[?25h[?2026l[?2026h[?25l[A[1Gpulling manifest [K
pulling eabc98a9bcbf:  26% ▕████              ▏ 5.2 GB/ 19 GB  118 MB/s    2m3s[K[?25h[?2026l[?2026h[?25l[A[1Gpulling manifest [K
pulling eabc98a9bcbf:  26% ▕████              ▏ 5.2 GB/ 19 GB  118 MB/s    2m3s[K[?25h[?2026l[?2026h[?25l[A[1Gpulling manifest [K
pulling eabc98a9bcbf:  26% ▕████              ▏ 5.3 GB/ 19 GB  118 MB/s    2m3s[K[?25h[?2026l[?2026h[?25l[A[1Gpulling manifest [K
pulling eabc98a9bcbf:  27% ▕████              ▏ 5.3 GB/ 19 GB  118 MB/s    2m3s[K[?25h[?2026l[?2026h[?25l[A[1Gpulling manifest [K
pulling eabc98a9bcbf:  27% ▕████              ▏ 5.3 GB/ 19 GB  118 MB/s    2m3s[K[?25h[?2026l[?2026h[?25l[A[1Gpulling manifest [K
pulling eabc98a9bcbf:  27% ▕████              ▏ 5.3 GB/ 19 GB  118 MB/s    2m2s[K[?25h[?2026l[?2026h[?25l[A[1Gpulling manifest [K
pulling eabc98a9bcbf:  27% ▕████              ▏ 5.3 GB/ 19 GB  118 MB/s    2m2s[K[?25h[?2026l[?2026h[?25l[A[1Gpulling manifest [K
pulling eabc98a9bcbf:  27% ▕████              ▏ 5.3 GB/ 19 GB  118 MB/s    2m2s[K[?25h[?2026l[?2026h[?25l[A[1Gpulling manifest [K
pulling eabc98a9bcbf:  27% ▕████              ▏ 5.3 GB/ 19 GB  118 MB/s    2m2s[K[?25h[?2026l[?2026h[?25l[A[1Gpulling manifest [K
pulling eabc98a9bcbf:  27% ▕████              ▏ 5.3 GB/ 19 GB  118 MB/s    2m2s[K[?25h[?2026l[?2026h[?25l[A[1Gpulling manifest [K
pulling eabc98a9bcbf:  27% ▕████              ▏ 5.4 GB/ 19 GB  118 MB/s    2m2s[K[?25h[?2026l[?2026h[?25l[A[1Gpulling manifest [K
pulling eabc98a9bcbf:  27% ▕████              ▏ 5.4 GB/ 19 GB  118 MB/s    2m2s[K[?25h[?2026l[?2026h[?25l[A[1Gpulling manifest [K
pulling eabc98a9bcbf:  27% ▕████              ▏ 5.4 GB/ 19 GB  118 MB/s    2m2s[K[?25h[?2026l[?2026h[?25l[A[1Gpulling manifest [K
pulling eabc98a9bcbf:  27% ▕████              ▏ 5.4 GB/ 19 GB  118 MB/s    2m2s[K[?25h[?2026l[?2026h[?25l[A[1Gpulling manifest [K
pulling eabc98a9bcbf:  27% ▕████              ▏ 5.4 GB/ 19 GB  118 MB/s    2m2s[K[?25h[?2026l[?2026h[?25l[A[1Gpulling manifest [K
pulling eabc98a9bcbf:  27% ▕████              ▏ 5.4 GB/ 19 GB  118 MB/s    2m2s[K[?25h[?2026l[?2026h[?25l[A[1Gpulling manifest [K
pulling eabc98a9bcbf:  27% ▕████              ▏ 5.4 GB/ 19 GB  118 MB/s    2m2s[K[?25h[?2026l[?2026h[?25l[A[1Gpulling manifest [K
pulling eabc98a9bcbf:  27% ▕████              ▏ 5.4 GB/ 19 GB  118 MB/s    2m2s[K[?25h[?2026l[?2026h[?25l[A[1Gpulling manifest [K
pulling eabc98a9bcbf:  27% ▕████              ▏ 5.4 GB/ 19 GB  118 MB/s    2m1s[K[?25h[?2026l[?2026h[?25l[A[1Gpulling manifest [K
pulling eabc98a9bcbf:  27% ▕████              ▏ 5.5 GB/ 19 GB  118 MB/s    2m1s[K[?25h[?2026l[?2026h[?25l[A[1Gpulling manifest [K
pulling eabc98a9bcbf:  28% ▕████              ▏ 5.5 GB/ 19 GB  118 MB/s    2m1s[K[?25h[?2026l[?2026h[?25l[A[1Gpulling manifest [K
pulling eabc98a9bcbf:  28% ▕████              ▏ 5.5 GB/ 19 GB  118 MB/s    2m1s[K[?25h[?2026l[?2026h[?25l[A[1Gpulling manifest [K
pulling eabc98a9bcbf:  28% ▕████              ▏ 5.5 GB/ 19 GB  118 MB/s    2m1s[K[?25h[?2026l[?2026h[?25l[A[1Gpulling manifest [K
pulling eabc98a9bcbf:  28% ▕████              ▏ 5.5 GB/ 19 GB  118 MB/s    2m1s[K[?25h[?2026l[?2026h[?25l[A[1Gpulling manifest [K
pulling eabc98a9bcbf:  28% ▕████              ▏ 5.5 GB/ 19 GB  118 MB/s    2m1s[K[?25h[?2026l[?2026h[?25l[A[1Gpulling manifest [K
pulling eabc98a9bcbf:  28% ▕█████             ▏ 5.5 GB/ 19 GB  118 MB/s    2m1s[K[?25h[?2026l[?2026h[?25l[A[1Gpulling manifest [K
pulling eabc98a9bcbf:  28% ▕█████             ▏ 5.5 GB/ 19 GB  118 MB/s    2m1s[K[?25h[?2026l[?2026h[?25l[A[1Gpulling manifest [K
pulling eabc98a9bcbf:  28% ▕█████             ▏ 5.5 GB/ 19 GB  118 MB/s    2m0s[K[?25h[?2026l[?2026h[?25l[A[1Gpulling manifest [K
pulling eabc98a9bcbf:  28% ▕█████             ▏ 5.6 GB/ 19 GB  118 MB/s    2m0s[K[?25h[?2026l[?2026h[?25l[A[1Gpulling manifest [K
pulling eabc98a9bcbf:  28% ▕█████             ▏ 5.6 GB/ 19 GB  118 MB/s    2m0s[K[?25h[?2026l[?2026h[?25l[A[1Gpulling manifest [K
pulling eabc98a9bcbf:  28% ▕█████             ▏ 5.6 GB/ 19 GB  118 MB/s    2m0s[K[?25h[?2026l[?2026h[?25l[A[1Gpulling manifest [K
pulling eabc98a9bcbf:  28% ▕█████             ▏ 5.6 GB/ 19 GB  118 MB/s    2m0s[K[?25h[?2026l[?2026h[?25l[A[1Gpulling manifest [K
pulling eabc98a9bcbf:  28% ▕█████             ▏ 5.6 GB/ 19 GB  118 MB/s    2m0s[K[?25h[?2026l[?2026h[?25l[A[1Gpulling manifest [K
pulling eabc98a9bcbf:  28% ▕█████             ▏ 5.6 GB/ 19 GB  118 MB/s    2m0s[K[?25h[?2026l[?2026h[?25l[A[1Gpulling manifest [K
pulling eabc98a9bcbf:  28% ▕█████             ▏ 5.6 GB/ 19 GB  118 MB/s    2m0s[K[?25h[?2026l[?2026h[?25l[A[1Gpulling manifest [K
pulling eabc98a9bcbf:  28% ▕█████             ▏ 5.6 GB/ 19 GB  118 MB/s    2m0s[K[?25h[?2026l[?2026h[?25l[A[1Gpulling manifest [K
pulling eabc98a9bcbf:  28% ▕█████             ▏ 5.7 GB/ 19 GB  118 MB/s   1m59s[K[?25h[?2026l[?2026h[?25l[A[1Gpulling manifest [K
pulling eabc98a9bcbf:  29% ▕█████             ▏ 5.7 GB/ 19 GB  118 MB/s   1m59s[K[?25h[?2026l[?2026h[?25l[A[1Gpulling manifest [K
pulling eabc98a9bcbf:  29% ▕█████             ▏ 5.7 GB/ 19 GB  118 MB/s   1m59s[K[?25h[?2026l[?2026h[?25l[A[1Gpulling manifest [K
pulling eabc98a9bcbf:  29% ▕█████             ▏ 5.7 GB/ 19 GB  118 MB/s   1m59s[K[?25h[?2026l[?2026h[?25l[A[1Gpulling manifest [K
pulling eabc98a9bcbf:  29% ▕█████             ▏ 5.7 GB/ 19 GB  118 MB/s   1m59s[K[?25h[?2026l[?2026h[?25l[A[1Gpulling manifest [K
pulling eabc98a9bcbf:  29% ▕█████             ▏ 5.7 GB/ 19 GB  118 MB/s   1m59s[K[?25h[?2026l[?2026h[?25l[A[1Gpulling manifest [K
pulling eabc98a9bcbf:  29% ▕█████             ▏ 5.7 GB/ 19 GB  118 MB/s   1m59s[K[?25h[?2026l[?2026h[?25l[A[1Gpulling manifest [K
pulling eabc98a9bcbf:  29% ▕█████             ▏ 5.7 GB/ 19 GB  118 MB/s   1m59s[K[?25h[?2026l[?2026h[?25l[A[1Gpulling manifest [K
pulling eabc98a9bcbf:  29% ▕█████             ▏ 5.7 GB/ 19 GB  118 MB/s   1m58s[K[?25h[?2026l[?2026h[?25l[A[1Gpulling manifest [K
pulling eabc98a9bcbf:  29% ▕█████             ▏ 5.8 GB/ 19 GB  118 MB/s   1m58s[K[?25h[?2026l[?2026h[?25l[A[1Gpulling manifest [K
pulling eabc98a9bcbf:  29% ▕█████             ▏ 5.8 GB/ 19 GB  118 MB/s   1m58s[K[?25h[?2026l[?2026h[?25l[A[1Gpulling manifest [K
pulling eabc98a9bcbf:  29% ▕█████             ▏ 5.8 GB/ 19 GB  118 MB/s   1m58s[K[?25h[?2026l[?2026h[?25l[A[1Gpulling manifest [K
pulling eabc98a9bcbf:  29% ▕█████             ▏ 5.8 GB/ 19 GB  118 MB/s   1m58s[K[?25h[?2026l[?2026h[?25l[A[1Gpulling manifest [K
pulling eabc98a9bcbf:  29% ▕█████             ▏ 5.8 GB/ 19 GB  118 MB/s   1m58s[K[?25h[?2026l[?2026h[?25l[A[1Gpulling manifest [K
pulling eabc98a9bcbf:  29% ▕█████             ▏ 5.8 GB/ 19 GB  118 MB/s   1m58s[K[?25h[?2026l[?2026h[?25l[A[1Gpulling manifest [K
pulling eabc98a9bcbf:  29% ▕█████             ▏ 5.8 GB/ 19 GB  118 MB/s   1m58s[K[?25h[?2026l[?2026h[?25l[A[1Gpulling manifest [K
pulling eabc98a9bcbf:  29% ▕█████             ▏ 5.8 GB/ 19 GB  118 MB/s   1m58s[K[?25h[?2026l[?2026h[?25l[A[1Gpulling manifest [K
pulling eabc98a9bcbf:  29% ▕█████             ▏ 5.9 GB/ 19 GB  118 MB/s   1m58s[K[?25h[?2026l[?2026h[?25l[A[1Gpulling manifest [K
pulling eabc98a9bcbf:  30% ▕█████             ▏ 5.9 GB/ 19 GB  118 MB/s   1m58s[K[?25h[?2026l[?2026h[?25l[A[1Gpulling manifest [K
pulling eabc98a9bcbf:  30% ▕█████             ▏ 5.9 GB/ 19 GB  118 MB/s   1m57s[K[?25h[?2026l[?2026h[?25l[A[1Gpulling manifest [K
pulling eabc98a9bcbf:  30% ▕█████             ▏ 5.9 GB/ 19 GB  118 MB/s   1m57s[K[?25h[?2026l[?2026h[?25l[A[1Gpulling manifest [K
pulling eabc98a9bcbf:  30% ▕█████             ▏ 5.9 GB/ 19 GB  118 MB/s   1m57s[K[?25h[?2026l[?2026h[?25l[A[1Gpulling manifest [K
pulling eabc98a9bcbf:  30% ▕█████             ▏ 5.9 GB/ 19 GB  118 MB/s   1m57s[K[?25h[?2026l[?2026h[?25l[A[1Gpulling manifest [K
pulling eabc98a9bcbf:  30% ▕█████             ▏ 5.9 GB/ 19 GB  118 MB/s   1m57s[K[?25h[?2026l[?2026h[?25l[A[1Gpulling manifest [K
pulling eabc98a9bcbf:  30% ▕█████             ▏ 5.9 GB/ 19 GB  118 MB/s   1m57s[K[?25h[?2026l[?2026h[?25l[A[1Gpulling manifest [K
pulling eabc98a9bcbf:  30% ▕█████             ▏ 5.9 GB/ 19 GB  118 MB/s   1m57s[K[?25h[?2026l[?2026h[?25l[A[1Gpulling manifest [K
pulling eabc98a9bcbf:  30% ▕█████             ▏ 6.0 GB/ 19 GB  118 MB/s   1m57s[K[?25h[?2026l[?2026h[?25l[A[1Gpulling manifest [K
pulling eabc98a9bcbf:  30% ▕█████             ▏ 6.0 GB/ 19 GB  118 MB/s   1m57s[K[?25h[?2026l[?2026h[?25l[A[1Gpulling manifest [K
pulling eabc98a9bcbf:  30% ▕█████             ▏ 6.0 GB/ 19 GB  118 MB/s   1m56s[K[?25h[?2026l[?2026h[?25l[A[1Gpulling manifest [K
pulling eabc98a9bcbf:  30% ▕█████             ▏ 6.0 GB/ 19 GB  118 MB/s   1m56s[K[?25h[?2026l[?2026h[?25l[A[1Gpulling manifest [K
pulling eabc98a9bcbf:  30% ▕█████             ▏ 6.0 GB/ 19 GB  118 MB/s   1m56s[K[?25h[?2026l[?2026h[?25l[A[1Gpulling manifest [K
pulling eabc98a9bcbf:  30% ▕█████             ▏ 6.0 GB/ 19 GB  118 MB/s   1m56s[K[?25h[?2026l[?2026h[?25l[A[1Gpulling manifest [K
pulling eabc98a9bcbf:  30% ▕█████             ▏ 6.0 GB/ 19 GB  118 MB/s   1m56s[K[?25h[?2026l[?2026h[?25l[A[1Gpulling manifest [K
pulling eabc98a9bcbf:  30% ▕█████             ▏ 6.0 GB/ 19 GB  118 MB/s   1m56s[K[?25h[?2026l[?2026h[?25l[A[1Gpulling manifest [K
pulling eabc98a9bcbf:  31% ▕█████             ▏ 6.1 GB/ 19 GB  118 MB/s   1m56s[K[?25h[?2026l[?2026h[?25l[A[1Gpulling manifest [K
pulling eabc98a9bcbf:  31% ▕█████             ▏ 6.1 GB/ 19 GB  118 MB/s   1m56s[K[?25h[?2026l[?2026h[?25l[A[1Gpulling manifest [K
pulling eabc98a9bcbf:  31% ▕█████             ▏ 6.1 GB/ 19 GB  118 MB/s   1m55s[K[?25h[?2026l[?2026h[?25l[A[1Gpulling manifest [K
pulling eabc98a9bcbf:  31% ▕█████             ▏ 6.1 GB/ 19 GB  118 MB/s   1m55s[K[?25h[?2026l[?2026h[?25l[A[1Gpulling manifest [K
pulling eabc98a9bcbf:  31% ▕█████             ▏ 6.1 GB/ 19 GB  118 MB/s   1m55s[K[?25h[?2026l[?2026h[?25l[A[1Gpulling manifest [K
pulling eabc98a9bcbf:  31% ▕█████             ▏ 6.1 GB/ 19 GB  118 MB/s   1m55s[K[?25h[?2026l[?2026h[?25l[A[1Gpulling manifest [K
pulling eabc98a9bcbf:  31% ▕█████             ▏ 6.1 GB/ 19 GB  119 MB/s   1m55s[K[?25h[?2026l[?2026h[?25l[A[1Gpulling manifest [K
pulling eabc98a9bcbf:  31% ▕█████             ▏ 6.1 GB/ 19 GB  119 MB/s   1m55s[K[?25h[?2026l[?2026h[?25l[A[1Gpulling manifest [K
pulling eabc98a9bcbf:  31% ▕█████             ▏ 6.1 GB/ 19 GB  119 MB/s   1m55s[K[?25h[?2026l[?2026h[?25l[A[1Gpulling manifest [K
pulling eabc98a9bcbf:  31% ▕█████             ▏ 6.2 GB/ 19 GB  119 MB/s   1m54s[K[?25h[?2026l[?2026h[?25l[A[1Gpulling manifest [K
pulling eabc98a9bcbf:  31% ▕█████             ▏ 6.2 GB/ 19 GB  119 MB/s   1m54s[K[?25h[?2026l[?2026h[?25l[A[1Gpulling manifest [K
pulling eabc98a9bcbf:  31% ▕█████             ▏ 6.2 GB/ 19 GB  119 MB/s   1m54s[K[?25h[?2026l[?2026h[?25l[A[1Gpulling manifest [K
pulling eabc98a9bcbf:  31% ▕█████             ▏ 6.2 GB/ 19 GB  119 MB/s   1m54s[K[?25h[?2026l[?2026h[?25l[A[1Gpulling manifest [K
pulling eabc98a9bcbf:  31% ▕█████             ▏ 6.2 GB/ 19 GB  119 MB/s   1m54s[K[?25h[?2026l[?2026h[?25l[A[1Gpulling manifest [K
pulling eabc98a9bcbf:  31% ▕█████             ▏ 6.2 GB/ 19 GB  119 MB/s   1m54s[K[?25h[?2026l[?2026h[?25l[A[1Gpulling manifest [K
pulling eabc98a9bcbf:  31% ▕█████             ▏ 6.2 GB/ 19 GB  119 MB/s   1m54s[K[?25h[?2026l[?2026h[?25l[A[1Gpulling manifest [K
pulling eabc98a9bcbf:  31% ▕█████             ▏ 6.2 GB/ 19 GB  119 MB/s   1m54s[K[?25h[?2026l[?2026h[?25l[A[1Gpulling manifest [K
pulling eabc98a9bcbf:  31% ▕█████             ▏ 6.3 GB/ 19 GB  119 MB/s   1m54s[K[?25h[?2026l[?2026h[?25l[A[1Gpulling manifest [K
pulling eabc98a9bcbf:  32% ▕█████             ▏ 6.3 GB/ 19 GB  119 MB/s   1m53s[K[?25h[?2026l[?2026h[?25l[A[1Gpulling manifest [K
pulling eabc98a9bcbf:  32% ▕█████             ▏ 6.3 GB/ 19 GB  119 MB/s   1m53s[K[?25h[?2026l[?2026h[?25l[A[1Gpulling manifest [K
pulling eabc98a9bcbf:  32% ▕█████             ▏ 6.3 GB/ 19 GB  119 MB/s   1m53s[K[?25h[?2026l[?2026h[?25l[A[1Gpulling manifest [K
pulling eabc98a9bcbf:  32% ▕█████             ▏ 6.3 GB/ 19 GB  119 MB/s   1m53s[K[?25h[?2026l[?2026h[?25l[A[1Gpulling manifest [K
pulling eabc98a9bcbf:  32% ▕█████             ▏ 6.3 GB/ 19 GB  119 MB/s   1m53s[K[?25h[?2026l[?2026h[?25l[A[1Gpulling manifest [K
pulling eabc98a9bcbf:  32% ▕█████             ▏ 6.3 GB/ 19 GB  119 MB/s   1m53s[K[?25h[?2026l[?2026h[?25l[A[1Gpulling manifest [K
pulling eabc98a9bcbf:  32% ▕█████             ▏ 6.3 GB/ 19 GB  119 MB/s   1m53s[K[?25h[?2026l[?2026h[?25l[A[1Gpulling manifest [K
pulling eabc98a9bcbf:  32% ▕█████             ▏ 6.3 GB/ 19 GB  119 MB/s   1m53s[K[?25h[?2026l[?2026h[?25l[A[1Gpulling manifest [K
pulling eabc98a9bcbf:  32% ▕█████             ▏ 6.4 GB/ 19 GB  119 MB/s   1m53s[K[?25h[?2026l[?2026h[?25l[A[1Gpulling manifest [K
pulling eabc98a9bcbf:  32% ▕█████             ▏ 6.4 GB/ 19 GB  119 MB/s   1m53s[K[?25h[?2026l[?2026h[?25l[A[1Gpulling manifest [K
pulling eabc98a9bcbf:  32% ▕█████             ▏ 6.4 GB/ 19 GB  119 MB/s   1m52s[K[?25h[?2026l[?2026h[?25l[A[1Gpulling manifest [K
pulling eabc98a9bcbf:  32% ▕█████             ▏ 6.4 GB/ 19 GB  119 MB/s   1m52s[K[?25h[?2026l[?2026h[?25l[A[1Gpulling manifest [K
pulling eabc98a9bcbf:  32% ▕█████             ▏ 6.4 GB/ 19 GB  119 MB/s   1m52s[K[?25h[?2026l[?2026h[?25l[A[1Gpulling manifest [K
pulling eabc98a9bcbf:  32% ▕█████             ▏ 6.4 GB/ 19 GB  119 MB/s   1m52s[K[?25h[?2026l[?2026h[?25l[A[1Gpulling manifest [K
pulling eabc98a9bcbf:  32% ▕█████             ▏ 6.4 GB/ 19 GB  119 MB/s   1m52s[K[?25h[?2026l[?2026h[?25l[A[1Gpulling manifest [K
pulling eabc98a9bcbf:  32% ▕█████             ▏ 6.4 GB/ 19 GB  119 MB/s   1m52s[K[?25h[?2026l[?2026h[?25l[A[1Gpulling manifest [K
pulling eabc98a9bcbf:  32% ▕█████             ▏ 6.4 GB/ 19 GB  119 MB/s   1m52s[K[?25h[?2026l[?2026h[?25l[A[1Gpulling manifest [K
pulling eabc98a9bcbf:  33% ▕█████             ▏ 6.5 GB/ 19 GB  119 MB/s   1m52s[K[?25h[?2026l[?2026h[?25l[A[1Gpulling manifest [K
pulling eabc98a9bcbf:  33% ▕█████             ▏ 6.5 GB/ 19 GB  119 MB/s   1m52s[K[?25h[?2026l[?2026h[?25l[A[1Gpulling manifest [K
pulling eabc98a9bcbf:  33% ▕█████             ▏ 6.5 GB/ 19 GB  119 MB/s   1m51s[K[?25h[?2026l[?2026h[?25l[A[1Gpulling manifest [K
pulling eabc98a9bcbf:  33% ▕█████             ▏ 6.5 GB/ 19 GB  119 MB/s   1m51s[K[?25h[?2026l[?2026h[?25l[A[1Gpulling manifest [K
pulling eabc98a9bcbf:  33% ▕█████             ▏ 6.5 GB/ 19 GB  119 MB/s   1m51s[K[?25h[?2026l[?2026h[?25l[A[1Gpulling manifest [K
pulling eabc98a9bcbf:  33% ▕█████             ▏ 6.5 GB/ 19 GB  119 MB/s   1m51s[K[?25h[?2026l[?2026h[?25l[A[1Gpulling manifest [K
pulling eabc98a9bcbf:  33% ▕█████             ▏ 6.5 GB/ 19 GB  119 MB/s   1m51s[K[?25h[?2026l[?2026h[?25l[A[1Gpulling manifest [K
pulling eabc98a9bcbf:  33% ▕█████             ▏ 6.5 GB/ 19 GB  119 MB/s   1m51s[K[?25h[?2026l[?2026h[?25l[A[1Gpulling manifest [K
pulling eabc98a9bcbf:  33% ▕█████             ▏ 6.6 GB/ 19 GB  119 MB/s   1m51s[K[?25h[?2026l[?2026h[?25l[A[1Gpulling manifest [K
pulling eabc98a9bcbf:  33% ▕█████             ▏ 6.6 GB/ 19 GB  119 MB/s   1m51s[K[?25h[?2026l[?2026h[?25l[A[1Gpulling manifest [K
pulling eabc98a9bcbf:  33% ▕█████             ▏ 6.6 GB/ 19 GB  119 MB/s   1m51s[K[?25h[?2026l[?2026h[?25l[A[1Gpulling manifest [K
pulling eabc98a9bcbf:  33% ▕█████             ▏ 6.6 GB/ 19 GB  119 MB/s   1m50s[K[?25h[?2026l[?2026h[?25l[A[1Gpulling manifest [K
pulling eabc98a9bcbf:  33% ▕█████             ▏ 6.6 GB/ 19 GB  119 MB/s   1m50s[K[?25h[?2026l[?2026h[?25l[A[1Gpulling manifest [K
pulling eabc98a9bcbf:  33% ▕██████            ▏ 6.6 GB/ 19 GB  119 MB/s   1m50s[K[?25h[?2026l[?2026h[?25l[A[1Gpulling manifest [K
pulling eabc98a9bcbf:  33% ▕██████            ▏ 6.6 GB/ 19 GB  119 MB/s   1m50s[K[?25h[?2026l[?2026h[?25l[A[1Gpulling manifest [K
pulling eabc98a9bcbf:  33% ▕██████            ▏ 6.6 GB/ 19 GB  119 MB/s   1m50s[K[?25h[?2026l[?2026h[?25l[A[1Gpulling manifest [K
pulling eabc98a9bcbf:  34% ▕██████            ▏ 6.7 GB/ 19 GB  119 MB/s   1m50s[K[?25h[?2026l[?2026h[?25l[A[1Gpulling manifest [K
pulling eabc98a9bcbf:  34% ▕██████            ▏ 6.7 GB/ 19 GB  119 MB/s   1m50s[K[?25h[?2026l[?2026h[?25l[A[1Gpulling manifest [K
pulling eabc98a9bcbf:  34% ▕██████            ▏ 6.7 GB/ 19 GB  119 MB/s   1m50s[K[?25h[?2026l[?2026h[?25l[A[1Gpulling manifest [K
pulling eabc98a9bcbf:  34% ▕██████            ▏ 6.7 GB/ 19 GB  119 MB/s   1m50s[K[?25h[?2026l[?2026h[?25l[A[1Gpulling manifest [K
pulling eabc98a9bcbf:  34% ▕██████            ▏ 6.7 GB/ 19 GB  119 MB/s   1m50s[K[?25h[?2026l[?2026h[?25l[A[1Gpulling manifest [K
pulling eabc98a9bcbf:  34% ▕██████            ▏ 6.7 GB/ 19 GB  119 MB/s   1m49s[K[?25h[?2026l[?2026h[?25l[A[1Gpulling manifest [K
pulling eabc98a9bcbf:  34% ▕██████            ▏ 6.7 GB/ 19 GB  119 MB/s   1m50s[K[?25h[?2026l[?2026h[?25l[A[1Gpulling manifest [K
pulling eabc98a9bcbf:  34% ▕██████            ▏ 6.7 GB/ 19 GB  119 MB/s   1m50s[K[?25h[?2026l[?2026h[?25l[A[1Gpulling manifest [K
pulling eabc98a9bcbf:  34% ▕██████            ▏ 6.7 GB/ 19 GB  119 MB/s   1m50s[K[?25h[?2026l[?2026h[?25l[A[1Gpulling manifest [K
pulling eabc98a9bcbf:  34% ▕██████            ▏ 6.8 GB/ 19 GB  119 MB/s   1m50s[K[?25h[?2026l[?2026h[?25l[A[1Gpulling manifest [K
pulling eabc98a9bcbf:  34% ▕██████            ▏ 6.8 GB/ 19 GB  119 MB/s   1m49s[K[?25h[?2026l[?2026h[?25l[A[1Gpulling manifest [K
pulling eabc98a9bcbf:  34% ▕██████            ▏ 6.8 GB/ 19 GB  119 MB/s   1m49s[K[?25h[?2026l[?2026h[?25l[A[1Gpulling manifest [K
pulling eabc98a9bcbf:  34% ▕██████            ▏ 6.8 GB/ 19 GB  119 MB/s   1m49s[K[?25h[?2026l[?2026h[?25l[A[1Gpulling manifest [K
pulling eabc98a9bcbf:  34% ▕██████            ▏ 6.8 GB/ 19 GB  119 MB/s   1m49s[K[?25h[?2026l[?2026h[?25l[A[1Gpulling manifest [K
pulling eabc98a9bcbf:  34% ▕██████            ▏ 6.8 GB/ 19 GB  119 MB/s   1m49s[K[?25h[?2026l[?2026h[?25l[A[1Gpulling manifest [K
pulling eabc98a9bcbf:  34% ▕██████            ▏ 6.8 GB/ 19 GB  119 MB/s   1m49s[K[?25h[?2026l[?2026h[?25l[A[1Gpulling manifest [K
pulling eabc98a9bcbf:  34% ▕██████            ▏ 6.8 GB/ 19 GB  119 MB/s   1m49s[K[?25h[?2026l[?2026h[?25l[A[1Gpulling manifest [K
pulling eabc98a9bcbf:  34% ▕██████            ▏ 6.8 GB/ 19 GB  118 MB/s   1m49s[K[?25h[?2026l[?2026h[?25l[A[1Gpulling manifest [K
pulling eabc98a9bcbf:  35% ▕██████            ▏ 6.9 GB/ 19 GB  118 MB/s   1m49s[K[?25h[?2026l[?2026h[?25l[A[1Gpulling manifest [K
pulling eabc98a9bcbf:  35% ▕██████            ▏ 6.9 GB/ 19 GB  118 MB/s   1m49s[K[?25h[?2026l[?2026h[?25l[A[1Gpulling manifest [K
pulling eabc98a9bcbf:  35% ▕██████            ▏ 6.9 GB/ 19 GB  118 MB/s   1m49s[K[?25h[?2026l[?2026h[?25l[A[1Gpulling manifest [K
pulling eabc98a9bcbf:  35% ▕██████            ▏ 6.9 GB/ 19 GB  118 MB/s   1m49s[K[?25h[?2026l[?2026h[?25l[A[1Gpulling manifest [K
pulling eabc98a9bcbf:  35% ▕██████            ▏ 6.9 GB/ 19 GB  118 MB/s   1m49s[K[?25h[?2026l[?2026h[?25l[A[1Gpulling manifest [K
pulling eabc98a9bcbf:  35% ▕██████            ▏ 6.9 GB/ 19 GB  118 MB/s   1m49s[K[?25h[?2026l[?2026h[?25l[A[1Gpulling manifest [K
pulling eabc98a9bcbf:  35% ▕██████            ▏ 6.9 GB/ 19 GB  118 MB/s   1m49s[K[?25h[?2026l[?2026h[?25l[A[1Gpulling manifest [K
pulling eabc98a9bcbf:  35% ▕██████            ▏ 6.9 GB/ 19 GB  118 MB/s   1m48s[K[?25h[?2026l[?2026h[?25l[A[1Gpulling manifest [K
pulling eabc98a9bcbf:  35% ▕██████            ▏ 6.9 GB/ 19 GB  118 MB/s   1m48s[K[?25h[?2026l[?2026h[?25l[A[1Gpulling manifest [K
pulling eabc98a9bcbf:  35% ▕██████            ▏ 7.0 GB/ 19 GB  118 MB/s   1m48s[K[?25h[?2026l[?2026h[?25l[A[1Gpulling manifest [K
pulling eabc98a9bcbf:  35% ▕██████            ▏ 7.0 GB/ 19 GB  118 MB/s   1m48s[K[?25h[?2026l[?2026h[?25l[A[1Gpulling manifest [K
pulling eabc98a9bcbf:  35% ▕██████            ▏ 7.0 GB/ 19 GB  118 MB/s   1m48s[K[?25h[?2026l[?2026h[?25l[A[1Gpulling manifest [K
pulling eabc98a9bcbf:  35% ▕██████            ▏ 7.0 GB/ 19 GB  118 MB/s   1m48s[K[?25h[?2026l[?2026h[?25l[A[1Gpulling manifest [K
pulling eabc98a9bcbf:  35% ▕██████            ▏ 7.0 GB/ 19 GB  118 MB/s   1m48s[K[?25h[?2026l[?2026h[?25l[A[1Gpulling manifest [K
pulling eabc98a9bcbf:  35% ▕██████            ▏ 7.0 GB/ 19 GB  118 MB/s   1m48s[K[?25h[?2026l[?2026h[?25l[A[1Gpulling manifest [K
pulling eabc98a9bcbf:  35% ▕██████            ▏ 7.0 GB/ 19 GB  118 MB/s   1m48s[K[?25h[?2026l[?2026h[?25l[A[1Gpulling manifest [K
pulling eabc98a9bcbf:  35% ▕██████            ▏ 7.0 GB/ 19 GB  118 MB/s   1m48s[K[?25h[?2026l[?2026h[?25l[A[1Gpulling manifest [K
pulling eabc98a9bcbf:  36% ▕██████            ▏ 7.1 GB/ 19 GB  118 MB/s   1m47s[K[?25h[?2026l[?2026h[?25l[A[1Gpulling manifest [K
pulling eabc98a9bcbf:  36% ▕██████            ▏ 7.1 GB/ 19 GB  118 MB/s   1m47s[K[?25h[?2026l[?2026h[?25l[A[1Gpulling manifest [K
pulling eabc98a9bcbf:  36% ▕██████            ▏ 7.1 GB/ 19 GB  118 MB/s   1m47s[K[?25h[?2026l[?2026h[?25l[A[1Gpulling manifest [K
pulling eabc98a9bcbf:  36% ▕██████            ▏ 7.1 GB/ 19 GB  118 MB/s   1m47s[K[?25h[?2026l[?2026h[?25l[A[1Gpulling manifest [K
pulling eabc98a9bcbf:  36% ▕██████            ▏ 7.1 GB/ 19 GB  118 MB/s   1m47s[K[?25h[?2026l[?2026h[?25l[A[1Gpulling manifest [K
pulling eabc98a9bcbf:  36% ▕██████            ▏ 7.1 GB/ 19 GB  118 MB/s   1m47s[K[?25h[?2026l[?2026h[?25l[A[1Gpulling manifest [K
pulling eabc98a9bcbf:  36% ▕██████            ▏ 7.1 GB/ 19 GB  118 MB/s   1m47s[K[?25h[?2026l[?2026h[?25l[A[1Gpulling manifest [K
pulling eabc98a9bcbf:  36% ▕██████            ▏ 7.1 GB/ 19 GB  118 MB/s   1m47s[K[?25h[?2026l[?2026h[?25l[A[1Gpulling manifest [K
pulling eabc98a9bcbf:  36% ▕██████            ▏ 7.1 GB/ 19 GB  118 MB/s   1m47s[K[?25h[?2026l[?2026h[?25l[A[1Gpulling manifest [K
pulling eabc98a9bcbf:  36% ▕██████            ▏ 7.2 GB/ 19 GB  118 MB/s   1m47s[K[?25h[?2026l[?2026h[?25l[A[1Gpulling manifest [K
pulling eabc98a9bcbf:  36% ▕██████            ▏ 7.2 GB/ 19 GB  118 MB/s   1m47s[K[?25h[?2026l[?2026h[?25l[A[1Gpulling manifest [K
pulling eabc98a9bcbf:  36% ▕██████            ▏ 7.2 GB/ 19 GB  118 MB/s   1m47s[K[?25h[?2026l[?2026h[?25l[A[1Gpulling manifest [K
pulling eabc98a9bcbf:  36% ▕██████            ▏ 7.2 GB/ 19 GB  118 MB/s   1m46s[K[?25h[?2026l[?2026h[?25l[A[1Gpulling manifest [K
pulling eabc98a9bcbf:  36% ▕██████            ▏ 7.2 GB/ 19 GB  118 MB/s   1m46s[K[?25h[?2026l[?2026h[?25l[A[1Gpulling manifest [K
pulling eabc98a9bcbf:  36% ▕██████            ▏ 7.2 GB/ 19 GB  118 MB/s   1m46s[K[?25h[?2026l[?2026h[?25l[A[1Gpulling manifest [K
pulling eabc98a9bcbf:  36% ▕██████            ▏ 7.2 GB/ 19 GB  118 MB/s   1m46s[K[?25h[?2026l[?2026h[?25l[A[1Gpulling manifest [K
pulling eabc98a9bcbf:  36% ▕██████            ▏ 7.2 GB/ 19 GB  118 MB/s   1m46s[K[?25h[?2026l[?2026h[?25l[A[1Gpulling manifest [K
pulling eabc98a9bcbf:  37% ▕██████            ▏ 7.2 GB/ 19 GB  118 MB/s   1m46s[K[?25h[?2026l[?2026h[?25l[A[1Gpulling manifest [K
pulling eabc98a9bcbf:  37% ▕██████            ▏ 7.3 GB/ 19 GB  118 MB/s   1m46s[K[?25h[?2026l[?2026h[?25l[A[1Gpulling manifest [K
pulling eabc98a9bcbf:  37% ▕██████            ▏ 7.3 GB/ 19 GB  118 MB/s   1m46s[K[?25h[?2026l[?2026h[?25l[A[1Gpulling manifest [K
pulling eabc98a9bcbf:  37% ▕██████            ▏ 7.3 GB/ 19 GB  118 MB/s   1m46s[K[?25h[?2026l[?2026h[?25l[A[1Gpulling manifest [K
pulling eabc98a9bcbf:  37% ▕██████            ▏ 7.3 GB/ 19 GB  118 MB/s   1m46s[K[?25h[?2026l[?2026h[?25l[A[1Gpulling manifest [K
pulling eabc98a9bcbf:  37% ▕██████            ▏ 7.3 GB/ 19 GB  118 MB/s   1m45s[K[?25h[?2026l[?2026h[?25l[A[1Gpulling manifest [K
pulling eabc98a9bcbf:  37% ▕██████            ▏ 7.3 GB/ 19 GB  118 MB/s   1m45s[K[?25h[?2026l[?2026h[?25l[A[1Gpulling manifest [K
pulling eabc98a9bcbf:  37% ▕██████            ▏ 7.3 GB/ 19 GB  118 MB/s   1m45s[K[?25h[?2026l[?2026h[?25l[A[1Gpulling manifest [K
pulling eabc98a9bcbf:  37% ▕██████            ▏ 7.3 GB/ 19 GB  118 MB/s   1m45s[K[?25h[?2026l[?2026h[?25l[A[1Gpulling manifest [K
pulling eabc98a9bcbf:  37% ▕██████            ▏ 7.4 GB/ 19 GB  118 MB/s   1m45s[K[?25h[?2026l[?2026h[?25l[A[1Gpulling manifest [K
pulling eabc98a9bcbf:  37% ▕██████            ▏ 7.4 GB/ 19 GB  118 MB/s   1m45s[K[?25h[?2026l[?2026h[?25l[A[1Gpulling manifest [K
pulling eabc98a9bcbf:  37% ▕██████            ▏ 7.4 GB/ 19 GB  118 MB/s   1m45s[K[?25h[?2026l[?2026h[?25l[A[1Gpulling manifest [K
pulling eabc98a9bcbf:  37% ▕██████            ▏ 7.4 GB/ 19 GB  118 MB/s   1m45s[K[?25h[?2026l[?2026h[?25l[A[1Gpulling manifest [K
pulling eabc98a9bcbf:  37% ▕██████            ▏ 7.4 GB/ 19 GB  118 MB/s   1m45s[K[?25h[?2026l[?2026h[?25l[A[1Gpulling manifest [K
pulling eabc98a9bcbf:  37% ▕██████            ▏ 7.4 GB/ 19 GB  118 MB/s   1m44s[K[?25h[?2026l[?2026h[?25l[A[1Gpulling manifest [K
pulling eabc98a9bcbf:  37% ▕██████            ▏ 7.4 GB/ 19 GB  118 MB/s   1m44s[K[?25h[?2026l[?2026h[?25l[A[1Gpulling manifest [K
pulling eabc98a9bcbf:  37% ▕██████            ▏ 7.4 GB/ 19 GB  118 MB/s   1m45s[K[?25h[?2026l[?2026h[?25l[A[1Gpulling manifest [K
pulling eabc98a9bcbf:  38% ▕██████            ▏ 7.4 GB/ 19 GB  118 MB/s   1m44s[K[?25h[?2026l[?2026h[?25l[A[1Gpulling manifest [K
pulling eabc98a9bcbf:  38% ▕██████            ▏ 7.5 GB/ 19 GB  118 MB/s   1m44s[K[?25h[?2026l[?2026h[?25l[A[1Gpulling manifest [K
pulling eabc98a9bcbf:  38% ▕██████            ▏ 7.5 GB/ 19 GB  118 MB/s   1m44s[K[?25h[?2026l[?2026h[?25l[A[1Gpulling manifest [K
pulling eabc98a9bcbf:  38% ▕██████            ▏ 7.5 GB/ 19 GB  118 MB/s   1m44s[K[?25h[?2026l[?2026h[?25l[A[1Gpulling manifest [K
pulling eabc98a9bcbf:  38% ▕██████            ▏ 7.5 GB/ 19 GB  118 MB/s   1m44s[K[?25h[?2026l[?2026h[?25l[A[1Gpulling manifest [K
pulling eabc98a9bcbf:  38% ▕██████            ▏ 7.5 GB/ 19 GB  118 MB/s   1m44s[K[?25h[?2026l[?2026h[?25l[A[1Gpulling manifest [K
pulling eabc98a9bcbf:  38% ▕██████            ▏ 7.5 GB/ 19 GB  118 MB/s   1m44s[K[?25h[?2026l[?2026h[?25l[A[1Gpulling manifest [K
pulling eabc98a9bcbf:  38% ▕██████            ▏ 7.5 GB/ 19 GB  118 MB/s   1m44s[K[?25h[?2026l[?2026h[?25l[A[1Gpulling manifest [K
pulling eabc98a9bcbf:  38% ▕██████            ▏ 7.5 GB/ 19 GB  118 MB/s   1m44s[K[?25h[?2026l[?2026h[?25l[A[1Gpulling manifest [K
pulling eabc98a9bcbf:  38% ▕██████            ▏ 7.6 GB/ 19 GB  117 MB/s   1m44s[K[?25h[?2026l[?2026h[?25l[A[1Gpulling manifest [K
pulling eabc98a9bcbf:  38% ▕██████            ▏ 7.6 GB/ 19 GB  117 MB/s   1m44s[K[?25h[?2026l[?2026h[?25l[A[1Gpulling manifest [K
pulling eabc98a9bcbf:  38% ▕██████            ▏ 7.6 GB/ 19 GB  117 MB/s   1m44s[K[?25h[?2026l[?2026h[?25l[A[1Gpulling manifest [K
pulling eabc98a9bcbf:  38% ▕██████            ▏ 7.6 GB/ 19 GB  117 MB/s   1m43s[K[?25h[?2026l[?2026h[?25l[A[1Gpulling manifest [K
pulling eabc98a9bcbf:  38% ▕██████            ▏ 7.6 GB/ 19 GB  117 MB/s   1m43s[K[?25h[?2026l[?2026h[?25l[A[1Gpulling manifest [K
pulling eabc98a9bcbf:  38% ▕██████            ▏ 7.6 GB/ 19 GB  117 MB/s   1m43s[K[?25h[?2026l[?2026h[?25l[A[1Gpulling manifest [K
pulling eabc98a9bcbf:  38% ▕██████            ▏ 7.6 GB/ 19 GB  117 MB/s   1m43s[K[?25h[?2026l[?2026h[?25l[A[1Gpulling manifest [K
pulling eabc98a9bcbf:  38% ▕██████            ▏ 7.6 GB/ 19 GB  117 MB/s   1m43s[K[?25h[?2026l[?2026h[?25l[A[1Gpulling manifest [K
pulling eabc98a9bcbf:  39% ▕██████            ▏ 7.6 GB/ 19 GB  117 MB/s   1m43s[K[?25h[?2026l[?2026h[?25l[A[1Gpulling manifest [K
pulling eabc98a9bcbf:  39% ▕██████            ▏ 7.7 GB/ 19 GB  117 MB/s   1m43s[K[?25h[?2026l[?2026h[?25l[A[1Gpulling manifest [K
pulling eabc98a9bcbf:  39% ▕██████            ▏ 7.7 GB/ 19 GB  117 MB/s   1m43s[K[?25h[?2026l[?2026h[?25l[A[1Gpulling manifest [K
pulling eabc98a9bcbf:  39% ▕██████            ▏ 7.7 GB/ 19 GB  117 MB/s   1m43s[K[?25h[?2026l[?2026h[?25l[A[1Gpulling manifest [K
pulling eabc98a9bcbf:  39% ▕██████            ▏ 7.7 GB/ 19 GB  117 MB/s   1m43s[K[?25h[?2026l[?2026h[?25l[A[1Gpulling manifest [K
pulling eabc98a9bcbf:  39% ▕██████            ▏ 7.7 GB/ 19 GB  117 MB/s   1m43s[K[?25h[?2026l[?2026h[?25l[A[1Gpulling manifest [K
pulling eabc98a9bcbf:  39% ▕██████            ▏ 7.7 GB/ 19 GB  117 MB/s   1m42s[K[?25h[?2026l[?2026h[?25l[A[1Gpulling manifest [K
pulling eabc98a9bcbf:  39% ▕███████           ▏ 7.7 GB/ 19 GB  117 MB/s   1m42s[K[?25h[?2026l[?2026h[?25l[A[1Gpulling manifest [K
pulling eabc98a9bcbf:  39% ▕███████           ▏ 7.7 GB/ 19 GB  117 MB/s   1m42s[K[?25h[?2026l[?2026h[?25l[A[1Gpulling manifest [K
pulling eabc98a9bcbf:  39% ▕███████           ▏ 7.7 GB/ 19 GB  117 MB/s   1m42s[K[?25h[?2026l[?2026h[?25l[A[1Gpulling manifest [K
pulling eabc98a9bcbf:  39% ▕███████           ▏ 7.8 GB/ 19 GB  117 MB/s   1m42s[K[?25h[?2026l[?2026h[?25l[A[1Gpulling manifest [K
pulling eabc98a9bcbf:  39% ▕███████           ▏ 7.8 GB/ 19 GB  117 MB/s   1m42s[K[?25h[?2026l[?2026h[?25l[A[1Gpulling manifest [K
pulling eabc98a9bcbf:  39% ▕███████           ▏ 7.8 GB/ 19 GB  117 MB/s   1m42s[K[?25h[?2026l[?2026h[?25l[A[1Gpulling manifest [K
pulling eabc98a9bcbf:  39% ▕███████           ▏ 7.8 GB/ 19 GB  117 MB/s   1m42s[K[?25h[?2026l[?2026h[?25l[A[1Gpulling manifest [K
pulling eabc98a9bcbf:  39% ▕███████           ▏ 7.8 GB/ 19 GB  117 MB/s   1m42s[K[?25h[?2026l[?2026h[?25l[A[1Gpulling manifest [K
pulling eabc98a9bcbf:  39% ▕███████           ▏ 7.8 GB/ 19 GB  117 MB/s   1m42s[K[?25h[?2026l[?2026h[?25l[A[1Gpulling manifest [K
pulling eabc98a9bcbf:  39% ▕███████           ▏ 7.8 GB/ 19 GB  117 MB/s   1m42s[K[?25h[?2026l[?2026h[?25l[A[1Gpulling manifest [K
pulling eabc98a9bcbf:  39% ▕███████           ▏ 7.8 GB/ 19 GB  117 MB/s   1m41s[K[?25h[?2026l[?2026h[?25l[A[1Gpulling manifest [K
pulling eabc98a9bcbf:  40% ▕███████           ▏ 7.8 GB/ 19 GB  117 MB/s   1m41s[K[?25h[?2026l[?2026h[?25l[A[1Gpulling manifest [K
pulling eabc98a9bcbf:  40% ▕███████           ▏ 7.9 GB/ 19 GB  117 MB/s   1m41s[K[?25h[?2026l[?2026h[?25l[A[1Gpulling manifest [K
pulling eabc98a9bcbf:  40% ▕███████           ▏ 7.9 GB/ 19 GB  117 MB/s   1m41s[K[?25h[?2026l[?2026h[?25l[A[1Gpulling manifest [K
pulling eabc98a9bcbf:  40% ▕███████           ▏ 7.9 GB/ 19 GB  117 MB/s   1m41s[K[?25h[?2026l[?2026h[?25l[A[1Gpulling manifest [K
pulling eabc98a9bcbf:  40% ▕███████           ▏ 7.9 GB/ 19 GB  117 MB/s   1m42s[K[?25h[?2026l[?2026h[?25l[A[1Gpulling manifest [K
pulling eabc98a9bcbf:  40% ▕███████           ▏ 7.9 GB/ 19 GB  117 MB/s   1m41s[K[?25h[?2026l[?2026h[?25l[A[1Gpulling manifest [K
pulling eabc98a9bcbf:  40% ▕███████           ▏ 7.9 GB/ 19 GB  117 MB/s   1m41s[K[?25h[?2026l[?2026h[?25l[A[1Gpulling manifest [K
pulling eabc98a9bcbf:  40% ▕███████           ▏ 7.9 GB/ 19 GB  117 MB/s   1m41s[K[?25h[?2026l[?2026h[?25l[A[1Gpulling manifest [K
pulling eabc98a9bcbf:  40% ▕███████           ▏ 7.9 GB/ 19 GB  117 MB/s   1m41s[K[?25h[?2026l[?2026h[?25l[A[1Gpulling manifest [K
pulling eabc98a9bcbf:  40% ▕███████           ▏ 7.9 GB/ 19 GB  117 MB/s   1m41s[K[?25h[?2026l[?2026h[?25l[A[1Gpulling manifest [K
pulling eabc98a9bcbf:  40% ▕███████           ▏ 8.0 GB/ 19 GB  117 MB/s   1m41s[K[?25h[?2026l[?2026h[?25l[A[1Gpulling manifest [K
pulling eabc98a9bcbf:  40% ▕███████           ▏ 8.0 GB/ 19 GB  117 MB/s   1m41s[K[?25h[?2026l[?2026h[?25l[A[1Gpulling manifest [K
pulling eabc98a9bcbf:  40% ▕███████           ▏ 8.0 GB/ 19 GB  117 MB/s   1m41s[K[?25h[?2026l[?2026h[?25l[A[1Gpulling manifest [K
pulling eabc98a9bcbf:  40% ▕███████           ▏ 8.0 GB/ 19 GB  117 MB/s   1m41s[K[?25h[?2026l[?2026h[?25l[A[1Gpulling manifest [K
pulling eabc98a9bcbf:  40% ▕███████           ▏ 8.0 GB/ 19 GB  117 MB/s   1m41s[K[?25h[?2026l[?2026h[?25l[A[1Gpulling manifest [K
pulling eabc98a9bcbf:  40% ▕███████           ▏ 8.0 GB/ 19 GB  116 MB/s   1m41s[K[?25h[?2026l[?2026h[?25l[A[1Gpulling manifest [K
pulling eabc98a9bcbf:  40% ▕███████           ▏ 8.0 GB/ 19 GB  116 MB/s   1m41s[K[?25h[?2026l[?2026h[?25l[A[1Gpulling manifest [K
pulling eabc98a9bcbf:  40% ▕███████           ▏ 8.0 GB/ 19 GB  116 MB/s   1m41s[K[?25h[?2026l[?2026h[?25l[A[1Gpulling manifest [K
pulling eabc98a9bcbf:  41% ▕███████           ▏ 8.0 GB/ 19 GB  116 MB/s   1m41s[K[?25h[?2026l[?2026h[?25l[A[1Gpulling manifest [K
pulling eabc98a9bcbf:  41% ▕███████           ▏ 8.1 GB/ 19 GB  116 MB/s   1m40s[K[?25h[?2026l[?2026h[?25l[A[1Gpulling manifest [K
pulling eabc98a9bcbf:  41% ▕███████           ▏ 8.1 GB/ 19 GB  116 MB/s   1m40s[K[?25h[?2026l[?2026h[?25l[A[1Gpulling manifest [K
pulling eabc98a9bcbf:  41% ▕███████           ▏ 8.1 GB/ 19 GB  116 MB/s   1m40s[K[?25h[?2026l[?2026h[?25l[A[1Gpulling manifest [K
pulling eabc98a9bcbf:  41% ▕███████           ▏ 8.1 GB/ 19 GB  116 MB/s   1m40s[K[?25h[?2026l[?2026h[?25l[A[1Gpulling manifest [K
pulling eabc98a9bcbf:  41% ▕███████           ▏ 8.1 GB/ 19 GB  116 MB/s   1m40s[K[?25h[?2026l[?2026h[?25l[A[1Gpulling manifest [K
pulling eabc98a9bcbf:  41% ▕███████           ▏ 8.1 GB/ 19 GB  116 MB/s   1m40s[K[?25h[?2026l[?2026h[?25l[A[1Gpulling manifest [K
pulling eabc98a9bcbf:  41% ▕███████           ▏ 8.1 GB/ 19 GB  116 MB/s   1m40s[K[?25h[?2026l[?2026h[?25l[A[1Gpulling manifest [K
pulling eabc98a9bcbf:  41% ▕███████           ▏ 8.1 GB/ 19 GB  116 MB/s   1m40s[K[?25h[?2026l[?2026h[?25l[A[1Gpulling manifest [K
pulling eabc98a9bcbf:  41% ▕███████           ▏ 8.1 GB/ 19 GB  116 MB/s   1m40s[K[?25h[?2026l[?2026h[?25l[A[1Gpulling manifest [K
pulling eabc98a9bcbf:  41% ▕███████           ▏ 8.2 GB/ 19 GB  116 MB/s   1m40s[K[?25h[?2026l[?2026h[?25l[A[1Gpulling manifest [K
pulling eabc98a9bcbf:  41% ▕███████           ▏ 8.2 GB/ 19 GB  116 MB/s   1m40s[K[?25h[?2026l[?2026h[?25l[A[1Gpulling manifest [K
pulling eabc98a9bcbf:  41% ▕███████           ▏ 8.2 GB/ 19 GB  116 MB/s   1m40s[K[?25h[?2026l[?2026h[?25l[A[1Gpulling manifest [K
pulling eabc98a9bcbf:  41% ▕███████           ▏ 8.2 GB/ 19 GB  116 MB/s   1m39s[K[?25h[?2026l[?2026h[?25l[A[1Gpulling manifest [K
pulling eabc98a9bcbf:  41% ▕███████           ▏ 8.2 GB/ 19 GB  116 MB/s   1m39s[K[?25h[?2026l[?2026h[?25l[A[1Gpulling manifest [K
pulling eabc98a9bcbf:  41% ▕███████           ▏ 8.2 GB/ 19 GB  116 MB/s   1m39s[K[?25h[?2026l[?2026h[?25l[A[1Gpulling manifest [K
pulling eabc98a9bcbf:  41% ▕███████           ▏ 8.2 GB/ 19 GB  116 MB/s   1m39s[K[?25h[?2026l[?2026h[?25l[A[1Gpulling manifest [K
pulling eabc98a9bcbf:  42% ▕███████           ▏ 8.2 GB/ 19 GB  116 MB/s   1m39s[K[?25h[?2026l[?2026h[?25l[A[1Gpulling manifest [K
pulling eabc98a9bcbf:  42% ▕███████           ▏ 8.3 GB/ 19 GB  116 MB/s   1m39s[K[?25h[?2026l[?2026h[?25l[A[1Gpulling manifest [K
pulling eabc98a9bcbf:  42% ▕███████           ▏ 8.3 GB/ 19 GB  116 MB/s   1m39s[K[?25h[?2026l[?2026h[?25l[A[1Gpulling manifest [K
pulling eabc98a9bcbf:  42% ▕███████           ▏ 8.3 GB/ 19 GB  116 MB/s   1m39s[K[?25h[?2026l[?2026h[?25l[A[1Gpulling manifest [K
pulling eabc98a9bcbf:  42% ▕███████           ▏ 8.3 GB/ 19 GB  116 MB/s   1m39s[K[?25h[?2026l[?2026h[?25l[A[1Gpulling manifest [K
pulling eabc98a9bcbf:  42% ▕███████           ▏ 8.3 GB/ 19 GB  116 MB/s   1m39s[K[?25h[?2026l[?2026h[?25l[A[1Gpulling manifest [K
pulling eabc98a9bcbf:  42% ▕███████           ▏ 8.3 GB/ 19 GB  116 MB/s   1m39s[K[?25h[?2026l[?2026h[?25l[A[1Gpulling manifest [K
pulling eabc98a9bcbf:  42% ▕███████           ▏ 8.3 GB/ 19 GB  116 MB/s   1m38s[K[?25h[?2026l[?2026h[?25l[A[1Gpulling manifest [K
pulling eabc98a9bcbf:  42% ▕███████           ▏ 8.3 GB/ 19 GB  116 MB/s   1m38s[K[?25h[?2026l[?2026h[?25l[A[1Gpulling manifest [K
pulling eabc98a9bcbf:  42% ▕███████           ▏ 8.3 GB/ 19 GB  116 MB/s   1m38s[K[?25h[?2026l[?2026h[?25l[A[1Gpulling manifest [K
pulling eabc98a9bcbf:  42% ▕███████           ▏ 8.4 GB/ 19 GB  116 MB/s   1m38s[K[?25h[?2026l[?2026h[?25l[A[1Gpulling manifest [K
pulling eabc98a9bcbf:  42% ▕███████           ▏ 8.4 GB/ 19 GB  116 MB/s   1m38s[K[?25h[?2026l[?2026h[?25l[A[1Gpulling manifest [K
pulling eabc98a9bcbf:  42% ▕███████           ▏ 8.4 GB/ 19 GB  116 MB/s   1m38s[K[?25h[?2026l[?2026h[?25l[A[1Gpulling manifest [K
pulling eabc98a9bcbf:  42% ▕███████           ▏ 8.4 GB/ 19 GB  116 MB/s   1m38s[K[?25h[?2026l[?2026h[?25l[A[1Gpulling manifest [K
pulling eabc98a9bcbf:  42% ▕███████           ▏ 8.4 GB/ 19 GB  116 MB/s   1m38s[K[?25h[?2026l[?2026h[?25l[A[1Gpulling manifest [K
pulling eabc98a9bcbf:  42% ▕███████           ▏ 8.4 GB/ 19 GB  116 MB/s   1m38s[K[?25h[?2026l[?2026h[?25l[A[1Gpulling manifest [K
pulling eabc98a9bcbf:  42% ▕███████           ▏ 8.4 GB/ 19 GB  116 MB/s   1m38s[K[?25h[?2026l[?2026h[?25l[A[1Gpulling manifest [K
pulling eabc98a9bcbf:  43% ▕███████           ▏ 8.4 GB/ 19 GB  116 MB/s   1m37s[K[?25h[?2026l[?2026h[?25l[A[1Gpulling manifest [K
pulling eabc98a9bcbf:  43% ▕███████           ▏ 8.5 GB/ 19 GB  116 MB/s   1m37s[K[?25h[?2026l[?2026h[?25l[A[1Gpulling manifest [K
pulling eabc98a9bcbf:  43% ▕███████           ▏ 8.5 GB/ 19 GB  116 MB/s   1m37s[K[?25h[?2026l[?2026h[?25l[A[1Gpulling manifest [K
pulling eabc98a9bcbf:  43% ▕███████           ▏ 8.5 GB/ 19 GB  116 MB/s   1m37s[K[?25h[?2026l[?2026h[?25l[A[1Gpulling manifest [K
pulling eabc98a9bcbf:  43% ▕███████           ▏ 8.5 GB/ 19 GB  116 MB/s   1m37s[K[?25h[?2026l[?2026h[?25l[A[1Gpulling manifest [K
pulling eabc98a9bcbf:  43% ▕███████           ▏ 8.5 GB/ 19 GB  116 MB/s   1m37s[K[?25h[?2026l[?2026h[?25l[A[1Gpulling manifest [K
pulling eabc98a9bcbf:  43% ▕███████           ▏ 8.5 GB/ 19 GB  116 MB/s   1m37s[K[?25h[?2026l[?2026h[?25l[A[1Gpulling manifest [K
pulling eabc98a9bcbf:  43% ▕███████           ▏ 8.5 GB/ 19 GB  116 MB/s   1m37s[K[?25h[?2026l[?2026h[?25l[A[1Gpulling manifest [K
pulling eabc98a9bcbf:  43% ▕███████           ▏ 8.5 GB/ 19 GB  116 MB/s   1m36s[K[?25h[?2026l[?2026h[?25l[A[1Gpulling manifest [K
pulling eabc98a9bcbf:  43% ▕███████           ▏ 8.5 GB/ 19 GB  116 MB/s   1m36s[K[?25h[?2026l[?2026h[?25l[A[1Gpulling manifest [K
pulling eabc98a9bcbf:  43% ▕███████           ▏ 8.6 GB/ 19 GB  116 MB/s   1m36s[K[?25h[?2026l[?2026h[?25l[A[1Gpulling manifest [K
pulling eabc98a9bcbf:  43% ▕███████           ▏ 8.6 GB/ 19 GB  116 MB/s   1m36s[K[?25h[?2026l[?2026h[?25l[A[1Gpulling manifest [K
pulling eabc98a9bcbf:  43% ▕███████           ▏ 8.6 GB/ 19 GB  116 MB/s   1m36s[K[?25h[?2026l[?2026h[?25l[A[1Gpulling manifest [K
pulling eabc98a9bcbf:  43% ▕███████           ▏ 8.6 GB/ 19 GB  116 MB/s   1m36s[K[?25h[?2026l[?2026h[?25l[A[1Gpulling manifest [K
pulling eabc98a9bcbf:  43% ▕███████           ▏ 8.6 GB/ 19 GB  116 MB/s   1m36s[K[?25h[?2026l[?2026h[?25l[A[1Gpulling manifest [K
pulling eabc98a9bcbf:  43% ▕███████           ▏ 8.6 GB/ 19 GB  116 MB/s   1m36s[K[?25h[?2026l[?2026h[?25l[A[1Gpulling manifest [K
pulling eabc98a9bcbf:  43% ▕███████           ▏ 8.6 GB/ 19 GB  116 MB/s   1m35s[K[?25h[?2026l[?2026h[?25l[A[1Gpulling manifest [K
pulling eabc98a9bcbf:  44% ▕███████           ▏ 8.6 GB/ 19 GB  116 MB/s   1m35s[K[?25h[?2026l[?2026h[?25l[A[1Gpulling manifest [K
pulling eabc98a9bcbf:  44% ▕███████           ▏ 8.7 GB/ 19 GB  116 MB/s   1m35s[K[?25h[?2026l[?2026h[?25l[A[1Gpulling manifest [K
pulling eabc98a9bcbf:  44% ▕███████           ▏ 8.7 GB/ 19 GB  116 MB/s   1m35s[K[?25h[?2026l[?2026h[?25l[A[1Gpulling manifest [K
pulling eabc98a9bcbf:  44% ▕███████           ▏ 8.7 GB/ 19 GB  116 MB/s   1m35s[K[?25h[?2026l[?2026h[?25l[A[1Gpulling manifest [K
pulling eabc98a9bcbf:  44% ▕███████           ▏ 8.7 GB/ 19 GB  116 MB/s   1m35s[K[?25h[?2026l[?2026h[?25l[A[1Gpulling manifest [K
pulling eabc98a9bcbf:  44% ▕███████           ▏ 8.7 GB/ 19 GB  116 MB/s   1m35s[K[?25h[?2026l[?2026h[?25l[A[1Gpulling manifest [K
pulling eabc98a9bcbf:  44% ▕███████           ▏ 8.7 GB/ 19 GB  116 MB/s   1m35s[K[?25h[?2026l[?2026h[?25l[A[1Gpulling manifest [K
pulling eabc98a9bcbf:  44% ▕███████           ▏ 8.7 GB/ 19 GB  116 MB/s   1m35s[K[?25h[?2026l[?2026h[?25l[A[1Gpulling manifest [K
pulling eabc98a9bcbf:  44% ▕███████           ▏ 8.7 GB/ 19 GB  116 MB/s   1m35s[K[?25h[?2026l[?2026h[?25l[A[1Gpulling manifest [K
pulling eabc98a9bcbf:  44% ▕███████           ▏ 8.7 GB/ 19 GB  116 MB/s   1m34s[K[?25h[?2026l[?2026h[?25l[A[1Gpulling manifest [K
pulling eabc98a9bcbf:  44% ▕███████           ▏ 8.8 GB/ 19 GB  116 MB/s   1m34s[K[?25h[?2026l[?2026h[?25l[A[1Gpulling manifest [K
pulling eabc98a9bcbf:  44% ▕███████           ▏ 8.8 GB/ 19 GB  116 MB/s   1m34s[K[?25h[?2026l[?2026h[?25l[A[1Gpulling manifest [K
pulling eabc98a9bcbf:  44% ▕███████           ▏ 8.8 GB/ 19 GB  116 MB/s   1m34s[K[?25h[?2026l[?2026h[?25l[A[1Gpulling manifest [K
pulling eabc98a9bcbf:  44% ▕███████           ▏ 8.8 GB/ 19 GB  116 MB/s   1m34s[K[?25h[?2026l[?2026h[?25l[A[1Gpulling manifest [K
pulling eabc98a9bcbf:  44% ▕███████           ▏ 8.8 GB/ 19 GB  116 MB/s   1m34s[K[?25h[?2026l[?2026h[?25l[A[1Gpulling manifest [K
pulling eabc98a9bcbf:  44% ▕███████           ▏ 8.8 GB/ 19 GB  116 MB/s   1m34s[K[?25h[?2026l[?2026h[?25l[A[1Gpulling manifest [K
pulling eabc98a9bcbf:  44% ▕████████          ▏ 8.8 GB/ 19 GB  116 MB/s   1m34s[K[?25h[?2026l[?2026h[?25l[A[1Gpulling manifest [K
pulling eabc98a9bcbf:  45% ▕████████          ▏ 8.8 GB/ 19 GB  117 MB/s   1m34s[K[?25h[?2026l[?2026h[?25l[A[1Gpulling manifest [K
pulling eabc98a9bcbf:  45% ▕████████          ▏ 8.8 GB/ 19 GB  117 MB/s   1m33s[K[?25h[?2026l[?2026h[?25l[A[1Gpulling manifest [K
pulling eabc98a9bcbf:  45% ▕████████          ▏ 8.9 GB/ 19 GB  117 MB/s   1m33s[K[?25h[?2026l[?2026h[?25l[A[1Gpulling manifest [K
pulling eabc98a9bcbf:  45% ▕████████          ▏ 8.9 GB/ 19 GB  117 MB/s   1m33s[K[?25h[?2026l[?2026h[?25l[A[1Gpulling manifest [K
pulling eabc98a9bcbf:  45% ▕████████          ▏ 8.9 GB/ 19 GB  117 MB/s   1m33s[K[?25h[?2026l[?2026h[?25l[A[1Gpulling manifest [K
pulling eabc98a9bcbf:  45% ▕████████          ▏ 8.9 GB/ 19 GB  117 MB/s   1m33s[K[?25h[?2026l[?2026h[?25l[A[1Gpulling manifest [K
pulling eabc98a9bcbf:  45% ▕████████          ▏ 8.9 GB/ 19 GB  117 MB/s   1m33s[K[?25h[?2026l[?2026h[?25l[A[1Gpulling manifest [K
pulling eabc98a9bcbf:  45% ▕████████          ▏ 8.9 GB/ 19 GB  117 MB/s   1m33s[K[?25h[?2026l[?2026h[?25l[A[1Gpulling manifest [K
pulling eabc98a9bcbf:  45% ▕████████          ▏ 8.9 GB/ 19 GB  117 MB/s   1m33s[K[?25h[?2026l[?2026h[?25l[A[1Gpulling manifest [K
pulling eabc98a9bcbf:  45% ▕████████          ▏ 8.9 GB/ 19 GB  117 MB/s   1m33s[K[?25h[?2026l[?2026h[?25l[A[1Gpulling manifest [K
pulling eabc98a9bcbf:  45% ▕████████          ▏ 9.0 GB/ 19 GB  118 MB/s   1m32s[K[?25h[?2026l[?2026h[?25l[A[1Gpulling manifest [K
pulling eabc98a9bcbf:  45% ▕████████          ▏ 9.0 GB/ 19 GB  118 MB/s   1m32s[K[?25h[?2026l[?2026h[?25l[A[1Gpulling manifest [K
pulling eabc98a9bcbf:  45% ▕████████          ▏ 9.0 GB/ 19 GB  118 MB/s   1m31s[K[?25h[?2026l[?2026h[?25l[A[1Gpulling manifest [K
pulling eabc98a9bcbf:  45% ▕████████          ▏ 9.0 GB/ 19 GB  118 MB/s   1m31s[K[?25h[?2026l[?2026h[?25l[A[1Gpulling manifest [K
pulling eabc98a9bcbf:  45% ▕████████          ▏ 9.0 GB/ 19 GB  118 MB/s   1m31s[K[?25h[?2026l[?2026h[?25l[A[1Gpulling manifest [K
pulling eabc98a9bcbf:  45% ▕████████          ▏ 9.0 GB/ 19 GB  118 MB/s   1m31s[K[?25h[?2026l[?2026h[?25l[A[1Gpulling manifest [K
pulling eabc98a9bcbf:  45% ▕████████          ▏ 9.0 GB/ 19 GB  118 MB/s   1m31s[K[?25h[?2026l[?2026h[?25l[A[1Gpulling manifest [K
pulling eabc98a9bcbf:  46% ▕████████          ▏ 9.0 GB/ 19 GB  118 MB/s   1m31s[K[?25h[?2026l[?2026h[?25l[A[1Gpulling manifest [K
pulling eabc98a9bcbf:  46% ▕████████          ▏ 9.0 GB/ 19 GB  118 MB/s   1m31s[K[?25h[?2026l[?2026h[?25l[A[1Gpulling manifest [K
pulling eabc98a9bcbf:  46% ▕████████          ▏ 9.1 GB/ 19 GB  118 MB/s   1m31s[K[?25h[?2026l[?2026h[?25l[A[1Gpulling manifest [K
pulling eabc98a9bcbf:  46% ▕████████          ▏ 9.1 GB/ 19 GB  118 MB/s   1m30s[K[?25h[?2026l[?2026h[?25l[A[1Gpulling manifest [K
pulling eabc98a9bcbf:  46% ▕████████          ▏ 9.1 GB/ 19 GB  118 MB/s   1m30s[K[?25h[?2026l[?2026h[?25l[A[1Gpulling manifest [K
pulling eabc98a9bcbf:  46% ▕████████          ▏ 9.1 GB/ 19 GB  118 MB/s   1m30s[K[?25h[?2026l[?2026h[?25l[A[1Gpulling manifest [K
pulling eabc98a9bcbf:  46% ▕████████          ▏ 9.1 GB/ 19 GB  118 MB/s   1m30s[K[?25h[?2026l[?2026h[?25l[A[1Gpulling manifest [K
pulling eabc98a9bcbf:  46% ▕████████          ▏ 9.1 GB/ 19 GB  118 MB/s   1m30s[K[?25h[?2026l[?2026h[?25l[A[1Gpulling manifest [K
pulling eabc98a9bcbf:  46% ▕████████          ▏ 9.1 GB/ 19 GB  118 MB/s   1m30s[K[?25h[?2026l[?2026h[?25l[A[1Gpulling manifest [K
pulling eabc98a9bcbf:  46% ▕████████          ▏ 9.1 GB/ 19 GB  118 MB/s   1m30s[K[?25h[?2026l[?2026h[?25l[A[1Gpulling manifest [K
pulling eabc98a9bcbf:  46% ▕████████          ▏ 9.1 GB/ 19 GB  118 MB/s   1m30s[K[?25h[?2026l[?2026h[?25l[A[1Gpulling manifest [K
pulling eabc98a9bcbf:  46% ▕████████          ▏ 9.2 GB/ 19 GB  118 MB/s   1m30s[K[?25h[?2026l[?2026h[?25l[A[1Gpulling manifest [K
pulling eabc98a9bcbf:  46% ▕████████          ▏ 9.2 GB/ 19 GB  118 MB/s   1m30s[K[?25h[?2026l[?2026h[?25l[A[1Gpulling manifest [K
pulling eabc98a9bcbf:  46% ▕████████          ▏ 9.2 GB/ 19 GB  118 MB/s   1m29s[K[?25h[?2026l[?2026h[?25l[A[1Gpulling manifest [K
pulling eabc98a9bcbf:  46% ▕████████          ▏ 9.2 GB/ 19 GB  118 MB/s   1m29s[K[?25h[?2026l[?2026h[?25l[A[1Gpulling manifest [K
pulling eabc98a9bcbf:  46% ▕████████          ▏ 9.2 GB/ 19 GB  118 MB/s   1m29s[K[?25h[?2026l[?2026h[?25l[A[1Gpulling manifest [K
pulling eabc98a9bcbf:  46% ▕████████          ▏ 9.2 GB/ 19 GB  118 MB/s   1m29s[K[?25h[?2026l[?2026h[?25l[A[1Gpulling manifest [K
pulling eabc98a9bcbf:  47% ▕████████          ▏ 9.2 GB/ 19 GB  118 MB/s   1m29s[K[?25h[?2026l[?2026h[?25l[A[1Gpulling manifest [K
pulling eabc98a9bcbf:  47% ▕████████          ▏ 9.2 GB/ 19 GB  118 MB/s   1m29s[K[?25h[?2026l[?2026h[?25l[A[1Gpulling manifest [K
pulling eabc98a9bcbf:  47% ▕████████          ▏ 9.3 GB/ 19 GB  118 MB/s   1m29s[K[?25h[?2026l[?2026h[?25l[A[1Gpulling manifest [K
pulling eabc98a9bcbf:  47% ▕████████          ▏ 9.3 GB/ 19 GB  118 MB/s   1m29s[K[?25h[?2026l[?2026h[?25l[A[1Gpulling manifest [K
pulling eabc98a9bcbf:  47% ▕████████          ▏ 9.3 GB/ 19 GB  118 MB/s   1m28s[K[?25h[?2026l[?2026h[?25l[A[1Gpulling manifest [K
pulling eabc98a9bcbf:  47% ▕████████          ▏ 9.3 GB/ 19 GB  118 MB/s   1m28s[K[?25h[?2026l[?2026h[?25l[A[1Gpulling manifest [K
pulling eabc98a9bcbf:  47% ▕████████          ▏ 9.3 GB/ 19 GB  118 MB/s   1m28s[K[?25h[?2026l[?2026h[?25l[A[1Gpulling manifest [K
pulling eabc98a9bcbf:  47% ▕████████          ▏ 9.3 GB/ 19 GB  118 MB/s   1m28s[K[?25h[?2026l[?2026h[?25l[A[1Gpulling manifest [K
pulling eabc98a9bcbf:  47% ▕████████          ▏ 9.3 GB/ 19 GB  118 MB/s   1m28s[K[?25h[?2026l[?2026h[?25l[A[1Gpulling manifest [K
pulling eabc98a9bcbf:  47% ▕████████          ▏ 9.3 GB/ 19 GB  118 MB/s   1m28s[K[?25h[?2026l[?2026h[?25l[A[1Gpulling manifest [K
pulling eabc98a9bcbf:  47% ▕████████          ▏ 9.4 GB/ 19 GB  118 MB/s   1m28s[K[?25h[?2026l[?2026h[?25l[A[1Gpulling manifest [K
pulling eabc98a9bcbf:  47% ▕████████          ▏ 9.4 GB/ 19 GB  118 MB/s   1m28s[K[?25h[?2026l[?2026h[?25l[A[1Gpulling manifest [K
pulling eabc98a9bcbf:  47% ▕████████          ▏ 9.4 GB/ 19 GB  118 MB/s   1m28s[K[?25h[?2026l[?2026h[?25l[A[1Gpulling manifest [K
pulling eabc98a9bcbf:  47% ▕████████          ▏ 9.4 GB/ 19 GB  118 MB/s   1m28s[K[?25h[?2026l[?2026h[?25l[A[1Gpulling manifest [K
pulling eabc98a9bcbf:  47% ▕████████          ▏ 9.4 GB/ 19 GB  118 MB/s   1m28s[K[?25h[?2026l[?2026h[?25l[A[1Gpulling manifest [K
pulling eabc98a9bcbf:  47% ▕████████          ▏ 9.4 GB/ 19 GB  118 MB/s   1m27s[K[?25h[?2026l[?2026h[?25l[A[1Gpulling manifest [K
pulling eabc98a9bcbf:  47% ▕████████          ▏ 9.4 GB/ 19 GB  118 MB/s   1m27s[K[?25h[?2026l[?2026h[?25l[A[1Gpulling manifest [K
pulling eabc98a9bcbf:  47% ▕████████          ▏ 9.4 GB/ 19 GB  118 MB/s   1m27s[K[?25h[?2026l[?2026h[?25l[A[1Gpulling manifest [K
pulling eabc98a9bcbf:  48% ▕████████          ▏ 9.4 GB/ 19 GB  118 MB/s   1m27s[K[?25h[?2026l[?2026h[?25l[A[1Gpulling manifest [K
pulling eabc98a9bcbf:  48% ▕████████          ▏ 9.5 GB/ 19 GB  118 MB/s   1m27s[K[?25h[?2026l[?2026h[?25l[A[1Gpulling manifest [K
pulling eabc98a9bcbf:  48% ▕████████          ▏ 9.5 GB/ 19 GB  118 MB/s   1m27s[K[?25h[?2026l[?2026h[?25l[A[1Gpulling manifest [K
pulling eabc98a9bcbf:  48% ▕████████          ▏ 9.5 GB/ 19 GB  118 MB/s   1m27s[K[?25h[?2026l[?2026h[?25l[A[1Gpulling manifest [K
pulling eabc98a9bcbf:  48% ▕████████          ▏ 9.5 GB/ 19 GB  118 MB/s   1m27s[K[?25h[?2026l[?2026h[?25l[A[1Gpulling manifest [K
pulling eabc98a9bcbf:  48% ▕████████          ▏ 9.5 GB/ 19 GB  118 MB/s   1m27s[K[?25h[?2026l[?2026h[?25l[A[1Gpulling manifest [K
pulling eabc98a9bcbf:  48% ▕████████          ▏ 9.5 GB/ 19 GB  118 MB/s   1m27s[K[?25h[?2026l[?2026h[?25l[A[1Gpulling manifest [K
pulling eabc98a9bcbf:  48% ▕████████          ▏ 9.5 GB/ 19 GB  118 MB/s   1m27s[K[?25h[?2026l[?2026h[?25l[A[1Gpulling manifest [K
pulling eabc98a9bcbf:  48% ▕████████          ▏ 9.5 GB/ 19 GB  118 MB/s   1m26s[K[?25h[?2026l[?2026h[?25l[A[1Gpulling manifest [K
pulling eabc98a9bcbf:  48% ▕████████          ▏ 9.5 GB/ 19 GB  118 MB/s   1m27s[K[?25h[?2026l[?2026h[?25l[A[1Gpulling manifest [K
pulling eabc98a9bcbf:  48% ▕████████          ▏ 9.6 GB/ 19 GB  118 MB/s   1m26s[K[?25h[?2026l[?2026h[?25l[A[1Gpulling manifest [K
pulling eabc98a9bcbf:  48% ▕████████          ▏ 9.6 GB/ 19 GB  118 MB/s   1m26s[K[?25h[?2026l[?2026h[?25l[A[1Gpulling manifest [K
pulling eabc98a9bcbf:  48% ▕████████          ▏ 9.6 GB/ 19 GB  118 MB/s   1m26s[K[?25h[?2026l[?2026h[?25l[A[1Gpulling manifest [K
pulling eabc98a9bcbf:  48% ▕████████          ▏ 9.6 GB/ 19 GB  118 MB/s   1m26s[K[?25h[?2026l[?2026h[?25l[A[1Gpulling manifest [K
pulling eabc98a9bcbf:  48% ▕████████          ▏ 9.6 GB/ 19 GB  118 MB/s   1m26s[K[?25h[?2026l[?2026h[?25l[A[1Gpulling manifest [K
pulling eabc98a9bcbf:  48% ▕████████          ▏ 9.6 GB/ 19 GB  118 MB/s   1m26s[K[?25h[?2026l[?2026h[?25l[A[1Gpulling manifest [K
pulling eabc98a9bcbf:  48% ▕████████          ▏ 9.6 GB/ 19 GB  118 MB/s   1m26s[K[?25h[?2026l[?2026h[?25l[A[1Gpulling manifest [K
pulling eabc98a9bcbf:  49% ▕████████          ▏ 9.6 GB/ 19 GB  118 MB/s   1m26s[K[?25h[?2026l[?2026h[?25l[A[1Gpulling manifest [K
pulling eabc98a9bcbf:  49% ▕████████          ▏ 9.6 GB/ 19 GB  118 MB/s   1m26s[K[?25h[?2026l[?2026h[?25l[A[1Gpulling manifest [K
pulling eabc98a9bcbf:  49% ▕████████          ▏ 9.7 GB/ 19 GB  117 MB/s   1m26s[K[?25h[?2026l[?2026h[?25l[A[1Gpulling manifest [K
pulling eabc98a9bcbf:  49% ▕████████          ▏ 9.7 GB/ 19 GB  117 MB/s   1m26s[K[?25h[?2026l[?2026h[?25l[A[1Gpulling manifest [K
pulling eabc98a9bcbf:  49% ▕████████          ▏ 9.7 GB/ 19 GB  117 MB/s   1m26s[K[?25h[?2026l[?2026h[?25l[A[1Gpulling manifest [K
pulling eabc98a9bcbf:  49% ▕████████          ▏ 9.7 GB/ 19 GB  117 MB/s   1m26s[K[?25h[?2026l[?2026h[?25l[A[1Gpulling manifest [K
pulling eabc98a9bcbf:  49% ▕████████          ▏ 9.7 GB/ 19 GB  117 MB/s   1m26s[K[?25h[?2026l[?2026h[?25l[A[1Gpulling manifest [K
pulling eabc98a9bcbf:  49% ▕████████          ▏ 9.7 GB/ 19 GB  117 MB/s   1m26s[K[?25h[?2026l[?2026h[?25l[A[1Gpulling manifest [K
pulling eabc98a9bcbf:  49% ▕████████          ▏ 9.7 GB/ 19 GB  117 MB/s   1m26s[K[?25h[?2026l[?2026h[?25l[A[1Gpulling manifest [K
pulling eabc98a9bcbf:  49% ▕████████          ▏ 9.7 GB/ 19 GB  117 MB/s   1m26s[K[?25h[?2026l[?2026h[?25l[A[1Gpulling manifest [K
pulling eabc98a9bcbf:  49% ▕████████          ▏ 9.7 GB/ 19 GB  117 MB/s   1m25s[K[?25h[?2026l[?2026h[?25l[A[1Gpulling manifest [K
pulling eabc98a9bcbf:  49% ▕████████          ▏ 9.8 GB/ 19 GB  117 MB/s   1m25s[K[?25h[?2026l[?2026h[?25l[A[1Gpulling manifest [K
pulling eabc98a9bcbf:  49% ▕████████          ▏ 9.8 GB/ 19 GB  117 MB/s   1m25s[K[?25h[?2026l[?2026h[?25l[A[1Gpulling manifest [K
pulling eabc98a9bcbf:  49% ▕████████          ▏ 9.8 GB/ 19 GB  117 MB/s   1m25s[K[?25h[?2026l[?2026h[?25l[A[1Gpulling manifest [K
pulling eabc98a9bcbf:  49% ▕████████          ▏ 9.8 GB/ 19 GB  117 MB/s   1m25s[K[?25h[?2026l[?2026h[?25l[A[1Gpulling manifest [K
pulling eabc98a9bcbf:  49% ▕████████          ▏ 9.8 GB/ 19 GB  117 MB/s   1m25s[K[?25h[?2026l[?2026h[?25l[A[1Gpulling manifest [K
pulling eabc98a9bcbf:  49% ▕████████          ▏ 9.8 GB/ 19 GB  117 MB/s   1m25s[K[?25h[?2026l[?2026h[?25l[A[1Gpulling manifest [K
pulling eabc98a9bcbf:  50% ▕████████          ▏ 9.8 GB/ 19 GB  117 MB/s   1m25s[K[?25h[?2026l[?2026h[?25l[A[1Gpulling manifest [K
pulling eabc98a9bcbf:  50% ▕████████          ▏ 9.8 GB/ 19 GB  117 MB/s   1m25s[K[?25h[?2026l[?2026h[?25l[A[1Gpulling manifest [K
pulling eabc98a9bcbf:  50% ▕████████          ▏ 9.9 GB/ 19 GB  117 MB/s   1m25s[K[?25h[?2026l[?2026h[?25l[A[1Gpulling manifest [K
pulling eabc98a9bcbf:  50% ▕████████          ▏ 9.9 GB/ 19 GB  117 MB/s   1m24s[K[?25h[?2026l[?2026h[?25l[A[1Gpulling manifest [K
pulling eabc98a9bcbf:  50% ▕████████          ▏ 9.9 GB/ 19 GB  117 MB/s   1m24s[K[?25h[?2026l[?2026h[?25l[A[1Gpulling manifest [K
pulling eabc98a9bcbf:  50% ▕████████          ▏ 9.9 GB/ 19 GB  117 MB/s   1m24s[K[?25h[?2026l[?2026h[?25l[A[1Gpulling manifest [K
pulling eabc98a9bcbf:  50% ▕████████          ▏ 9.9 GB/ 19 GB  117 MB/s   1m24s[K[?25h[?2026l[?2026h[?25l[A[1Gpulling manifest [K
pulling eabc98a9bcbf:  50% ▕████████          ▏ 9.9 GB/ 19 GB  117 MB/s   1m24s[K[?25h[?2026l[?2026h[?25l[A[1Gpulling manifest [K
pulling eabc98a9bcbf:  50% ▕████████          ▏ 9.9 GB/ 19 GB  117 MB/s   1m24s[K[?25h[?2026l[?2026h[?25l[A[1Gpulling manifest [K
pulling eabc98a9bcbf:  50% ▕█████████         ▏ 9.9 GB/ 19 GB  117 MB/s   1m24s[K[?25h[?2026l[?2026h[?25l[A[1Gpulling manifest [K
pulling eabc98a9bcbf:  50% ▕█████████         ▏ 9.9 GB/ 19 GB  117 MB/s   1m24s[K[?25h[?2026l[?2026h[?25l[A[1Gpulling manifest [K
pulling eabc98a9bcbf:  50% ▕████████         ▏ 10.0 GB/ 19 GB  117 MB/s   1m23s[K[?25h[?2026l[?2026h[?25l[A[1Gpulling manifest [K
pulling eabc98a9bcbf:  50% ▕████████         ▏ 10.0 GB/ 19 GB  117 MB/s   1m23s[K[?25h[?2026l[?2026h[?25l[A[1Gpulling manifest [K
pulling eabc98a9bcbf:  50% ▕████████         ▏ 10.0 GB/ 19 GB  117 MB/s   1m23s[K[?25h[?2026l[?2026h[?25l[A[1Gpulling manifest [K
pulling eabc98a9bcbf:  50% ▕████████         ▏ 10.0 GB/ 19 GB  117 MB/s   1m23s[K[?25h[?2026l[?2026h[?25l[A[1Gpulling manifest [K
pulling eabc98a9bcbf:  50% ▕█████████         ▏  10 GB/ 19 GB  117 MB/s   1m23s[K[?25h[?2026l[?2026h[?25l[A[1Gpulling manifest [K
pulling eabc98a9bcbf:  50% ▕█████████         ▏  10 GB/ 19 GB  117 MB/s   1m23s[K[?25h[?2026l[?2026h[?25l[A[1Gpulling manifest [K
pulling eabc98a9bcbf:  51% ▕█████████         ▏  10 GB/ 19 GB  117 MB/s   1m23s[K[?25h[?2026l[?2026h[?25l[A[1Gpulling manifest [K
pulling eabc98a9bcbf:  51% ▕█████████         ▏  10 GB/ 19 GB  117 MB/s   1m23s[K[?25h[?2026l[?2026h[?25l[A[1Gpulling manifest [K
pulling eabc98a9bcbf:  51% ▕█████████         ▏  10 GB/ 19 GB  117 MB/s   1m23s[K[?25h[?2026l[?2026h[?25l[A[1Gpulling manifest [K
pulling eabc98a9bcbf:  51% ▕█████████         ▏  10 GB/ 19 GB  117 MB/s   1m22s[K[?25h[?2026l[?2026h[?25l[A[1Gpulling manifest [K
pulling eabc98a9bcbf:  51% ▕█████████         ▏  10 GB/ 19 GB  117 MB/s   1m22s[K[?25h[?2026l[?2026h[?25l[A[1Gpulling manifest [K
pulling eabc98a9bcbf:  51% ▕█████████         ▏  10 GB/ 19 GB  117 MB/s   1m22s[K[?25h[?2026l[?2026h[?25l[A[1Gpulling manifest [K
pulling eabc98a9bcbf:  51% ▕█████████         ▏  10 GB/ 19 GB  117 MB/s   1m22s[K[?25h[?2026l[?2026h[?25l[A[1Gpulling manifest [K
pulling eabc98a9bcbf:  51% ▕█████████         ▏  10 GB/ 19 GB  117 MB/s   1m22s[K[?25h[?2026l[?2026h[?25l[A[1Gpulling manifest [K
pulling eabc98a9bcbf:  51% ▕█████████         ▏  10 GB/ 19 GB  117 MB/s   1m22s[K[?25h[?2026l[?2026h[?25l[A[1Gpulling manifest [K
pulling eabc98a9bcbf:  51% ▕█████████         ▏  10 GB/ 19 GB  118 MB/s   1m22s[K[?25h[?2026l[?2026h[?25l[A[1Gpulling manifest [K
pulling eabc98a9bcbf:  51% ▕█████████         ▏  10 GB/ 19 GB  118 MB/s   1m22s[K[?25h[?2026l[?2026h[?25l[A[1Gpulling manifest [K
pulling eabc98a9bcbf:  51% ▕█████████         ▏  10 GB/ 19 GB  118 MB/s   1m22s[K[?25h[?2026l[?2026h[?25l[A[1Gpulling manifest [K
pulling eabc98a9bcbf:  51% ▕█████████         ▏  10 GB/ 19 GB  118 MB/s   1m22s[K[?25h[?2026l[?2026h[?25l[A[1Gpulling manifest [K
pulling eabc98a9bcbf:  51% ▕█████████         ▏  10 GB/ 19 GB  118 MB/s   1m21s[K[?25h[?2026l[?2026h[?25l[A[1Gpulling manifest [K
pulling eabc98a9bcbf:  51% ▕█████████         ▏  10 GB/ 19 GB  118 MB/s   1m21s[K[?25h[?2026l[?2026h[?25l[A[1Gpulling manifest [K
pulling eabc98a9bcbf:  51% ▕█████████         ▏  10 GB/ 19 GB  118 MB/s   1m21s[K[?25h[?2026l[?2026h[?25l[A[1Gpulling manifest [K
pulling eabc98a9bcbf:  51% ▕█████████         ▏  10 GB/ 19 GB  118 MB/s   1m21s[K[?25h[?2026l[?2026h[?25l[A[1Gpulling manifest [K
pulling eabc98a9bcbf:  52% ▕█████████         ▏  10 GB/ 19 GB  118 MB/s   1m21s[K[?25h[?2026l[?2026h[?25l[A[1Gpulling manifest [K
pulling eabc98a9bcbf:  52% ▕█████████         ▏  10 GB/ 19 GB  118 MB/s   1m21s[K[?25h[?2026l[?2026h[?25l[A[1Gpulling manifest [K
pulling eabc98a9bcbf:  52% ▕█████████         ▏  10 GB/ 19 GB  118 MB/s   1m21s[K[?25h[?2026l[?2026h[?25l[A[1Gpulling manifest [K
pulling eabc98a9bcbf:  52% ▕█████████         ▏  10 GB/ 19 GB  118 MB/s   1m21s[K[?25h[?2026l[?2026h[?25l[A[1Gpulling manifest [K
pulling eabc98a9bcbf:  52% ▕█████████         ▏  10 GB/ 19 GB  118 MB/s   1m21s[K[?25h[?2026l[?2026h[?25l[A[1Gpulling manifest [K
pulling eabc98a9bcbf:  52% ▕█████████         ▏  10 GB/ 19 GB  118 MB/s   1m20s[K[?25h[?2026l[?2026h[?25l[A[1Gpulling manifest [K
pulling eabc98a9bcbf:  52% ▕█████████         ▏  10 GB/ 19 GB  118 MB/s   1m20s[K[?25h[?2026l[?2026h[?25l[A[1Gpulling manifest [K
pulling eabc98a9bcbf:  52% ▕█████████         ▏  10 GB/ 19 GB  118 MB/s   1m20s[K[?25h[?2026l[?2026h[?25l[A[1Gpulling manifest [K
pulling eabc98a9bcbf:  52% ▕█████████         ▏  10 GB/ 19 GB  118 MB/s   1m20s[K[?25h[?2026l[?2026h[?25l[A[1Gpulling manifest [K
pulling eabc98a9bcbf:  52% ▕█████████         ▏  10 GB/ 19 GB  118 MB/s   1m20s[K[?25h[?2026l[?2026h[?25l[A[1Gpulling manifest [K
pulling eabc98a9bcbf:  52% ▕█████████         ▏  10 GB/ 19 GB  118 MB/s   1m20s[K[?25h[?2026l[?2026h[?25l[A[1Gpulling manifest [K
pulling eabc98a9bcbf:  52% ▕█████████         ▏  10 GB/ 19 GB  118 MB/s   1m20s[K[?25h[?2026l[?2026h[?25l[A[1Gpulling manifest [K
pulling eabc98a9bcbf:  52% ▕█████████         ▏  10 GB/ 19 GB  118 MB/s   1m20s[K[?25h[?2026l[?2026h[?25l[A[1Gpulling manifest [K
pulling eabc98a9bcbf:  52% ▕█████████         ▏  10 GB/ 19 GB  118 MB/s   1m20s[K[?25h[?2026l[?2026h[?25l[A[1Gpulling manifest [K
pulling eabc98a9bcbf:  52% ▕█████████         ▏  10 GB/ 19 GB  118 MB/s   1m19s[K[?25h[?2026l[?2026h[?25l[A[1Gpulling manifest [K
pulling eabc98a9bcbf:  52% ▕█████████         ▏  10 GB/ 19 GB  118 MB/s   1m19s[K[?25h[?2026l[?2026h[?25l[A[1Gpulling manifest [K
pulling eabc98a9bcbf:  52% ▕█████████         ▏  10 GB/ 19 GB  118 MB/s   1m19s[K[?25h[?2026l[?2026h[?25l[A[1Gpulling manifest [K
pulling eabc98a9bcbf:  53% ▕█████████         ▏  10 GB/ 19 GB  118 MB/s   1m19s[K[?25h[?2026l[?2026h[?25l[A[1Gpulling manifest [K
pulling eabc98a9bcbf:  53% ▕█████████         ▏  10 GB/ 19 GB  118 MB/s   1m19s[K[?25h[?2026l[?2026h[?25l[A[1Gpulling manifest [K
pulling eabc98a9bcbf:  53% ▕█████████         ▏  10 GB/ 19 GB  118 MB/s   1m19s[K[?25h[?2026l[?2026h[?25l[A[1Gpulling manifest [K
pulling eabc98a9bcbf:  53% ▕█████████         ▏  10 GB/ 19 GB  118 MB/s   1m19s[K[?25h[?2026l[?2026h[?25l[A[1Gpulling manifest [K
pulling eabc98a9bcbf:  53% ▕█████████         ▏  10 GB/ 19 GB  118 MB/s   1m19s[K[?25h[?2026l[?2026h[?25l[A[1Gpulling manifest [K
pulling eabc98a9bcbf:  53% ▕█████████         ▏  10 GB/ 19 GB  118 MB/s   1m19s[K[?25h[?2026l[?2026h[?25l[A[1Gpulling manifest [K
pulling eabc98a9bcbf:  53% ▕█████████         ▏  10 GB/ 19 GB  118 MB/s   1m18s[K[?25h[?2026l[?2026h[?25l[A[1Gpulling manifest [K
pulling eabc98a9bcbf:  53% ▕█████████         ▏  10 GB/ 19 GB  118 MB/s   1m18s[K[?25h[?2026l[?2026h[?25l[A[1Gpulling manifest [K
pulling eabc98a9bcbf:  53% ▕█████████         ▏  10 GB/ 19 GB  118 MB/s   1m18s[K[?25h[?2026l[?2026h[?25l[A[1Gpulling manifest [K
pulling eabc98a9bcbf:  53% ▕█████████         ▏  10 GB/ 19 GB  118 MB/s   1m18s[K[?25h[?2026l[?2026h[?25l[A[1Gpulling manifest [K
pulling eabc98a9bcbf:  53% ▕█████████         ▏  10 GB/ 19 GB  118 MB/s   1m18s[K[?25h[?2026l[?2026h[?25l[A[1Gpulling manifest [K
pulling eabc98a9bcbf:  53% ▕█████████         ▏  10 GB/ 19 GB  118 MB/s   1m18s[K[?25h[?2026l[?2026h[?25l[A[1Gpulling manifest [K
pulling eabc98a9bcbf:  53% ▕█████████         ▏  10 GB/ 19 GB  118 MB/s   1m18s[K[?25h[?2026l[?2026h[?25l[A[1Gpulling manifest [K
pulling eabc98a9bcbf:  53% ▕█████████         ▏  10 GB/ 19 GB  118 MB/s   1m18s[K[?25h[?2026l[?2026h[?25l[A[1Gpulling manifest [K
pulling eabc98a9bcbf:  53% ▕█████████         ▏  10 GB/ 19 GB  118 MB/s   1m18s[K[?25h[?2026l[?2026h[?25l[A[1Gpulling manifest [K
pulling eabc98a9bcbf:  53% ▕█████████         ▏  10 GB/ 19 GB  118 MB/s   1m18s[K[?25h[?2026l[?2026h[?25l[A[1Gpulling manifest [K
pulling eabc98a9bcbf:  53% ▕█████████         ▏  10 GB/ 19 GB  118 MB/s   1m17s[K[?25h[?2026l[?2026h[?25l[A[1Gpulling manifest [K
pulling eabc98a9bcbf:  54% ▕█████████         ▏  10 GB/ 19 GB  118 MB/s   1m17s[K[?25h[?2026l[?2026h[?25l[A[1Gpulling manifest [K
pulling eabc98a9bcbf:  54% ▕█████████         ▏  10 GB/ 19 GB  118 MB/s   1m17s[K[?25h[?2026l[?2026h[?25l[A[1Gpulling manifest [K
pulling eabc98a9bcbf:  54% ▕█████████         ▏  10 GB/ 19 GB  118 MB/s   1m17s[K[?25h[?2026l[?2026h[?25l[A[1Gpulling manifest [K
pulling eabc98a9bcbf:  54% ▕█████████         ▏  10 GB/ 19 GB  118 MB/s   1m17s[K[?25h[?2026l[?2026h[?25l[A[1Gpulling manifest [K
pulling eabc98a9bcbf:  54% ▕█████████         ▏  10 GB/ 19 GB  118 MB/s   1m17s[K[?25h[?2026l[?2026h[?25l[A[1Gpulling manifest [K
pulling eabc98a9bcbf:  54% ▕█████████         ▏  10 GB/ 19 GB  118 MB/s   1m17s[K[?25h[?2026l[?2026h[?25l[A[1Gpulling manifest [K
pulling eabc98a9bcbf:  54% ▕█████████         ▏  10 GB/ 19 GB  118 MB/s   1m17s[K[?25h[?2026l[?2026h[?25l[A[1Gpulling manifest [K
pulling eabc98a9bcbf:  54% ▕█████████         ▏  10 GB/ 19 GB  118 MB/s   1m17s[K[?25h[?2026l[?2026h[?25l[A[1Gpulling manifest [K
pulling eabc98a9bcbf:  54% ▕█████████         ▏  10 GB/ 19 GB  118 MB/s   1m16s[K[?25h[?2026l[?2026h[?25l[A[1Gpulling manifest [K
pulling eabc98a9bcbf:  54% ▕█████████         ▏  10 GB/ 19 GB  119 MB/s   1m16s[K[?25h[?2026l[?2026h[?25l[A[1Gpulling manifest [K
pulling eabc98a9bcbf:  54% ▕█████████         ▏  10 GB/ 19 GB  119 MB/s   1m16s[K[?25h[?2026l[?2026h[?25l[A[1Gpulling manifest [K
pulling eabc98a9bcbf:  54% ▕█████████         ▏  10 GB/ 19 GB  119 MB/s   1m16s[K[?25h[?2026l[?2026h[?25l[A[1Gpulling manifest [K
pulling eabc98a9bcbf:  54% ▕█████████         ▏  10 GB/ 19 GB  119 MB/s   1m16s[K[?25h[?2026l[?2026h[?25l[A[1Gpulling manifest [K
pulling eabc98a9bcbf:  54% ▕█████████         ▏  10 GB/ 19 GB  119 MB/s   1m15s[K[?25h[?2026l[?2026h[?25l[A[1Gpulling manifest [K
pulling eabc98a9bcbf:  54% ▕█████████         ▏  10 GB/ 19 GB  119 MB/s   1m15s[K[?25h[?2026l[?2026h[?25l[A[1Gpulling manifest [K
pulling eabc98a9bcbf:  54% ▕█████████         ▏  10 GB/ 19 GB  119 MB/s   1m15s[K[?25h[?2026l[?2026h[?25l[A[1Gpulling manifest [K
pulling eabc98a9bcbf:  54% ▕█████████         ▏  10 GB/ 19 GB  119 MB/s   1m15s[K[?25h[?2026l[?2026h[?25l[A[1Gpulling manifest [K
pulling eabc98a9bcbf:  55% ▕█████████         ▏  10 GB/ 19 GB  119 MB/s   1m15s[K[?25h[?2026l[?2026h[?25l[A[1Gpulling manifest [K
pulling eabc98a9bcbf:  55% ▕█████████         ▏  10 GB/ 19 GB  119 MB/s   1m15s[K[?25h[?2026l[?2026h[?25l[A[1Gpulling manifest [K
pulling eabc98a9bcbf:  55% ▕█████████         ▏  10 GB/ 19 GB  119 MB/s   1m15s[K[?25h[?2026l[?2026h[?25l[A[1Gpulling manifest [K
pulling eabc98a9bcbf:  55% ▕█████████         ▏  10 GB/ 19 GB  119 MB/s   1m15s[K[?25h[?2026l[?2026h[?25l[A[1Gpulling manifest [K
pulling eabc98a9bcbf:  55% ▕█████████         ▏  10 GB/ 19 GB  119 MB/s   1m15s[K[?25h[?2026l[?2026h[?25l[A[1Gpulling manifest [K
pulling eabc98a9bcbf:  55% ▕█████████         ▏  10 GB/ 19 GB  119 MB/s   1m14s[K[?25h[?2026l[?2026h[?25l[A[1Gpulling manifest [K
pulling eabc98a9bcbf:  55% ▕█████████         ▏  10 GB/ 19 GB  119 MB/s   1m14s[K[?25h[?2026l[?2026h[?25l[A[1Gpulling manifest [K
pulling eabc98a9bcbf:  55% ▕█████████         ▏  10 GB/ 19 GB  119 MB/s   1m14s[K[?25h[?2026l[?2026h[?25l[A[1Gpulling manifest [K
pulling eabc98a9bcbf:  55% ▕█████████         ▏  10 GB/ 19 GB  119 MB/s   1m14s[K[?25h[?2026l[?2026h[?25l[A[1Gpulling manifest [K
pulling eabc98a9bcbf:  55% ▕█████████         ▏  10 GB/ 19 GB  119 MB/s   1m14s[K[?25h[?2026l[?2026h[?25l[A[1Gpulling manifest [K
pulling eabc98a9bcbf:  55% ▕█████████         ▏  10 GB/ 19 GB  119 MB/s   1m14s[K[?25h[?2026l[?2026h[?25l[A[1Gpulling manifest [K
pulling eabc98a9bcbf:  55% ▕█████████         ▏  10 GB/ 19 GB  119 MB/s   1m14s[K[?25h[?2026l[?2026h[?25l[A[1Gpulling manifest [K
pulling eabc98a9bcbf:  55% ▕█████████         ▏  10 GB/ 19 GB  119 MB/s   1m14s[K[?25h[?2026l[?2026h[?25l[A[1Gpulling manifest [K
pulling eabc98a9bcbf:  55% ▕█████████         ▏  10 GB/ 19 GB  119 MB/s   1m14s[K[?25h[?2026l[?2026h[?25l[A[1Gpulling manifest [K
pulling eabc98a9bcbf:  55% ▕█████████         ▏  10 GB/ 19 GB  119 MB/s   1m14s[K[?25h[?2026l[?2026h[?25l[A[1Gpulling manifest [K
pulling eabc98a9bcbf:  55% ▕█████████         ▏  10 GB/ 19 GB  119 MB/s   1m14s[K[?25h[?2026l[?2026h[?25l[A[1Gpulling manifest [K
pulling eabc98a9bcbf:  55% ▕█████████         ▏  11 GB/ 19 GB  119 MB/s   1m13s[K[?25h[?2026l[?2026h[?25l[A[1Gpulling manifest [K
pulling eabc98a9bcbf:  56% ▕█████████         ▏  11 GB/ 19 GB  119 MB/s   1m13s[K[?25h[?2026l[?2026h[?25l[A[1Gpulling manifest [K
pulling eabc98a9bcbf:  56% ▕██████████        ▏  11 GB/ 19 GB  119 MB/s   1m13s[K[?25h[?2026l[?2026h[?25l[A[1Gpulling manifest [K
pulling eabc98a9bcbf:  56% ▕██████████        ▏  11 GB/ 19 GB  119 MB/s   1m13s[K[?25h[?2026l[?2026h[?25l[A[1Gpulling manifest [K
pulling eabc98a9bcbf:  56% ▕██████████        ▏  11 GB/ 19 GB  119 MB/s   1m13s[K[?25h[?2026l[?2026h[?25l[A[1Gpulling manifest [K
pulling eabc98a9bcbf:  56% ▕██████████        ▏  11 GB/ 19 GB  119 MB/s   1m13s[K[?25h[?2026l[?2026h[?25l[A[1Gpulling manifest [K
pulling eabc98a9bcbf:  56% ▕██████████        ▏  11 GB/ 19 GB  119 MB/s   1m13s[K[?25h[?2026l[?2026h[?25l[A[1Gpulling manifest [K
pulling eabc98a9bcbf:  56% ▕██████████        ▏  11 GB/ 19 GB  119 MB/s   1m13s[K[?25h[?2026l[?2026h[?25l[A[1Gpulling manifest [K
pulling eabc98a9bcbf:  56% ▕██████████        ▏  11 GB/ 19 GB  119 MB/s   1m13s[K[?25h[?2026l[?2026h[?25l[A[1Gpulling manifest [K
pulling eabc98a9bcbf:  56% ▕██████████        ▏  11 GB/ 19 GB  119 MB/s   1m13s[K[?25h[?2026l[?2026h[?25l[A[1Gpulling manifest [K
pulling eabc98a9bcbf:  56% ▕██████████        ▏  11 GB/ 19 GB  119 MB/s   1m13s[K[?25h[?2026l[?2026h[?25l[A[1Gpulling manifest [K
pulling eabc98a9bcbf:  56% ▕██████████        ▏  11 GB/ 19 GB  119 MB/s   1m13s[K[?25h[?2026l[?2026h[?25l[A[1Gpulling manifest [K
pulling eabc98a9bcbf:  56% ▕██████████        ▏  11 GB/ 19 GB  119 MB/s   1m12s[K[?25h[?2026l[?2026h[?25l[A[1Gpulling manifest [K
pulling eabc98a9bcbf:  56% ▕██████████        ▏  11 GB/ 19 GB  119 MB/s   1m12s[K[?25h[?2026l[?2026h[?25l[A[1Gpulling manifest [K
pulling eabc98a9bcbf:  56% ▕██████████        ▏  11 GB/ 19 GB  119 MB/s   1m12s[K[?25h[?2026l[?2026h[?25l[A[1Gpulling manifest [K
pulling eabc98a9bcbf:  56% ▕██████████        ▏  11 GB/ 19 GB  119 MB/s   1m12s[K[?25h[?2026l[?2026h[?25l[A[1Gpulling manifest [K
pulling eabc98a9bcbf:  56% ▕██████████        ▏  11 GB/ 19 GB  119 MB/s   1m12s[K[?25h[?2026l[?2026h[?25l[A[1Gpulling manifest [K
pulling eabc98a9bcbf:  56% ▕██████████        ▏  11 GB/ 19 GB  119 MB/s   1m12s[K[?25h[?2026l[?2026h[?25l[A[1Gpulling manifest [K
pulling eabc98a9bcbf:  57% ▕██████████        ▏  11 GB/ 19 GB  119 MB/s   1m12s[K[?25h[?2026l[?2026h[?25l[A[1Gpulling manifest [K
pulling eabc98a9bcbf:  57% ▕██████████        ▏  11 GB/ 19 GB  119 MB/s   1m12s[K[?25h[?2026l[?2026h[?25l[A[1Gpulling manifest [K
pulling eabc98a9bcbf:  57% ▕██████████        ▏  11 GB/ 19 GB  119 MB/s   1m12s[K[?25h[?2026l[?2026h[?25l[A[1Gpulling manifest [K
pulling eabc98a9bcbf:  57% ▕██████████        ▏  11 GB/ 19 GB  119 MB/s   1m12s[K[?25h[?2026l[?2026h[?25l[A[1Gpulling manifest [K
pulling eabc98a9bcbf:  57% ▕██████████        ▏  11 GB/ 19 GB  119 MB/s   1m12s[K[?25h[?2026l[?2026h[?25l[A[1Gpulling manifest [K
pulling eabc98a9bcbf:  57% ▕██████████        ▏  11 GB/ 19 GB  119 MB/s   1m11s[K[?25h[?2026l[?2026h[?25l[A[1Gpulling manifest [K
pulling eabc98a9bcbf:  57% ▕██████████        ▏  11 GB/ 19 GB  119 MB/s   1m11s[K[?25h[?2026l[?2026h[?25l[A[1Gpulling manifest [K
pulling eabc98a9bcbf:  57% ▕██████████        ▏  11 GB/ 19 GB  119 MB/s   1m11s[K[?25h[?2026l[?2026h[?25l[A[1Gpulling manifest [K
pulling eabc98a9bcbf:  57% ▕██████████        ▏  11 GB/ 19 GB  119 MB/s   1m11s[K[?25h[?2026l[?2026h[?25l[A[1Gpulling manifest [K
pulling eabc98a9bcbf:  57% ▕██████████        ▏  11 GB/ 19 GB  119 MB/s   1m11s[K[?25h[?2026l[?2026h[?25l[A[1Gpulling manifest [K
pulling eabc98a9bcbf:  57% ▕██████████        ▏  11 GB/ 19 GB  119 MB/s   1m11s[K[?25h[?2026l[?2026h[?25l[A[1Gpulling manifest [K
pulling eabc98a9bcbf:  57% ▕██████████        ▏  11 GB/ 19 GB  119 MB/s   1m11s[K[?25h[?2026l[?2026h[?25l[A[1Gpulling manifest [K
pulling eabc98a9bcbf:  57% ▕██████████        ▏  11 GB/ 19 GB  119 MB/s   1m11s[K[?25h[?2026l[?2026h[?25l[A[1Gpulling manifest [K
pulling eabc98a9bcbf:  57% ▕██████████        ▏  11 GB/ 19 GB  119 MB/s   1m11s[K[?25h[?2026l[?2026h[?25l[A[1Gpulling manifest [K
pulling eabc98a9bcbf:  57% ▕██████████        ▏  11 GB/ 19 GB  119 MB/s   1m11s[K[?25h[?2026l[?2026h[?25l[A[1Gpulling manifest [K
pulling eabc98a9bcbf:  57% ▕██████████        ▏  11 GB/ 19 GB  119 MB/s   1m10s[K[?25h[?2026l[?2026h[?25l[A[1Gpulling manifest [K
pulling eabc98a9bcbf:  57% ▕██████████        ▏  11 GB/ 19 GB  119 MB/s   1m10s[K[?25h[?2026l[?2026h[?25l[A[1Gpulling manifest [K
pulling eabc98a9bcbf:  58% ▕██████████        ▏  11 GB/ 19 GB  119 MB/s   1m10s[K[?25h[?2026l[?2026h[?25l[A[1Gpulling manifest [K
pulling eabc98a9bcbf:  58% ▕██████████        ▏  11 GB/ 19 GB  119 MB/s   1m10s[K[?25h[?2026l[?2026h[?25l[A[1Gpulling manifest [K
pulling eabc98a9bcbf:  58% ▕██████████        ▏  11 GB/ 19 GB  119 MB/s   1m10s[K[?25h[?2026l[?2026h[?25l[A[1Gpulling manifest [K
pulling eabc98a9bcbf:  58% ▕██████████        ▏  11 GB/ 19 GB  119 MB/s   1m10s[K[?25h[?2026l[?2026h[?25l[A[1Gpulling manifest [K
pulling eabc98a9bcbf:  58% ▕██████████        ▏  11 GB/ 19 GB  119 MB/s   1m10s[K[?25h[?2026l[?2026h[?25l[A[1Gpulling manifest [K
pulling eabc98a9bcbf:  58% ▕██████████        ▏  11 GB/ 19 GB  119 MB/s   1m10s[K[?25h[?2026l[?2026h[?25l[A[1Gpulling manifest [K
pulling eabc98a9bcbf:  58% ▕██████████        ▏  11 GB/ 19 GB  119 MB/s   1m10s[K[?25h[?2026l[?2026h[?25l[A[1Gpulling manifest [K
pulling eabc98a9bcbf:  58% ▕██████████        ▏  11 GB/ 19 GB  119 MB/s   1m10s[K[?25h[?2026l[?2026h[?25l[A[1Gpulling manifest [K
pulling eabc98a9bcbf:  58% ▕██████████        ▏  11 GB/ 19 GB  119 MB/s    1m9s[K[?25h[?2026l[?2026h[?25l[A[1Gpulling manifest [K
pulling eabc98a9bcbf:  58% ▕██████████        ▏  11 GB/ 19 GB  119 MB/s    1m9s[K[?25h[?2026l[?2026h[?25l[A[1Gpulling manifest [K
pulling eabc98a9bcbf:  58% ▕██████████        ▏  11 GB/ 19 GB  119 MB/s    1m9s[K[?25h[?2026l[?2026h[?25l[A[1Gpulling manifest [K
pulling eabc98a9bcbf:  58% ▕██████████        ▏  11 GB/ 19 GB  119 MB/s    1m9s[K[?25h[?2026l[?2026h[?25l[A[1Gpulling manifest [K
pulling eabc98a9bcbf:  58% ▕██████████        ▏  11 GB/ 19 GB  119 MB/s    1m9s[K[?25h[?2026l[?2026h[?25l[A[1Gpulling manifest [K
pulling eabc98a9bcbf:  58% ▕██████████        ▏  11 GB/ 19 GB  119 MB/s    1m9s[K[?25h[?2026l[?2026h[?25l[A[1Gpulling manifest [K
pulling eabc98a9bcbf:  58% ▕██████████        ▏  11 GB/ 19 GB  119 MB/s    1m9s[K[?25h[?2026l[?2026h[?25l[A[1Gpulling manifest [K
pulling eabc98a9bcbf:  58% ▕██████████        ▏  11 GB/ 19 GB  119 MB/s    1m9s[K[?25h[?2026l[?2026h[?25l[A[1Gpulling manifest [K
pulling eabc98a9bcbf:  58% ▕██████████        ▏  11 GB/ 19 GB  119 MB/s    1m9s[K[?25h[?2026l[?2026h[?25l[A[1Gpulling manifest [K
pulling eabc98a9bcbf:  59% ▕██████████        ▏  11 GB/ 19 GB  119 MB/s    1m9s[K[?25h[?2026l[?2026h[?25l[A[1Gpulling manifest [K
pulling eabc98a9bcbf:  59% ▕██████████        ▏  11 GB/ 19 GB  119 MB/s    1m9s[K[?25h[?2026l[?2026h[?25l[A[1Gpulling manifest [K
pulling eabc98a9bcbf:  59% ▕██████████        ▏  11 GB/ 19 GB  119 MB/s    1m8s[K[?25h[?2026l[?2026h[?25l[A[1Gpulling manifest [K
pulling eabc98a9bcbf:  59% ▕██████████        ▏  11 GB/ 19 GB  119 MB/s    1m8s[K[?25h[?2026l[?2026h[?25l[A[1Gpulling manifest [K
pulling eabc98a9bcbf:  59% ▕██████████        ▏  11 GB/ 19 GB  119 MB/s    1m8s[K[?25h[?2026l[?2026h[?25l[A[1Gpulling manifest [K
pulling eabc98a9bcbf:  59% ▕██████████        ▏  11 GB/ 19 GB  119 MB/s    1m8s[K[?25h[?2026l[?2026h[?25l[A[1Gpulling manifest [K
pulling eabc98a9bcbf:  59% ▕██████████        ▏  11 GB/ 19 GB  119 MB/s    1m8s[K[?25h[?2026l[?2026h[?25l[A[1Gpulling manifest [K
pulling eabc98a9bcbf:  59% ▕██████████        ▏  11 GB/ 19 GB  119 MB/s    1m8s[K[?25h[?2026l[?2026h[?25l[A[1Gpulling manifest [K
pulling eabc98a9bcbf:  59% ▕██████████        ▏  11 GB/ 19 GB  119 MB/s    1m8s[K[?25h[?2026l[?2026h[?25l[A[1Gpulling manifest [K
pulling eabc98a9bcbf:  59% ▕██████████        ▏  11 GB/ 19 GB  119 MB/s    1m8s[K[?25h[?2026l[?2026h[?25l[A[1Gpulling manifest [K
pulling eabc98a9bcbf:  59% ▕██████████        ▏  11 GB/ 19 GB  119 MB/s    1m8s[K[?25h[?2026l[?2026h[?25l[A[1Gpulling manifest [K
pulling eabc98a9bcbf:  59% ▕██████████        ▏  11 GB/ 19 GB  119 MB/s    1m8s[K[?25h[?2026l[?2026h[?25l[A[1Gpulling manifest [K
pulling eabc98a9bcbf:  59% ▕██████████        ▏  11 GB/ 19 GB  119 MB/s    1m7s[K[?25h[?2026l[?2026h[?25l[A[1Gpulling manifest [K
pulling eabc98a9bcbf:  59% ▕██████████        ▏  11 GB/ 19 GB  119 MB/s    1m7s[K[?25h[?2026l[?2026h[?25l[A[1Gpulling manifest [K
pulling eabc98a9bcbf:  59% ▕██████████        ▏  11 GB/ 19 GB  119 MB/s    1m7s[K[?25h[?2026l[?2026h[?25l[A[1Gpulling manifest [K
pulling eabc98a9bcbf:  59% ▕██████████        ▏  11 GB/ 19 GB  119 MB/s    1m7s[K[?25h[?2026l[?2026h[?25l[A[1Gpulling manifest [K
pulling eabc98a9bcbf:  59% ▕██████████        ▏  11 GB/ 19 GB  118 MB/s    1m7s[K[?25h[?2026l[?2026h[?25l[A[1Gpulling manifest [K
pulling eabc98a9bcbf:  60% ▕██████████        ▏  11 GB/ 19 GB  118 MB/s    1m7s[K[?25h[?2026l[?2026h[?25l[A[1Gpulling manifest [K
pulling eabc98a9bcbf:  60% ▕██████████        ▏  11 GB/ 19 GB  118 MB/s    1m7s[K[?25h[?2026l[?2026h[?25l[A[1Gpulling manifest [K
pulling eabc98a9bcbf:  60% ▕██████████        ▏  11 GB/ 19 GB  118 MB/s    1m7s[K[?25h[?2026l[?2026h[?25l[A[1Gpulling manifest [K
pulling eabc98a9bcbf:  60% ▕██████████        ▏  11 GB/ 19 GB  118 MB/s    1m7s[K[?25h[?2026l[?2026h[?25l[A[1Gpulling manifest [K
pulling eabc98a9bcbf:  60% ▕██████████        ▏  11 GB/ 19 GB  118 MB/s    1m7s[K[?25h[?2026l[?2026h[?25l[A[1Gpulling manifest [K
pulling eabc98a9bcbf:  60% ▕██████████        ▏  11 GB/ 19 GB  118 MB/s    1m7s[K[?25h[?2026l[?2026h[?25l[A[1Gpulling manifest [K
pulling eabc98a9bcbf:  60% ▕██████████        ▏  11 GB/ 19 GB  118 MB/s    1m6s[K[?25h[?2026l[?2026h[?25l[A[1Gpulling manifest [K
pulling eabc98a9bcbf:  60% ▕██████████        ▏  11 GB/ 19 GB  118 MB/s    1m6s[K[?25h[?2026l[?2026h[?25l[A[1Gpulling manifest [K
pulling eabc98a9bcbf:  60% ▕██████████        ▏  11 GB/ 19 GB  118 MB/s    1m6s[K[?25h[?2026l[?2026h[?25l[A[1Gpulling manifest [K
pulling eabc98a9bcbf:  60% ▕██████████        ▏  11 GB/ 19 GB  119 MB/s    1m6s[K[?25h[?2026l[?2026h[?25l[A[1Gpulling manifest [K
pulling eabc98a9bcbf:  60% ▕██████████        ▏  11 GB/ 19 GB  119 MB/s    1m6s[K[?25h[?2026l[?2026h[?25l[A[1Gpulling manifest [K
pulling eabc98a9bcbf:  60% ▕██████████        ▏  11 GB/ 19 GB  119 MB/s    1m6s[K[?25h[?2026l[?2026h[?25l[A[1Gpulling manifest [K
pulling eabc98a9bcbf:  60% ▕██████████        ▏  11 GB/ 19 GB  119 MB/s    1m6s[K[?25h[?2026l[?2026h[?25l[A[1Gpulling manifest [K
pulling eabc98a9bcbf:  60% ▕██████████        ▏  11 GB/ 19 GB  119 MB/s    1m6s[K[?25h[?2026l[?2026h[?25l[A[1Gpulling manifest [K
pulling eabc98a9bcbf:  60% ▕██████████        ▏  11 GB/ 19 GB  119 MB/s    1m6s[K[?25h[?2026l[?2026h[?25l[A[1Gpulling manifest [K
pulling eabc98a9bcbf:  60% ▕██████████        ▏  11 GB/ 19 GB  119 MB/s    1m6s[K[?25h[?2026l[?2026h[?25l[A[1Gpulling manifest [K
pulling eabc98a9bcbf:  60% ▕██████████        ▏  12 GB/ 19 GB  119 MB/s    1m5s[K[?25h[?2026l[?2026h[?25l[A[1Gpulling manifest [K
pulling eabc98a9bcbf:  61% ▕██████████        ▏  12 GB/ 19 GB  119 MB/s    1m5s[K[?25h[?2026l[?2026h[?25l[A[1Gpulling manifest [K
pulling eabc98a9bcbf:  61% ▕██████████        ▏  12 GB/ 19 GB  119 MB/s    1m5s[K[?25h[?2026l[?2026h[?25l[A[1Gpulling manifest [K
pulling eabc98a9bcbf:  61% ▕██████████        ▏  12 GB/ 19 GB  119 MB/s    1m5s[K[?25h[?2026l[?2026h[?25l[A[1Gpulling manifest [K
pulling eabc98a9bcbf:  61% ▕██████████        ▏  12 GB/ 19 GB  119 MB/s    1m5s[K[?25h[?2026l[?2026h[?25l[A[1Gpulling manifest [K
pulling eabc98a9bcbf:  61% ▕██████████        ▏  12 GB/ 19 GB  119 MB/s    1m5s[K[?25h[?2026l[?2026h[?25l[A[1Gpulling manifest [K
pulling eabc98a9bcbf:  61% ▕██████████        ▏  12 GB/ 19 GB  119 MB/s    1m5s[K[?25h[?2026l[?2026h[?25l[A[1Gpulling manifest [K
pulling eabc98a9bcbf:  61% ▕██████████        ▏  12 GB/ 19 GB  119 MB/s    1m5s[K[?25h[?2026l[?2026h[?25l[A[1Gpulling manifest [K
pulling eabc98a9bcbf:  61% ▕██████████        ▏  12 GB/ 19 GB  119 MB/s    1m5s[K[?25h[?2026l[?2026h[?25l[A[1Gpulling manifest [K
pulling eabc98a9bcbf:  61% ▕██████████        ▏  12 GB/ 19 GB  119 MB/s    1m5s[K[?25h[?2026l[?2026h[?25l[A[1Gpulling manifest [K
pulling eabc98a9bcbf:  61% ▕██████████        ▏  12 GB/ 19 GB  119 MB/s    1m4s[K[?25h[?2026l[?2026h[?25l[A[1Gpulling manifest [K
pulling eabc98a9bcbf:  61% ▕███████████       ▏  12 GB/ 19 GB  119 MB/s    1m4s[K[?25h[?2026l[?2026h[?25l[A[1Gpulling manifest [K
pulling eabc98a9bcbf:  61% ▕███████████       ▏  12 GB/ 19 GB  119 MB/s    1m4s[K[?25h[?2026l[?2026h[?25l[A[1Gpulling manifest [K
pulling eabc98a9bcbf:  61% ▕███████████       ▏  12 GB/ 19 GB  119 MB/s    1m4s[K[?25h[?2026l[?2026h[?25l[A[1Gpulling manifest [K
pulling eabc98a9bcbf:  61% ▕███████████       ▏  12 GB/ 19 GB  119 MB/s    1m4s[K[?25h[?2026l[?2026h[?25l[A[1Gpulling manifest [K
pulling eabc98a9bcbf:  61% ▕███████████       ▏  12 GB/ 19 GB  119 MB/s    1m4s[K[?25h[?2026l[?2026h[?25l[A[1Gpulling manifest [K
pulling eabc98a9bcbf:  61% ▕███████████       ▏  12 GB/ 19 GB  119 MB/s    1m4s[K[?25h[?2026l[?2026h[?25l[A[1Gpulling manifest [K
pulling eabc98a9bcbf:  61% ▕███████████       ▏  12 GB/ 19 GB  119 MB/s    1m4s[K[?25h[?2026l[?2026h[?25l[A[1Gpulling manifest [K
pulling eabc98a9bcbf:  62% ▕███████████       ▏  12 GB/ 19 GB  119 MB/s    1m3s[K[?25h[?2026l[?2026h[?25l[A[1Gpulling manifest [K
pulling eabc98a9bcbf:  62% ▕███████████       ▏  12 GB/ 19 GB  119 MB/s    1m3s[K[?25h[?2026l[?2026h[?25l[A[1Gpulling manifest [K
pulling eabc98a9bcbf:  62% ▕███████████       ▏  12 GB/ 19 GB  119 MB/s    1m3s[K[?25h[?2026l[?2026h[?25l[A[1Gpulling manifest [K
pulling eabc98a9bcbf:  62% ▕███████████       ▏  12 GB/ 19 GB  119 MB/s    1m3s[K[?25h[?2026l[?2026h[?25l[A[1Gpulling manifest [K
pulling eabc98a9bcbf:  62% ▕███████████       ▏  12 GB/ 19 GB  119 MB/s    1m3s[K[?25h[?2026l[?2026h[?25l[A[1Gpulling manifest [K
pulling eabc98a9bcbf:  62% ▕███████████       ▏  12 GB/ 19 GB  119 MB/s    1m3s[K[?25h[?2026l[?2026h[?25l[A[1Gpulling manifest [K
pulling eabc98a9bcbf:  62% ▕███████████       ▏  12 GB/ 19 GB  119 MB/s    1m3s[K[?25h[?2026l[?2026h[?25l[A[1Gpulling manifest [K
pulling eabc98a9bcbf:  62% ▕███████████       ▏  12 GB/ 19 GB  119 MB/s    1m3s[K[?25h[?2026l[?2026h[?25l[A[1Gpulling manifest [K
pulling eabc98a9bcbf:  62% ▕███████████       ▏  12 GB/ 19 GB  119 MB/s    1m3s[K[?25h[?2026l[?2026h[?25l[A[1Gpulling manifest [K
pulling eabc98a9bcbf:  62% ▕███████████       ▏  12 GB/ 19 GB  119 MB/s    1m3s[K[?25h[?2026l[?2026h[?25l[A[1Gpulling manifest [K
pulling eabc98a9bcbf:  62% ▕███████████       ▏  12 GB/ 19 GB  119 MB/s    1m2s[K[?25h[?2026l[?2026h[?25l[A[1Gpulling manifest [K
pulling eabc98a9bcbf:  62% ▕███████████       ▏  12 GB/ 19 GB  119 MB/s    1m2s[K[?25h[?2026l[?2026h[?25l[A[1Gpulling manifest [K
pulling eabc98a9bcbf:  62% ▕███████████       ▏  12 GB/ 19 GB  119 MB/s    1m2s[K[?25h[?2026l[?2026h[?25l[A[1Gpulling manifest [K
pulling eabc98a9bcbf:  62% ▕███████████       ▏  12 GB/ 19 GB  119 MB/s    1m2s[K[?25h[?2026l[?2026h[?25l[A[1Gpulling manifest [K
pulling eabc98a9bcbf:  62% ▕███████████       ▏  12 GB/ 19 GB  119 MB/s    1m2s[K[?25h[?2026l[?2026h[?25l[A[1Gpulling manifest [K
pulling eabc98a9bcbf:  62% ▕███████████       ▏  12 GB/ 19 GB  119 MB/s    1m2s[K[?25h[?2026l[?2026h[?25l[A[1Gpulling manifest [K
pulling eabc98a9bcbf:  62% ▕███████████       ▏  12 GB/ 19 GB  119 MB/s    1m2s[K[?25h[?2026l[?2026h[?25l[A[1Gpulling manifest [K
pulling eabc98a9bcbf:  63% ▕███████████       ▏  12 GB/ 19 GB  119 MB/s    1m2s[K[?25h[?2026l[?2026h[?25l[A[1Gpulling manifest [K
pulling eabc98a9bcbf:  63% ▕███████████       ▏  12 GB/ 19 GB  119 MB/s    1m2s[K[?25h[?2026l[?2026h[?25l[A[1Gpulling manifest [K
pulling eabc98a9bcbf:  63% ▕███████████       ▏  12 GB/ 19 GB  119 MB/s    1m2s[K[?25h[?2026l[?2026h[?25l[A[1Gpulling manifest [K
pulling eabc98a9bcbf:  63% ▕███████████       ▏  12 GB/ 19 GB  119 MB/s    1m1s[K[?25h[?2026l[?2026h[?25l[A[1Gpulling manifest [K
pulling eabc98a9bcbf:  63% ▕███████████       ▏  12 GB/ 19 GB  119 MB/s    1m1s[K[?25h[?2026l[?2026h[?25l[A[1Gpulling manifest [K
pulling eabc98a9bcbf:  63% ▕███████████       ▏  12 GB/ 19 GB  119 MB/s    1m1s[K[?25h[?2026l[?2026h[?25l[A[1Gpulling manifest [K
pulling eabc98a9bcbf:  63% ▕███████████       ▏  12 GB/ 19 GB  119 MB/s    1m1s[K[?25h[?2026l[?2026h[?25l[A[1Gpulling manifest [K
pulling eabc98a9bcbf:  63% ▕███████████       ▏  12 GB/ 19 GB  119 MB/s    1m1s[K[?25h[?2026l[?2026h[?25l[A[1Gpulling manifest [K
pulling eabc98a9bcbf:  63% ▕███████████       ▏  12 GB/ 19 GB  119 MB/s    1m1s[K[?25h[?2026l[?2026h[?25l[A[1Gpulling manifest [K
pulling eabc98a9bcbf:  63% ▕███████████       ▏  12 GB/ 19 GB  119 MB/s    1m1s[K[?25h[?2026l[?2026h[?25l[A[1Gpulling manifest [K
pulling eabc98a9bcbf:  63% ▕███████████       ▏  12 GB/ 19 GB  119 MB/s    1m1s[K[?25h[?2026l[?2026h[?25l[A[1Gpulling manifest [K
pulling eabc98a9bcbf:  63% ▕███████████       ▏  12 GB/ 19 GB  119 MB/s    1m1s[K[?25h[?2026l[?2026h[?25l[A[1Gpulling manifest [K
pulling eabc98a9bcbf:  63% ▕███████████       ▏  12 GB/ 19 GB  119 MB/s    1m1s[K[?25h[?2026l[?2026h[?25l[A[1Gpulling manifest [K
pulling eabc98a9bcbf:  63% ▕███████████       ▏  12 GB/ 19 GB  119 MB/s    1m0s[K[?25h[?2026l[?2026h[?25l[A[1Gpulling manifest [K
pulling eabc98a9bcbf:  63% ▕███████████       ▏  12 GB/ 19 GB  119 MB/s    1m0s[K[?25h[?2026l[?2026h[?25l[A[1Gpulling manifest [K
pulling eabc98a9bcbf:  63% ▕███████████       ▏  12 GB/ 19 GB  119 MB/s    1m0s[K[?25h[?2026l[?2026h[?25l[A[1Gpulling manifest [K
pulling eabc98a9bcbf:  63% ▕███████████       ▏  12 GB/ 19 GB  119 MB/s    1m0s[K[?25h[?2026l[?2026h[?25l[A[1Gpulling manifest [K
pulling eabc98a9bcbf:  64% ▕███████████       ▏  12 GB/ 19 GB  119 MB/s    1m0s[K[?25h[?2026l[?2026h[?25l[A[1Gpulling manifest [K
pulling eabc98a9bcbf:  64% ▕███████████       ▏  12 GB/ 19 GB  119 MB/s    1m0s[K[?25h[?2026l[?2026h[?25l[A[1Gpulling manifest [K
pulling eabc98a9bcbf:  64% ▕███████████       ▏  12 GB/ 19 GB  119 MB/s    1m0s[K[?25h[?2026l[?2026h[?25l[A[1Gpulling manifest [K
pulling eabc98a9bcbf:  64% ▕███████████       ▏  12 GB/ 19 GB  119 MB/s    1m0s[K[?25h[?2026l[?2026h[?25l[A[1Gpulling manifest [K
pulling eabc98a9bcbf:  64% ▕███████████       ▏  12 GB/ 19 GB  119 MB/s    1m0s[K[?25h[?2026l[?2026h[?25l[A[1Gpulling manifest [K
pulling eabc98a9bcbf:  64% ▕███████████       ▏  12 GB/ 19 GB  119 MB/s    1m0s[K[?25h[?2026l[?2026h[?25l[A[1Gpulling manifest [K
pulling eabc98a9bcbf:  64% ▕███████████       ▏  12 GB/ 19 GB  119 MB/s    1m0s[K[?25h[?2026l[?2026h[?25l[A[1Gpulling manifest [K
pulling eabc98a9bcbf:  64% ▕███████████       ▏  12 GB/ 19 GB  119 MB/s     59s[K[?25h[?2026l[?2026h[?25l[A[1Gpulling manifest [K
pulling eabc98a9bcbf:  64% ▕███████████       ▏  12 GB/ 19 GB  119 MB/s     59s[K[?25h[?2026l[?2026h[?25l[A[1Gpulling manifest [K
pulling eabc98a9bcbf:  64% ▕███████████       ▏  12 GB/ 19 GB  119 MB/s     59s[K[?25h[?2026l[?2026h[?25l[A[1Gpulling manifest [K
pulling eabc98a9bcbf:  64% ▕███████████       ▏  12 GB/ 19 GB  119 MB/s     59s[K[?25h[?2026l[?2026h[?25l[A[1Gpulling manifest [K
pulling eabc98a9bcbf:  64% ▕███████████       ▏  12 GB/ 19 GB  119 MB/s     59s[K[?25h[?2026l[?2026h[?25l[A[1Gpulling manifest [K
pulling eabc98a9bcbf:  64% ▕███████████       ▏  12 GB/ 19 GB  119 MB/s     59s[K[?25h[?2026l[?2026h[?25l[A[1Gpulling manifest [K
pulling eabc98a9bcbf:  64% ▕███████████       ▏  12 GB/ 19 GB  119 MB/s     59s[K[?25h[?2026l[?2026h[?25l[A[1Gpulling manifest [K
pulling eabc98a9bcbf:  64% ▕███████████       ▏  12 GB/ 19 GB  119 MB/s     59s[K[?25h[?2026l[?2026h[?25l[A[1Gpulling manifest [K
pulling eabc98a9bcbf:  64% ▕███████████       ▏  12 GB/ 19 GB  119 MB/s     59s[K[?25h[?2026l[?2026h[?25l[A[1Gpulling manifest [K
pulling eabc98a9bcbf:  64% ▕███████████       ▏  12 GB/ 19 GB  119 MB/s     59s[K[?25h[?2026l[?2026h[?25l[A[1Gpulling manifest [K
pulling eabc98a9bcbf:  65% ▕███████████       ▏  12 GB/ 19 GB  119 MB/s     58s[K[?25h[?2026l[?2026h[?25l[A[1Gpulling manifest [K
pulling eabc98a9bcbf:  65% ▕███████████       ▏  12 GB/ 19 GB  119 MB/s     58s[K[?25h[?2026l[?2026h[?25l[A[1Gpulling manifest [K
pulling eabc98a9bcbf:  65% ▕███████████       ▏  12 GB/ 19 GB  119 MB/s     58s[K[?25h[?2026l[?2026h[?25l[A[1Gpulling manifest [K
pulling eabc98a9bcbf:  65% ▕███████████       ▏  12 GB/ 19 GB  119 MB/s     58s[K[?25h[?2026l[?2026h[?25l[A[1Gpulling manifest [K
pulling eabc98a9bcbf:  65% ▕███████████       ▏  12 GB/ 19 GB  119 MB/s     58s[K[?25h[?2026l[?2026h[?25l[A[1Gpulling manifest [K
pulling eabc98a9bcbf:  65% ▕███████████       ▏  12 GB/ 19 GB  119 MB/s     58s[K[?25h[?2026l[?2026h[?25l[A[1Gpulling manifest [K
pulling eabc98a9bcbf:  65% ▕███████████       ▏  12 GB/ 19 GB  119 MB/s     58s[K[?25h[?2026l[?2026h[?25l[A[1Gpulling manifest [K
pulling eabc98a9bcbf:  65% ▕███████████       ▏  12 GB/ 19 GB  119 MB/s     58s[K[?25h[?2026l[?2026h[?25l[A[1Gpulling manifest [K
pulling eabc98a9bcbf:  65% ▕███████████       ▏  12 GB/ 19 GB  119 MB/s     58s[K[?25h[?2026l[?2026h[?25l[A[1Gpulling manifest [K
pulling eabc98a9bcbf:  65% ▕███████████       ▏  12 GB/ 19 GB  119 MB/s     58s[K[?25h[?2026l[?2026h[?25l[A[1Gpulling manifest [K
pulling eabc98a9bcbf:  65% ▕███████████       ▏  12 GB/ 19 GB  119 MB/s     58s[K[?25h[?2026l[?2026h[?25l[A[1Gpulling manifest [K
pulling eabc98a9bcbf:  65% ▕███████████       ▏  12 GB/ 19 GB  119 MB/s     57s[K[?25h[?2026l[?2026h[?25l[A[1Gpulling manifest [K
pulling eabc98a9bcbf:  65% ▕███████████       ▏  12 GB/ 19 GB  119 MB/s     57s[K[?25h[?2026l[?2026h[?25l[A[1Gpulling manifest [K
pulling eabc98a9bcbf:  65% ▕███████████       ▏  12 GB/ 19 GB  119 MB/s     57s[K[?25h[?2026l[?2026h[?25l[A[1Gpulling manifest [K
pulling eabc98a9bcbf:  65% ▕███████████       ▏  12 GB/ 19 GB  119 MB/s     57s[K[?25h[?2026l[?2026h[?25l[A[1Gpulling manifest [K
pulling eabc98a9bcbf:  65% ▕███████████       ▏  12 GB/ 19 GB  119 MB/s     57s[K[?25h[?2026l[?2026h[?25l[A[1Gpulling manifest [K
pulling eabc98a9bcbf:  65% ▕███████████       ▏  12 GB/ 19 GB  119 MB/s     57s[K[?25h[?2026l[?2026h[?25l[A[1Gpulling manifest [K
pulling eabc98a9bcbf:  66% ▕███████████       ▏  13 GB/ 19 GB  119 MB/s     57s[K[?25h[?2026l[?2026h[?25l[A[1Gpulling manifest [K
pulling eabc98a9bcbf:  66% ▕███████████       ▏  13 GB/ 19 GB  119 MB/s     57s[K[?25h[?2026l[?2026h[?25l[A[1Gpulling manifest [K
pulling eabc98a9bcbf:  66% ▕███████████       ▏  13 GB/ 19 GB  119 MB/s     57s[K[?25h[?2026l[?2026h[?25l[A[1Gpulling manifest [K
pulling eabc98a9bcbf:  66% ▕███████████       ▏  13 GB/ 19 GB  119 MB/s     57s[K[?25h[?2026l[?2026h[?25l[A[1Gpulling manifest [K
pulling eabc98a9bcbf:  66% ▕███████████       ▏  13 GB/ 19 GB  119 MB/s     56s[K[?25h[?2026l[?2026h[?25l[A[1Gpulling manifest [K
pulling eabc98a9bcbf:  66% ▕███████████       ▏  13 GB/ 19 GB  119 MB/s     56s[K[?25h[?2026l[?2026h[?25l[A[1Gpulling manifest [K
pulling eabc98a9bcbf:  66% ▕███████████       ▏  13 GB/ 19 GB  119 MB/s     56s[K[?25h[?2026l[?2026h[?25l[A[1Gpulling manifest [K
pulling eabc98a9bcbf:  66% ▕███████████       ▏  13 GB/ 19 GB  119 MB/s     56s[K[?25h[?2026l[?2026h[?25l[A[1Gpulling manifest [K
pulling eabc98a9bcbf:  66% ▕███████████       ▏  13 GB/ 19 GB  119 MB/s     56s[K[?25h[?2026l[?2026h[?25l[A[1Gpulling manifest [K
pulling eabc98a9bcbf:  66% ▕███████████       ▏  13 GB/ 19 GB  119 MB/s     56s[K[?25h[?2026l[?2026h[?25l[A[1Gpulling manifest [K
pulling eabc98a9bcbf:  66% ▕███████████       ▏  13 GB/ 19 GB  119 MB/s     56s[K[?25h[?2026l[?2026h[?25l[A[1Gpulling manifest [K
pulling eabc98a9bcbf:  66% ▕███████████       ▏  13 GB/ 19 GB  119 MB/s     56s[K[?25h[?2026l[?2026h[?25l[A[1Gpulling manifest [K
pulling eabc98a9bcbf:  66% ▕███████████       ▏  13 GB/ 19 GB  119 MB/s     56s[K[?25h[?2026l[?2026h[?25l[A[1Gpulling manifest [K
pulling eabc98a9bcbf:  66% ▕███████████       ▏  13 GB/ 19 GB  119 MB/s     56s[K[?25h[?2026l[?2026h[?25l[A[1Gpulling manifest [K
pulling eabc98a9bcbf:  66% ▕███████████       ▏  13 GB/ 19 GB  119 MB/s     55s[K[?25h[?2026l[?2026h[?25l[A[1Gpulling manifest [K
pulling eabc98a9bcbf:  66% ▕███████████       ▏  13 GB/ 19 GB  119 MB/s     55s[K[?25h[?2026l[?2026h[?25l[A[1Gpulling manifest [K
pulling eabc98a9bcbf:  66% ▕███████████       ▏  13 GB/ 19 GB  119 MB/s     55s[K[?25h[?2026l[?2026h[?25l[A[1Gpulling manifest [K
pulling eabc98a9bcbf:  67% ▕███████████       ▏  13 GB/ 19 GB  119 MB/s     55s[K[?25h[?2026l[?2026h[?25l[A[1Gpulling manifest [K
pulling eabc98a9bcbf:  67% ▕███████████       ▏  13 GB/ 19 GB  119 MB/s     55s[K[?25h[?2026l[?2026h[?25l[A[1Gpulling manifest [K
pulling eabc98a9bcbf:  67% ▕████████████      ▏  13 GB/ 19 GB  119 MB/s     55s[K[?25h[?2026l[?2026h[?25l[A[1Gpulling manifest [K
pulling eabc98a9bcbf:  67% ▕████████████      ▏  13 GB/ 19 GB  119 MB/s     55s[K[?25h[?2026l[?2026h[?25l[A[1Gpulling manifest [K
pulling eabc98a9bcbf:  67% ▕████████████      ▏  13 GB/ 19 GB  119 MB/s     55s[K[?25h[?2026l[?2026h[?25l[A[1Gpulling manifest [K
pulling eabc98a9bcbf:  67% ▕████████████      ▏  13 GB/ 19 GB  119 MB/s     55s[K[?25h[?2026l[?2026h[?25l[A[1Gpulling manifest [K
pulling eabc98a9bcbf:  67% ▕████████████      ▏  13 GB/ 19 GB  119 MB/s     55s[K[?25h[?2026l[?2026h[?25l[A[1Gpulling manifest [K
pulling eabc98a9bcbf:  67% ▕████████████      ▏  13 GB/ 19 GB  119 MB/s     54s[K[?25h[?2026l[?2026h[?25l[A[1Gpulling manifest [K
pulling eabc98a9bcbf:  67% ▕████████████      ▏  13 GB/ 19 GB  119 MB/s     54s[K[?25h[?2026l[?2026h[?25l[A[1Gpulling manifest [K
pulling eabc98a9bcbf:  67% ▕████████████      ▏  13 GB/ 19 GB  119 MB/s     54s[K[?25h[?2026l[?2026h[?25l[A[1Gpulling manifest [K
pulling eabc98a9bcbf:  67% ▕████████████      ▏  13 GB/ 19 GB  119 MB/s     54s[K[?25h[?2026l[?2026h[?25l[A[1Gpulling manifest [K
pulling eabc98a9bcbf:  67% ▕████████████      ▏  13 GB/ 19 GB  119 MB/s     54s[K[?25h[?2026l[?2026h[?25l[A[1Gpulling manifest [K
pulling eabc98a9bcbf:  67% ▕████████████      ▏  13 GB/ 19 GB  119 MB/s     54s[K[?25h[?2026l[?2026h[?25l[A[1Gpulling manifest [K
pulling eabc98a9bcbf:  67% ▕████████████      ▏  13 GB/ 19 GB  119 MB/s     54s[K[?25h[?2026l[?2026h[?25l[A[1Gpulling manifest [K
pulling eabc98a9bcbf:  67% ▕████████████      ▏  13 GB/ 19 GB  119 MB/s     54s[K[?25h[?2026l[?2026h[?25l[A[1Gpulling manifest [K
pulling eabc98a9bcbf:  67% ▕████████████      ▏  13 GB/ 19 GB  119 MB/s     54s[K[?25h[?2026l[?2026h[?25l[A[1Gpulling manifest [K
pulling eabc98a9bcbf:  67% ▕████████████      ▏  13 GB/ 19 GB  119 MB/s     54s[K[?25h[?2026l[?2026h[?25l[A[1Gpulling manifest [K
pulling eabc98a9bcbf:  68% ▕████████████      ▏  13 GB/ 19 GB  119 MB/s     54s[K[?25h[?2026l[?2026h[?25l[A[1Gpulling manifest [K
pulling eabc98a9bcbf:  68% ▕████████████      ▏  13 GB/ 19 GB  119 MB/s     53s[K[?25h[?2026l[?2026h[?25l[A[1Gpulling manifest [K
pulling eabc98a9bcbf:  68% ▕████████████      ▏  13 GB/ 19 GB  119 MB/s     53s[K[?25h[?2026l[?2026h[?25l[A[1Gpulling manifest [K
pulling eabc98a9bcbf:  68% ▕████████████      ▏  13 GB/ 19 GB  119 MB/s     53s[K[?25h[?2026l[?2026h[?25l[A[1Gpulling manifest [K
pulling eabc98a9bcbf:  68% ▕████████████      ▏  13 GB/ 19 GB  119 MB/s     53s[K[?25h[?2026l[?2026h[?25l[A[1Gpulling manifest [K
pulling eabc98a9bcbf:  68% ▕████████████      ▏  13 GB/ 19 GB  119 MB/s     53s[K[?25h[?2026l[?2026h[?25l[A[1Gpulling manifest [K
pulling eabc98a9bcbf:  68% ▕████████████      ▏  13 GB/ 19 GB  119 MB/s     53s[K[?25h[?2026l[?2026h[?25l[A[1Gpulling manifest [K
pulling eabc98a9bcbf:  68% ▕████████████      ▏  13 GB/ 19 GB  119 MB/s     53s[K[?25h[?2026l[?2026h[?25l[A[1Gpulling manifest [K
pulling eabc98a9bcbf:  68% ▕████████████      ▏  13 GB/ 19 GB  119 MB/s     53s[K[?25h[?2026l[?2026h[?25l[A[1Gpulling manifest [K
pulling eabc98a9bcbf:  68% ▕████████████      ▏  13 GB/ 19 GB  119 MB/s     53s[K[?25h[?2026l[?2026h[?25l[A[1Gpulling manifest [K
pulling eabc98a9bcbf:  68% ▕████████████      ▏  13 GB/ 19 GB  119 MB/s     53s[K[?25h[?2026l[?2026h[?25l[A[1Gpulling manifest [K
pulling eabc98a9bcbf:  68% ▕████████████      ▏  13 GB/ 19 GB  119 MB/s     52s[K[?25h[?2026l[?2026h[?25l[A[1Gpulling manifest [K
pulling eabc98a9bcbf:  68% ▕████████████      ▏  13 GB/ 19 GB  119 MB/s     52s[K[?25h[?2026l[?2026h[?25l[A[1Gpulling manifest [K
pulling eabc98a9bcbf:  68% ▕████████████      ▏  13 GB/ 19 GB  119 MB/s     52s[K[?25h[?2026l[?2026h[?25l[A[1Gpulling manifest [K
pulling eabc98a9bcbf:  68% ▕████████████      ▏  13 GB/ 19 GB  119 MB/s     52s[K[?25h[?2026l[?2026h[?25l[A[1Gpulling manifest [K
pulling eabc98a9bcbf:  68% ▕████████████      ▏  13 GB/ 19 GB  119 MB/s     52s[K[?25h[?2026l[?2026h[?25l[A[1Gpulling manifest [K
pulling eabc98a9bcbf:  68% ▕████████████      ▏  13 GB/ 19 GB  119 MB/s     52s[K[?25h[?2026l[?2026h[?25l[A[1Gpulling manifest [K
pulling eabc98a9bcbf:  69% ▕████████████      ▏  13 GB/ 19 GB  119 MB/s     52s[K[?25h[?2026l[?2026h[?25l[A[1Gpulling manifest [K
pulling eabc98a9bcbf:  69% ▕████████████      ▏  13 GB/ 19 GB  119 MB/s     52s[K[?25h[?2026l[?2026h[?25l[A[1Gpulling manifest [K
pulling eabc98a9bcbf:  69% ▕████████████      ▏  13 GB/ 19 GB  119 MB/s     52s[K[?25h[?2026l[?2026h[?25l[A[1Gpulling manifest [K
pulling eabc98a9bcbf:  69% ▕████████████      ▏  13 GB/ 19 GB  119 MB/s     52s[K[?25h[?2026l[?2026h[?25l[A[1Gpulling manifest [K
pulling eabc98a9bcbf:  69% ▕████████████      ▏  13 GB/ 19 GB  119 MB/s     51s[K[?25h[?2026l[?2026h[?25l[A[1Gpulling manifest [K
pulling eabc98a9bcbf:  69% ▕████████████      ▏  13 GB/ 19 GB  119 MB/s     51s[K[?25h[?2026l[?2026h[?25l[A[1Gpulling manifest [K
pulling eabc98a9bcbf:  69% ▕████████████      ▏  13 GB/ 19 GB  119 MB/s     51s[K[?25h[?2026l[?2026h[?25l[A[1Gpulling manifest [K
pulling eabc98a9bcbf:  69% ▕████████████      ▏  13 GB/ 19 GB  119 MB/s     51s[K[?25h[?2026l[?2026h[?25l[A[1Gpulling manifest [K
pulling eabc98a9bcbf:  69% ▕████████████      ▏  13 GB/ 19 GB  119 MB/s     51s[K[?25h[?2026l[?2026h[?25l[A[1Gpulling manifest [K
pulling eabc98a9bcbf:  69% ▕████████████      ▏  13 GB/ 19 GB  119 MB/s     51s[K[?25h[?2026l[?2026h[?25l[A[1Gpulling manifest [K
pulling eabc98a9bcbf:  69% ▕████████████      ▏  13 GB/ 19 GB  119 MB/s     51s[K[?25h[?2026l[?2026h[?25l[A[1Gpulling manifest [K
pulling eabc98a9bcbf:  69% ▕████████████      ▏  13 GB/ 19 GB  119 MB/s     51s[K[?25h[?2026l[?2026h[?25l[A[1Gpulling manifest [K
pulling eabc98a9bcbf:  69% ▕████████████      ▏  13 GB/ 19 GB  119 MB/s     51s[K[?25h[?2026l[?2026h[?25l[A[1Gpulling manifest [K
pulling eabc98a9bcbf:  69% ▕████████████      ▏  13 GB/ 19 GB  119 MB/s     51s[K[?25h[?2026l[?2026h[?25l[A[1Gpulling manifest [K
pulling eabc98a9bcbf:  69% ▕████████████      ▏  13 GB/ 19 GB  119 MB/s     51s[K[?25h[?2026l[?2026h[?25l[A[1Gpulling manifest [K
pulling eabc98a9bcbf:  69% ▕████████████      ▏  13 GB/ 19 GB  119 MB/s     50s[K[?25h[?2026l[?2026h[?25l[A[1Gpulling manifest [K
pulling eabc98a9bcbf:  69% ▕████████████      ▏  13 GB/ 19 GB  119 MB/s     50s[K[?25h[?2026l[?2026h[?25l[A[1Gpulling manifest [K
pulling eabc98a9bcbf:  70% ▕████████████      ▏  13 GB/ 19 GB  119 MB/s     50s[K[?25h[?2026l[?2026h[?25l[A[1Gpulling manifest [K
pulling eabc98a9bcbf:  70% ▕████████████      ▏  13 GB/ 19 GB  119 MB/s     50s[K[?25h[?2026l[?2026h[?25l[A[1Gpulling manifest [K
pulling eabc98a9bcbf:  70% ▕████████████      ▏  13 GB/ 19 GB  119 MB/s     50s[K[?25h[?2026l[?2026h[?25l[A[1Gpulling manifest [K
pulling eabc98a9bcbf:  70% ▕████████████      ▏  13 GB/ 19 GB  119 MB/s     50s[K[?25h[?2026l[?2026h[?25l[A[1Gpulling manifest [K
pulling eabc98a9bcbf:  70% ▕████████████      ▏  13 GB/ 19 GB  119 MB/s     50s[K[?25h[?2026l[?2026h[?25l[A[1Gpulling manifest [K
pulling eabc98a9bcbf:  70% ▕████████████      ▏  13 GB/ 19 GB  119 MB/s     50s[K[?25h[?2026l[?2026h[?25l[A[1Gpulling manifest [K
pulling eabc98a9bcbf:  70% ▕████████████      ▏  13 GB/ 19 GB  119 MB/s     50s[K[?25h[?2026l[?2026h[?25l[A[1Gpulling manifest [K
pulling eabc98a9bcbf:  70% ▕████████████      ▏  13 GB/ 19 GB  119 MB/s     50s[K[?25h[?2026l[?2026h[?25l[A[1Gpulling manifest [K
pulling eabc98a9bcbf:  70% ▕████████████      ▏  13 GB/ 19 GB  119 MB/s     49s[K[?25h[?2026l[?2026h[?25l[A[1Gpulling manifest [K
pulling eabc98a9bcbf:  70% ▕████████████      ▏  13 GB/ 19 GB  119 MB/s     49s[K[?25h[?2026l[?2026h[?25l[A[1Gpulling manifest [K
pulling eabc98a9bcbf:  70% ▕████████████      ▏  13 GB/ 19 GB  119 MB/s     49s[K[?25h[?2026l[?2026h[?25l[A[1Gpulling manifest [K
pulling eabc98a9bcbf:  70% ▕████████████      ▏  13 GB/ 19 GB  119 MB/s     49s[K[?25h[?2026l[?2026h[?25l[A[1Gpulling manifest [K
pulling eabc98a9bcbf:  70% ▕████████████      ▏  13 GB/ 19 GB  119 MB/s     49s[K[?25h[?2026l[?2026h[?25l[A[1Gpulling manifest [K
pulling eabc98a9bcbf:  70% ▕████████████      ▏  13 GB/ 19 GB  119 MB/s     49s[K[?25h[?2026l[?2026h[?25l[A[1Gpulling manifest [K
pulling eabc98a9bcbf:  70% ▕████████████      ▏  13 GB/ 19 GB  119 MB/s     49s[K[?25h[?2026l[?2026h[?25l[A[1Gpulling manifest [K
pulling eabc98a9bcbf:  70% ▕████████████      ▏  13 GB/ 19 GB  119 MB/s     49s[K[?25h[?2026l[?2026h[?25l[A[1Gpulling manifest [K
pulling eabc98a9bcbf:  70% ▕████████████      ▏  13 GB/ 19 GB  119 MB/s     49s[K[?25h[?2026l[?2026h[?25l[A[1Gpulling manifest [K
pulling eabc98a9bcbf:  71% ▕████████████      ▏  14 GB/ 19 GB  119 MB/s     48s[K[?25h[?2026l[?2026h[?25l[A[1Gpulling manifest [K
pulling eabc98a9bcbf:  71% ▕████████████      ▏  14 GB/ 19 GB  119 MB/s     48s[K[?25h[?2026l[?2026h[?25l[A[1Gpulling manifest [K
pulling eabc98a9bcbf:  71% ▕████████████      ▏  14 GB/ 19 GB  119 MB/s     48s[K[?25h[?2026l[?2026h[?25l[A[1Gpulling manifest [K
pulling eabc98a9bcbf:  71% ▕████████████      ▏  14 GB/ 19 GB  119 MB/s     48s[K[?25h[?2026l[?2026h[?25l[A[1Gpulling manifest [K
pulling eabc98a9bcbf:  71% ▕████████████      ▏  14 GB/ 19 GB  119 MB/s     48s[K[?25h[?2026l[?2026h[?25l[A[1Gpulling manifest [K
pulling eabc98a9bcbf:  71% ▕████████████      ▏  14 GB/ 19 GB  119 MB/s     48s[K[?25h[?2026l[?2026h[?25l[A[1Gpulling manifest [K
pulling eabc98a9bcbf:  71% ▕████████████      ▏  14 GB/ 19 GB  119 MB/s     48s[K[?25h[?2026l[?2026h[?25l[A[1Gpulling manifest [K
pulling eabc98a9bcbf:  71% ▕████████████      ▏  14 GB/ 19 GB  119 MB/s     48s[K[?25h[?2026l[?2026h[?25l[A[1Gpulling manifest [K
pulling eabc98a9bcbf:  71% ▕████████████      ▏  14 GB/ 19 GB  119 MB/s     48s[K[?25h[?2026l[?2026h[?25l[A[1Gpulling manifest [K
pulling eabc98a9bcbf:  71% ▕████████████      ▏  14 GB/ 19 GB  119 MB/s     48s[K[?25h[?2026l[?2026h[?25l[A[1Gpulling manifest [K
pulling eabc98a9bcbf:  71% ▕████████████      ▏  14 GB/ 19 GB  119 MB/s     48s[K[?25h[?2026l[?2026h[?25l[A[1Gpulling manifest [K
pulling eabc98a9bcbf:  71% ▕████████████      ▏  14 GB/ 19 GB  119 MB/s     47s[K[?25h[?2026l[?2026h[?25l[A[1Gpulling manifest [K
pulling eabc98a9bcbf:  71% ▕████████████      ▏  14 GB/ 19 GB  119 MB/s     47s[K[?25h[?2026l[?2026h[?25l[A[1Gpulling manifest [K
pulling eabc98a9bcbf:  71% ▕████████████      ▏  14 GB/ 19 GB  119 MB/s     47s[K[?25h[?2026l[?2026h[?25l[A[1Gpulling manifest [K
pulling eabc98a9bcbf:  71% ▕████████████      ▏  14 GB/ 19 GB  119 MB/s     47s[K[?25h[?2026l[?2026h[?25l[A[1Gpulling manifest [K
pulling eabc98a9bcbf:  71% ▕████████████      ▏  14 GB/ 19 GB  119 MB/s     47s[K[?25h[?2026l[?2026h[?25l[A[1Gpulling manifest [K
pulling eabc98a9bcbf:  71% ▕████████████      ▏  14 GB/ 19 GB  119 MB/s     47s[K[?25h[?2026l[?2026h[?25l[A[1Gpulling manifest [K
pulling eabc98a9bcbf:  72% ▕████████████      ▏  14 GB/ 19 GB  119 MB/s     47s[K[?25h[?2026l[?2026h[?25l[A[1Gpulling manifest [K
pulling eabc98a9bcbf:  72% ▕████████████      ▏  14 GB/ 19 GB  119 MB/s     47s[K[?25h[?2026l[?2026h[?25l[A[1Gpulling manifest [K
pulling eabc98a9bcbf:  72% ▕████████████      ▏  14 GB/ 19 GB  119 MB/s     47s[K[?25h[?2026l[?2026h[?25l[A[1Gpulling manifest [K
pulling eabc98a9bcbf:  72% ▕████████████      ▏  14 GB/ 19 GB  119 MB/s     47s[K[?25h[?2026l[?2026h[?25l[A[1Gpulling manifest [K
pulling eabc98a9bcbf:  72% ▕████████████      ▏  14 GB/ 19 GB  119 MB/s     46s[K[?25h[?2026l[?2026h[?25l[A[1Gpulling manifest [K
pulling eabc98a9bcbf:  72% ▕████████████      ▏  14 GB/ 19 GB  119 MB/s     46s[K[?25h[?2026l[?2026h[?25l[A[1Gpulling manifest [K
pulling eabc98a9bcbf:  72% ▕████████████      ▏  14 GB/ 19 GB  119 MB/s     46s[K[?25h[?2026l[?2026h[?25l[A[1Gpulling manifest [K
pulling eabc98a9bcbf:  72% ▕████████████      ▏  14 GB/ 19 GB  119 MB/s     46s[K[?25h[?2026l[?2026h[?25l[A[1Gpulling manifest [K
pulling eabc98a9bcbf:  72% ▕████████████      ▏  14 GB/ 19 GB  119 MB/s     46s[K[?25h[?2026l[?2026h[?25l[A[1Gpulling manifest [K
pulling eabc98a9bcbf:  72% ▕████████████      ▏  14 GB/ 19 GB  118 MB/s     46s[K[?25h[?2026l[?2026h[?25l[A[1Gpulling manifest [K
pulling eabc98a9bcbf:  72% ▕████████████      ▏  14 GB/ 19 GB  118 MB/s     46s[K[?25h[?2026l[?2026h[?25l[A[1Gpulling manifest [K
pulling eabc98a9bcbf:  72% ▕████████████      ▏  14 GB/ 19 GB  118 MB/s     46s[K[?25h[?2026l[?2026h[?25l[A[1Gpulling manifest [K
pulling eabc98a9bcbf:  72% ▕█████████████     ▏  14 GB/ 19 GB  118 MB/s     46s[K[?25h[?2026l[?2026h[?25l[A[1Gpulling manifest [K
pulling eabc98a9bcbf:  72% ▕█████████████     ▏  14 GB/ 19 GB  118 MB/s     46s[K[?25h[?2026l[?2026h[?25l[A[1Gpulling manifest [K
pulling eabc98a9bcbf:  72% ▕█████████████     ▏  14 GB/ 19 GB  118 MB/s     46s[K[?25h[?2026l[?2026h[?25l[A[1Gpulling manifest [K
pulling eabc98a9bcbf:  72% ▕█████████████     ▏  14 GB/ 19 GB  118 MB/s     46s[K[?25h[?2026l[?2026h[?25l[A[1Gpulling manifest [K
pulling eabc98a9bcbf:  72% ▕█████████████     ▏  14 GB/ 19 GB  118 MB/s     45s[K[?25h[?2026l[?2026h[?25l[A[1Gpulling manifest [K
pulling eabc98a9bcbf:  73% ▕█████████████     ▏  14 GB/ 19 GB  118 MB/s     45s[K[?25h[?2026l[?2026h[?25l[A[1Gpulling manifest [K
pulling eabc98a9bcbf:  73% ▕█████████████     ▏  14 GB/ 19 GB  118 MB/s     45s[K[?25h[?2026l[?2026h[?25l[A[1Gpulling manifest [K
pulling eabc98a9bcbf:  73% ▕█████████████     ▏  14 GB/ 19 GB  118 MB/s     45s[K[?25h[?2026l[?2026h[?25l[A[1Gpulling manifest [K
pulling eabc98a9bcbf:  73% ▕█████████████     ▏  14 GB/ 19 GB  118 MB/s     45s[K[?25h[?2026l[?2026h[?25l[A[1Gpulling manifest [K
pulling eabc98a9bcbf:  73% ▕█████████████     ▏  14 GB/ 19 GB  118 MB/s     45s[K[?25h[?2026l[?2026h[?25l[A[1Gpulling manifest [K
pulling eabc98a9bcbf:  73% ▕█████████████     ▏  14 GB/ 19 GB  118 MB/s     45s[K[?25h[?2026l[?2026h[?25l[A[1Gpulling manifest [K
pulling eabc98a9bcbf:  73% ▕█████████████     ▏  14 GB/ 19 GB  118 MB/s     45s[K[?25h[?2026l[?2026h[?25l[A[1Gpulling manifest [K
pulling eabc98a9bcbf:  73% ▕█████████████     ▏  14 GB/ 19 GB  118 MB/s     45s[K[?25h[?2026l[?2026h[?25l[A[1Gpulling manifest [K
pulling eabc98a9bcbf:  73% ▕█████████████     ▏  14 GB/ 19 GB  118 MB/s     45s[K[?25h[?2026l[?2026h[?25l[A[1Gpulling manifest [K
pulling eabc98a9bcbf:  73% ▕█████████████     ▏  14 GB/ 19 GB  118 MB/s     44s[K[?25h[?2026l[?2026h[?25l[A[1Gpulling manifest [K
pulling eabc98a9bcbf:  73% ▕█████████████     ▏  14 GB/ 19 GB  118 MB/s     44s[K[?25h[?2026l[?2026h[?25l[A[1Gpulling manifest [K
pulling eabc98a9bcbf:  73% ▕█████████████     ▏  14 GB/ 19 GB  118 MB/s     44s[K[?25h[?2026l[?2026h[?25l[A[1Gpulling manifest [K
pulling eabc98a9bcbf:  73% ▕█████████████     ▏  14 GB/ 19 GB  118 MB/s     44s[K[?25h[?2026l[?2026h[?25l[A[1Gpulling manifest [K
pulling eabc98a9bcbf:  73% ▕█████████████     ▏  14 GB/ 19 GB  118 MB/s     44s[K[?25h[?2026l[?2026h[?25l[A[1Gpulling manifest [K
pulling eabc98a9bcbf:  73% ▕█████████████     ▏  14 GB/ 19 GB  118 MB/s     44s[K[?25h[?2026l[?2026h[?25l[A[1Gpulling manifest [K
pulling eabc98a9bcbf:  73% ▕█████████████     ▏  14 GB/ 19 GB  118 MB/s     44s[K[?25h[?2026l[?2026h[?25l[A[1Gpulling manifest [K
pulling eabc98a9bcbf:  73% ▕█████████████     ▏  14 GB/ 19 GB  118 MB/s     44s[K[?25h[?2026l[?2026h[?25l[A[1Gpulling manifest [K
pulling eabc98a9bcbf:  74% ▕█████████████     ▏  14 GB/ 19 GB  118 MB/s     44s[K[?25h[?2026l[?2026h[?25l[A[1Gpulling manifest [K
pulling eabc98a9bcbf:  74% ▕█████████████     ▏  14 GB/ 19 GB  118 MB/s     44s[K[?25h[?2026l[?2026h[?25l[A[1Gpulling manifest [K
pulling eabc98a9bcbf:  74% ▕█████████████     ▏  14 GB/ 19 GB  118 MB/s     43s[K[?25h[?2026l[?2026h[?25l[A[1Gpulling manifest [K
pulling eabc98a9bcbf:  74% ▕█████████████     ▏  14 GB/ 19 GB  118 MB/s     43s[K[?25h[?2026l[?2026h[?25l[A[1Gpulling manifest [K
pulling eabc98a9bcbf:  74% ▕█████████████     ▏  14 GB/ 19 GB  118 MB/s     43s[K[?25h[?2026l[?2026h[?25l[A[1Gpulling manifest [K
pulling eabc98a9bcbf:  74% ▕█████████████     ▏  14 GB/ 19 GB  118 MB/s     43s[K[?25h[?2026l[?2026h[?25l[A[1Gpulling manifest [K
pulling eabc98a9bcbf:  74% ▕█████████████     ▏  14 GB/ 19 GB  118 MB/s     43s[K[?25h[?2026l[?2026h[?25l[A[1Gpulling manifest [K
pulling eabc98a9bcbf:  74% ▕█████████████     ▏  14 GB/ 19 GB  118 MB/s     43s[K[?25h[?2026l[?2026h[?25l[A[1Gpulling manifest [K
pulling eabc98a9bcbf:  74% ▕█████████████     ▏  14 GB/ 19 GB  118 MB/s     43s[K[?25h[?2026l[?2026h[?25l[A[1Gpulling manifest [K
pulling eabc98a9bcbf:  74% ▕█████████████     ▏  14 GB/ 19 GB  118 MB/s     43s[K[?25h[?2026l[?2026h[?25l[A[1Gpulling manifest [K
pulling eabc98a9bcbf:  74% ▕█████████████     ▏  14 GB/ 19 GB  118 MB/s     43s[K[?25h[?2026l[?2026h[?25l[A[1Gpulling manifest [K
pulling eabc98a9bcbf:  74% ▕█████████████     ▏  14 GB/ 19 GB  118 MB/s     43s[K[?25h[?2026l[?2026h[?25l[A[1Gpulling manifest [K
pulling eabc98a9bcbf:  74% ▕█████████████     ▏  14 GB/ 19 GB  118 MB/s     43s[K[?25h[?2026l[?2026h[?25l[A[1Gpulling manifest [K
pulling eabc98a9bcbf:  74% ▕█████████████     ▏  14 GB/ 19 GB  118 MB/s     42s[K[?25h[?2026l[?2026h[?25l[A[1Gpulling manifest [K
pulling eabc98a9bcbf:  74% ▕█████████████     ▏  14 GB/ 19 GB  118 MB/s     42s[K[?25h[?2026l[?2026h[?25l[A[1Gpulling manifest [K
pulling eabc98a9bcbf:  74% ▕█████████████     ▏  14 GB/ 19 GB  118 MB/s     42s[K[?25h[?2026l[?2026h[?25l[A[1Gpulling manifest [K
pulling eabc98a9bcbf:  74% ▕█████████████     ▏  14 GB/ 19 GB  119 MB/s     42s[K[?25h[?2026l[?2026h[?25l[A[1Gpulling manifest [K
pulling eabc98a9bcbf:  75% ▕█████████████     ▏  14 GB/ 19 GB  119 MB/s     42s[K[?25h[?2026l[?2026h[?25l[A[1Gpulling manifest [K
pulling eabc98a9bcbf:  75% ▕█████████████     ▏  14 GB/ 19 GB  119 MB/s     42s[K[?25h[?2026l[?2026h[?25l[A[1Gpulling manifest [K
pulling eabc98a9bcbf:  75% ▕█████████████     ▏  14 GB/ 19 GB  119 MB/s     42s[K[?25h[?2026l[?2026h[?25l[A[1Gpulling manifest [K
pulling eabc98a9bcbf:  75% ▕█████████████     ▏  14 GB/ 19 GB  119 MB/s     42s[K[?25h[?2026l[?2026h[?25l[A[1Gpulling manifest [K
pulling eabc98a9bcbf:  75% ▕█████████████     ▏  14 GB/ 19 GB  119 MB/s     42s[K[?25h[?2026l[?2026h[?25l[A[1Gpulling manifest [K
pulling eabc98a9bcbf:  75% ▕█████████████     ▏  14 GB/ 19 GB  119 MB/s     41s[K[?25h[?2026l[?2026h[?25l[A[1Gpulling manifest [K
pulling eabc98a9bcbf:  75% ▕█████████████     ▏  14 GB/ 19 GB  119 MB/s     41s[K[?25h[?2026l[?2026h[?25l[A[1Gpulling manifest [K
pulling eabc98a9bcbf:  75% ▕█████████████     ▏  14 GB/ 19 GB  119 MB/s     41s[K[?25h[?2026l[?2026h[?25l[A[1Gpulling manifest [K
pulling eabc98a9bcbf:  75% ▕█████████████     ▏  14 GB/ 19 GB  119 MB/s     41s[K[?25h[?2026l[?2026h[?25l[A[1Gpulling manifest [K
pulling eabc98a9bcbf:  75% ▕█████████████     ▏  14 GB/ 19 GB  119 MB/s     41s[K[?25h[?2026l[?2026h[?25l[A[1Gpulling manifest [K
pulling eabc98a9bcbf:  75% ▕█████████████     ▏  14 GB/ 19 GB  119 MB/s     41s[K[?25h[?2026l[?2026h[?25l[A[1Gpulling manifest [K
pulling eabc98a9bcbf:  75% ▕█████████████     ▏  14 GB/ 19 GB  119 MB/s     41s[K[?25h[?2026l[?2026h[?25l[A[1Gpulling manifest [K
pulling eabc98a9bcbf:  75% ▕█████████████     ▏  14 GB/ 19 GB  119 MB/s     41s[K[?25h[?2026l[?2026h[?25l[A[1Gpulling manifest [K
pulling eabc98a9bcbf:  75% ▕█████████████     ▏  14 GB/ 19 GB  119 MB/s     41s[K[?25h[?2026l[?2026h[?25l[A[1Gpulling manifest [K
pulling eabc98a9bcbf:  75% ▕█████████████     ▏  14 GB/ 19 GB  119 MB/s     41s[K[?25h[?2026l[?2026h[?25l[A[1Gpulling manifest [K
pulling eabc98a9bcbf:  75% ▕█████████████     ▏  14 GB/ 19 GB  119 MB/s     40s[K[?25h[?2026l[?2026h[?25l[A[1Gpulling manifest [K
pulling eabc98a9bcbf:  75% ▕█████████████     ▏  14 GB/ 19 GB  119 MB/s     40s[K[?25h[?2026l[?2026h[?25l[A[1Gpulling manifest [K
pulling eabc98a9bcbf:  76% ▕█████████████     ▏  14 GB/ 19 GB  119 MB/s     40s[K[?25h[?2026l[?2026h[?25l[A[1Gpulling manifest [K
pulling eabc98a9bcbf:  76% ▕█████████████     ▏  15 GB/ 19 GB  119 MB/s     40s[K[?25h[?2026l[?2026h[?25l[A[1Gpulling manifest [K
pulling eabc98a9bcbf:  76% ▕█████████████     ▏  15 GB/ 19 GB  118 MB/s     40s[K[?25h[?2026l[?2026h[?25l[A[1Gpulling manifest [K
pulling eabc98a9bcbf:  76% ▕█████████████     ▏  15 GB/ 19 GB  118 MB/s     40s[K[?25h[?2026l[?2026h[?25l[A[1Gpulling manifest [K
pulling eabc98a9bcbf:  76% ▕█████████████     ▏  15 GB/ 19 GB  118 MB/s     40s[K[?25h[?2026l[?2026h[?25l[A[1Gpulling manifest [K
pulling eabc98a9bcbf:  76% ▕█████████████     ▏  15 GB/ 19 GB  118 MB/s     40s[K[?25h[?2026l[?2026h[?25l[A[1Gpulling manifest [K
pulling eabc98a9bcbf:  76% ▕█████████████     ▏  15 GB/ 19 GB  118 MB/s     40s[K[?25h[?2026l[?2026h[?25l[A[1Gpulling manifest [K
pulling eabc98a9bcbf:  76% ▕█████████████     ▏  15 GB/ 19 GB  118 MB/s     40s[K[?25h[?2026l[?2026h[?25l[A[1Gpulling manifest [K
pulling eabc98a9bcbf:  76% ▕█████████████     ▏  15 GB/ 19 GB  118 MB/s     39s[K[?25h[?2026l[?2026h[?25l[A[1Gpulling manifest [K
pulling eabc98a9bcbf:  76% ▕█████████████     ▏  15 GB/ 19 GB  118 MB/s     39s[K[?25h[?2026l[?2026h[?25l[A[1Gpulling manifest [K
pulling eabc98a9bcbf:  76% ▕█████████████     ▏  15 GB/ 19 GB  118 MB/s     39s[K[?25h[?2026l[?2026h[?25l[A[1Gpulling manifest [K
pulling eabc98a9bcbf:  76% ▕█████████████     ▏  15 GB/ 19 GB  118 MB/s     39s[K[?25h[?2026l[?2026h[?25l[A[1Gpulling manifest [K
pulling eabc98a9bcbf:  76% ▕█████████████     ▏  15 GB/ 19 GB  118 MB/s     39s[K[?25h[?2026l[?2026h[?25l[A[1Gpulling manifest [K
pulling eabc98a9bcbf:  76% ▕█████████████     ▏  15 GB/ 19 GB  118 MB/s     39s[K[?25h[?2026l[?2026h[?25l[A[1Gpulling manifest [K
pulling eabc98a9bcbf:  76% ▕█████████████     ▏  15 GB/ 19 GB  118 MB/s     39s[K[?25h[?2026l[?2026h[?25l[A[1Gpulling manifest [K
pulling eabc98a9bcbf:  76% ▕█████████████     ▏  15 GB/ 19 GB  118 MB/s     39s[K[?25h[?2026l[?2026h[?25l[A[1Gpulling manifest [K
pulling eabc98a9bcbf:  76% ▕█████████████     ▏  15 GB/ 19 GB  118 MB/s     39s[K[?25h[?2026l[?2026h[?25l[A[1Gpulling manifest [K
pulling eabc98a9bcbf:  77% ▕█████████████     ▏  15 GB/ 19 GB  118 MB/s     39s[K[?25h[?2026l[?2026h[?25l[A[1Gpulling manifest [K
pulling eabc98a9bcbf:  77% ▕█████████████     ▏  15 GB/ 19 GB  118 MB/s     39s[K[?25h[?2026l[?2026h[?25l[A[1Gpulling manifest [K
pulling eabc98a9bcbf:  77% ▕█████████████     ▏  15 GB/ 19 GB  118 MB/s     38s[K[?25h[?2026l[?2026h[?25l[A[1Gpulling manifest [K
pulling eabc98a9bcbf:  77% ▕█████████████     ▏  15 GB/ 19 GB  118 MB/s     38s[K[?25h[?2026l[?2026h[?25l[A[1Gpulling manifest [K
pulling eabc98a9bcbf:  77% ▕█████████████     ▏  15 GB/ 19 GB  118 MB/s     38s[K[?25h[?2026l[?2026h[?25l[A[1Gpulling manifest [K
pulling eabc98a9bcbf:  77% ▕█████████████     ▏  15 GB/ 19 GB  118 MB/s     38s[K[?25h[?2026l[?2026h[?25l[A[1Gpulling manifest [K
pulling eabc98a9bcbf:  77% ▕█████████████     ▏  15 GB/ 19 GB  119 MB/s     38s[K[?25h[?2026l[?2026h[?25l[A[1Gpulling manifest [K
pulling eabc98a9bcbf:  77% ▕█████████████     ▏  15 GB/ 19 GB  119 MB/s     38s[K[?25h[?2026l[?2026h[?25l[A[1Gpulling manifest [K
pulling eabc98a9bcbf:  77% ▕█████████████     ▏  15 GB/ 19 GB  119 MB/s     38s[K[?25h[?2026l[?2026h[?25l[A[1Gpulling manifest [K
pulling eabc98a9bcbf:  77% ▕█████████████     ▏  15 GB/ 19 GB  119 MB/s     38s[K[?25h[?2026l[?2026h[?25l[A[1Gpulling manifest [K
pulling eabc98a9bcbf:  77% ▕█████████████     ▏  15 GB/ 19 GB  119 MB/s     38s[K[?25h[?2026l[?2026h[?25l[A[1Gpulling manifest [K
pulling eabc98a9bcbf:  77% ▕█████████████     ▏  15 GB/ 19 GB  119 MB/s     38s[K[?25h[?2026l[?2026h[?25l[A[1Gpulling manifest [K
pulling eabc98a9bcbf:  77% ▕█████████████     ▏  15 GB/ 19 GB  119 MB/s     37s[K[?25h[?2026l[?2026h[?25l[A[1Gpulling manifest [K
pulling eabc98a9bcbf:  77% ▕█████████████     ▏  15 GB/ 19 GB  119 MB/s     37s[K[?25h[?2026l[?2026h[?25l[A[1Gpulling manifest [K
pulling eabc98a9bcbf:  77% ▕█████████████     ▏  15 GB/ 19 GB  119 MB/s     37s[K[?25h[?2026l[?2026h[?25l[A[1Gpulling manifest [K
pulling eabc98a9bcbf:  77% ▕█████████████     ▏  15 GB/ 19 GB  119 MB/s     37s[K[?25h[?2026l[?2026h[?25l[A[1Gpulling manifest [K
pulling eabc98a9bcbf:  77% ▕█████████████     ▏  15 GB/ 19 GB  119 MB/s     37s[K[?25h[?2026l[?2026h[?25l[A[1Gpulling manifest [K
pulling eabc98a9bcbf:  78% ▕█████████████     ▏  15 GB/ 19 GB  119 MB/s     37s[K[?25h[?2026l[?2026h[?25l[A[1Gpulling manifest [K
pulling eabc98a9bcbf:  78% ▕█████████████     ▏  15 GB/ 19 GB  119 MB/s     37s[K[?25h[?2026l[?2026h[?25l[A[1Gpulling manifest [K
pulling eabc98a9bcbf:  78% ▕█████████████     ▏  15 GB/ 19 GB  119 MB/s     37s[K[?25h[?2026l[?2026h[?25l[A[1Gpulling manifest [K
pulling eabc98a9bcbf:  78% ▕█████████████     ▏  15 GB/ 19 GB  119 MB/s     37s[K[?25h[?2026l[?2026h[?25l[A[1Gpulling manifest [K
pulling eabc98a9bcbf:  78% ▕██████████████    ▏  15 GB/ 19 GB  119 MB/s     36s[K[?25h[?2026l[?2026h[?25l[A[1Gpulling manifest [K
pulling eabc98a9bcbf:  78% ▕██████████████    ▏  15 GB/ 19 GB  119 MB/s     36s[K[?25h[?2026l[?2026h[?25l[A[1Gpulling manifest [K
pulling eabc98a9bcbf:  78% ▕██████████████    ▏  15 GB/ 19 GB  119 MB/s     36s[K[?25h[?2026l[?2026h[?25l[A[1Gpulling manifest [K
pulling eabc98a9bcbf:  78% ▕██████████████    ▏  15 GB/ 19 GB  119 MB/s     36s[K[?25h[?2026l[?2026h[?25l[A[1Gpulling manifest [K
pulling eabc98a9bcbf:  78% ▕██████████████    ▏  15 GB/ 19 GB  119 MB/s     36s[K[?25h[?2026l[?2026h[?25l[A[1Gpulling manifest [K
pulling eabc98a9bcbf:  78% ▕██████████████    ▏  15 GB/ 19 GB  119 MB/s     36s[K[?25h[?2026l[?2026h[?25l[A[1Gpulling manifest [K
pulling eabc98a9bcbf:  78% ▕██████████████    ▏  15 GB/ 19 GB  119 MB/s     36s[K[?25h[?2026l[?2026h[?25l[A[1Gpulling manifest [K
pulling eabc98a9bcbf:  78% ▕██████████████    ▏  15 GB/ 19 GB  119 MB/s     36s[K[?25h[?2026l[?2026h[?25l[A[1Gpulling manifest [K
pulling eabc98a9bcbf:  78% ▕██████████████    ▏  15 GB/ 19 GB  119 MB/s     36s[K[?25h[?2026l[?2026h[?25l[A[1Gpulling manifest [K
pulling eabc98a9bcbf:  78% ▕██████████████    ▏  15 GB/ 19 GB  119 MB/s     36s[K[?25h[?2026l[?2026h[?25l[A[1Gpulling manifest [K
pulling eabc98a9bcbf:  78% ▕██████████████    ▏  15 GB/ 19 GB  119 MB/s     35s[K[?25h[?2026l[?2026h[?25l[A[1Gpulling manifest [K
pulling eabc98a9bcbf:  78% ▕██████████████    ▏  15 GB/ 19 GB  119 MB/s     35s[K[?25h[?2026l[?2026h[?25l[A[1Gpulling manifest [K
pulling eabc98a9bcbf:  79% ▕██████████████    ▏  15 GB/ 19 GB  119 MB/s     35s[K[?25h[?2026l[?2026h[?25l[A[1Gpulling manifest [K
pulling eabc98a9bcbf:  79% ▕██████████████    ▏  15 GB/ 19 GB  119 MB/s     35s[K[?25h[?2026l[?2026h[?25l[A[1Gpulling manifest [K
pulling eabc98a9bcbf:  79% ▕██████████████    ▏  15 GB/ 19 GB  119 MB/s     35s[K[?25h[?2026l[?2026h[?25l[A[1Gpulling manifest [K
pulling eabc98a9bcbf:  79% ▕██████████████    ▏  15 GB/ 19 GB  119 MB/s     35s[K[?25h[?2026l[?2026h[?25l[A[1Gpulling manifest [K
pulling eabc98a9bcbf:  79% ▕██████████████    ▏  15 GB/ 19 GB  119 MB/s     35s[K[?25h[?2026l[?2026h[?25l[A[1Gpulling manifest [K
pulling eabc98a9bcbf:  79% ▕██████████████    ▏  15 GB/ 19 GB  119 MB/s     35s[K[?25h[?2026l[?2026h[?25l[A[1Gpulling manifest [K
pulling eabc98a9bcbf:  79% ▕██████████████    ▏  15 GB/ 19 GB  119 MB/s     35s[K[?25h[?2026l[?2026h[?25l[A[1Gpulling manifest [K
pulling eabc98a9bcbf:  79% ▕██████████████    ▏  15 GB/ 19 GB  119 MB/s     35s[K[?25h[?2026l[?2026h[?25l[A[1Gpulling manifest [K
pulling eabc98a9bcbf:  79% ▕██████████████    ▏  15 GB/ 19 GB  119 MB/s     34s[K[?25h[?2026l[?2026h[?25l[A[1Gpulling manifest [K
pulling eabc98a9bcbf:  79% ▕██████████████    ▏  15 GB/ 19 GB  119 MB/s     34s[K[?25h[?2026l[?2026h[?25l[A[1Gpulling manifest [K
pulling eabc98a9bcbf:  79% ▕██████████████    ▏  15 GB/ 19 GB  119 MB/s     34s[K[?25h[?2026l[?2026h[?25l[A[1Gpulling manifest [K
pulling eabc98a9bcbf:  79% ▕██████████████    ▏  15 GB/ 19 GB  119 MB/s     34s[K[?25h[?2026l[?2026h[?25l[A[1Gpulling manifest [K
pulling eabc98a9bcbf:  79% ▕██████████████    ▏  15 GB/ 19 GB  119 MB/s     34s[K[?25h[?2026l[?2026h[?25l[A[1Gpulling manifest [K
pulling eabc98a9bcbf:  79% ▕██████████████    ▏  15 GB/ 19 GB  119 MB/s     34s[K[?25h[?2026l[?2026h[?25l[A[1Gpulling manifest [K
pulling eabc98a9bcbf:  79% ▕██████████████    ▏  15 GB/ 19 GB  119 MB/s     34s[K[?25h[?2026l[?2026h[?25l[A[1Gpulling manifest [K
pulling eabc98a9bcbf:  79% ▕██████████████    ▏  15 GB/ 19 GB  119 MB/s     34s[K[?25h[?2026l[?2026h[?25l[A[1Gpulling manifest [K
pulling eabc98a9bcbf:  79% ▕██████████████    ▏  15 GB/ 19 GB  119 MB/s     34s[K[?25h[?2026l[?2026h[?25l[A[1Gpulling manifest [K
pulling eabc98a9bcbf:  79% ▕██████████████    ▏  15 GB/ 19 GB  119 MB/s     34s[K[?25h[?2026l[?2026h[?25l[A[1Gpulling manifest [K
pulling eabc98a9bcbf:  80% ▕██████████████    ▏  15 GB/ 19 GB  119 MB/s     34s[K[?25h[?2026l[?2026h[?25l[A[1Gpulling manifest [K
pulling eabc98a9bcbf:  80% ▕██████████████    ▏  15 GB/ 19 GB  119 MB/s     33s[K[?25h[?2026l[?2026h[?25l[A[1Gpulling manifest [K
pulling eabc98a9bcbf:  80% ▕██████████████    ▏  15 GB/ 19 GB  119 MB/s     33s[K[?25h[?2026l[?2026h[?25l[A[1Gpulling manifest [K
pulling eabc98a9bcbf:  80% ▕██████████████    ▏  15 GB/ 19 GB  119 MB/s     33s[K[?25h[?2026l[?2026h[?25l[A[1Gpulling manifest [K
pulling eabc98a9bcbf:  80% ▕██████████████    ▏  15 GB/ 19 GB  119 MB/s     33s[K[?25h[?2026l[?2026h[?25l[A[1Gpulling manifest [K
pulling eabc98a9bcbf:  80% ▕██████████████    ▏  15 GB/ 19 GB  119 MB/s     33s[K[?25h[?2026l[?2026h[?25l[A[1Gpulling manifest [K
pulling eabc98a9bcbf:  80% ▕██████████████    ▏  15 GB/ 19 GB  119 MB/s     33s[K[?25h[?2026l[?2026h[?25l[A[1Gpulling manifest [K
pulling eabc98a9bcbf:  80% ▕██████████████    ▏  15 GB/ 19 GB  119 MB/s     33s[K[?25h[?2026l[?2026h[?25l[A[1Gpulling manifest [K
pulling eabc98a9bcbf:  80% ▕██████████████    ▏  15 GB/ 19 GB  119 MB/s     33s[K[?25h[?2026l[?2026h[?25l[A[1Gpulling manifest [K
pulling eabc98a9bcbf:  80% ▕██████████████    ▏  15 GB/ 19 GB  119 MB/s     33s[K[?25h[?2026l[?2026h[?25l[A[1Gpulling manifest [K
pulling eabc98a9bcbf:  80% ▕██████████████    ▏  15 GB/ 19 GB  119 MB/s     33s[K[?25h[?2026l[?2026h[?25l[A[1Gpulling manifest [K
pulling eabc98a9bcbf:  80% ▕██████████████    ▏  15 GB/ 19 GB  119 MB/s     33s[K[?25h[?2026l[?2026h[?25l[A[1Gpulling manifest [K
pulling eabc98a9bcbf:  80% ▕██████████████    ▏  15 GB/ 19 GB  119 MB/s     32s[K[?25h[?2026l[?2026h[?25l[A[1Gpulling manifest [K
pulling eabc98a9bcbf:  80% ▕██████████████    ▏  15 GB/ 19 GB  119 MB/s     32s[K[?25h[?2026l[?2026h[?25l[A[1Gpulling manifest [K
pulling eabc98a9bcbf:  80% ▕██████████████    ▏  15 GB/ 19 GB  119 MB/s     32s[K[?25h[?2026l[?2026h[?25l[A[1Gpulling manifest [K
pulling eabc98a9bcbf:  80% ▕██████████████    ▏  15 GB/ 19 GB  119 MB/s     32s[K[?25h[?2026l[?2026h[?25l[A[1Gpulling manifest [K
pulling eabc98a9bcbf:  80% ▕██████████████    ▏  15 GB/ 19 GB  118 MB/s     32s[K[?25h[?2026l[?2026h[?25l[A[1Gpulling manifest [K
pulling eabc98a9bcbf:  81% ▕██████████████    ▏  15 GB/ 19 GB  118 MB/s     32s[K[?25h[?2026l[?2026h[?25l[A[1Gpulling manifest [K
pulling eabc98a9bcbf:  81% ▕██████████████    ▏  15 GB/ 19 GB  118 MB/s     32s[K[?25h[?2026l[?2026h[?25l[A[1Gpulling manifest [K
pulling eabc98a9bcbf:  81% ▕██████████████    ▏  16 GB/ 19 GB  118 MB/s     32s[K[?25h[?2026l[?2026h[?25l[A[1Gpulling manifest [K
pulling eabc98a9bcbf:  81% ▕██████████████    ▏  16 GB/ 19 GB  118 MB/s     32s[K[?25h[?2026l[?2026h[?25l[A[1Gpulling manifest [K
pulling eabc98a9bcbf:  81% ▕██████████████    ▏  16 GB/ 19 GB  118 MB/s     32s[K[?25h[?2026l[?2026h[?25l[A[1Gpulling manifest [K
pulling eabc98a9bcbf:  81% ▕██████████████    ▏  16 GB/ 19 GB  118 MB/s     32s[K[?25h[?2026l[?2026h[?25l[A[1Gpulling manifest [K
pulling eabc98a9bcbf:  81% ▕██████████████    ▏  16 GB/ 19 GB  118 MB/s     32s[K[?25h[?2026l[?2026h[?25l[A[1Gpulling manifest [K
pulling eabc98a9bcbf:  81% ▕██████████████    ▏  16 GB/ 19 GB  118 MB/s     32s[K[?25h[?2026l[?2026h[?25l[A[1Gpulling manifest [K
pulling eabc98a9bcbf:  81% ▕██████████████    ▏  16 GB/ 19 GB  118 MB/s     31s[K[?25h[?2026l[?2026h[?25l[A[1Gpulling manifest [K
pulling eabc98a9bcbf:  81% ▕██████████████    ▏  16 GB/ 19 GB  117 MB/s     32s[K[?25h[?2026l[?2026h[?25l[A[1Gpulling manifest [K
pulling eabc98a9bcbf:  81% ▕██████████████    ▏  16 GB/ 19 GB  117 MB/s     31s[K[?25h[?2026l[?2026h[?25l[A[1Gpulling manifest [K
pulling eabc98a9bcbf:  81% ▕██████████████    ▏  16 GB/ 19 GB  117 MB/s     31s[K[?25h[?2026l[?2026h[?25l[A[1Gpulling manifest [K
pulling eabc98a9bcbf:  81% ▕██████████████    ▏  16 GB/ 19 GB  117 MB/s     31s[K[?25h[?2026l[?2026h[?25l[A[1Gpulling manifest [K
pulling eabc98a9bcbf:  81% ▕██████████████    ▏  16 GB/ 19 GB  117 MB/s     31s[K[?25h[?2026l[?2026h[?25l[A[1Gpulling manifest [K
pulling eabc98a9bcbf:  81% ▕██████████████    ▏  16 GB/ 19 GB  117 MB/s     31s[K[?25h[?2026l[?2026h[?25l[A[1Gpulling manifest [K
pulling eabc98a9bcbf:  81% ▕██████████████    ▏  16 GB/ 19 GB  117 MB/s     31s[K[?25h[?2026l[?2026h[?25l[A[1Gpulling manifest [K
pulling eabc98a9bcbf:  81% ▕██████████████    ▏  16 GB/ 19 GB  117 MB/s     31s[K[?25h[?2026l[?2026h[?25l[A[1Gpulling manifest [K
pulling eabc98a9bcbf:  81% ▕██████████████    ▏  16 GB/ 19 GB  117 MB/s     31s[K[?25h[?2026l[?2026h[?25l[A[1Gpulling manifest [K
pulling eabc98a9bcbf:  82% ▕██████████████    ▏  16 GB/ 19 GB  117 MB/s     31s[K[?25h[?2026l[?2026h[?25l[A[1Gpulling manifest [K
pulling eabc98a9bcbf:  82% ▕██████████████    ▏  16 GB/ 19 GB  117 MB/s     31s[K[?25h[?2026l[?2026h[?25l[A[1Gpulling manifest [K
pulling eabc98a9bcbf:  82% ▕██████████████    ▏  16 GB/ 19 GB  117 MB/s     31s[K[?25h[?2026l[?2026h[?25l[A[1Gpulling manifest [K
pulling eabc98a9bcbf:  82% ▕██████████████    ▏  16 GB/ 19 GB  117 MB/s     30s[K[?25h[?2026l[?2026h[?25l[A[1Gpulling manifest [K
pulling eabc98a9bcbf:  82% ▕██████████████    ▏  16 GB/ 19 GB  117 MB/s     30s[K[?25h[?2026l[?2026h[?25l[A[1Gpulling manifest [K
pulling eabc98a9bcbf:  82% ▕██████████████    ▏  16 GB/ 19 GB  117 MB/s     30s[K[?25h[?2026l[?2026h[?25l[A[1Gpulling manifest [K
pulling eabc98a9bcbf:  82% ▕██████████████    ▏  16 GB/ 19 GB  117 MB/s     30s[K[?25h[?2026l[?2026h[?25l[A[1Gpulling manifest [K
pulling eabc98a9bcbf:  82% ▕██████████████    ▏  16 GB/ 19 GB  117 MB/s     30s[K[?25h[?2026l[?2026h[?25l[A[1Gpulling manifest [K
pulling eabc98a9bcbf:  82% ▕██████████████    ▏  16 GB/ 19 GB  117 MB/s     30s[K[?25h[?2026l[?2026h[?25l[A[1Gpulling manifest [K
pulling eabc98a9bcbf:  82% ▕██████████████    ▏  16 GB/ 19 GB  117 MB/s     30s[K[?25h[?2026l[?2026h[?25l[A[1Gpulling manifest [K
pulling eabc98a9bcbf:  82% ▕██████████████    ▏  16 GB/ 19 GB  117 MB/s     30s[K[?25h[?2026l[?2026h[?25l[A[1Gpulling manifest [K
pulling eabc98a9bcbf:  82% ▕██████████████    ▏  16 GB/ 19 GB  117 MB/s     30s[K[?25h[?2026l[?2026h[?25l[A[1Gpulling manifest [K
pulling eabc98a9bcbf:  82% ▕██████████████    ▏  16 GB/ 19 GB  117 MB/s     30s[K[?25h[?2026l[?2026h[?25l[A[1Gpulling manifest [K
pulling eabc98a9bcbf:  82% ▕██████████████    ▏  16 GB/ 19 GB  117 MB/s     29s[K[?25h[?2026l[?2026h[?25l[A[1Gpulling manifest [K
pulling eabc98a9bcbf:  82% ▕██████████████    ▏  16 GB/ 19 GB  117 MB/s     29s[K[?25h[?2026l[?2026h[?25l[A[1Gpulling manifest [K
pulling eabc98a9bcbf:  82% ▕██████████████    ▏  16 GB/ 19 GB  117 MB/s     29s[K[?25h[?2026l[?2026h[?25l[A[1Gpulling manifest [K
pulling eabc98a9bcbf:  82% ▕██████████████    ▏  16 GB/ 19 GB  117 MB/s     29s[K[?25h[?2026l[?2026h[?25l[A[1Gpulling manifest [K
pulling eabc98a9bcbf:  83% ▕██████████████    ▏  16 GB/ 19 GB  117 MB/s     29s[K[?25h[?2026l[?2026h[?25l[A[1Gpulling manifest [K
pulling eabc98a9bcbf:  83% ▕██████████████    ▏  16 GB/ 19 GB  117 MB/s     29s[K[?25h[?2026l[?2026h[?25l[A[1Gpulling manifest [K
pulling eabc98a9bcbf:  83% ▕██████████████    ▏  16 GB/ 19 GB  117 MB/s     29s[K[?25h[?2026l[?2026h[?25l[A[1Gpulling manifest [K
pulling eabc98a9bcbf:  83% ▕██████████████    ▏  16 GB/ 19 GB  117 MB/s     29s[K[?25h[?2026l[?2026h[?25l[A[1Gpulling manifest [K
pulling eabc98a9bcbf:  83% ▕██████████████    ▏  16 GB/ 19 GB  117 MB/s     29s[K[?25h[?2026l[?2026h[?25l[A[1Gpulling manifest [K
pulling eabc98a9bcbf:  83% ▕██████████████    ▏  16 GB/ 19 GB  117 MB/s     28s[K[?25h[?2026l[?2026h[?25l[A[1Gpulling manifest [K
pulling eabc98a9bcbf:  83% ▕██████████████    ▏  16 GB/ 19 GB  117 MB/s     28s[K[?25h[?2026l[?2026h[?25l[A[1Gpulling manifest [K
pulling eabc98a9bcbf:  83% ▕██████████████    ▏  16 GB/ 19 GB  117 MB/s     28s[K[?25h[?2026l[?2026h[?25l[A[1Gpulling manifest [K
pulling eabc98a9bcbf:  83% ▕██████████████    ▏  16 GB/ 19 GB  117 MB/s     28s[K[?25h[?2026l[?2026h[?25l[A[1Gpulling manifest [K
pulling eabc98a9bcbf:  83% ▕██████████████    ▏  16 GB/ 19 GB  117 MB/s     28s[K[?25h[?2026l[?2026h[?25l[A[1Gpulling manifest [K
pulling eabc98a9bcbf:  83% ▕██████████████    ▏  16 GB/ 19 GB  117 MB/s     28s[K[?25h[?2026l[?2026h[?25l[A[1Gpulling manifest [K
pulling eabc98a9bcbf:  83% ▕██████████████    ▏  16 GB/ 19 GB  117 MB/s     28s[K[?25h[?2026l[?2026h[?25l[A[1Gpulling manifest [K
pulling eabc98a9bcbf:  83% ▕██████████████    ▏  16 GB/ 19 GB  117 MB/s     28s[K[?25h[?2026l[?2026h[?25l[A[1Gpulling manifest [K
pulling eabc98a9bcbf:  83% ▕██████████████    ▏  16 GB/ 19 GB  117 MB/s     28s[K[?25h[?2026l[?2026h[?25l[A[1Gpulling manifest [K
pulling eabc98a9bcbf:  83% ▕███████████████   ▏  16 GB/ 19 GB  117 MB/s     28s[K[?25h[?2026l[?2026h[?25l[A[1Gpulling manifest [K
pulling eabc98a9bcbf:  83% ▕███████████████   ▏  16 GB/ 19 GB  117 MB/s     28s[K[?25h[?2026l[?2026h[?25l[A[1Gpulling manifest [K
pulling eabc98a9bcbf:  83% ▕███████████████   ▏  16 GB/ 19 GB  117 MB/s     27s[K[?25h[?2026l[?2026h[?25l[A[1Gpulling manifest [K
pulling eabc98a9bcbf:  84% ▕███████████████   ▏  16 GB/ 19 GB  117 MB/s     27s[K[?25h[?2026l[?2026h[?25l[A[1Gpulling manifest [K
pulling eabc98a9bcbf:  84% ▕███████████████   ▏  16 GB/ 19 GB  117 MB/s     27s[K[?25h[?2026l[?2026h[?25l[A[1Gpulling manifest [K
pulling eabc98a9bcbf:  84% ▕███████████████   ▏  16 GB/ 19 GB  117 MB/s     27s[K[?25h[?2026l[?2026h[?25l[A[1Gpulling manifest [K
pulling eabc98a9bcbf:  84% ▕███████████████   ▏  16 GB/ 19 GB  117 MB/s     27s[K[?25h[?2026l[?2026h[?25l[A[1Gpulling manifest [K
pulling eabc98a9bcbf:  84% ▕███████████████   ▏  16 GB/ 19 GB  117 MB/s     27s[K[?25h[?2026l[?2026h[?25l[A[1Gpulling manifest [K
pulling eabc98a9bcbf:  84% ▕███████████████   ▏  16 GB/ 19 GB  117 MB/s     27s[K[?25h[?2026l[?2026h[?25l[A[1Gpulling manifest [K
pulling eabc98a9bcbf:  84% ▕███████████████   ▏  16 GB/ 19 GB  117 MB/s     27s[K[?25h[?2026l[?2026h[?25l[A[1Gpulling manifest [K
pulling eabc98a9bcbf:  84% ▕███████████████   ▏  16 GB/ 19 GB  117 MB/s     27s[K[?25h[?2026l[?2026h[?25l[A[1Gpulling manifest [K
pulling eabc98a9bcbf:  84% ▕███████████████   ▏  16 GB/ 19 GB  117 MB/s     27s[K[?25h[?2026l[?2026h[?25l[A[1Gpulling manifest [K
pulling eabc98a9bcbf:  84% ▕███████████████   ▏  16 GB/ 19 GB  117 MB/s     26s[K[?25h[?2026l[?2026h[?25l[A[1Gpulling manifest [K
pulling eabc98a9bcbf:  84% ▕███████████████   ▏  16 GB/ 19 GB  117 MB/s     26s[K[?25h[?2026l[?2026h[?25l[A[1Gpulling manifest [K
pulling eabc98a9bcbf:  84% ▕███████████████   ▏  16 GB/ 19 GB  117 MB/s     26s[K[?25h[?2026l[?2026h[?25l[A[1Gpulling manifest [K
pulling eabc98a9bcbf:  84% ▕███████████████   ▏  16 GB/ 19 GB  117 MB/s     26s[K[?25h[?2026l[?2026h[?25l[A[1Gpulling manifest [K
pulling eabc98a9bcbf:  84% ▕███████████████   ▏  16 GB/ 19 GB  117 MB/s     26s[K[?25h[?2026l[?2026h[?25l[A[1Gpulling manifest [K
pulling eabc98a9bcbf:  84% ▕███████████████   ▏  16 GB/ 19 GB  117 MB/s     26s[K[?25h[?2026l[?2026h[?25l[A[1Gpulling manifest [K
pulling eabc98a9bcbf:  84% ▕███████████████   ▏  16 GB/ 19 GB  117 MB/s     26s[K[?25h[?2026l[?2026h[?25l[A[1Gpulling manifest [K
pulling eabc98a9bcbf:  84% ▕███████████████   ▏  16 GB/ 19 GB  117 MB/s     26s[K[?25h[?2026l[?2026h[?25l[A[1Gpulling manifest [K
pulling eabc98a9bcbf:  85% ▕███████████████   ▏  16 GB/ 19 GB  117 MB/s     26s[K[?25h[?2026l[?2026h[?25l[A[1Gpulling manifest [K
pulling eabc98a9bcbf:  85% ▕███████████████   ▏  16 GB/ 19 GB  117 MB/s     26s[K[?25h[?2026l[?2026h[?25l[A[1Gpulling manifest [K
pulling eabc98a9bcbf:  85% ▕███████████████   ▏  16 GB/ 19 GB  117 MB/s     26s[K[?25h[?2026l[?2026h[?25l[A[1Gpulling manifest [K
pulling eabc98a9bcbf:  85% ▕███████████████   ▏  16 GB/ 19 GB  117 MB/s     25s[K[?25h[?2026l[?2026h[?25l[A[1Gpulling manifest [K
pulling eabc98a9bcbf:  85% ▕███████████████   ▏  16 GB/ 19 GB  117 MB/s     25s[K[?25h[?2026l[?2026h[?25l[A[1Gpulling manifest [K
pulling eabc98a9bcbf:  85% ▕███████████████   ▏  16 GB/ 19 GB  117 MB/s     25s[K[?25h[?2026l[?2026h[?25l[A[1Gpulling manifest [K
pulling eabc98a9bcbf:  85% ▕███████████████   ▏  16 GB/ 19 GB  117 MB/s     25s[K[?25h[?2026l[?2026h[?25l[A[1Gpulling manifest [K
pulling eabc98a9bcbf:  85% ▕███████████████   ▏  16 GB/ 19 GB  117 MB/s     25s[K[?25h[?2026l[?2026h[?25l[A[1Gpulling manifest [K
pulling eabc98a9bcbf:  85% ▕███████████████   ▏  16 GB/ 19 GB  117 MB/s     25s[K[?25h[?2026l[?2026h[?25l[A[1Gpulling manifest [K
pulling eabc98a9bcbf:  85% ▕███████████████   ▏  16 GB/ 19 GB  117 MB/s     25s[K[?25h[?2026l[?2026h[?25l[A[1Gpulling manifest [K
pulling eabc98a9bcbf:  85% ▕███████████████   ▏  16 GB/ 19 GB  117 MB/s     25s[K[?25h[?2026l[?2026h[?25l[A[1Gpulling manifest [K
pulling eabc98a9bcbf:  85% ▕███████████████   ▏  16 GB/ 19 GB  117 MB/s     25s[K[?25h[?2026l[?2026h[?25l[A[1Gpulling manifest [K
pulling eabc98a9bcbf:  85% ▕███████████████   ▏  16 GB/ 19 GB  117 MB/s     25s[K[?25h[?2026l[?2026h[?25l[A[1Gpulling manifest [K
pulling eabc98a9bcbf:  85% ▕███████████████   ▏  16 GB/ 19 GB  117 MB/s     24s[K[?25h[?2026l[?2026h[?25l[A[1Gpulling manifest [K
pulling eabc98a9bcbf:  85% ▕███████████████   ▏  16 GB/ 19 GB  117 MB/s     24s[K[?25h[?2026l[?2026h[?25l[A[1Gpulling manifest [K
pulling eabc98a9bcbf:  85% ▕███████████████   ▏  16 GB/ 19 GB  117 MB/s     24s[K[?25h[?2026l[?2026h[?25l[A[1Gpulling manifest [K
pulling eabc98a9bcbf:  85% ▕███████████████   ▏  16 GB/ 19 GB  117 MB/s     24s[K[?25h[?2026l[?2026h[?25l[A[1Gpulling manifest [K
pulling eabc98a9bcbf:  86% ▕███████████████   ▏  16 GB/ 19 GB  117 MB/s     24s[K[?25h[?2026l[?2026h[?25l[A[1Gpulling manifest [K
pulling eabc98a9bcbf:  86% ▕███████████████   ▏  16 GB/ 19 GB  117 MB/s     24s[K[?25h[?2026l[?2026h[?25l[A[1Gpulling manifest [K
pulling eabc98a9bcbf:  86% ▕███████████████   ▏  17 GB/ 19 GB  117 MB/s     24s[K[?25h[?2026l[?2026h[?25l[A[1Gpulling manifest [K
pulling eabc98a9bcbf:  86% ▕███████████████   ▏  17 GB/ 19 GB  117 MB/s     24s[K[?25h[?2026l[?2026h[?25l[A[1Gpulling manifest [K
pulling eabc98a9bcbf:  86% ▕███████████████   ▏  17 GB/ 19 GB  117 MB/s     24s[K[?25h[?2026l[?2026h[?25l[A[1Gpulling manifest [K
pulling eabc98a9bcbf:  86% ▕███████████████   ▏  17 GB/ 19 GB  118 MB/s     23s[K[?25h[?2026l[?2026h[?25l[A[1Gpulling manifest [K
pulling eabc98a9bcbf:  86% ▕███████████████   ▏  17 GB/ 19 GB  118 MB/s     23s[K[?25h[?2026l[?2026h[?25l[A[1Gpulling manifest [K
pulling eabc98a9bcbf:  86% ▕███████████████   ▏  17 GB/ 19 GB  118 MB/s     23s[K[?25h[?2026l[?2026h[?25l[A[1Gpulling manifest [K
pulling eabc98a9bcbf:  86% ▕███████████████   ▏  17 GB/ 19 GB  118 MB/s     23s[K[?25h[?2026l[?2026h[?25l[A[1Gpulling manifest [K
pulling eabc98a9bcbf:  86% ▕███████████████   ▏  17 GB/ 19 GB  118 MB/s     23s[K[?25h[?2026l[?2026h[?25l[A[1Gpulling manifest [K
pulling eabc98a9bcbf:  86% ▕███████████████   ▏  17 GB/ 19 GB  118 MB/s     23s[K[?25h[?2026l[?2026h[?25l[A[1Gpulling manifest [K
pulling eabc98a9bcbf:  86% ▕███████████████   ▏  17 GB/ 19 GB  118 MB/s     23s[K[?25h[?2026l[?2026h[?25l[A[1Gpulling manifest [K
pulling eabc98a9bcbf:  86% ▕███████████████   ▏  17 GB/ 19 GB  118 MB/s     23s[K[?25h[?2026l[?2026h[?25l[A[1Gpulling manifest [K
pulling eabc98a9bcbf:  86% ▕███████████████   ▏  17 GB/ 19 GB  118 MB/s     23s[K[?25h[?2026l[?2026h[?25l[A[1Gpulling manifest [K
pulling eabc98a9bcbf:  86% ▕███████████████   ▏  17 GB/ 19 GB  118 MB/s     22s[K[?25h[?2026l[?2026h[?25l[A[1Gpulling manifest [K
pulling eabc98a9bcbf:  86% ▕███████████████   ▏  17 GB/ 19 GB  118 MB/s     22s[K[?25h[?2026l[?2026h[?25l[A[1Gpulling manifest [K
pulling eabc98a9bcbf:  86% ▕███████████████   ▏  17 GB/ 19 GB  118 MB/s     22s[K[?25h[?2026l[?2026h[?25l[A[1Gpulling manifest [K
pulling eabc98a9bcbf:  87% ▕███████████████   ▏  17 GB/ 19 GB  118 MB/s     22s[K[?25h[?2026l[?2026h[?25l[A[1Gpulling manifest [K
pulling eabc98a9bcbf:  87% ▕███████████████   ▏  17 GB/ 19 GB  118 MB/s     22s[K[?25h[?2026l[?2026h[?25l[A[1Gpulling manifest [K
pulling eabc98a9bcbf:  87% ▕███████████████   ▏  17 GB/ 19 GB  118 MB/s     22s[K[?25h[?2026l[?2026h[?25l[A[1Gpulling manifest [K
pulling eabc98a9bcbf:  87% ▕███████████████   ▏  17 GB/ 19 GB  118 MB/s     22s[K[?25h[?2026l[?2026h[?25l[A[1Gpulling manifest [K
pulling eabc98a9bcbf:  87% ▕███████████████   ▏  17 GB/ 19 GB  118 MB/s     22s[K[?25h[?2026l[?2026h[?25l[A[1Gpulling manifest [K
pulling eabc98a9bcbf:  87% ▕███████████████   ▏  17 GB/ 19 GB  118 MB/s     22s[K[?25h[?2026l[?2026h[?25l[A[1Gpulling manifest [K
pulling eabc98a9bcbf:  87% ▕███████████████   ▏  17 GB/ 19 GB  118 MB/s     21s[K[?25h[?2026l[?2026h[?25l[A[1Gpulling manifest [K
pulling eabc98a9bcbf:  87% ▕███████████████   ▏  17 GB/ 19 GB  118 MB/s     21s[K[?25h[?2026l[?2026h[?25l[A[1Gpulling manifest [K
pulling eabc98a9bcbf:  87% ▕███████████████   ▏  17 GB/ 19 GB  118 MB/s     21s[K[?25h[?2026l[?2026h[?25l[A[1Gpulling manifest [K
pulling eabc98a9bcbf:  87% ▕███████████████   ▏  17 GB/ 19 GB  118 MB/s     21s[K[?25h[?2026l[?2026h[?25l[A[1Gpulling manifest [K
pulling eabc98a9bcbf:  87% ▕███████████████   ▏  17 GB/ 19 GB  118 MB/s     21s[K[?25h[?2026l[?2026h[?25l[A[1Gpulling manifest [K
pulling eabc98a9bcbf:  87% ▕███████████████   ▏  17 GB/ 19 GB  118 MB/s     21s[K[?25h[?2026l[?2026h[?25l[A[1Gpulling manifest [K
pulling eabc98a9bcbf:  87% ▕███████████████   ▏  17 GB/ 19 GB  118 MB/s     21s[K[?25h[?2026l[?2026h[?25l[A[1Gpulling manifest [K
pulling eabc98a9bcbf:  87% ▕███████████████   ▏  17 GB/ 19 GB  118 MB/s     21s[K[?25h[?2026l[?2026h[?25l[A[1Gpulling manifest [K
pulling eabc98a9bcbf:  87% ▕███████████████   ▏  17 GB/ 19 GB  118 MB/s     21s[K[?25h[?2026l[?2026h[?25l[A[1Gpulling manifest [K
pulling eabc98a9bcbf:  87% ▕███████████████   ▏  17 GB/ 19 GB  118 MB/s     21s[K[?25h[?2026l[?2026h[?25l[A[1Gpulling manifest [K
pulling eabc98a9bcbf:  87% ▕███████████████   ▏  17 GB/ 19 GB  118 MB/s     20s[K[?25h[?2026l[?2026h[?25l[A[1Gpulling manifest [K
pulling eabc98a9bcbf:  88% ▕███████████████   ▏  17 GB/ 19 GB  118 MB/s     20s[K[?25h[?2026l[?2026h[?25l[A[1Gpulling manifest [K
pulling eabc98a9bcbf:  88% ▕███████████████   ▏  17 GB/ 19 GB  118 MB/s     20s[K[?25h[?2026l[?2026h[?25l[A[1Gpulling manifest [K
pulling eabc98a9bcbf:  88% ▕███████████████   ▏  17 GB/ 19 GB  118 MB/s     20s[K[?25h[?2026l[?2026h[?25l[A[1Gpulling manifest [K
pulling eabc98a9bcbf:  88% ▕███████████████   ▏  17 GB/ 19 GB  118 MB/s     20s[K[?25h[?2026l[?2026h[?25l[A[1Gpulling manifest [K
pulling eabc98a9bcbf:  88% ▕███████████████   ▏  17 GB/ 19 GB  118 MB/s     20s[K[?25h[?2026l[?2026h[?25l[A[1Gpulling manifest [K
pulling eabc98a9bcbf:  88% ▕███████████████   ▏  17 GB/ 19 GB  118 MB/s     20s[K[?25h[?2026l[?2026h[?25l[A[1Gpulling manifest [K
pulling eabc98a9bcbf:  88% ▕███████████████   ▏  17 GB/ 19 GB  118 MB/s     20s[K[?25h[?2026l[?2026h[?25l[A[1Gpulling manifest [K
pulling eabc98a9bcbf:  88% ▕███████████████   ▏  17 GB/ 19 GB  118 MB/s     20s[K[?25h[?2026l[?2026h[?25l[A[1Gpulling manifest [K
pulling eabc98a9bcbf:  88% ▕███████████████   ▏  17 GB/ 19 GB  118 MB/s     20s[K[?25h[?2026l[?2026h[?25l[A[1Gpulling manifest [K
pulling eabc98a9bcbf:  88% ▕███████████████   ▏  17 GB/ 19 GB  118 MB/s     19s[K[?25h[?2026l[?2026h[?25l[A[1Gpulling manifest [K
pulling eabc98a9bcbf:  88% ▕███████████████   ▏  17 GB/ 19 GB  118 MB/s     19s[K[?25h[?2026l[?2026h[?25l[A[1Gpulling manifest [K
pulling eabc98a9bcbf:  88% ▕███████████████   ▏  17 GB/ 19 GB  118 MB/s     19s[K[?25h[?2026l[?2026h[?25l[A[1Gpulling manifest [K
pulling eabc98a9bcbf:  88% ▕███████████████   ▏  17 GB/ 19 GB  118 MB/s     19s[K[?25h[?2026l[?2026h[?25l[A[1Gpulling manifest [K
pulling eabc98a9bcbf:  88% ▕███████████████   ▏  17 GB/ 19 GB  118 MB/s     19s[K[?25h[?2026l[?2026h[?25l[A[1Gpulling manifest [K
pulling eabc98a9bcbf:  88% ▕███████████████   ▏  17 GB/ 19 GB  118 MB/s     19s[K[?25h[?2026l[?2026h[?25l[A[1Gpulling manifest [K
pulling eabc98a9bcbf:  88% ▕███████████████   ▏  17 GB/ 19 GB  118 MB/s     19s[K[?25h[?2026l[?2026h[?25l[A[1Gpulling manifest [K
pulling eabc98a9bcbf:  88% ▕███████████████   ▏  17 GB/ 19 GB  118 MB/s     19s[K[?25h[?2026l[?2026h[?25l[A[1Gpulling manifest [K
pulling eabc98a9bcbf:  89% ▕███████████████   ▏  17 GB/ 19 GB  118 MB/s     19s[K[?25h[?2026l[?2026h[?25l[A[1Gpulling manifest [K
pulling eabc98a9bcbf:  89% ▕███████████████   ▏  17 GB/ 19 GB  118 MB/s     19s[K[?25h[?2026l[?2026h[?25l[A[1Gpulling manifest [K
pulling eabc98a9bcbf:  89% ▕███████████████   ▏  17 GB/ 19 GB  118 MB/s     18s[K[?25h[?2026l[?2026h[?25l[A[1Gpulling manifest [K
pulling eabc98a9bcbf:  89% ▕███████████████   ▏  17 GB/ 19 GB  118 MB/s     18s[K[?25h[?2026l[?2026h[?25l[A[1Gpulling manifest [K
pulling eabc98a9bcbf:  89% ▕███████████████   ▏  17 GB/ 19 GB  118 MB/s     18s[K[?25h[?2026l[?2026h[?25l[A[1Gpulling manifest [K
pulling eabc98a9bcbf:  89% ▕███████████████   ▏  17 GB/ 19 GB  119 MB/s     18s[K[?25h[?2026l[?2026h[?25l[A[1Gpulling manifest [K
pulling eabc98a9bcbf:  89% ▕███████████████   ▏  17 GB/ 19 GB  119 MB/s     18s[K[?25h[?2026l[?2026h[?25l[A[1Gpulling manifest [K
pulling eabc98a9bcbf:  89% ▕████████████████  ▏  17 GB/ 19 GB  119 MB/s     18s[K[?25h[?2026l[?2026h[?25l[A[1Gpulling manifest [K
pulling eabc98a9bcbf:  89% ▕████████████████  ▏  17 GB/ 19 GB  119 MB/s     18s[K[?25h[?2026l[?2026h[?25l[A[1Gpulling manifest [K
pulling eabc98a9bcbf:  89% ▕████████████████  ▏  17 GB/ 19 GB  119 MB/s     18s[K[?25h[?2026l[?2026h[?25l[A[1Gpulling manifest [K
pulling eabc98a9bcbf:  89% ▕████████████████  ▏  17 GB/ 19 GB  119 MB/s     18s[K[?25h[?2026l[?2026h[?25l[A[1Gpulling manifest [K
pulling eabc98a9bcbf:  89% ▕████████████████  ▏  17 GB/ 19 GB  119 MB/s     18s[K[?25h[?2026l[?2026h[?25l[A[1Gpulling manifest [K
pulling eabc98a9bcbf:  89% ▕████████████████  ▏  17 GB/ 19 GB  119 MB/s     17s[K[?25h[?2026l[?2026h[?25l[A[1Gpulling manifest [K
pulling eabc98a9bcbf:  89% ▕████████████████  ▏  17 GB/ 19 GB  119 MB/s     17s[K[?25h[?2026l[?2026h[?25l[A[1Gpulling manifest [K
pulling eabc98a9bcbf:  89% ▕████████████████  ▏  17 GB/ 19 GB  119 MB/s     17s[K[?25h[?2026l[?2026h[?25l[A[1Gpulling manifest [K
pulling eabc98a9bcbf:  89% ▕████████████████  ▏  17 GB/ 19 GB  119 MB/s     17s[K[?25h[?2026l[?2026h[?25l[A[1Gpulling manifest [K
pulling eabc98a9bcbf:  89% ▕████████████████  ▏  17 GB/ 19 GB  119 MB/s     17s[K[?25h[?2026l[?2026h[?25l[A[1Gpulling manifest [K
pulling eabc98a9bcbf:  90% ▕████████████████  ▏  17 GB/ 19 GB  119 MB/s     17s[K[?25h[?2026l[?2026h[?25l[A[1Gpulling manifest [K
pulling eabc98a9bcbf:  90% ▕████████████████  ▏  17 GB/ 19 GB  119 MB/s     17s[K[?25h[?2026l[?2026h[?25l[A[1Gpulling manifest [K
pulling eabc98a9bcbf:  90% ▕████████████████  ▏  17 GB/ 19 GB  119 MB/s     17s[K[?25h[?2026l[?2026h[?25l[A[1Gpulling manifest [K
pulling eabc98a9bcbf:  90% ▕████████████████  ▏  17 GB/ 19 GB  119 MB/s     17s[K[?25h[?2026l[?2026h[?25l[A[1Gpulling manifest [K
pulling eabc98a9bcbf:  90% ▕████████████████  ▏  17 GB/ 19 GB  119 MB/s     17s[K[?25h[?2026l[?2026h[?25l[A[1Gpulling manifest [K
pulling eabc98a9bcbf:  90% ▕████████████████  ▏  17 GB/ 19 GB  119 MB/s     16s[K[?25h[?2026l[?2026h[?25l[A[1Gpulling manifest [K
pulling eabc98a9bcbf:  90% ▕████████████████  ▏  17 GB/ 19 GB  119 MB/s     16s[K[?25h[?2026l[?2026h[?25l[A[1Gpulling manifest [K
pulling eabc98a9bcbf:  90% ▕████████████████  ▏  17 GB/ 19 GB  119 MB/s     16s[K[?25h[?2026l[?2026h[?25l[A[1Gpulling manifest [K
pulling eabc98a9bcbf:  90% ▕████████████████  ▏  17 GB/ 19 GB  119 MB/s     16s[K[?25h[?2026l[?2026h[?25l[A[1Gpulling manifest [K
pulling eabc98a9bcbf:  90% ▕████████████████  ▏  17 GB/ 19 GB  119 MB/s     16s[K[?25h[?2026l[?2026h[?25l[A[1Gpulling manifest [K
pulling eabc98a9bcbf:  90% ▕████████████████  ▏  17 GB/ 19 GB  119 MB/s     16s[K[?25h[?2026l[?2026h[?25l[A[1Gpulling manifest [K
pulling eabc98a9bcbf:  90% ▕████████████████  ▏  17 GB/ 19 GB  119 MB/s     16s[K[?25h[?2026l[?2026h[?25l[A[1Gpulling manifest [K
pulling eabc98a9bcbf:  90% ▕████████████████  ▏  17 GB/ 19 GB  119 MB/s     16s[K[?25h[?2026l[?2026h[?25l[A[1Gpulling manifest [K
pulling eabc98a9bcbf:  90% ▕████████████████  ▏  17 GB/ 19 GB  119 MB/s     16s[K[?25h[?2026l[?2026h[?25l[A[1Gpulling manifest [K
pulling eabc98a9bcbf:  90% ▕████████████████  ▏  17 GB/ 19 GB  119 MB/s     16s[K[?25h[?2026l[?2026h[?25l[A[1Gpulling manifest [K
pulling eabc98a9bcbf:  90% ▕████████████████  ▏  17 GB/ 19 GB  119 MB/s     15s[K[?25h[?2026l[?2026h[?25l[A[1Gpulling manifest [K
pulling eabc98a9bcbf:  90% ▕████████████████  ▏  17 GB/ 19 GB  119 MB/s     15s[K[?25h[?2026l[?2026h[?25l[A[1Gpulling manifest [K
pulling eabc98a9bcbf:  91% ▕████████████████  ▏  17 GB/ 19 GB  119 MB/s     15s[K[?25h[?2026l[?2026h[?25l[A[1Gpulling manifest [K
pulling eabc98a9bcbf:  91% ▕████████████████  ▏  17 GB/ 19 GB  119 MB/s     15s[K[?25h[?2026l[?2026h[?25l[A[1Gpulling manifest [K
pulling eabc98a9bcbf:  91% ▕████████████████  ▏  17 GB/ 19 GB  119 MB/s     15s[K[?25h[?2026l[?2026h[?25l[A[1Gpulling manifest [K
pulling eabc98a9bcbf:  91% ▕████████████████  ▏  18 GB/ 19 GB  119 MB/s     15s[K[?25h[?2026l[?2026h[?25l[A[1Gpulling manifest [K
pulling eabc98a9bcbf:  91% ▕████████████████  ▏  18 GB/ 19 GB  119 MB/s     15s[K[?25h[?2026l[?2026h[?25l[A[1Gpulling manifest [K
pulling eabc98a9bcbf:  91% ▕████████████████  ▏  18 GB/ 19 GB  119 MB/s     15s[K[?25h[?2026l[?2026h[?25l[A[1Gpulling manifest [K
pulling eabc98a9bcbf:  91% ▕████████████████  ▏  18 GB/ 19 GB  119 MB/s     15s[K[?25h[?2026l[?2026h[?25l[A[1Gpulling manifest [K
pulling eabc98a9bcbf:  91% ▕████████████████  ▏  18 GB/ 19 GB  119 MB/s     15s[K[?25h[?2026l[?2026h[?25l[A[1Gpulling manifest [K
pulling eabc98a9bcbf:  91% ▕████████████████  ▏  18 GB/ 19 GB  119 MB/s     14s[K[?25h[?2026l[?2026h[?25l[A[1Gpulling manifest [K
pulling eabc98a9bcbf:  91% ▕████████████████  ▏  18 GB/ 19 GB  119 MB/s     14s[K[?25h[?2026l[?2026h[?25l[A[1Gpulling manifest [K
pulling eabc98a9bcbf:  91% ▕████████████████  ▏  18 GB/ 19 GB  119 MB/s     14s[K[?25h[?2026l[?2026h[?25l[A[1Gpulling manifest [K
pulling eabc98a9bcbf:  91% ▕████████████████  ▏  18 GB/ 19 GB  119 MB/s     14s[K[?25h[?2026l[?2026h[?25l[A[1Gpulling manifest [K
pulling eabc98a9bcbf:  91% ▕████████████████  ▏  18 GB/ 19 GB  119 MB/s     14s[K[?25h[?2026l[?2026h[?25l[A[1Gpulling manifest [K
pulling eabc98a9bcbf:  91% ▕████████████████  ▏  18 GB/ 19 GB  119 MB/s     14s[K[?25h[?2026l[?2026h[?25l[A[1Gpulling manifest [K
pulling eabc98a9bcbf:  91% ▕████████████████  ▏  18 GB/ 19 GB  119 MB/s     14s[K[?25h[?2026l[?2026h[?25l[A[1Gpulling manifest [K
pulling eabc98a9bcbf:  91% ▕████████████████  ▏  18 GB/ 19 GB  119 MB/s     14s[K[?25h[?2026l[?2026h[?25l[A[1Gpulling manifest [K
pulling eabc98a9bcbf:  91% ▕████████████████  ▏  18 GB/ 19 GB  119 MB/s     14s[K[?25h[?2026l[?2026h[?25l[A[1Gpulling manifest [K
pulling eabc98a9bcbf:  92% ▕████████████████  ▏  18 GB/ 19 GB  119 MB/s     14s[K[?25h[?2026l[?2026h[?25l[A[1Gpulling manifest [K
pulling eabc98a9bcbf:  92% ▕████████████████  ▏  18 GB/ 19 GB  119 MB/s     13s[K[?25h[?2026l[?2026h[?25l[A[1Gpulling manifest [K
pulling eabc98a9bcbf:  92% ▕████████████████  ▏  18 GB/ 19 GB  119 MB/s     13s[K[?25h[?2026l[?2026h[?25l[A[1Gpulling manifest [K
pulling eabc98a9bcbf:  92% ▕████████████████  ▏  18 GB/ 19 GB  119 MB/s     13s[K[?25h[?2026l[?2026h[?25l[A[1Gpulling manifest [K
pulling eabc98a9bcbf:  92% ▕████████████████  ▏  18 GB/ 19 GB  119 MB/s     13s[K[?25h[?2026l[?2026h[?25l[A[1Gpulling manifest [K
pulling eabc98a9bcbf:  92% ▕████████████████  ▏  18 GB/ 19 GB  119 MB/s     13s[K[?25h[?2026l[?2026h[?25l[A[1Gpulling manifest [K
pulling eabc98a9bcbf:  92% ▕████████████████  ▏  18 GB/ 19 GB  119 MB/s     13s[K[?25h[?2026l[?2026h[?25l[A[1Gpulling manifest [K
pulling eabc98a9bcbf:  92% ▕████████████████  ▏  18 GB/ 19 GB  119 MB/s     13s[K[?25h[?2026l[?2026h[?25l[A[1Gpulling manifest [K
pulling eabc98a9bcbf:  92% ▕████████████████  ▏  18 GB/ 19 GB  119 MB/s     13s[K[?25h[?2026l[?2026h[?25l[A[1Gpulling manifest [K
pulling eabc98a9bcbf:  92% ▕████████████████  ▏  18 GB/ 19 GB  119 MB/s     13s[K[?25h[?2026l[?2026h[?25l[A[1Gpulling manifest [K
pulling eabc98a9bcbf:  92% ▕████████████████  ▏  18 GB/ 19 GB  119 MB/s     13s[K[?25h[?2026l[?2026h[?25l[A[1Gpulling manifest [K
pulling eabc98a9bcbf:  92% ▕████████████████  ▏  18 GB/ 19 GB  119 MB/s     12s[K[?25h[?2026l[?2026h[?25l[A[1Gpulling manifest [K
pulling eabc98a9bcbf:  92% ▕████████████████  ▏  18 GB/ 19 GB  119 MB/s     12s[K[?25h[?2026l[?2026h[?25l[A[1Gpulling manifest [K
pulling eabc98a9bcbf:  92% ▕████████████████  ▏  18 GB/ 19 GB  119 MB/s     12s[K[?25h[?2026l[?2026h[?25l[A[1Gpulling manifest [K
pulling eabc98a9bcbf:  92% ▕████████████████  ▏  18 GB/ 19 GB  119 MB/s     12s[K[?25h[?2026l[?2026h[?25l[A[1Gpulling manifest [K
pulling eabc98a9bcbf:  92% ▕████████████████  ▏  18 GB/ 19 GB  119 MB/s     12s[K[?25h[?2026l[?2026h[?25l[A[1Gpulling manifest [K
pulling eabc98a9bcbf:  92% ▕████████████████  ▏  18 GB/ 19 GB  119 MB/s     12s[K[?25h[?2026l[?2026h[?25l[A[1Gpulling manifest [K
pulling eabc98a9bcbf:  93% ▕████████████████  ▏  18 GB/ 19 GB  119 MB/s     12s[K[?25h[?2026l[?2026h[?25l[A[1Gpulling manifest [K
pulling eabc98a9bcbf:  93% ▕████████████████  ▏  18 GB/ 19 GB  119 MB/s     12s[K[?25h[?2026l[?2026h[?25l[A[1Gpulling manifest [K
pulling eabc98a9bcbf:  93% ▕████████████████  ▏  18 GB/ 19 GB  119 MB/s     12s[K[?25h[?2026l[?2026h[?25l[A[1Gpulling manifest [K
pulling eabc98a9bcbf:  93% ▕████████████████  ▏  18 GB/ 19 GB  119 MB/s     12s[K[?25h[?2026l[?2026h[?25l[A[1Gpulling manifest [K
pulling eabc98a9bcbf:  93% ▕████████████████  ▏  18 GB/ 19 GB  119 MB/s     12s[K[?25h[?2026l[?2026h[?25l[A[1Gpulling manifest [K
pulling eabc98a9bcbf:  93% ▕████████████████  ▏  18 GB/ 19 GB  119 MB/s     11s[K[?25h[?2026l[?2026h[?25l[A[1Gpulling manifest [K
pulling eabc98a9bcbf:  93% ▕████████████████  ▏  18 GB/ 19 GB  119 MB/s     11s[K[?25h[?2026l[?2026h[?25l[A[1Gpulling manifest [K
pulling eabc98a9bcbf:  93% ▕████████████████  ▏  18 GB/ 19 GB  119 MB/s     11s[K[?25h[?2026l[?2026h[?25l[A[1Gpulling manifest [K
pulling eabc98a9bcbf:  93% ▕████████████████  ▏  18 GB/ 19 GB  119 MB/s     11s[K[?25h[?2026l[?2026h[?25l[A[1Gpulling manifest [K
pulling eabc98a9bcbf:  93% ▕████████████████  ▏  18 GB/ 19 GB  119 MB/s     11s[K[?25h[?2026l[?2026h[?25l[A[1Gpulling manifest [K
pulling eabc98a9bcbf:  93% ▕████████████████  ▏  18 GB/ 19 GB  119 MB/s     11s[K[?25h[?2026l[?2026h[?25l[A[1Gpulling manifest [K
pulling eabc98a9bcbf:  93% ▕████████████████  ▏  18 GB/ 19 GB  119 MB/s     11s[K[?25h[?2026l[?2026h[?25l[A[1Gpulling manifest [K
pulling eabc98a9bcbf:  93% ▕████████████████  ▏  18 GB/ 19 GB  119 MB/s     11s[K[?25h[?2026l[?2026h[?25l[A[1Gpulling manifest [K
pulling eabc98a9bcbf:  93% ▕████████████████  ▏  18 GB/ 19 GB  119 MB/s     11s[K[?25h[?2026l[?2026h[?25l[A[1Gpulling manifest [K
pulling eabc98a9bcbf:  93% ▕████████████████  ▏  18 GB/ 19 GB  119 MB/s     11s[K[?25h[?2026l[?2026h[?25l[A[1Gpulling manifest [K
pulling eabc98a9bcbf:  93% ▕████████████████  ▏  18 GB/ 19 GB  119 MB/s     10s[K[?25h[?2026l[?2026h[?25l[A[1Gpulling manifest [K
pulling eabc98a9bcbf:  93% ▕████████████████  ▏  18 GB/ 19 GB  119 MB/s     10s[K[?25h[?2026l[?2026h[?25l[A[1Gpulling manifest [K
pulling eabc98a9bcbf:  94% ▕████████████████  ▏  18 GB/ 19 GB  119 MB/s     10s[K[?25h[?2026l[?2026h[?25l[A[1Gpulling manifest [K
pulling eabc98a9bcbf:  94% ▕████████████████  ▏  18 GB/ 19 GB  119 MB/s     10s[K[?25h[?2026l[?2026h[?25l[A[1Gpulling manifest [K
pulling eabc98a9bcbf:  94% ▕████████████████  ▏  18 GB/ 19 GB  119 MB/s     10s[K[?25h[?2026l[?2026h[?25l[A[1Gpulling manifest [K
pulling eabc98a9bcbf:  94% ▕████████████████  ▏  18 GB/ 19 GB  119 MB/s     10s[K[?25h[?2026l[?2026h[?25l[A[1Gpulling manifest [K
pulling eabc98a9bcbf:  94% ▕████████████████  ▏  18 GB/ 19 GB  119 MB/s     10s[K[?25h[?2026l[?2026h[?25l[A[1Gpulling manifest [K
pulling eabc98a9bcbf:  94% ▕████████████████  ▏  18 GB/ 19 GB  119 MB/s     10s[K[?25h[?2026l[?2026h[?25l[A[1Gpulling manifest [K
pulling eabc98a9bcbf:  94% ▕████████████████  ▏  18 GB/ 19 GB  119 MB/s     10s[K[?25h[?2026l[?2026h[?25l[A[1Gpulling manifest [K
pulling eabc98a9bcbf:  94% ▕████████████████  ▏  18 GB/ 19 GB  119 MB/s     10s[K[?25h[?2026l[?2026h[?25l[A[1Gpulling manifest [K
pulling eabc98a9bcbf:  94% ▕████████████████  ▏  18 GB/ 19 GB  119 MB/s      9s[K[?25h[?2026l[?2026h[?25l[A[1Gpulling manifest [K
pulling eabc98a9bcbf:  94% ▕████████████████  ▏  18 GB/ 19 GB  119 MB/s      9s[K[?25h[?2026l[?2026h[?25l[A[1Gpulling manifest [K
pulling eabc98a9bcbf:  94% ▕████████████████  ▏  18 GB/ 19 GB  119 MB/s      9s[K[?25h[?2026l[?2026h[?25l[A[1Gpulling manifest [K
pulling eabc98a9bcbf:  94% ▕████████████████  ▏  18 GB/ 19 GB  119 MB/s      9s[K[?25h[?2026l[?2026h[?25l[A[1Gpulling manifest [K
pulling eabc98a9bcbf:  94% ▕████████████████  ▏  18 GB/ 19 GB  119 MB/s      9s[K[?25h[?2026l[?2026h[?25l[A[1Gpulling manifest [K
pulling eabc98a9bcbf:  94% ▕████████████████  ▏  18 GB/ 19 GB  119 MB/s      9s[K[?25h[?2026l[?2026h[?25l[A[1Gpulling manifest [K
pulling eabc98a9bcbf:  94% ▕████████████████  ▏  18 GB/ 19 GB  119 MB/s      9s[K[?25h[?2026l[?2026h[?25l[A[1Gpulling manifest [K
pulling eabc98a9bcbf:  94% ▕████████████████  ▏  18 GB/ 19 GB  119 MB/s      9s[K[?25h[?2026l[?2026h[?25l[A[1Gpulling manifest [K
pulling eabc98a9bcbf:  94% ▕█████████████████ ▏  18 GB/ 19 GB  119 MB/s      9s[K[?25h[?2026l[?2026h[?25l[A[1Gpulling manifest [K
pulling eabc98a9bcbf:  95% ▕█████████████████ ▏  18 GB/ 19 GB  119 MB/s      9s[K[?25h[?2026l[?2026h[?25l[A[1Gpulling manifest [K
pulling eabc98a9bcbf:  95% ▕█████████████████ ▏  18 GB/ 19 GB  119 MB/s      8s[K[?25h[?2026l[?2026h[?25l[A[1Gpulling manifest [K
pulling eabc98a9bcbf:  95% ▕█████████████████ ▏  18 GB/ 19 GB  119 MB/s      8s[K[?25h[?2026l[?2026h[?25l[A[1Gpulling manifest [K
pulling eabc98a9bcbf:  95% ▕█████████████████ ▏  18 GB/ 19 GB  119 MB/s      8s[K[?25h[?2026l[?2026h[?25l[A[1Gpulling manifest [K
pulling eabc98a9bcbf:  95% ▕█████████████████ ▏  18 GB/ 19 GB  119 MB/s      8s[K[?25h[?2026l[?2026h[?25l[A[1Gpulling manifest [K
pulling eabc98a9bcbf:  95% ▕█████████████████ ▏  18 GB/ 19 GB  119 MB/s      8s[K[?25h[?2026l[?2026h[?25l[A[1Gpulling manifest [K
pulling eabc98a9bcbf:  95% ▕█████████████████ ▏  18 GB/ 19 GB  119 MB/s      8s[K[?25h[?2026l[?2026h[?25l[A[1Gpulling manifest [K
pulling eabc98a9bcbf:  95% ▕█████████████████ ▏  18 GB/ 19 GB  119 MB/s      8s[K[?25h[?2026l[?2026h[?25l[A[1Gpulling manifest [K
pulling eabc98a9bcbf:  95% ▕█████████████████ ▏  18 GB/ 19 GB  119 MB/s      8s[K[?25h[?2026l[?2026h[?25l[A[1Gpulling manifest [K
pulling eabc98a9bcbf:  95% ▕█████████████████ ▏  18 GB/ 19 GB  119 MB/s      8s[K[?25h[?2026l[?2026h[?25l[A[1Gpulling manifest [K
pulling eabc98a9bcbf:  95% ▕█████████████████ ▏  18 GB/ 19 GB  119 MB/s      8s[K[?25h[?2026l[?2026h[?25l[A[1Gpulling manifest [K
pulling eabc98a9bcbf:  95% ▕█████████████████ ▏  18 GB/ 19 GB  119 MB/s      8s[K[?25h[?2026l[?2026h[?25l[A[1Gpulling manifest [K
pulling eabc98a9bcbf:  95% ▕█████████████████ ▏  18 GB/ 19 GB  119 MB/s      7s[K[?25h[?2026l[?2026h[?25l[A[1Gpulling manifest [K
pulling eabc98a9bcbf:  95% ▕█████████████████ ▏  18 GB/ 19 GB  119 MB/s      7s[K[?25h[?2026l[?2026h[?25l[A[1Gpulling manifest [K
pulling eabc98a9bcbf:  95% ▕█████████████████ ▏  18 GB/ 19 GB  119 MB/s      7s[K[?25h[?2026l[?2026h[?25l[A[1Gpulling manifest [K
pulling eabc98a9bcbf:  95% ▕█████████████████ ▏  18 GB/ 19 GB  119 MB/s      7s[K[?25h[?2026l[?2026h[?25l[A[1Gpulling manifest [K
pulling eabc98a9bcbf:  95% ▕█████████████████ ▏  18 GB/ 19 GB  119 MB/s      7s[K[?25h[?2026l[?2026h[?25l[A[1Gpulling manifest [K
pulling eabc98a9bcbf:  96% ▕█████████████████ ▏  18 GB/ 19 GB  119 MB/s      7s[K[?25h[?2026l[?2026h[?25l[A[1Gpulling manifest [K
pulling eabc98a9bcbf:  96% ▕█████████████████ ▏  18 GB/ 19 GB  119 MB/s      7s[K[?25h[?2026l[?2026h[?25l[A[1Gpulling manifest [K
pulling eabc98a9bcbf:  96% ▕█████████████████ ▏  18 GB/ 19 GB  119 MB/s      7s[K[?25h[?2026l[?2026h[?25l[A[1Gpulling manifest [K
pulling eabc98a9bcbf:  96% ▕█████████████████ ▏  19 GB/ 19 GB  119 MB/s      7s[K[?25h[?2026l[?2026h[?25l[A[1Gpulling manifest [K
pulling eabc98a9bcbf:  96% ▕█████████████████ ▏  19 GB/ 19 GB  119 MB/s      7s[K[?25h[?2026l[?2026h[?25l[A[1Gpulling manifest [K
pulling eabc98a9bcbf:  96% ▕█████████████████ ▏  19 GB/ 19 GB  119 MB/s      6s[K[?25h[?2026l[?2026h[?25l[A[1Gpulling manifest [K
pulling eabc98a9bcbf:  96% ▕█████████████████ ▏  19 GB/ 19 GB  119 MB/s      6s[K[?25h[?2026l[?2026h[?25l[A[1Gpulling manifest [K
pulling eabc98a9bcbf:  96% ▕█████████████████ ▏  19 GB/ 19 GB  119 MB/s      6s[K[?25h[?2026l[?2026h[?25l[A[1Gpulling manifest [K
pulling eabc98a9bcbf:  96% ▕█████████████████ ▏  19 GB/ 19 GB  118 MB/s      6s[K[?25h[?2026l[?2026h[?25l[A[1Gpulling manifest [K
pulling eabc98a9bcbf:  96% ▕█████████████████ ▏  19 GB/ 19 GB  118 MB/s      6s[K[?25h[?2026l[?2026h[?25l[A[1Gpulling manifest [K
pulling eabc98a9bcbf:  96% ▕█████████████████ ▏  19 GB/ 19 GB  118 MB/s      6s[K[?25h[?2026l[?2026h[?25l[A[1Gpulling manifest [K
pulling eabc98a9bcbf:  96% ▕█████████████████ ▏  19 GB/ 19 GB  118 MB/s      6s[K[?25h[?2026l[?2026h[?25l[A[1Gpulling manifest [K
pulling eabc98a9bcbf:  96% ▕█████████████████ ▏  19 GB/ 19 GB  118 MB/s      6s[K[?25h[?2026l[?2026h[?25l[A[1Gpulling manifest [K
pulling eabc98a9bcbf:  96% ▕█████████████████ ▏  19 GB/ 19 GB  118 MB/s      6s[K[?25h[?2026l[?2026h[?25l[A[1Gpulling manifest [K
pulling eabc98a9bcbf:  96% ▕█████████████████ ▏  19 GB/ 19 GB  118 MB/s      6s[K[?25h[?2026l[?2026h[?25l[A[1Gpulling manifest [K
pulling eabc98a9bcbf:  96% ▕█████████████████ ▏  19 GB/ 19 GB  118 MB/s      6s[K[?25h[?2026l[?2026h[?25l[A[1Gpulling manifest [K
pulling eabc98a9bcbf:  96% ▕█████████████████ ▏  19 GB/ 19 GB  118 MB/s      6s[K[?25h[?2026l[?2026h[?25l[A[1Gpulling manifest [K
pulling eabc98a9bcbf:  96% ▕█████████████████ ▏  19 GB/ 19 GB  118 MB/s      6s[K[?25h[?2026l[?2026h[?25l[A[1Gpulling manifest [K
pulling eabc98a9bcbf:  96% ▕█████████████████ ▏  19 GB/ 19 GB  110 MB/s      6s[K[?25h[?2026l[?2026h[?25l[A[1Gpulling manifest [K
pulling eabc98a9bcbf:  96% ▕█████████████████ ▏  19 GB/ 19 GB  110 MB/s      6s[K[?25h[?2026l[?2026h[?25l[A[1Gpulling manifest [K
pulling eabc98a9bcbf:  96% ▕█████████████████ ▏  19 GB/ 19 GB  110 MB/s      6s[K[?25h[?2026l[?2026h[?25l[A[1Gpulling manifest [K
pulling eabc98a9bcbf:  96% ▕█████████████████ ▏  19 GB/ 19 GB  110 MB/s      6s[K[?25h[?2026l[?2026h[?25l[A[1Gpulling manifest [K
pulling eabc98a9bcbf:  96% ▕█████████████████ ▏  19 GB/ 19 GB  110 MB/s      6s[K[?25h[?2026l[?2026h[?25l[A[1Gpulling manifest [K
pulling eabc98a9bcbf:  96% ▕█████████████████ ▏  19 GB/ 19 GB  110 MB/s      6s[K[?25h[?2026l[?2026h[?25l[A[1Gpulling manifest [K
pulling eabc98a9bcbf:  96% ▕█████████████████ ▏  19 GB/ 19 GB  110 MB/s      6s[K[?25h[?2026l[?2026h[?25l[A[1Gpulling manifest [K
pulling eabc98a9bcbf:  96% ▕█████████████████ ▏  19 GB/ 19 GB  110 MB/s      6s[K[?25h[?2026l[?2026h[?25l[A[1Gpulling manifest [K
pulling eabc98a9bcbf:  96% ▕█████████████████ ▏  19 GB/ 19 GB  110 MB/s      6s[K[?25h[?2026l[?2026h[?25l[A[1Gpulling manifest [K
pulling eabc98a9bcbf:  96% ▕█████████████████ ▏  19 GB/ 19 GB  110 MB/s      6s[K[?25h[?2026l[?2026h[?25l[A[1Gpulling manifest [K
pulling eabc98a9bcbf:  96% ▕█████████████████ ▏  19 GB/ 19 GB  110 MB/s      6s[K[?25h[?2026l[?2026h[?25l[A[1Gpulling manifest [K
pulling eabc98a9bcbf:  96% ▕█████████████████ ▏  19 GB/ 19 GB  101 MB/s      7s[K[?25h[?2026l[?2026h[?25l[A[1Gpulling manifest [K
pulling eabc98a9bcbf:  96% ▕█████████████████ ▏  19 GB/ 19 GB  101 MB/s      6s[K[?25h[?2026l[?2026h[?25l[A[1Gpulling manifest [K
pulling eabc98a9bcbf:  96% ▕█████████████████ ▏  19 GB/ 19 GB  101 MB/s      6s[K[?25h[?2026l[?2026h[?25l[A[1Gpulling manifest [K
pulling eabc98a9bcbf:  97% ▕█████████████████ ▏  19 GB/ 19 GB  101 MB/s      6s[K[?25h[?2026l[?2026h[?25l[A[1Gpulling manifest [K
pulling eabc98a9bcbf:  97% ▕█████████████████ ▏  19 GB/ 19 GB  101 MB/s      6s[K[?25h[?2026l[?2026h[?25l[A[1Gpulling manifest [K
pulling eabc98a9bcbf:  97% ▕█████████████████ ▏  19 GB/ 19 GB  101 MB/s      6s[K[?25h[?2026l[?2026h[?25l[A[1Gpulling manifest [K
pulling eabc98a9bcbf:  97% ▕█████████████████ ▏  19 GB/ 19 GB  101 MB/s      6s[K[?25h[?2026l[?2026h[?25l[A[1Gpulling manifest [K
pulling eabc98a9bcbf:  97% ▕█████████████████ ▏  19 GB/ 19 GB  101 MB/s      6s[K[?25h[?2026l[?2026h[?25l[A[1Gpulling manifest [K
pulling eabc98a9bcbf:  97% ▕█████████████████ ▏  19 GB/ 19 GB  101 MB/s      6s[K[?25h[?2026l[?2026h[?25l[A[1Gpulling manifest [K
pulling eabc98a9bcbf:  97% ▕█████████████████ ▏  19 GB/ 19 GB  101 MB/s      6s[K[?25h[?2026l[?2026h[?25l[A[1Gpulling manifest [K
pulling eabc98a9bcbf:  97% ▕█████████████████ ▏  19 GB/ 19 GB   96 MB/s      6s[K[?25h[?2026l[?2026h[?25l[A[1Gpulling manifest [K
pulling eabc98a9bcbf:  97% ▕█████████████████ ▏  19 GB/ 19 GB   96 MB/s      6s[K[?25h[?2026l[?2026h[?25l[A[1Gpulling manifest [K
pulling eabc98a9bcbf:  97% ▕█████████████████ ▏  19 GB/ 19 GB   96 MB/s      6s[K[?25h[?2026l[?2026h[?25l[A[1Gpulling manifest [K
pulling eabc98a9bcbf:  97% ▕█████████████████ ▏  19 GB/ 19 GB   96 MB/s      6s[K[?25h[?2026l[?2026h[?25l[A[1Gpulling manifest [K
pulling eabc98a9bcbf:  97% ▕█████████████████ ▏  19 GB/ 19 GB   96 MB/s      6s[K[?25h[?2026l[?2026h[?25l[A[1Gpulling manifest [K
pulling eabc98a9bcbf:  97% ▕█████████████████ ▏  19 GB/ 19 GB   96 MB/s      6s[K[?25h[?2026l[?2026h[?25l[A[1Gpulling manifest [K
pulling eabc98a9bcbf:  97% ▕█████████████████ ▏  19 GB/ 19 GB   96 MB/s      6s[K[?25h[?2026l[?2026h[?25l[A[1Gpulling manifest [K
pulling eabc98a9bcbf:  97% ▕█████████████████ ▏  19 GB/ 19 GB   96 MB/s      6s[K[?25h[?2026l[?2026h[?25l[A[1Gpulling manifest [K
pulling eabc98a9bcbf:  97% ▕█████████████████ ▏  19 GB/ 19 GB   96 MB/s      6s[K[?25h[?2026l[?2026h[?25l[A[1Gpulling manifest [K
pulling eabc98a9bcbf:  97% ▕█████████████████ ▏  19 GB/ 19 GB   96 MB/s      6s[K[?25h[?2026l[?2026h[?25l[A[1Gpulling manifest [K
pulling eabc98a9bcbf:  97% ▕█████████████████ ▏  19 GB/ 19 GB   89 MB/s      6s[K[?25h[?2026l[?2026h[?25l[A[1Gpulling manifest [K
pulling eabc98a9bcbf:  97% ▕█████████████████ ▏  19 GB/ 19 GB   89 MB/s      6s[K[?25h[?2026l[?2026h[?25l[A[1Gpulling manifest [K
pulling eabc98a9bcbf:  97% ▕█████████████████ ▏  19 GB/ 19 GB   89 MB/s      6s[K[?25h[?2026l[?2026h[?25l[A[1Gpulling manifest [K
pulling eabc98a9bcbf:  97% ▕█████████████████ ▏  19 GB/ 19 GB   89 MB/s      6s[K[?25h[?2026l[?2026h[?25l[A[1Gpulling manifest [K
pulling eabc98a9bcbf:  97% ▕█████████████████ ▏  19 GB/ 19 GB   89 MB/s      6s[K[?25h[?2026l[?2026h[?25l[A[1Gpulling manifest [K
pulling eabc98a9bcbf:  97% ▕█████████████████ ▏  19 GB/ 19 GB   89 MB/s      6s[K[?25h[?2026l[?2026h[?25l[A[1Gpulling manifest [K
pulling eabc98a9bcbf:  97% ▕█████████████████ ▏  19 GB/ 19 GB   89 MB/s      6s[K[?25h[?2026l[?2026h[?25l[A[1Gpulling manifest [K
pulling eabc98a9bcbf:  97% ▕█████████████████ ▏  19 GB/ 19 GB   89 MB/s      6s[K[?25h[?2026l[?2026h[?25l[A[1Gpulling manifest [K
pulling eabc98a9bcbf:  97% ▕█████████████████ ▏  19 GB/ 19 GB   89 MB/s      6s[K[?25h[?2026l[?2026h[?25l[A[1Gpulling manifest [K
pulling eabc98a9bcbf:  97% ▕█████████████████ ▏  19 GB/ 19 GB   89 MB/s      5s[K[?25h[?2026l[?2026h[?25l[A[1Gpulling manifest [K
pulling eabc98a9bcbf:  97% ▕█████████████████ ▏  19 GB/ 19 GB   82 MB/s      6s[K[?25h[?2026l[?2026h[?25l[A[1Gpulling manifest [K
pulling eabc98a9bcbf:  97% ▕█████████████████ ▏  19 GB/ 19 GB   82 MB/s      6s[K[?25h[?2026l[?2026h[?25l[A[1Gpulling manifest [K
pulling eabc98a9bcbf:  97% ▕█████████████████ ▏  19 GB/ 19 GB   82 MB/s      6s[K[?25h[?2026l[?2026h[?25l[A[1Gpulling manifest [K
pulling eabc98a9bcbf:  97% ▕█████████████████ ▏  19 GB/ 19 GB   82 MB/s      6s[K[?25h[?2026l[?2026h[?25l[A[1Gpulling manifest [K
pulling eabc98a9bcbf:  97% ▕█████████████████ ▏  19 GB/ 19 GB   82 MB/s      6s[K[?25h[?2026l[?2026h[?25l[A[1Gpulling manifest [K
pulling eabc98a9bcbf:  97% ▕█████████████████ ▏  19 GB/ 19 GB   82 MB/s      6s[K[?25h[?2026l[?2026h[?25l[A[1Gpulling manifest [K
pulling eabc98a9bcbf:  98% ▕█████████████████ ▏  19 GB/ 19 GB   82 MB/s      5s[K[?25h[?2026l[?2026h[?25l[A[1Gpulling manifest [K
pulling eabc98a9bcbf:  98% ▕█████████████████ ▏  19 GB/ 19 GB   82 MB/s      5s[K[?25h[?2026l[?2026h[?25l[A[1Gpulling manifest [K
pulling eabc98a9bcbf:  98% ▕█████████████████ ▏  19 GB/ 19 GB   82 MB/s      5s[K[?25h[?2026l[?2026h[?25l[A[1Gpulling manifest [K
pulling eabc98a9bcbf:  98% ▕█████████████████ ▏  19 GB/ 19 GB   82 MB/s      5s[K[?25h[?2026l[?2026h[?25l[A[1Gpulling manifest [K
pulling eabc98a9bcbf:  98% ▕█████████████████ ▏  19 GB/ 19 GB   75 MB/s      6s[K[?25h[?2026l[?2026h[?25l[A[1Gpulling manifest [K
pulling eabc98a9bcbf:  98% ▕█████████████████ ▏  19 GB/ 19 GB   75 MB/s      6s[K[?25h[?2026l[?2026h[?25l[A[1Gpulling manifest [K
pulling eabc98a9bcbf:  98% ▕█████████████████ ▏  19 GB/ 19 GB   75 MB/s      6s[K[?25h[?2026l[?2026h[?25l[A[1Gpulling manifest [K
pulling eabc98a9bcbf:  98% ▕█████████████████ ▏  19 GB/ 19 GB   75 MB/s      6s[K[?25h[?2026l[?2026h[?25l[A[1Gpulling manifest [K
pulling eabc98a9bcbf:  98% ▕█████████████████ ▏  19 GB/ 19 GB   75 MB/s      6s[K[?25h[?2026l[?2026h[?25l[A[1Gpulling manifest [K
pulling eabc98a9bcbf:  98% ▕█████████████████ ▏  19 GB/ 19 GB   75 MB/s      5s[K[?25h[?2026l[?2026h[?25l[A[1Gpulling manifest [K
pulling eabc98a9bcbf:  98% ▕█████████████████ ▏  19 GB/ 19 GB   75 MB/s      5s[K[?25h[?2026l[?2026h[?25l[A[1Gpulling manifest [K
pulling eabc98a9bcbf:  98% ▕█████████████████ ▏  19 GB/ 19 GB   75 MB/s      5s[K[?25h[?2026l[?2026h[?25l[A[1Gpulling manifest [K
pulling eabc98a9bcbf:  98% ▕█████████████████ ▏  19 GB/ 19 GB   75 MB/s      5s[K[?25h[?2026l[?2026h[?25l[A[1Gpulling manifest [K
pulling eabc98a9bcbf:  98% ▕█████████████████ ▏  19 GB/ 19 GB   75 MB/s      5s[K[?25h[?2026l[?2026h[?25l[A[1Gpulling manifest [K
pulling eabc98a9bcbf:  98% ▕█████████████████ ▏  19 GB/ 19 GB   75 MB/s      5s[K[?25h[?2026l[?2026h[?25l[A[1Gpulling manifest [K
pulling eabc98a9bcbf:  98% ▕█████████████████ ▏  19 GB/ 19 GB   66 MB/s      6s[K[?25h[?2026l[?2026h[?25l[A[1Gpulling manifest [K
pulling eabc98a9bcbf:  98% ▕█████████████████ ▏  19 GB/ 19 GB   66 MB/s      6s[K[?25h[?2026l[?2026h[?25l[A[1Gpulling manifest [K
pulling eabc98a9bcbf:  98% ▕█████████████████ ▏  19 GB/ 19 GB   66 MB/s      6s[K[?25h[?2026l[?2026h[?25l[A[1Gpulling manifest [K
pulling eabc98a9bcbf:  98% ▕█████████████████ ▏  19 GB/ 19 GB   66 MB/s      6s[K[?25h[?2026l[?2026h[?25l[A[1Gpulling manifest [K
pulling eabc98a9bcbf:  98% ▕█████████████████ ▏  19 GB/ 19 GB   66 MB/s      6s[K[?25h[?2026l[?2026h[?25l[A[1Gpulling manifest [K
pulling eabc98a9bcbf:  98% ▕█████████████████ ▏  19 GB/ 19 GB   66 MB/s      6s[K[?25h[?2026l[?2026h[?25l[A[1Gpulling manifest [K
pulling eabc98a9bcbf:  98% ▕█████████████████ ▏  19 GB/ 19 GB   66 MB/s      6s[K[?25h[?2026l[?2026h[?25l[A[1Gpulling manifest [K
pulling eabc98a9bcbf:  98% ▕█████████████████ ▏  19 GB/ 19 GB   66 MB/s      5s[K[?25h[?2026l[?2026h[?25l[A[1Gpulling manifest [K
pulling eabc98a9bcbf:  98% ▕█████████████████ ▏  19 GB/ 19 GB   66 MB/s      5s[K[?25h[?2026l[?2026h[?25l[A[1Gpulling manifest [K
pulling eabc98a9bcbf:  98% ▕█████████████████ ▏  19 GB/ 19 GB   66 MB/s      5s[K[?25h[?2026l[?2026h[?25l[A[1Gpulling manifest [K
pulling eabc98a9bcbf:  98% ▕█████████████████ ▏  19 GB/ 19 GB   58 MB/s      6s[K[?25h[?2026l[?2026h[?25l[A[1Gpulling manifest [K
pulling eabc98a9bcbf:  98% ▕█████████████████ ▏  19 GB/ 19 GB   58 MB/s      6s[K[?25h[?2026l[?2026h[?25l[A[1Gpulling manifest [K
pulling eabc98a9bcbf:  98% ▕█████████████████ ▏  19 GB/ 19 GB   58 MB/s      6s[K[?25h[?2026l[?2026h[?25l[A[1Gpulling manifest [K
pulling eabc98a9bcbf:  98% ▕█████████████████ ▏  19 GB/ 19 GB   58 MB/s      6s[K[?25h[?2026l[?2026h[?25l[A[1Gpulling manifest [K
pulling eabc98a9bcbf:  98% ▕█████████████████ ▏  19 GB/ 19 GB   58 MB/s      6s[K[?25h[?2026l[?2026h[?25l[A[1Gpulling manifest [K
pulling eabc98a9bcbf:  98% ▕█████████████████ ▏  19 GB/ 19 GB   58 MB/s      6s[K[?25h[?2026l[?2026h[?25l[A[1Gpulling manifest [K
pulling eabc98a9bcbf:  98% ▕█████████████████ ▏  19 GB/ 19 GB   58 MB/s      5s[K[?25h[?2026l[?2026h[?25l[A[1Gpulling manifest [K
pulling eabc98a9bcbf:  98% ▕█████████████████ ▏  19 GB/ 19 GB   58 MB/s      5s[K[?25h[?2026l[?2026h[?25l[A[1Gpulling manifest [K
pulling eabc98a9bcbf:  98% ▕█████████████████ ▏  19 GB/ 19 GB   58 MB/s      5s[K[?25h[?2026l[?2026h[?25l[A[1Gpulling manifest [K
pulling eabc98a9bcbf:  98% ▕█████████████████ ▏  19 GB/ 19 GB   58 MB/s      5s[K[?25h[?2026l[?2026h[?25l[A[1Gpulling manifest [K
pulling eabc98a9bcbf:  98% ▕█████████████████ ▏  19 GB/ 19 GB   51 MB/s      6s[K[?25h[?2026l[?2026h[?25l[A[1Gpulling manifest [K
pulling eabc98a9bcbf:  98% ▕█████████████████ ▏  19 GB/ 19 GB   51 MB/s      6s[K[?25h[?2026l[?2026h[?25l[A[1Gpulling manifest [K
pulling eabc98a9bcbf:  98% ▕█████████████████ ▏  19 GB/ 19 GB   51 MB/s      6s[K[?25h[?2026l[?2026h[?25l[A[1Gpulling manifest [K
pulling eabc98a9bcbf:  98% ▕█████████████████ ▏  19 GB/ 19 GB   51 MB/s      6s[K[?25h[?2026l[?2026h[?25l[A[1Gpulling manifest [K
pulling eabc98a9bcbf:  98% ▕█████████████████ ▏  19 GB/ 19 GB   51 MB/s      5s[K[?25h[?2026l[?2026h[?25l[A[1Gpulling manifest [K
pulling eabc98a9bcbf:  98% ▕█████████████████ ▏  19 GB/ 19 GB   51 MB/s      5s[K[?25h[?2026l[?2026h[?25l[A[1Gpulling manifest [K
pulling eabc98a9bcbf:  98% ▕█████████████████ ▏  19 GB/ 19 GB   51 MB/s      5s[K[?25h[?2026l[?2026h[?25l[A[1Gpulling manifest [K
pulling eabc98a9bcbf:  99% ▕█████████████████ ▏  19 GB/ 19 GB   51 MB/s      5s[K[?25h[?2026l[?2026h[?25l[A[1Gpulling manifest [K
pulling eabc98a9bcbf:  99% ▕█████████████████ ▏  19 GB/ 19 GB   51 MB/s      5s[K[?25h[?2026l[?2026h[?25l[A[1Gpulling manifest [K
pulling eabc98a9bcbf:  99% ▕█████████████████ ▏  19 GB/ 19 GB   51 MB/s      5s[K[?25h[?2026l[?2026h[?25l[A[1Gpulling manifest [K
pulling eabc98a9bcbf:  99% ▕█████████████████ ▏  19 GB/ 19 GB   51 MB/s      5s[K[?25h[?2026l[?2026h[?25l[A[1Gpulling manifest [K
pulling eabc98a9bcbf:  99% ▕█████████████████ ▏  19 GB/ 19 GB   51 MB/s      5s[K[?25h[?2026l[?2026h[?25l[A[1Gpulling manifest [K
pulling eabc98a9bcbf:  99% ▕█████████████████ ▏  19 GB/ 19 GB   51 MB/s      5s[K[?25h[?2026l[?2026h[?25l[A[1Gpulling manifest [K
pulling eabc98a9bcbf:  99% ▕█████████████████ ▏  19 GB/ 19 GB   51 MB/s      5s[K[?25h[?2026l[?2026h[?25l[A[1Gpulling manifest [K
pulling eabc98a9bcbf:  99% ▕█████████████████ ▏  19 GB/ 19 GB   51 MB/s      5s[K[?25h[?2026l[?2026h[?25l[A[1Gpulling manifest [K
pulling eabc98a9bcbf:  99% ▕█████████████████ ▏  19 GB/ 19 GB   51 MB/s      5s[K[?25h[?2026l[?2026h[?25l[A[1Gpulling manifest [K
pulling eabc98a9bcbf:  99% ▕█████████████████ ▏  19 GB/ 19 GB   51 MB/s      5s[K[?25h[?2026l[?2026h[?25l[A[1Gpulling manifest [K
pulling eabc98a9bcbf:  99% ▕█████████████████ ▏  19 GB/ 19 GB   51 MB/s      5s[K[?25h[?2026l[?2026h[?25l[A[1Gpulling manifest [K
pulling eabc98a9bcbf:  99% ▕█████████████████ ▏  19 GB/ 19 GB   51 MB/s      4s[K[?25h[?2026l[?2026h[?25l[A[1Gpulling manifest [K
pulling eabc98a9bcbf:  99% ▕█████████████████ ▏  19 GB/ 19 GB   51 MB/s      4s[K[?25h[?2026l[?2026h[?25l[A[1Gpulling manifest [K
pulling eabc98a9bcbf:  99% ▕█████████████████ ▏  19 GB/ 19 GB   51 MB/s      4s[K[?25h[?2026l[?2026h[?25l[A[1Gpulling manifest [K
pulling eabc98a9bcbf:  99% ▕█████████████████ ▏  19 GB/ 19 GB   51 MB/s      4s[K[?25h[?2026l[?2026h[?25l[A[1Gpulling manifest [K
pulling eabc98a9bcbf:  99% ▕█████████████████ ▏  19 GB/ 19 GB   51 MB/s      4s[K[?25h[?2026l[?2026h[?25l[A[1Gpulling manifest [K
pulling eabc98a9bcbf:  99% ▕█████████████████ ▏  19 GB/ 19 GB   51 MB/s      4s[K[?25h[?2026l[?2026h[?25l[A[1Gpulling manifest [K
pulling eabc98a9bcbf:  99% ▕█████████████████ ▏  19 GB/ 19 GB   51 MB/s      4s[K[?25h[?2026l[?2026h[?25l[A[1Gpulling manifest [K
pulling eabc98a9bcbf:  99% ▕█████████████████ ▏  19 GB/ 19 GB   51 MB/s      4s[K[?25h[?2026l[?2026h[?25l[A[1Gpulling manifest [K
pulling eabc98a9bcbf:  99% ▕█████████████████ ▏  19 GB/ 19 GB   51 MB/s      4s[K[?25h[?2026l[?2026h[?25l[A[1Gpulling manifest [K
pulling eabc98a9bcbf:  99% ▕█████████████████ ▏  19 GB/ 19 GB   51 MB/s      4s[K[?25h[?2026l[?2026h[?25l[A[1Gpulling manifest [K
pulling eabc98a9bcbf:  99% ▕█████████████████ ▏  19 GB/ 19 GB   51 MB/s      4s[K[?25h[?2026l[?2026h[?25l[A[1Gpulling manifest [K
pulling eabc98a9bcbf:  99% ▕█████████████████ ▏  19 GB/ 19 GB   51 MB/s      4s[K[?25h[?2026l[?2026h[?25l[A[1Gpulling manifest [K
pulling eabc98a9bcbf:  99% ▕█████████████████ ▏  19 GB/ 19 GB   51 MB/s      4s[K[?25h[?2026l[?2026h[?25l[A[1Gpulling manifest [K
pulling eabc98a9bcbf:  99% ▕█████████████████ ▏  19 GB/ 19 GB   47 MB/s      4s[K[?25h[?2026l[?2026h[?25l[A[1Gpulling manifest [K
pulling eabc98a9bcbf:  99% ▕█████████████████ ▏  19 GB/ 19 GB   47 MB/s      4s[K[?25h[?2026l[?2026h[?25l[A[1Gpulling manifest [K
pulling eabc98a9bcbf:  99% ▕█████████████████ ▏  19 GB/ 19 GB   47 MB/s      4s[K[?25h[?2026l[?2026h[?25l[A[1Gpulling manifest [K
pulling eabc98a9bcbf:  99% ▕█████████████████ ▏  19 GB/ 19 GB   47 MB/s      4s[K[?25h[?2026l[?2026h[?25l[A[1Gpulling manifest [K
pulling eabc98a9bcbf:  99% ▕█████████████████ ▏  19 GB/ 19 GB   47 MB/s      3s[K[?25h[?2026l[?2026h[?25l[A[1Gpulling manifest [K
pulling eabc98a9bcbf:  99% ▕█████████████████ ▏  19 GB/ 19 GB   47 MB/s      3s[K[?25h[?2026l[?2026h[?25l[A[1Gpulling manifest [K
pulling eabc98a9bcbf:  99% ▕█████████████████ ▏  19 GB/ 19 GB   47 MB/s      3s[K[?25h[?2026l[?2026h[?25l[A[1Gpulling manifest [K
pulling eabc98a9bcbf:  99% ▕█████████████████ ▏  19 GB/ 19 GB   47 MB/s      3s[K[?25h[?2026l[?2026h[?25l[A[1Gpulling manifest [K
pulling eabc98a9bcbf:  99% ▕█████████████████ ▏  19 GB/ 19 GB   47 MB/s      3s[K[?25h[?2026l[?2026h[?25l[A[1Gpulling manifest [K
pulling eabc98a9bcbf:  99% ▕█████████████████ ▏  19 GB/ 19 GB   47 MB/s      3s[K[?25h[?2026l[?2026h[?25l[A[1Gpulling manifest [K
pulling eabc98a9bcbf:  99% ▕█████████████████ ▏  19 GB/ 19 GB   45 MB/s      3s[K[?25h[?2026l[?2026h[?25l[A[1Gpulling manifest [K
pulling eabc98a9bcbf:  99% ▕█████████████████ ▏  19 GB/ 19 GB   45 MB/s      3s[K[?25h[?2026l[?2026h[?25l[A[1Gpulling manifest [K
pulling eabc98a9bcbf:  99% ▕█████████████████ ▏  19 GB/ 19 GB   45 MB/s      3s[K[?25h[?2026l[?2026h[?25l[A[1Gpulling manifest [K
pulling eabc98a9bcbf:  99% ▕█████████████████ ▏  19 GB/ 19 GB   45 MB/s      3s[K[?25h[?2026l[?2026h[?25l[A[1Gpulling manifest [K
pulling eabc98a9bcbf:  99% ▕█████████████████ ▏  19 GB/ 19 GB   45 MB/s      3s[K[?25h[?2026l[?2026h[?25l[A[1Gpulling manifest [K
pulling eabc98a9bcbf:  99% ▕█████████████████ ▏  19 GB/ 19 GB   45 MB/s      3s[K[?25h[?2026l[?2026h[?25l[A[1Gpulling manifest [K
pulling eabc98a9bcbf:  99% ▕█████████████████ ▏  19 GB/ 19 GB   45 MB/s      3s[K[?25h[?2026l[?2026h[?25l[A[1Gpulling manifest [K
pulling eabc98a9bcbf:  99% ▕█████████████████ ▏  19 GB/ 19 GB   45 MB/s      3s[K[?25h[?2026l[?2026h[?25l[A[1Gpulling manifest [K
pulling eabc98a9bcbf:  99% ▕█████████████████ ▏  19 GB/ 19 GB   45 MB/s      3s[K[?25h[?2026l[?2026h[?25l[A[1Gpulling manifest [K
pulling eabc98a9bcbf:  99% ▕█████████████████ ▏  19 GB/ 19 GB   45 MB/s      3s[K[?25h[?2026l[?2026h[?25l[A[1Gpulling manifest [K
pulling eabc98a9bcbf:  99% ▕█████████████████ ▏  19 GB/ 19 GB   43 MB/s      3s[K[?25h[?2026l[?2026h[?25l[A[1Gpulling manifest [K
pulling eabc98a9bcbf:  99% ▕█████████████████ ▏  19 GB/ 19 GB   43 MB/s      3s[K[?25h[?2026l[?2026h[?25l[A[1Gpulling manifest [K
pulling eabc98a9bcbf:  99% ▕█████████████████ ▏  19 GB/ 19 GB   43 MB/s      2s[K[?25h[?2026l[?2026h[?25l[A[1Gpulling manifest [K
pulling eabc98a9bcbf:  99% ▕█████████████████ ▏  19 GB/ 19 GB   43 MB/s      2s[K[?25h[?2026l[?2026h[?25l[A[1Gpulling manifest [K
pulling eabc98a9bcbf:  99% ▕█████████████████ ▏  19 GB/ 19 GB   43 MB/s      2s[K[?25h[?2026l[?2026h[?25l[A[1Gpulling manifest [K
pulling eabc98a9bcbf:  99% ▕█████████████████ ▏  19 GB/ 19 GB   43 MB/s      2s[K[?25h[?2026l[?2026h[?25l[A[1Gpulling manifest [K
pulling eabc98a9bcbf:  99% ▕█████████████████ ▏  19 GB/ 19 GB   43 MB/s      2s[K[?25h[?2026l[?2026h[?25l[A[1Gpulling manifest [K
pulling eabc98a9bcbf:  99% ▕█████████████████ ▏  19 GB/ 19 GB   43 MB/s      2s[K[?25h[?2026l[?2026h[?25l[A[1Gpulling manifest [K
pulling eabc98a9bcbf:  99% ▕█████████████████ ▏  19 GB/ 19 GB   43 MB/s      2s[K[?25h[?2026l[?2026h[?25l[A[1Gpulling manifest [K
pulling eabc98a9bcbf:  99% ▕█████████████████ ▏  19 GB/ 19 GB   43 MB/s      2s[K[?25h[?2026l[?2026h[?25l[A[1Gpulling manifest [K
pulling eabc98a9bcbf:  99% ▕█████████████████ ▏  19 GB/ 19 GB   40 MB/s      2s[K[?25h[?2026l[?2026h[?25l[A[1Gpulling manifest [K
pulling eabc98a9bcbf: 100% ▕█████████████████ ▏  19 GB/ 19 GB   40 MB/s      2s[K[?25h[?2026l[?2026h[?25l[A[1Gpulling manifest [K
pulling eabc98a9bcbf: 100% ▕█████████████████ ▏  19 GB/ 19 GB   40 MB/s      2s[K[?25h[?2026l[?2026h[?25l[A[1Gpulling manifest [K
pulling eabc98a9bcbf: 100% ▕█████████████████ ▏  19 GB/ 19 GB   40 MB/s      2s[K[?25h[?2026l[?2026h[?25l[A[1Gpulling manifest [K
pulling eabc98a9bcbf: 100% ▕█████████████████ ▏  19 GB/ 19 GB   40 MB/s      2s[K[?25h[?2026l[?2026h[?25l[A[1Gpulling manifest [K
pulling eabc98a9bcbf: 100% ▕█████████████████ ▏  19 GB/ 19 GB   40 MB/s      2s[K[?25h[?2026l[?2026h[?25l[A[1Gpulling manifest [K
pulling eabc98a9bcbf: 100% ▕█████████████████ ▏  19 GB/ 19 GB   40 MB/s      2s[K[?25h[?2026l[?2026h[?25l[A[1Gpulling manifest [K
pulling eabc98a9bcbf: 100% ▕█████████████████ ▏  19 GB/ 19 GB   40 MB/s      2s[K[?25h[?2026l[?2026h[?25l[A[1Gpulling manifest [K
pulling eabc98a9bcbf: 100% ▕█████████████████ ▏  19 GB/ 19 GB   40 MB/s      2s[K[?25h[?2026l[?2026h[?25l[A[1Gpulling manifest [K
pulling eabc98a9bcbf: 100% ▕█████████████████ ▏  19 GB/ 19 GB   40 MB/s      1s[K[?25h[?2026l[?2026h[?25l[A[1Gpulling manifest [K
pulling eabc98a9bcbf: 100% ▕█████████████████ ▏  19 GB/ 19 GB   38 MB/s      2s[K[?25h[?2026l[?2026h[?25l[A[1Gpulling manifest [K
pulling eabc98a9bcbf: 100% ▕█████████████████ ▏  19 GB/ 19 GB   38 MB/s      1s[K[?25h[?2026l[?2026h[?25l[A[1Gpulling manifest [K
pulling eabc98a9bcbf: 100% ▕█████████████████ ▏  19 GB/ 19 GB   38 MB/s      1s[K[?25h[?2026l[?2026h[?25l[A[1Gpulling manifest [K
pulling eabc98a9bcbf: 100% ▕█████████████████ ▏  19 GB/ 19 GB   38 MB/s      1s[K[?25h[?2026l[?2026h[?25l[A[1Gpulling manifest [K
pulling eabc98a9bcbf: 100% ▕█████████████████ ▏  19 GB/ 19 GB   38 MB/s      1s[K[?25h[?2026l[?2026h[?25l[A[1Gpulling manifest [K
pulling eabc98a9bcbf: 100% ▕█████████████████ ▏  19 GB/ 19 GB   38 MB/s      1s[K[?25h[?2026l[?2026h[?25l[A[1Gpulling manifest [K
pulling eabc98a9bcbf: 100% ▕█████████████████ ▏  19 GB/ 19 GB   38 MB/s      1s[K[?25h[?2026l[?2026h[?25l[A[1Gpulling manifest [K
pulling eabc98a9bcbf: 100% ▕█████████████████ ▏  19 GB/ 19 GB   38 MB/s      1s[K[?25h[?2026l[?2026h[?25l[A[1Gpulling manifest [K
pulling eabc98a9bcbf: 100% ▕█████████████████ ▏  19 GB/ 19 GB   38 MB/s      1s[K[?25h[?2026l[?2026h[?25l[A[1Gpulling manifest [K
pulling eabc98a9bcbf: 100% ▕█████████████████ ▏  19 GB/ 19 GB   38 MB/s      1s[K[?25h[?2026l[?2026h[?25l[A[1Gpulling manifest [K
pulling eabc98a9bcbf: 100% ▕█████████████████ ▏  19 GB/ 19 GB   38 MB/s      1s[K[?25h[?2026l[?2026h[?25l[A[1Gpulling manifest [K
pulling eabc98a9bcbf: 100% ▕█████████████████ ▏  19 GB/ 19 GB   38 MB/s      0s[K[?25h[?2026l[?2026h[?25l[A[1Gpulling manifest [K
pulling eabc98a9bcbf: 100% ▕█████████████████ ▏  19 GB/ 19 GB   38 MB/s      0s[K[?25h[?2026l[?2026h[?25l[A[1Gpulling manifest [K
pulling eabc98a9bcbf: 100% ▕█████████████████ ▏  19 GB/ 19 GB   38 MB/s      0s[K[?25h[?2026l[?2026h[?25l[A[1Gpulling manifest [K
pulling eabc98a9bcbf: 100% ▕█████████████████ ▏  19 GB/ 19 GB   38 MB/s      0s[K[?25h[?2026l[?2026h[?25l[A[1Gpulling manifest [K
pulling eabc98a9bcbf: 100% ▕█████████████████ ▏  19 GB/ 19 GB   38 MB/s      0s[K[?25h[?2026l[?2026h[?25l[A[1Gpulling manifest [K
pulling eabc98a9bcbf: 100% ▕█████████████████ ▏  19 GB/ 19 GB   38 MB/s      0s[K[?25h[?2026l[?2026h[?25l[A[1Gpulling manifest [K
pulling eabc98a9bcbf: 100% ▕█████████████████ ▏  19 GB/ 19 GB   38 MB/s      0s[K[?25h[?2026l[?2026h[?25l[A[1Gpulling manifest [K
pulling eabc98a9bcbf: 100% ▕█████████████████ ▏  19 GB/ 19 GB   38 MB/s      0s[K[?25h[?2026l[?2026h[?25l[A[1Gpulling manifest [K
pulling eabc98a9bcbf: 100% ▕██████████████████▏  19 GB                         [K[?25h[?2026l[?2026h[?25l[A[1Gpulling manifest [K
pulling eabc98a9bcbf: 100% ▕██████████████████▏  19 GB                         [K[?25h[?2026l[?2026h[?25l[A[1Gpulling manifest [K
pulling eabc98a9bcbf: 100% ▕██████████████████▏  19 GB                         [K[?25h[?2026l[?2026h[?25l[A[1Gpulling manifest [K
pulling eabc98a9bcbf: 100% ▕██████████████████▏  19 GB                         [K[?25h[?2026l[?2026h[?25l[A[1Gpulling manifest [K
pulling eabc98a9bcbf: 100% ▕██████████████████▏  19 GB                         [K[?25h[?2026l[?2026h[?25l[A[1Gpulling manifest [K
pulling eabc98a9bcbf: 100% ▕██████████████████▏  19 GB                         [K[?25h[?2026l[?2026h[?25l[A[1Gpulling manifest [K
pulling eabc98a9bcbf: 100% ▕██████████████████▏  19 GB                         [K[?25h[?2026l[?2026h[?25l[A[1Gpulling manifest [K
pulling eabc98a9bcbf: 100% ▕██████████████████▏  19 GB                         [K[?25h[?2026l[?2026h[?25l[A[1Gpulling manifest [K
pulling eabc98a9bcbf: 100% ▕██████████████████▏  19 GB                         [K[?25h[?2026l[?2026h[?25l[A[1Gpulling manifest [K
pulling eabc98a9bcbf: 100% ▕██████████████████▏  19 GB                         [K[?25h[?2026l[?2026h[?25l[A[1Gpulling manifest [K
pulling eabc98a9bcbf: 100% ▕██████████████████▏  19 GB                         [K[?25h[?2026l[?2026h[?25l[A[1Gpulling manifest [K
pulling eabc98a9bcbf: 100% ▕██████████████████▏  19 GB                         [K[?25h[?2026l[?2026h[?25l[A[1Gpulling manifest [K
pulling eabc98a9bcbf: 100% ▕██████████████████▏  19 GB                         [K[?25h[?2026l[?2026h[?25l[A[1Gpulling manifest [K
pulling eabc98a9bcbf: 100% ▕██████████████████▏  19 GB                         [K[?25h[?2026l[?2026h[?25l[A[1Gpulling manifest [K
pulling eabc98a9bcbf: 100% ▕██████████████████▏  19 GB                         [K[?25h[?2026l[?2026h[?25l[A[1Gpulling manifest [K
pulling eabc98a9bcbf: 100% ▕██████████████████▏  19 GB                         [K[?25h[?2026l[?2026h[?25l[A[1Gpulling manifest [K
pulling eabc98a9bcbf: 100% ▕██████████████████▏  19 GB                         [K[?25h[?2026l[?2026h[?25l[A[1Gpulling manifest [K
pulling eabc98a9bcbf: 100% ▕██████████████████▏  19 GB                         [K[?25h[?2026l[?2026h[?25l[A[1Gpulling manifest [K
pulling eabc98a9bcbf: 100% ▕██████████████████▏  19 GB                         [K[?25h[?2026l[?2026h[?25l[A[1Gpulling manifest [K
pulling eabc98a9bcbf: 100% ▕██████████████████▏  19 GB                         [K[?25h[?2026l[?2026h[?25l[A[1Gpulling manifest [K
pulling eabc98a9bcbf: 100% ▕██████████████████▏  19 GB                         [K[?25h[?2026l[?2026h[?25l[A[1Gpulling manifest [K
pulling eabc98a9bcbf: 100% ▕██████████████████▏  19 GB                         [K
pulling 66b9ea09bd5b: 100% ▕██████████████████▏   68 B                         [K[?25h[?2026l[?2026h[?25l[A[A[1Gpulling manifest [K
pulling eabc98a9bcbf: 100% ▕██████████████████▏  19 GB                         [K
pulling 66b9ea09bd5b: 100% ▕██████████████████▏   68 B                         [K[?25h[?2026l[?2026h[?25l[A[A[1Gpulling manifest [K
pulling eabc98a9bcbf: 100% ▕██████████████████▏  19 GB                         [K
pulling 66b9ea09bd5b: 100% ▕██████████████████▏   68 B                         [K[?25h[?2026l[?2026h[?25l[A[A[1Gpulling manifest [K
pulling eabc98a9bcbf: 100% ▕██████████████████▏  19 GB                         [K
pulling 66b9ea09bd5b: 100% ▕██████████████████▏   68 B                         [K[?25h[?2026l[?2026h[?25l[A[A[1Gpulling manifest [K
pulling eabc98a9bcbf: 100% ▕██████████████████▏  19 GB                         [K
pulling 66b9ea09bd5b: 100% ▕██████████████████▏   68 B                         [K[?25h[?2026l[?2026h[?25l[A[A[1Gpulling manifest [K
pulling eabc98a9bcbf: 100% ▕██████████████████▏  19 GB                         [K
pulling 66b9ea09bd5b: 100% ▕██████████████████▏   68 B                         [K[?25h[?2026l[?2026h[?25l[A[A[1Gpulling manifest [K
pulling eabc98a9bcbf: 100% ▕██████████████████▏  19 GB                         [K
pulling 66b9ea09bd5b: 100% ▕██████████████████▏   68 B                         [K[?25h[?2026l[?2026h[?25l[A[A[1Gpulling manifest [K
pulling eabc98a9bcbf: 100% ▕██████████████████▏  19 GB                         [K
pulling 66b9ea09bd5b: 100% ▕██████████████████▏   68 B                         [K[?25h[?2026l[?2026h[?25l[A[A[1Gpulling manifest [K
pulling eabc98a9bcbf: 100% ▕██████████████████▏  19 GB                         [K
pulling 66b9ea09bd5b: 100% ▕██████████████████▏   68 B                         [K[?25h[?2026l[?2026h[?25l[A[A[1Gpulling manifest [K
pulling eabc98a9bcbf: 100% ▕██████████████████▏  19 GB                         [K
pulling 66b9ea09bd5b: 100% ▕██████████████████▏   68 B                         [K[?25h[?2026l[?2026h[?25l[A[A[1Gpulling manifest [K
pulling eabc98a9bcbf: 100% ▕██████████████████▏  19 GB                         [K
pulling 66b9ea09bd5b: 100% ▕██████████████████▏   68 B                         [K[?25h[?2026l[?2026h[?25l[A[A[1Gpulling manifest [K
pulling eabc98a9bcbf: 100% ▕██████████████████▏  19 GB                         [K
pulling 66b9ea09bd5b: 100% ▕██████████████████▏   68 B                         [K[?25h[?2026l[?2026h[?25l[A[A[1Gpulling manifest [K
pulling eabc98a9bcbf: 100% ▕██████████████████▏  19 GB                         [K
pulling 66b9ea09bd5b: 100% ▕██████████████████▏   68 B                         [K[?25h[?2026l[?2026h[?25l[A[A[1Gpulling manifest [K
pulling eabc98a9bcbf: 100% ▕██████████████████▏  19 GB                         [K
pulling 66b9ea09bd5b: 100% ▕██████████████████▏   68 B                         [K[?25h[?2026l[?2026h[?25l[A[A[1Gpulling manifest [K
pulling eabc98a9bcbf: 100% ▕██████████████████▏  19 GB                         [K
pulling 66b9ea09bd5b: 100% ▕██████████████████▏   68 B                         [K[?25h[?2026l[?2026h[?25l[A[A[1Gpulling manifest [K
pulling eabc98a9bcbf: 100% ▕██████████████████▏  19 GB                         [K
pulling 66b9ea09bd5b: 100% ▕██████████████████▏   68 B                         [K[?25h[?2026l[?2026h[?25l[A[A[1Gpulling manifest [K
pulling eabc98a9bcbf: 100% ▕██████████████████▏  19 GB                         [K
pulling 66b9ea09bd5b: 100% ▕██████████████████▏   68 B                         [K[?25h[?2026l[?2026h[?25l[A[A[1Gpulling manifest [K
pulling eabc98a9bcbf: 100% ▕██████████████████▏  19 GB                         [K
pulling 66b9ea09bd5b: 100% ▕██████████████████▏   68 B                         [K
pulling eb4402837c78: 100% ▕██████████████████▏ 1.5 KB                         [K[?25h[?2026l[?2026h[?25l[A[A[A[1Gpulling manifest [K
pulling eabc98a9bcbf: 100% ▕██████████████████▏  19 GB                         [K
pulling 66b9ea09bd5b: 100% ▕██████████████████▏   68 B                         [K
pulling eb4402837c78: 100% ▕██████████████████▏ 1.5 KB                         [K[?25h[?2026l[?2026h[?25l[A[A[A[1Gpulling manifest [K
pulling eabc98a9bcbf: 100% ▕██████████████████▏  19 GB                         [K
pulling 66b9ea09bd5b: 100% ▕██████████████████▏   68 B                         [K
pulling eb4402837c78: 100% ▕██████████████████▏ 1.5 KB                         [K[?25h[?2026l[?2026h[?25l[A[A[A[1Gpulling manifest [K
pulling eabc98a9bcbf: 100% ▕██████████████████▏  19 GB                         [K
pulling 66b9ea09bd5b: 100% ▕██████████████████▏   68 B                         [K
pulling eb4402837c78: 100% ▕██████████████████▏ 1.5 KB                         [K[?25h[?2026l[?2026h[?25l[A[A[A[1Gpulling manifest [K
pulling eabc98a9bcbf: 100% ▕██████████████████▏  19 GB                         [K
pulling 66b9ea09bd5b: 100% ▕██████████████████▏   68 B                         [K
pulling eb4402837c78: 100% ▕██████████████████▏ 1.5 KB                         [K[?25h[?2026l[?2026h[?25l[A[A[A[1Gpulling manifest [K
pulling eabc98a9bcbf: 100% ▕██████████████████▏  19 GB                         [K
pulling 66b9ea09bd5b: 100% ▕██████████████████▏   68 B                         [K
pulling eb4402837c78: 100% ▕██████████████████▏ 1.5 KB                         [K[?25h[?2026l[?2026h[?25l[A[A[A[1Gpulling manifest [K
pulling eabc98a9bcbf: 100% ▕██████████████████▏  19 GB                         [K
pulling 66b9ea09bd5b: 100% ▕██████████████████▏   68 B                         [K
pulling eb4402837c78: 100% ▕██████████████████▏ 1.5 KB                         [K[?25h[?2026l[?2026h[?25l[A[A[A[1Gpulling manifest [K
pulling eabc98a9bcbf: 100% ▕██████████████████▏  19 GB                         [K
pulling 66b9ea09bd5b: 100% ▕██████████████████▏   68 B                         [K
pulling eb4402837c78: 100% ▕██████████████████▏ 1.5 KB                         [K[?25h[?2026l[?2026h[?25l[A[A[A[1Gpulling manifest [K
pulling eabc98a9bcbf: 100% ▕██████████████████▏  19 GB                         [K
pulling 66b9ea09bd5b: 100% ▕██████████████████▏   68 B                         [K
pulling eb4402837c78: 100% ▕██████████████████▏ 1.5 KB                         [K[?25h[?2026l[?2026h[?25l[A[A[A[1Gpulling manifest [K
pulling eabc98a9bcbf: 100% ▕██████████████████▏  19 GB                         [K
pulling 66b9ea09bd5b: 100% ▕██████████████████▏   68 B                         [K
pulling eb4402837c78: 100% ▕██████████████████▏ 1.5 KB                         [K[?25h[?2026l[?2026h[?25l[A[A[A[1Gpulling manifest [K
pulling eabc98a9bcbf: 100% ▕██████████████████▏  19 GB                         [K
pulling 66b9ea09bd5b: 100% ▕██████████████████▏   68 B                         [K
pulling eb4402837c78: 100% ▕██████████████████▏ 1.5 KB                         [K[?25h[?2026l[?2026h[?25l[A[A[A[1Gpulling manifest [K
pulling eabc98a9bcbf: 100% ▕██████████████████▏  19 GB                         [K
pulling 66b9ea09bd5b: 100% ▕██████████████████▏   68 B                         [K
pulling eb4402837c78: 100% ▕██████████████████▏ 1.5 KB                         [K[?25h[?2026l[?2026h[?25l[A[A[A[1Gpulling manifest [K
pulling eabc98a9bcbf: 100% ▕██████████████████▏  19 GB                         [K
pulling 66b9ea09bd5b: 100% ▕██████████████████▏   68 B                         [K
pulling eb4402837c78: 100% ▕██████████████████▏ 1.5 KB                         [K[?25h[?2026l[?2026h[?25l[A[A[A[1Gpulling manifest [K
pulling eabc98a9bcbf: 100% ▕██████████████████▏  19 GB                         [K
pulling 66b9ea09bd5b: 100% ▕██████████████████▏   68 B                         [K
pulling eb4402837c78: 100% ▕██████████████████▏ 1.5 KB                         [K[?25h[?2026l[?2026h[?25l[A[A[A[1Gpulling manifest [K
pulling eabc98a9bcbf: 100% ▕██████████████████▏  19 GB                         [K
pulling 66b9ea09bd5b: 100% ▕██████████████████▏   68 B                         [K
pulling eb4402837c78: 100% ▕██████████████████▏ 1.5 KB                         [K[?25h[?2026l[?2026h[?25l[A[A[A[1Gpulling manifest [K
pulling eabc98a9bcbf: 100% ▕██████████████████▏  19 GB                         [K
pulling 66b9ea09bd5b: 100% ▕██████████████████▏   68 B                         [K
pulling eb4402837c78: 100% ▕██████████████████▏ 1.5 KB                         [K[?25h[?2026l[?2026h[?25l[A[A[A[1Gpulling manifest [K
pulling eabc98a9bcbf: 100% ▕██████████████████▏  19 GB                         [K
pulling 66b9ea09bd5b: 100% ▕██████████████████▏   68 B                         [K
pulling eb4402837c78: 100% ▕██████████████████▏ 1.5 KB                         [K[?25h[?2026l[?2026h[?25l[A[A[A[1Gpulling manifest [K
pulling eabc98a9bcbf: 100% ▕██████████████████▏  19 GB                         [K
pulling 66b9ea09bd5b: 100% ▕██████████████████▏   68 B                         [K
pulling eb4402837c78: 100% ▕██████████████████▏ 1.5 KB                         [K[?25h[?2026l[?2026h[?25l[A[A[A[1Gpulling manifest [K
pulling eabc98a9bcbf: 100% ▕██████████████████▏  19 GB                         [K
pulling 66b9ea09bd5b: 100% ▕██████████████████▏   68 B                         [K
pulling eb4402837c78: 100% ▕██████████████████▏ 1.5 KB                         [K
pulling 832dd9e00a68: 100% ▕██████████████████▏  11 KB                         [K[?25h[?2026l[?2026h[?25l[A[A[A[A[1Gpulling manifest [K
pulling eabc98a9bcbf: 100% ▕██████████████████▏  19 GB                         [K
pulling 66b9ea09bd5b: 100% ▕██████████████████▏   68 B                         [K
pulling eb4402837c78: 100% ▕██████████████████▏ 1.5 KB                         [K
pulling 832dd9e00a68: 100% ▕██████████████████▏  11 KB                         [K[?25h[?2026l[?2026h[?25l[A[A[A[A[1Gpulling manifest [K
pulling eabc98a9bcbf: 100% ▕██████████████████▏  19 GB                         [K
pulling 66b9ea09bd5b: 100% ▕██████████████████▏   68 B                         [K
pulling eb4402837c78: 100% ▕██████████████████▏ 1.5 KB                         [K
pulling 832dd9e00a68: 100% ▕██████████████████▏  11 KB                         [K[?25h[?2026l[?2026h[?25l[A[A[A[A[1Gpulling manifest [K
pulling eabc98a9bcbf: 100% ▕██████████████████▏  19 GB                         [K
pulling 66b9ea09bd5b: 100% ▕██████████████████▏   68 B                         [K
pulling eb4402837c78: 100% ▕██████████████████▏ 1.5 KB                         [K
pulling 832dd9e00a68: 100% ▕██████████████████▏  11 KB                         [K[?25h[?2026l[?2026h[?25l[A[A[A[A[1Gpulling manifest [K
pulling eabc98a9bcbf: 100% ▕██████████████████▏  19 GB                         [K
pulling 66b9ea09bd5b: 100% ▕██████████████████▏   68 B                         [K
pulling eb4402837c78: 100% ▕██████████████████▏ 1.5 KB                         [K
pulling 832dd9e00a68: 100% ▕██████████████████▏  11 KB                         [K[?25h[?2026l[?2026h[?25l[A[A[A[A[1Gpulling manifest [K
pulling eabc98a9bcbf: 100% ▕██████████████████▏  19 GB                         [K
pulling 66b9ea09bd5b: 100% ▕██████████████████▏   68 B                         [K
pulling eb4402837c78: 100% ▕██████████████████▏ 1.5 KB                         [K
pulling 832dd9e00a68: 100% ▕██████████████████▏  11 KB                         [K[?25h[?2026l[?2026h[?25l[A[A[A[A[1Gpulling manifest [K
pulling eabc98a9bcbf: 100% ▕██████████████████▏  19 GB                         [K
pulling 66b9ea09bd5b: 100% ▕██████████████████▏   68 B                         [K
pulling eb4402837c78: 100% ▕██████████████████▏ 1.5 KB                         [K
pulling 832dd9e00a68: 100% ▕██████████████████▏  11 KB                         [K[?25h[?2026l[?2026h[?25l[A[A[A[A[1Gpulling manifest [K
pulling eabc98a9bcbf: 100% ▕██████████████████▏  19 GB                         [K
pulling 66b9ea09bd5b: 100% ▕██████████████████▏   68 B                         [K
pulling eb4402837c78: 100% ▕██████████████████▏ 1.5 KB                         [K
pulling 832dd9e00a68: 100% ▕██████████████████▏  11 KB                         [K[?25h[?2026l[?2026h[?25l[A[A[A[A[1Gpulling manifest [K
pulling eabc98a9bcbf: 100% ▕██████████████████▏  19 GB                         [K
pulling 66b9ea09bd5b: 100% ▕██████████████████▏   68 B                         [K
pulling eb4402837c78: 100% ▕██████████████████▏ 1.5 KB                         [K
pulling 832dd9e00a68: 100% ▕██████████████████▏  11 KB                         [K[?25h[?2026l[?2026h[?25l[A[A[A[A[1Gpulling manifest [K
pulling eabc98a9bcbf: 100% ▕██████████████████▏  19 GB                         [K
pulling 66b9ea09bd5b: 100% ▕██████████████████▏   68 B                         [K
pulling eb4402837c78: 100% ▕██████████████████▏ 1.5 KB                         [K
pulling 832dd9e00a68: 100% ▕██████████████████▏  11 KB                         [K[?25h[?2026l[?2026h[?25l[A[A[A[A[1Gpulling manifest [K
pulling eabc98a9bcbf: 100% ▕██████████████████▏  19 GB                         [K
pulling 66b9ea09bd5b: 100% ▕██████████████████▏   68 B                         [K
pulling eb4402837c78: 100% ▕██████████████████▏ 1.5 KB                         [K
pulling 832dd9e00a68: 100% ▕██████████████████▏  11 KB                         [K[?25h[?2026l[?2026h[?25l[A[A[A[A[1Gpulling manifest [K
pulling eabc98a9bcbf: 100% ▕██████████████████▏  19 GB                         [K
pulling 66b9ea09bd5b: 100% ▕██████████████████▏   68 B                         [K
pulling eb4402837c78: 100% ▕██████████████████▏ 1.5 KB                         [K
pulling 832dd9e00a68: 100% ▕██████████████████▏  11 KB                         [K[?25h[?2026l[?2026h[?25l[A[A[A[A[1Gpulling manifest [K
pulling eabc98a9bcbf: 100% ▕██████████████████▏  19 GB                         [K
pulling 66b9ea09bd5b: 100% ▕██████████████████▏   68 B                         [K
pulling eb4402837c78: 100% ▕██████████████████▏ 1.5 KB                         [K
pulling 832dd9e00a68: 100% ▕██████████████████▏  11 KB                         [K[?25h[?2026l[?2026h[?25l[A[A[A[A[1Gpulling manifest [K
pulling eabc98a9bcbf: 100% ▕██████████████████▏  19 GB                         [K
pulling 66b9ea09bd5b: 100% ▕██████████████████▏   68 B                         [K
pulling eb4402837c78: 100% ▕██████████████████▏ 1.5 KB                         [K
pulling 832dd9e00a68: 100% ▕██████████████████▏  11 KB                         [K[?25h[?2026l[?2026h[?25l[A[A[A[A[1Gpulling manifest [K
pulling eabc98a9bcbf: 100% ▕██████████████████▏  19 GB                         [K
pulling 66b9ea09bd5b: 100% ▕██████████████████▏   68 B                         [K
pulling eb4402837c78: 100% ▕██████████████████▏ 1.5 KB                         [K
pulling 832dd9e00a68: 100% ▕██████████████████▏  11 KB                         [K[?25h[?2026l[?2026h[?25l[A[A[A[A[1Gpulling manifest [K
pulling eabc98a9bcbf: 100% ▕██████████████████▏  19 GB                         [K
pulling 66b9ea09bd5b: 100% ▕██████████████████▏   68 B                         [K
pulling eb4402837c78: 100% ▕██████████████████▏ 1.5 KB                         [K
pulling 832dd9e00a68: 100% ▕██████████████████▏  11 KB                         [K[?25h[?2026l[?2026h[?25l[A[A[A[A[1Gpulling manifest [K
pulling eabc98a9bcbf: 100% ▕██████████████████▏  19 GB                         [K
pulling 66b9ea09bd5b: 100% ▕██████████████████▏   68 B                         [K
pulling eb4402837c78: 100% ▕██████████████████▏ 1.5 KB                         [K
pulling 832dd9e00a68: 100% ▕██████████████████▏  11 KB                         [K[?25h[?2026l[?2026h[?25l[A[A[A[A[1Gpulling manifest [K
pulling eabc98a9bcbf: 100% ▕██████████████████▏  19 GB                         [K
pulling 66b9ea09bd5b: 100% ▕██████████████████▏   68 B                         [K
pulling eb4402837c78: 100% ▕██████████████████▏ 1.5 KB                         [K
pulling 832dd9e00a68: 100% ▕██████████████████▏  11 KB                         [K
pulling 833f525ce183: 100% ▕██████████████████▏  488 B                         [K[?25h[?2026l[?2026h[?25l[A[A[A[A[A[1Gpulling manifest [K
pulling eabc98a9bcbf: 100% ▕██████████████████▏  19 GB                         [K
pulling 66b9ea09bd5b: 100% ▕██████████████████▏   68 B                         [K
pulling eb4402837c78: 100% ▕██████████████████▏ 1.5 KB                         [K
pulling 832dd9e00a68: 100% ▕██████████████████▏  11 KB                         [K
pulling 833f525ce183: 100% ▕██████████████████▏  488 B                         [K[?25h[?2026l[?2026h[?25l[A[A[A[A[A[1Gpulling manifest [K
pulling eabc98a9bcbf: 100% ▕██████████████████▏  19 GB                         [K
pulling 66b9ea09bd5b: 100% ▕██████████████████▏   68 B                         [K
pulling eb4402837c78: 100% ▕██████████████████▏ 1.5 KB                         [K
pulling 832dd9e00a68: 100% ▕██████████████████▏  11 KB                         [K
pulling 833f525ce183: 100% ▕██████████████████▏  488 B                         [K[?25h[?2026l[?2026h[?25l[A[A[A[A[A[1Gpulling manifest [K
pulling eabc98a9bcbf: 100% ▕██████████████████▏  19 GB                         [K
pulling 66b9ea09bd5b: 100% ▕██████████████████▏   68 B                         [K
pulling eb4402837c78: 100% ▕██████████████████▏ 1.5 KB                         [K
pulling 832dd9e00a68: 100% ▕██████████████████▏  11 KB                         [K
pulling 833f525ce183: 100% ▕██████████████████▏  488 B                         [K[?25h[?2026l[?2026h[?25l[A[A[A[A[A[1Gpulling manifest [K
pulling eabc98a9bcbf: 100% ▕██████████████████▏  19 GB                         [K
pulling 66b9ea09bd5b: 100% ▕██████████████████▏   68 B                         [K
pulling eb4402837c78: 100% ▕██████████████████▏ 1.5 KB                         [K
pulling 832dd9e00a68: 100% ▕██████████████████▏  11 KB                         [K
pulling 833f525ce183: 100% ▕██████████████████▏  488 B                         [K[?25h[?2026l[?2026h[?25l[A[A[A[A[A[1Gpulling manifest [K
pulling eabc98a9bcbf: 100% ▕██████████████████▏  19 GB                         [K
pulling 66b9ea09bd5b: 100% ▕██████████████████▏   68 B                         [K
pulling eb4402837c78: 100% ▕██████████████████▏ 1.5 KB                         [K
pulling 832dd9e00a68: 100% ▕██████████████████▏  11 KB                         [K
pulling 833f525ce183: 100% ▕██████████████████▏  488 B                         [K[?25h[?2026l[?2026h[?25l[A[A[A[A[A[1Gpulling manifest [K
pulling eabc98a9bcbf: 100% ▕██████████████████▏  19 GB                         [K
pulling 66b9ea09bd5b: 100% ▕██████████████████▏   68 B                         [K
pulling eb4402837c78: 100% ▕██████████████████▏ 1.5 KB                         [K
pulling 832dd9e00a68: 100% ▕██████████████████▏  11 KB                         [K
pulling 833f525ce183: 100% ▕██████████████████▏  488 B                         [K
verifying sha256 digest ⠋ [K[?25h[?2026l[?2026h[?25l[A[A[A[A[A[A[1Gpulling manifest [K
pulling eabc98a9bcbf: 100% ▕██████████████████▏  19 GB                         [K
pulling 66b9ea09bd5b: 100% ▕██████████████████▏   68 B                         [K
pulling eb4402837c78: 100% ▕██████████████████▏ 1.5 KB                         [K
pulling 832dd9e00a68: 100% ▕██████████████████▏  11 KB                         [K
pulling 833f525ce183: 100% ▕██████████████████▏  488 B                         [K
verifying sha256 digest ⠙ [K[?25h[?2026l[?2026h[?25l[A[A[A[A[A[A[1Gpulling manifest [K
pulling eabc98a9bcbf: 100% ▕██████████████████▏  19 GB                         [K
pulling 66b9ea09bd5b: 100% ▕██████████████████▏   68 B                         [K
pulling eb4402837c78: 100% ▕██████████████████▏ 1.5 KB                         [K
pulling 832dd9e00a68: 100% ▕██████████████████▏  11 KB                         [K
pulling 833f525ce183: 100% ▕██████████████████▏  488 B                         [K
verifying sha256 digest ⠹ [K[?25h[?2026l[?2026h[?25l[A[A[A[A[A[A[1Gpulling manifest [K
pulling eabc98a9bcbf: 100% ▕██████████████████▏  19 GB                         [K
pulling 66b9ea09bd5b: 100% ▕██████████████████▏   68 B                         [K
pulling eb4402837c78: 100% ▕██████████████████▏ 1.5 KB                         [K
pulling 832dd9e00a68: 100% ▕██████████████████▏  11 KB                         [K
pulling 833f525ce183: 100% ▕██████████████████▏  488 B                         [K
verifying sha256 digest ⠸ [K[?25h[?2026l[?2026h[?25l[A[A[A[A[A[A[1Gpulling manifest [K
pulling eabc98a9bcbf: 100% ▕██████████████████▏  19 GB                         [K
pulling 66b9ea09bd5b: 100% ▕██████████████████▏   68 B                         [K
pulling eb4402837c78: 100% ▕██████████████████▏ 1.5 KB                         [K
pulling 832dd9e00a68: 100% ▕██████████████████▏  11 KB                         [K
pulling 833f525ce183: 100% ▕██████████████████▏  488 B                         [K
verifying sha256 digest ⠼ [K[?25h[?2026l[?2026h[?25l[A[A[A[A[A[A[1Gpulling manifest [K
pulling eabc98a9bcbf: 100% ▕██████████████████▏  19 GB                         [K
pulling 66b9ea09bd5b: 100% ▕██████████████████▏   68 B                         [K
pulling eb4402837c78: 100% ▕██████████████████▏ 1.5 KB                         [K
pulling 832dd9e00a68: 100% ▕██████████████████▏  11 KB                         [K
pulling 833f525ce183: 100% ▕██████████████████▏  488 B                         [K
verifying sha256 digest ⠴ [K[?25h[?2026l[?2026h[?25l[A[A[A[A[A[A[1Gpulling manifest [K
pulling eabc98a9bcbf: 100% ▕██████████████████▏  19 GB                         [K
pulling 66b9ea09bd5b: 100% ▕██████████████████▏   68 B                         [K
pulling eb4402837c78: 100% ▕██████████████████▏ 1.5 KB                         [K
pulling 832dd9e00a68: 100% ▕██████████████████▏  11 KB                         [K
pulling 833f525ce183: 100% ▕██████████████████▏  488 B                         [K
verifying sha256 digest ⠦ [K[?25h[?2026l[?2026h[?25l[A[A[A[A[A[A[1Gpulling manifest [K
pulling eabc98a9bcbf: 100% ▕██████████████████▏  19 GB                         [K
pulling 66b9ea09bd5b: 100% ▕██████████████████▏   68 B                         [K
pulling eb4402837c78: 100% ▕██████████████████▏ 1.5 KB                         [K
pulling 832dd9e00a68: 100% ▕██████████████████▏  11 KB                         [K
pulling 833f525ce183: 100% ▕██████████████████▏  488 B                         [K
verifying sha256 digest ⠧ [K[?25h[?2026l[?2026h[?25l[A[A[A[A[A[A[1Gpulling manifest [K
pulling eabc98a9bcbf: 100% ▕██████████████████▏  19 GB                         [K
pulling 66b9ea09bd5b: 100% ▕██████████████████▏   68 B                         [K
pulling eb4402837c78: 100% ▕██████████████████▏ 1.5 KB                         [K
pulling 832dd9e00a68: 100% ▕██████████████████▏  11 KB                         [K
pulling 833f525ce183: 100% ▕██████████████████▏  488 B                         [K
verifying sha256 digest ⠇ [K[?25h[?2026l[?2026h[?25l[A[A[A[A[A[A[1Gpulling manifest [K
pulling eabc98a9bcbf: 100% ▕██████████████████▏  19 GB                         [K
pulling 66b9ea09bd5b: 100% ▕██████████████████▏   68 B                         [K
pulling eb4402837c78: 100% ▕██████████████████▏ 1.5 KB                         [K
pulling 832dd9e00a68: 100% ▕██████████████████▏  11 KB                         [K
pulling 833f525ce183: 100% ▕██████████████████▏  488 B                         [K
verifying sha256 digest ⠏ [K[?25h[?2026l[?2026h[?25l[A[A[A[A[A[A[1Gpulling manifest [K
pulling eabc98a9bcbf: 100% ▕██████████████████▏  19 GB                         [K
pulling 66b9ea09bd5b: 100% ▕██████████████████▏   68 B                         [K
pulling eb4402837c78: 100% ▕██████████████████▏ 1.5 KB                         [K
pulling 832dd9e00a68: 100% ▕██████████████████▏  11 KB                         [K
pulling 833f525ce183: 100% ▕██████████████████▏  488 B                         [K
verifying sha256 digest ⠋ [K[?25h[?2026l[?2026h[?25l[A[A[A[A[A[A[1Gpulling manifest [K
pulling eabc98a9bcbf: 100% ▕██████████████████▏  19 GB                         [K
pulling 66b9ea09bd5b: 100% ▕██████████████████▏   68 B                         [K
pulling eb4402837c78: 100% ▕██████████████████▏ 1.5 KB                         [K
pulling 832dd9e00a68: 100% ▕██████████████████▏  11 KB                         [K
pulling 833f525ce183: 100% ▕██████████████████▏  488 B                         [K
verifying sha256 digest ⠙ [K[?25h[?2026l[?2026h[?25l[A[A[A[A[A[A[1Gpulling manifest [K
pulling eabc98a9bcbf: 100% ▕██████████████████▏  19 GB                         [K
pulling 66b9ea09bd5b: 100% ▕██████████████████▏   68 B                         [K
pulling eb4402837c78: 100% ▕██████████████████▏ 1.5 KB                         [K
pulling 832dd9e00a68: 100% ▕██████████████████▏  11 KB                         [K
pulling 833f525ce183: 100% ▕██████████████████▏  488 B                         [K
verifying sha256 digest ⠹ [K[?25h[?2026l[?2026h[?25l[A[A[A[A[A[A[1Gpulling manifest [K
pulling eabc98a9bcbf: 100% ▕██████████████████▏  19 GB                         [K
pulling 66b9ea09bd5b: 100% ▕██████████████████▏   68 B                         [K
pulling eb4402837c78: 100% ▕██████████████████▏ 1.5 KB                         [K
pulling 832dd9e00a68: 100% ▕██████████████████▏  11 KB                         [K
pulling 833f525ce183: 100% ▕██████████████████▏  488 B                         [K
verifying sha256 digest ⠸ [K[?25h[?2026l[?2026h[?25l[A[A[A[A[A[A[1Gpulling manifest [K
pulling eabc98a9bcbf: 100% ▕██████████████████▏  19 GB                         [K
pulling 66b9ea09bd5b: 100% ▕██████████████████▏   68 B                         [K
pulling eb4402837c78: 100% ▕██████████████████▏ 1.5 KB                         [K
pulling 832dd9e00a68: 100% ▕██████████████████▏  11 KB                         [K
pulling 833f525ce183: 100% ▕██████████████████▏  488 B                         [K
verifying sha256 digest ⠼ [K[?25h[?2026l[?2026h[?25l[A[A[A[A[A[A[1Gpulling manifest [K
pulling eabc98a9bcbf: 100% ▕██████████████████▏  19 GB                         [K
pulling 66b9ea09bd5b: 100% ▕██████████████████▏   68 B                         [K
pulling eb4402837c78: 100% ▕██████████████████▏ 1.5 KB                         [K
pulling 832dd9e00a68: 100% ▕██████████████████▏  11 KB                         [K
pulling 833f525ce183: 100% ▕██████████████████▏  488 B                         [K
verifying sha256 digest ⠴ [K[?25h[?2026l[?2026h[?25l[A[A[A[A[A[A[1Gpulling manifest [K
pulling eabc98a9bcbf: 100% ▕██████████████████▏  19 GB                         [K
pulling 66b9ea09bd5b: 100% ▕██████████████████▏   68 B                         [K
pulling eb4402837c78: 100% ▕██████████████████▏ 1.5 KB                         [K
pulling 832dd9e00a68: 100% ▕██████████████████▏  11 KB                         [K
pulling 833f525ce183: 100% ▕██████████████████▏  488 B                         [K
verifying sha256 digest ⠦ [K[?25h[?2026l[?2026h[?25l[A[A[A[A[A[A[1Gpulling manifest [K
pulling eabc98a9bcbf: 100% ▕██████████████████▏  19 GB                         [K
pulling 66b9ea09bd5b: 100% ▕██████████████████▏   68 B                         [K
pulling eb4402837c78: 100% ▕██████████████████▏ 1.5 KB                         [K
pulling 832dd9e00a68: 100% ▕██████████████████▏  11 KB                         [K
pulling 833f525ce183: 100% ▕██████████████████▏  488 B                         [K
verifying sha256 digest ⠧ [K[?25h[?2026l[?2026h[?25l[A[A[A[A[A[A[1Gpulling manifest [K
pulling eabc98a9bcbf: 100% ▕██████████████████▏  19 GB                         [K
pulling 66b9ea09bd5b: 100% ▕██████████████████▏   68 B                         [K
pulling eb4402837c78: 100% ▕██████████████████▏ 1.5 KB                         [K
pulling 832dd9e00a68: 100% ▕██████████████████▏  11 KB                         [K
pulling 833f525ce183: 100% ▕██████████████████▏  488 B                         [K
verifying sha256 digest ⠇ [K[?25h[?2026l[?2026h[?25l[A[A[A[A[A[A[1Gpulling manifest [K
pulling eabc98a9bcbf: 100% ▕██████████████████▏  19 GB                         [K
pulling 66b9ea09bd5b: 100% ▕██████████████████▏   68 B                         [K
pulling eb4402837c78: 100% ▕██████████████████▏ 1.5 KB                         [K
pulling 832dd9e00a68: 100% ▕██████████████████▏  11 KB                         [K
pulling 833f525ce183: 100% ▕██████████████████▏  488 B                         [K
verifying sha256 digest ⠏ [K[?25h[?2026l[?2026h[?25l[A[A[A[A[A[A[1Gpulling manifest [K
pulling eabc98a9bcbf: 100% ▕██████████████████▏  19 GB                         [K
pulling 66b9ea09bd5b: 100% ▕██████████████████▏   68 B                         [K
pulling eb4402837c78: 100% ▕██████████████████▏ 1.5 KB                         [K
pulling 832dd9e00a68: 100% ▕██████████████████▏  11 KB                         [K
pulling 833f525ce183: 100% ▕██████████████████▏  488 B                         [K
verifying sha256 digest ⠋ [K[?25h[?2026l[?2026h[?25l[A[A[A[A[A[A[1Gpulling manifest [K
pulling eabc98a9bcbf: 100% ▕██████████████████▏  19 GB                         [K
pulling 66b9ea09bd5b: 100% ▕██████████████████▏   68 B                         [K
pulling eb4402837c78: 100% ▕██████████████████▏ 1.5 KB                         [K
pulling 832dd9e00a68: 100% ▕██████████████████▏  11 KB                         [K
pulling 833f525ce183: 100% ▕██████████████████▏  488 B                         [K
verifying sha256 digest ⠙ [K[?25h[?2026l[?2026h[?25l[A[A[A[A[A[A[1Gpulling manifest [K
pulling eabc98a9bcbf: 100% ▕██████████████████▏  19 GB                         [K
pulling 66b9ea09bd5b: 100% ▕██████████████████▏   68 B                         [K
pulling eb4402837c78: 100% ▕██████████████████▏ 1.5 KB                         [K
pulling 832dd9e00a68: 100% ▕██████████████████▏  11 KB                         [K
pulling 833f525ce183: 100% ▕██████████████████▏  488 B                         [K
verifying sha256 digest ⠹ [K[?25h[?2026l[?2026h[?25l[A[A[A[A[A[A[1Gpulling manifest [K
pulling eabc98a9bcbf: 100% ▕██████████████████▏  19 GB                         [K
pulling 66b9ea09bd5b: 100% ▕██████████████████▏   68 B                         [K
pulling eb4402837c78: 100% ▕██████████████████▏ 1.5 KB                         [K
pulling 832dd9e00a68: 100% ▕██████████████████▏  11 KB                         [K
pulling 833f525ce183: 100% ▕██████████████████▏  488 B                         [K
verifying sha256 digest ⠸ [K[?25h[?2026l[?2026h[?25l[A[A[A[A[A[A[1Gpulling manifest [K
pulling eabc98a9bcbf: 100% ▕██████████████████▏  19 GB                         [K
pulling 66b9ea09bd5b: 100% ▕██████████████████▏   68 B                         [K
pulling eb4402837c78: 100% ▕██████████████████▏ 1.5 KB                         [K
pulling 832dd9e00a68: 100% ▕██████████████████▏  11 KB                         [K
pulling 833f525ce183: 100% ▕██████████████████▏  488 B                         [K
verifying sha256 digest ⠼ [K[?25h[?2026l[?2026h[?25l[A[A[A[A[A[A[1Gpulling manifest [K
pulling eabc98a9bcbf: 100% ▕██████████████████▏  19 GB                         [K
pulling 66b9ea09bd5b: 100% ▕██████████████████▏   68 B                         [K
pulling eb4402837c78: 100% ▕██████████████████▏ 1.5 KB                         [K
pulling 832dd9e00a68: 100% ▕██████████████████▏  11 KB                         [K
pulling 833f525ce183: 100% ▕██████████████████▏  488 B                         [K
verifying sha256 digest ⠴ [K[?25h[?2026l[?2026h[?25l[A[A[A[A[A[A[1Gpulling manifest [K
pulling eabc98a9bcbf: 100% ▕██████████████████▏  19 GB                         [K
pulling 66b9ea09bd5b: 100% ▕██████████████████▏   68 B                         [K
pulling eb4402837c78: 100% ▕██████████████████▏ 1.5 KB                         [K
pulling 832dd9e00a68: 100% ▕██████████████████▏  11 KB                         [K
pulling 833f525ce183: 100% ▕██████████████████▏  488 B                         [K
verifying sha256 digest ⠦ [K[?25h[?2026l[?2026h[?25l[A[A[A[A[A[A[1Gpulling manifest [K
pulling eabc98a9bcbf: 100% ▕██████████████████▏  19 GB                         [K
pulling 66b9ea09bd5b: 100% ▕██████████████████▏   68 B                         [K
pulling eb4402837c78: 100% ▕██████████████████▏ 1.5 KB                         [K
pulling 832dd9e00a68: 100% ▕██████████████████▏  11 KB                         [K
pulling 833f525ce183: 100% ▕██████████████████▏  488 B                         [K
verifying sha256 digest ⠧ [K[?25h[?2026l[?2026h[?25l[A[A[A[A[A[A[1Gpulling manifest [K
pulling eabc98a9bcbf: 100% ▕██████████████████▏  19 GB                         [K
pulling 66b9ea09bd5b: 100% ▕██████████████████▏   68 B                         [K
pulling eb4402837c78: 100% ▕██████████████████▏ 1.5 KB                         [K
pulling 832dd9e00a68: 100% ▕██████████████████▏  11 KB                         [K
pulling 833f525ce183: 100% ▕██████████████████▏  488 B                         [K
verifying sha256 digest ⠇ [K[?25h[?2026l[?2026h[?25l[A[A[A[A[A[A[1Gpulling manifest [K
pulling eabc98a9bcbf: 100% ▕██████████████████▏  19 GB                         [K
pulling 66b9ea09bd5b: 100% ▕██████████████████▏   68 B                         [K
pulling eb4402837c78: 100% ▕██████████████████▏ 1.5 KB                         [K
pulling 832dd9e00a68: 100% ▕██████████████████▏  11 KB                         [K
pulling 833f525ce183: 100% ▕██████████████████▏  488 B                         [K
verifying sha256 digest ⠏ [K[?25h[?2026l[?2026h[?25l[A[A[A[A[A[A[1Gpulling manifest [K
pulling eabc98a9bcbf: 100% ▕██████████████████▏  19 GB                         [K
pulling 66b9ea09bd5b: 100% ▕██████████████████▏   68 B                         [K
pulling eb4402837c78: 100% ▕██████████████████▏ 1.5 KB                         [K
pulling 832dd9e00a68: 100% ▕██████████████████▏  11 KB                         [K
pulling 833f525ce183: 100% ▕██████████████████▏  488 B                         [K
verifying sha256 digest ⠋ [K[?25h[?2026l[?2026h[?25l[A[A[A[A[A[A[1Gpulling manifest [K
pulling eabc98a9bcbf: 100% ▕██████████████████▏  19 GB                         [K
pulling 66b9ea09bd5b: 100% ▕██████████████████▏   68 B                         [K
pulling eb4402837c78: 100% ▕██████████████████▏ 1.5 KB                         [K
pulling 832dd9e00a68: 100% ▕██████████████████▏  11 KB                         [K
pulling 833f525ce183: 100% ▕██████████████████▏  488 B                         [K
verifying sha256 digest ⠙ [K[?25h[?2026l[?2026h[?25l[A[A[A[A[A[A[1Gpulling manifest [K
pulling eabc98a9bcbf: 100% ▕██████████████████▏  19 GB                         [K
pulling 66b9ea09bd5b: 100% ▕██████████████████▏   68 B                         [K
pulling eb4402837c78: 100% ▕██████████████████▏ 1.5 KB                         [K
pulling 832dd9e00a68: 100% ▕██████████████████▏  11 KB                         [K
pulling 833f525ce183: 100% ▕██████████████████▏  488 B                         [K
verifying sha256 digest ⠹ [K[?25h[?2026l[?2026h[?25l[A[A[A[A[A[A[1Gpulling manifest [K
pulling eabc98a9bcbf: 100% ▕██████████████████▏  19 GB                         [K
pulling 66b9ea09bd5b: 100% ▕██████████████████▏   68 B                         [K
pulling eb4402837c78: 100% ▕██████████████████▏ 1.5 KB                         [K
pulling 832dd9e00a68: 100% ▕██████████████████▏  11 KB                         [K
pulling 833f525ce183: 100% ▕██████████████████▏  488 B                         [K
verifying sha256 digest ⠸ [K[?25h[?2026l[?2026h[?25l[A[A[A[A[A[A[1Gpulling manifest [K
pulling eabc98a9bcbf: 100% ▕██████████████████▏  19 GB                         [K
pulling 66b9ea09bd5b: 100% ▕██████████████████▏   68 B                         [K
pulling eb4402837c78: 100% ▕██████████████████▏ 1.5 KB                         [K
pulling 832dd9e00a68: 100% ▕██████████████████▏  11 KB                         [K
pulling 833f525ce183: 100% ▕██████████████████▏  488 B                         [K
verifying sha256 digest ⠼ [K[?25h[?2026l[?2026h[?25l[A[A[A[A[A[A[1Gpulling manifest [K
pulling eabc98a9bcbf: 100% ▕██████████████████▏  19 GB                         [K
pulling 66b9ea09bd5b: 100% ▕██████████████████▏   68 B                         [K
pulling eb4402837c78: 100% ▕██████████████████▏ 1.5 KB                         [K
pulling 832dd9e00a68: 100% ▕██████████████████▏  11 KB                         [K
pulling 833f525ce183: 100% ▕██████████████████▏  488 B                         [K
verifying sha256 digest ⠴ [K[?25h[?2026l[?2026h[?25l[A[A[A[A[A[A[1Gpulling manifest [K
pulling eabc98a9bcbf: 100% ▕██████████████████▏  19 GB                         [K
pulling 66b9ea09bd5b: 100% ▕██████████████████▏   68 B                         [K
pulling eb4402837c78: 100% ▕██████████████████▏ 1.5 KB                         [K
pulling 832dd9e00a68: 100% ▕██████████████████▏  11 KB                         [K
pulling 833f525ce183: 100% ▕██████████████████▏  488 B                         [K
verifying sha256 digest ⠦ [K[?25h[?2026l[?2026h[?25l[A[A[A[A[A[A[1Gpulling manifest [K
pulling eabc98a9bcbf: 100% ▕██████████████████▏  19 GB                         [K
pulling 66b9ea09bd5b: 100% ▕██████████████████▏   68 B                         [K
pulling eb4402837c78: 100% ▕██████████████████▏ 1.5 KB                         [K
pulling 832dd9e00a68: 100% ▕██████████████████▏  11 KB                         [K
pulling 833f525ce183: 100% ▕██████████████████▏  488 B                         [K
verifying sha256 digest ⠧ [K[?25h[?2026l[?2026h[?25l[A[A[A[A[A[A[1Gpulling manifest [K
pulling eabc98a9bcbf: 100% ▕██████████████████▏  19 GB                         [K
pulling 66b9ea09bd5b: 100% ▕██████████████████▏   68 B                         [K
pulling eb4402837c78: 100% ▕██████████████████▏ 1.5 KB                         [K
pulling 832dd9e00a68: 100% ▕██████████████████▏  11 KB                         [K
pulling 833f525ce183: 100% ▕██████████████████▏  488 B                         [K
verifying sha256 digest ⠇ [K[?25h[?2026l[?2026h[?25l[A[A[A[A[A[A[1Gpulling manifest [K
pulling eabc98a9bcbf: 100% ▕██████████████████▏  19 GB                         [K
pulling 66b9ea09bd5b: 100% ▕██████████████████▏   68 B                         [K
pulling eb4402837c78: 100% ▕██████████████████▏ 1.5 KB                         [K
pulling 832dd9e00a68: 100% ▕██████████████████▏  11 KB                         [K
pulling 833f525ce183: 100% ▕██████████████████▏  488 B                         [K
verifying sha256 digest ⠏ [K[?25h[?2026l[?2026h[?25l[A[A[A[A[A[A[1Gpulling manifest [K
pulling eabc98a9bcbf: 100% ▕██████████████████▏  19 GB                         [K
pulling 66b9ea09bd5b: 100% ▕██████████████████▏   68 B                         [K
pulling eb4402837c78: 100% ▕██████████████████▏ 1.5 KB                         [K
pulling 832dd9e00a68: 100% ▕██████████████████▏  11 KB                         [K
pulling 833f525ce183: 100% ▕██████████████████▏  488 B                         [K
verifying sha256 digest ⠋ [K[?25h[?2026l[?2026h[?25l[A[A[A[A[A[A[1Gpulling manifest [K
pulling eabc98a9bcbf: 100% ▕██████████████████▏  19 GB                         [K
pulling 66b9ea09bd5b: 100% ▕██████████████████▏   68 B                         [K
pulling eb4402837c78: 100% ▕██████████████████▏ 1.5 KB                         [K
pulling 832dd9e00a68: 100% ▕██████████████████▏  11 KB                         [K
pulling 833f525ce183: 100% ▕██████████████████▏  488 B                         [K
verifying sha256 digest ⠙ [K[?25h[?2026l[?2026h[?25l[A[A[A[A[A[A[1Gpulling manifest [K
pulling eabc98a9bcbf: 100% ▕██████████████████▏  19 GB                         [K
pulling 66b9ea09bd5b: 100% ▕██████████████████▏   68 B                         [K
pulling eb4402837c78: 100% ▕██████████████████▏ 1.5 KB                         [K
pulling 832dd9e00a68: 100% ▕██████████████████▏  11 KB                         [K
pulling 833f525ce183: 100% ▕██████████████████▏  488 B                         [K
verifying sha256 digest ⠹ [K[?25h[?2026l[?2026h[?25l[A[A[A[A[A[A[1Gpulling manifest [K
pulling eabc98a9bcbf: 100% ▕██████████████████▏  19 GB                         [K
pulling 66b9ea09bd5b: 100% ▕██████████████████▏   68 B                         [K
pulling eb4402837c78: 100% ▕██████████████████▏ 1.5 KB                         [K
pulling 832dd9e00a68: 100% ▕██████████████████▏  11 KB                         [K
pulling 833f525ce183: 100% ▕██████████████████▏  488 B                         [K
verifying sha256 digest ⠸ [K[?25h[?2026l[?2026h[?25l[A[A[A[A[A[A[1Gpulling manifest [K
pulling eabc98a9bcbf: 100% ▕██████████████████▏  19 GB                         [K
pulling 66b9ea09bd5b: 100% ▕██████████████████▏   68 B                         [K
pulling eb4402837c78: 100% ▕██████████████████▏ 1.5 KB                         [K
pulling 832dd9e00a68: 100% ▕██████████████████▏  11 KB                         [K
pulling 833f525ce183: 100% ▕██████████████████▏  488 B                         [K
verifying sha256 digest ⠼ [K[?25h[?2026l[?2026h[?25l[A[A[A[A[A[A[1Gpulling manifest [K
pulling eabc98a9bcbf: 100% ▕██████████████████▏  19 GB                         [K
pulling 66b9ea09bd5b: 100% ▕██████████████████▏   68 B                         [K
pulling eb4402837c78: 100% ▕██████████████████▏ 1.5 KB                         [K
pulling 832dd9e00a68: 100% ▕██████████████████▏  11 KB                         [K
pulling 833f525ce183: 100% ▕██████████████████▏  488 B                         [K
verifying sha256 digest ⠴ [K[?25h[?2026l[?2026h[?25l[A[A[A[A[A[A[1Gpulling manifest [K
pulling eabc98a9bcbf: 100% ▕██████████████████▏  19 GB                         [K
pulling 66b9ea09bd5b: 100% ▕██████████████████▏   68 B                         [K
pulling eb4402837c78: 100% ▕██████████████████▏ 1.5 KB                         [K
pulling 832dd9e00a68: 100% ▕██████████████████▏  11 KB                         [K
pulling 833f525ce183: 100% ▕██████████████████▏  488 B                         [K
verifying sha256 digest ⠦ [K[?25h[?2026l[?2026h[?25l[A[A[A[A[A[A[1Gpulling manifest [K
pulling eabc98a9bcbf: 100% ▕██████████████████▏  19 GB                         [K
pulling 66b9ea09bd5b: 100% ▕██████████████████▏   68 B                         [K
pulling eb4402837c78: 100% ▕██████████████████▏ 1.5 KB                         [K
pulling 832dd9e00a68: 100% ▕██████████████████▏  11 KB                         [K
pulling 833f525ce183: 100% ▕██████████████████▏  488 B                         [K
verifying sha256 digest ⠧ [K[?25h[?2026l[?2026h[?25l[A[A[A[A[A[A[1Gpulling manifest [K
pulling eabc98a9bcbf: 100% ▕██████████████████▏  19 GB                         [K
pulling 66b9ea09bd5b: 100% ▕██████████████████▏   68 B                         [K
pulling eb4402837c78: 100% ▕██████████████████▏ 1.5 KB                         [K
pulling 832dd9e00a68: 100% ▕██████████████████▏  11 KB                         [K
pulling 833f525ce183: 100% ▕██████████████████▏  488 B                         [K
verifying sha256 digest ⠇ [K[?25h[?2026l[?2026h[?25l[A[A[A[A[A[A[1Gpulling manifest [K
pulling eabc98a9bcbf: 100% ▕██████████████████▏  19 GB                         [K
pulling 66b9ea09bd5b: 100% ▕██████████████████▏   68 B                         [K
pulling eb4402837c78: 100% ▕██████████████████▏ 1.5 KB                         [K
pulling 832dd9e00a68: 100% ▕██████████████████▏  11 KB                         [K
pulling 833f525ce183: 100% ▕██████████████████▏  488 B                         [K
verifying sha256 digest ⠏ [K[?25h[?2026l[?2026h[?25l[A[A[A[A[A[A[1Gpulling manifest [K
pulling eabc98a9bcbf: 100% ▕██████████████████▏  19 GB                         [K
pulling 66b9ea09bd5b: 100% ▕██████████████████▏   68 B                         [K
pulling eb4402837c78: 100% ▕██████████████████▏ 1.5 KB                         [K
pulling 832dd9e00a68: 100% ▕██████████████████▏  11 KB                         [K
pulling 833f525ce183: 100% ▕██████████████████▏  488 B                         [K
verifying sha256 digest ⠋ [K[?25h[?2026l[?2026h[?25l[A[A[A[A[A[A[1Gpulling manifest [K
pulling eabc98a9bcbf: 100% ▕██████████████████▏  19 GB                         [K
pulling 66b9ea09bd5b: 100% ▕██████████████████▏   68 B                         [K
pulling eb4402837c78: 100% ▕██████████████████▏ 1.5 KB                         [K
pulling 832dd9e00a68: 100% ▕██████████████████▏  11 KB                         [K
pulling 833f525ce183: 100% ▕██████████████████▏  488 B                         [K
verifying sha256 digest ⠙ [K[?25h[?2026l[?2026h[?25l[A[A[A[A[A[A[1Gpulling manifest [K
pulling eabc98a9bcbf: 100% ▕██████████████████▏  19 GB                         [K
pulling 66b9ea09bd5b: 100% ▕██████████████████▏   68 B                         [K
pulling eb4402837c78: 100% ▕██████████████████▏ 1.5 KB                         [K
pulling 832dd9e00a68: 100% ▕██████████████████▏  11 KB                         [K
pulling 833f525ce183: 100% ▕██████████████████▏  488 B                         [K
verifying sha256 digest ⠹ [K[?25h[?2026l[?2026h[?25l[A[A[A[A[A[A[1Gpulling manifest [K
pulling eabc98a9bcbf: 100% ▕██████████████████▏  19 GB                         [K
pulling 66b9ea09bd5b: 100% ▕██████████████████▏   68 B                         [K
pulling eb4402837c78: 100% ▕██████████████████▏ 1.5 KB                         [K
pulling 832dd9e00a68: 100% ▕██████████████████▏  11 KB                         [K
pulling 833f525ce183: 100% ▕██████████████████▏  488 B                         [K
verifying sha256 digest ⠸ [K[?25h[?2026l[?2026h[?25l[A[A[A[A[A[A[1Gpulling manifest [K
pulling eabc98a9bcbf: 100% ▕██████████████████▏  19 GB                         [K
pulling 66b9ea09bd5b: 100% ▕██████████████████▏   68 B                         [K
pulling eb4402837c78: 100% ▕██████████████████▏ 1.5 KB                         [K
pulling 832dd9e00a68: 100% ▕██████████████████▏  11 KB                         [K
pulling 833f525ce183: 100% ▕██████████████████▏  488 B                         [K
verifying sha256 digest ⠼ [K[?25h[?2026l[?2026h[?25l[A[A[A[A[A[A[1Gpulling manifest [K
pulling eabc98a9bcbf: 100% ▕██████████████████▏  19 GB                         [K
pulling 66b9ea09bd5b: 100% ▕██████████████████▏   68 B                         [K
pulling eb4402837c78: 100% ▕██████████████████▏ 1.5 KB                         [K
pulling 832dd9e00a68: 100% ▕██████████████████▏  11 KB                         [K
pulling 833f525ce183: 100% ▕██████████████████▏  488 B                         [K
verifying sha256 digest ⠴ [K[?25h[?2026l[?2026h[?25l[A[A[A[A[A[A[1Gpulling manifest [K
pulling eabc98a9bcbf: 100% ▕██████████████████▏  19 GB                         [K
pulling 66b9ea09bd5b: 100% ▕██████████████████▏   68 B                         [K
pulling eb4402837c78: 100% ▕██████████████████▏ 1.5 KB                         [K
pulling 832dd9e00a68: 100% ▕██████████████████▏  11 KB                         [K
pulling 833f525ce183: 100% ▕██████████████████▏  488 B                         [K
verifying sha256 digest ⠦ [K[?25h[?2026l[?2026h[?25l[A[A[A[A[A[A[1Gpulling manifest [K
pulling eabc98a9bcbf: 100% ▕██████████████████▏  19 GB                         [K
pulling 66b9ea09bd5b: 100% ▕██████████████████▏   68 B                         [K
pulling eb4402837c78: 100% ▕██████████████████▏ 1.5 KB                         [K
pulling 832dd9e00a68: 100% ▕██████████████████▏  11 KB                         [K
pulling 833f525ce183: 100% ▕██████████████████▏  488 B                         [K
verifying sha256 digest ⠧ [K[?25h[?2026l[?2026h[?25l[A[A[A[A[A[A[1Gpulling manifest [K
pulling eabc98a9bcbf: 100% ▕██████████████████▏  19 GB                         [K
pulling 66b9ea09bd5b: 100% ▕██████████████████▏   68 B                         [K
pulling eb4402837c78: 100% ▕██████████████████▏ 1.5 KB                         [K
pulling 832dd9e00a68: 100% ▕██████████████████▏  11 KB                         [K
pulling 833f525ce183: 100% ▕██████████████████▏  488 B                         [K
verifying sha256 digest ⠇ [K[?25h[?2026l[?2026h[?25l[A[A[A[A[A[A[1Gpulling manifest [K
pulling eabc98a9bcbf: 100% ▕██████████████████▏  19 GB                         [K
pulling 66b9ea09bd5b: 100% ▕██████████████████▏   68 B                         [K
pulling eb4402837c78: 100% ▕██████████████████▏ 1.5 KB                         [K
pulling 832dd9e00a68: 100% ▕██████████████████▏  11 KB                         [K
pulling 833f525ce183: 100% ▕██████████████████▏  488 B                         [K
verifying sha256 digest ⠏ [K[?25h[?2026l[?2026h[?25l[A[A[A[A[A[A[1Gpulling manifest [K
pulling eabc98a9bcbf: 100% ▕██████████████████▏  19 GB                         [K
pulling 66b9ea09bd5b: 100% ▕██████████████████▏   68 B                         [K
pulling eb4402837c78: 100% ▕██████████████████▏ 1.5 KB                         [K
pulling 832dd9e00a68: 100% ▕██████████████████▏  11 KB                         [K
pulling 833f525ce183: 100% ▕██████████████████▏  488 B                         [K
verifying sha256 digest ⠋ [K[?25h[?2026l[?2026h[?25l[A[A[A[A[A[A[1Gpulling manifest [K
pulling eabc98a9bcbf: 100% ▕██████████████████▏  19 GB                         [K
pulling 66b9ea09bd5b: 100% ▕██████████████████▏   68 B                         [K
pulling eb4402837c78: 100% ▕██████████████████▏ 1.5 KB                         [K
pulling 832dd9e00a68: 100% ▕██████████████████▏  11 KB                         [K
pulling 833f525ce183: 100% ▕██████████████████▏  488 B                         [K
verifying sha256 digest ⠙ [K[?25h[?2026l[?2026h[?25l[A[A[A[A[A[A[1Gpulling manifest [K
pulling eabc98a9bcbf: 100% ▕██████████████████▏  19 GB                         [K
pulling 66b9ea09bd5b: 100% ▕██████████████████▏   68 B                         [K
pulling eb4402837c78: 100% ▕██████████████████▏ 1.5 KB                         [K
pulling 832dd9e00a68: 100% ▕██████████████████▏  11 KB                         [K
pulling 833f525ce183: 100% ▕██████████████████▏  488 B                         [K
verifying sha256 digest ⠹ [K[?25h[?2026l[?2026h[?25l[A[A[A[A[A[A[1Gpulling manifest [K
pulling eabc98a9bcbf: 100% ▕██████████████████▏  19 GB                         [K
pulling 66b9ea09bd5b: 100% ▕██████████████████▏   68 B                         [K
pulling eb4402837c78: 100% ▕██████████████████▏ 1.5 KB                         [K
pulling 832dd9e00a68: 100% ▕██████████████████▏  11 KB                         [K
pulling 833f525ce183: 100% ▕██████████████████▏  488 B                         [K
verifying sha256 digest ⠸ [K[?25h[?2026l[?2026h[?25l[A[A[A[A[A[A[1Gpulling manifest [K
pulling eabc98a9bcbf: 100% ▕██████████████████▏  19 GB                         [K
pulling 66b9ea09bd5b: 100% ▕██████████████████▏   68 B                         [K
pulling eb4402837c78: 100% ▕██████████████████▏ 1.5 KB                         [K
pulling 832dd9e00a68: 100% ▕██████████████████▏  11 KB                         [K
pulling 833f525ce183: 100% ▕██████████████████▏  488 B                         [K
verifying sha256 digest ⠼ [K[?25h[?2026l[?2026h[?25l[A[A[A[A[A[A[1Gpulling manifest [K
pulling eabc98a9bcbf: 100% ▕██████████████████▏  19 GB                         [K
pulling 66b9ea09bd5b: 100% ▕██████████████████▏   68 B                         [K
pulling eb4402837c78: 100% ▕██████████████████▏ 1.5 KB                         [K
pulling 832dd9e00a68: 100% ▕██████████████████▏  11 KB                         [K
pulling 833f525ce183: 100% ▕██████████████████▏  488 B                         [K
verifying sha256 digest ⠴ [K[?25h[?2026l[?2026h[?25l[A[A[A[A[A[A[1Gpulling manifest [K
pulling eabc98a9bcbf: 100% ▕██████████████████▏  19 GB                         [K
pulling 66b9ea09bd5b: 100% ▕██████████████████▏   68 B                         [K
pulling eb4402837c78: 100% ▕██████████████████▏ 1.5 KB                         [K
pulling 832dd9e00a68: 100% ▕██████████████████▏  11 KB                         [K
pulling 833f525ce183: 100% ▕██████████████████▏  488 B                         [K
verifying sha256 digest ⠦ [K[?25h[?2026l[?2026h[?25l[A[A[A[A[A[A[1Gpulling manifest [K
pulling eabc98a9bcbf: 100% ▕██████████████████▏  19 GB                         [K
pulling 66b9ea09bd5b: 100% ▕██████████████████▏   68 B                         [K
pulling eb4402837c78: 100% ▕██████████████████▏ 1.5 KB                         [K
pulling 832dd9e00a68: 100% ▕██████████████████▏  11 KB                         [K
pulling 833f525ce183: 100% ▕██████████████████▏  488 B                         [K
verifying sha256 digest ⠧ [K[?25h[?2026l[?2026h[?25l[A[A[A[A[A[A[1Gpulling manifest [K
pulling eabc98a9bcbf: 100% ▕██████████████████▏  19 GB                         [K
pulling 66b9ea09bd5b: 100% ▕██████████████████▏   68 B                         [K
pulling eb4402837c78: 100% ▕██████████████████▏ 1.5 KB                         [K
pulling 832dd9e00a68: 100% ▕██████████████████▏  11 KB                         [K
pulling 833f525ce183: 100% ▕██████████████████▏  488 B                         [K
verifying sha256 digest ⠇ [K[?25h[?2026l[?2026h[?25l[A[A[A[A[A[A[1Gpulling manifest [K
pulling eabc98a9bcbf: 100% ▕██████████████████▏  19 GB                         [K
pulling 66b9ea09bd5b: 100% ▕██████████████████▏   68 B                         [K
pulling eb4402837c78: 100% ▕██████████████████▏ 1.5 KB                         [K
pulling 832dd9e00a68: 100% ▕██████████████████▏  11 KB                         [K
pulling 833f525ce183: 100% ▕██████████████████▏  488 B                         [K
verifying sha256 digest ⠏ [K[?25h[?2026l[?2026h[?25l[A[A[A[A[A[A[1Gpulling manifest [K
pulling eabc98a9bcbf: 100% ▕██████████████████▏  19 GB                         [K
pulling 66b9ea09bd5b: 100% ▕██████████████████▏   68 B                         [K
pulling eb4402837c78: 100% ▕██████████████████▏ 1.5 KB                         [K
pulling 832dd9e00a68: 100% ▕██████████████████▏  11 KB                         [K
pulling 833f525ce183: 100% ▕██████████████████▏  488 B                         [K
verifying sha256 digest ⠋ [K[?25h[?2026l[?2026h[?25l[A[A[A[A[A[A[1Gpulling manifest [K
pulling eabc98a9bcbf: 100% ▕██████████████████▏  19 GB                         [K
pulling 66b9ea09bd5b: 100% ▕██████████████████▏   68 B                         [K
pulling eb4402837c78: 100% ▕██████████████████▏ 1.5 KB                         [K
pulling 832dd9e00a68: 100% ▕██████████████████▏  11 KB                         [K
pulling 833f525ce183: 100% ▕██████████████████▏  488 B                         [K
verifying sha256 digest ⠙ [K[?25h[?2026l[?2026h[?25l[A[A[A[A[A[A[1Gpulling manifest [K
pulling eabc98a9bcbf: 100% ▕██████████████████▏  19 GB                         [K
pulling 66b9ea09bd5b: 100% ▕██████████████████▏   68 B                         [K
pulling eb4402837c78: 100% ▕██████████████████▏ 1.5 KB                         [K
pulling 832dd9e00a68: 100% ▕██████████████████▏  11 KB                         [K
pulling 833f525ce183: 100% ▕██████████████████▏  488 B                         [K
verifying sha256 digest ⠹ [K[?25h[?2026l[?2026h[?25l[A[A[A[A[A[A[1Gpulling manifest [K
pulling eabc98a9bcbf: 100% ▕██████████████████▏  19 GB                         [K
pulling 66b9ea09bd5b: 100% ▕██████████████████▏   68 B                         [K
pulling eb4402837c78: 100% ▕██████████████████▏ 1.5 KB                         [K
pulling 832dd9e00a68: 100% ▕██████████████████▏  11 KB                         [K
pulling 833f525ce183: 100% ▕██████████████████▏  488 B                         [K
verifying sha256 digest ⠸ [K[?25h[?2026l[?2026h[?25l[A[A[A[A[A[A[1Gpulling manifest [K
pulling eabc98a9bcbf: 100% ▕██████████████████▏  19 GB                         [K
pulling 66b9ea09bd5b: 100% ▕██████████████████▏   68 B                         [K
pulling eb4402837c78: 100% ▕██████████████████▏ 1.5 KB                         [K
pulling 832dd9e00a68: 100% ▕██████████████████▏  11 KB                         [K
pulling 833f525ce183: 100% ▕██████████████████▏  488 B                         [K
verifying sha256 digest ⠼ [K[?25h[?2026l[?2026h[?25l[A[A[A[A[A[A[1Gpulling manifest [K
pulling eabc98a9bcbf: 100% ▕██████████████████▏  19 GB                         [K
pulling 66b9ea09bd5b: 100% ▕██████████████████▏   68 B                         [K
pulling eb4402837c78: 100% ▕██████████████████▏ 1.5 KB                         [K
pulling 832dd9e00a68: 100% ▕██████████████████▏  11 KB                         [K
pulling 833f525ce183: 100% ▕██████████████████▏  488 B                         [K
verifying sha256 digest ⠴ [K[?25h[?2026l[?2026h[?25l[A[A[A[A[A[A[1Gpulling manifest [K
pulling eabc98a9bcbf: 100% ▕██████████████████▏  19 GB                         [K
pulling 66b9ea09bd5b: 100% ▕██████████████████▏   68 B                         [K
pulling eb4402837c78: 100% ▕██████████████████▏ 1.5 KB                         [K
pulling 832dd9e00a68: 100% ▕██████████████████▏  11 KB                         [K
pulling 833f525ce183: 100% ▕██████████████████▏  488 B                         [K
verifying sha256 digest ⠦ [K[?25h[?2026l[?2026h[?25l[A[A[A[A[A[A[1Gpulling manifest [K
pulling eabc98a9bcbf: 100% ▕██████████████████▏  19 GB                         [K
pulling 66b9ea09bd5b: 100% ▕██████████████████▏   68 B                         [K
pulling eb4402837c78: 100% ▕██████████████████▏ 1.5 KB                         [K
pulling 832dd9e00a68: 100% ▕██████████████████▏  11 KB                         [K
pulling 833f525ce183: 100% ▕██████████████████▏  488 B                         [K
verifying sha256 digest ⠧ [K[?25h[?2026l[?2026h[?25l[A[A[A[A[A[A[1Gpulling manifest [K
pulling eabc98a9bcbf: 100% ▕██████████████████▏  19 GB                         [K
pulling 66b9ea09bd5b: 100% ▕██████████████████▏   68 B                         [K
pulling eb4402837c78: 100% ▕██████████████████▏ 1.5 KB                         [K
pulling 832dd9e00a68: 100% ▕██████████████████▏  11 KB                         [K
pulling 833f525ce183: 100% ▕██████████████████▏  488 B                         [K
verifying sha256 digest ⠇ [K[?25h[?2026l[?2026h[?25l[A[A[A[A[A[A[1Gpulling manifest [K
pulling eabc98a9bcbf: 100% ▕██████████████████▏  19 GB                         [K
pulling 66b9ea09bd5b: 100% ▕██████████████████▏   68 B                         [K
pulling eb4402837c78: 100% ▕██████████████████▏ 1.5 KB                         [K
pulling 832dd9e00a68: 100% ▕██████████████████▏  11 KB                         [K
pulling 833f525ce183: 100% ▕██████████████████▏  488 B                         [K
verifying sha256 digest ⠏ [K[?25h[?2026l[?2026h[?25l[A[A[A[A[A[A[1Gpulling manifest [K
pulling eabc98a9bcbf: 100% ▕██████████████████▏  19 GB                         [K
pulling 66b9ea09bd5b: 100% ▕██████████████████▏   68 B                         [K
pulling eb4402837c78: 100% ▕██████████████████▏ 1.5 KB                         [K
pulling 832dd9e00a68: 100% ▕██████████████████▏  11 KB                         [K
pulling 833f525ce183: 100% ▕██████████████████▏  488 B                         [K
verifying sha256 digest ⠋ [K[?25h[?2026l[?2026h[?25l[A[A[A[A[A[A[1Gpulling manifest [K
pulling eabc98a9bcbf: 100% ▕██████████████████▏  19 GB                         [K
pulling 66b9ea09bd5b: 100% ▕██████████████████▏   68 B                         [K
pulling eb4402837c78: 100% ▕██████████████████▏ 1.5 KB                         [K
pulling 832dd9e00a68: 100% ▕██████████████████▏  11 KB                         [K
pulling 833f525ce183: 100% ▕██████████████████▏  488 B                         [K
verifying sha256 digest ⠙ [K[?25h[?2026l[?2026h[?25l[A[A[A[A[A[A[1Gpulling manifest [K
pulling eabc98a9bcbf: 100% ▕██████████████████▏  19 GB                         [K
pulling 66b9ea09bd5b: 100% ▕██████████████████▏   68 B                         [K
pulling eb4402837c78: 100% ▕██████████████████▏ 1.5 KB                         [K
pulling 832dd9e00a68: 100% ▕██████████████████▏  11 KB                         [K
pulling 833f525ce183: 100% ▕██████████████████▏  488 B                         [K
verifying sha256 digest ⠹ [K[?25h[?2026l[?2026h[?25l[A[A[A[A[A[A[1Gpulling manifest [K
pulling eabc98a9bcbf: 100% ▕██████████████████▏  19 GB                         [K
pulling 66b9ea09bd5b: 100% ▕██████████████████▏   68 B                         [K
pulling eb4402837c78: 100% ▕██████████████████▏ 1.5 KB                         [K
pulling 832dd9e00a68: 100% ▕██████████████████▏  11 KB                         [K
pulling 833f525ce183: 100% ▕██████████████████▏  488 B                         [K
verifying sha256 digest ⠸ [K[?25h[?2026l[?2026h[?25l[A[A[A[A[A[A[1Gpulling manifest [K
pulling eabc98a9bcbf: 100% ▕██████████████████▏  19 GB                         [K
pulling 66b9ea09bd5b: 100% ▕██████████████████▏   68 B                         [K
pulling eb4402837c78: 100% ▕██████████████████▏ 1.5 KB                         [K
pulling 832dd9e00a68: 100% ▕██████████████████▏  11 KB                         [K
pulling 833f525ce183: 100% ▕██████████████████▏  488 B                         [K
verifying sha256 digest ⠼ [K[?25h[?2026l[?2026h[?25l[A[A[A[A[A[A[1Gpulling manifest [K
pulling eabc98a9bcbf: 100% ▕██████████████████▏  19 GB                         [K
pulling 66b9ea09bd5b: 100% ▕██████████████████▏   68 B                         [K
pulling eb4402837c78: 100% ▕██████████████████▏ 1.5 KB                         [K
pulling 832dd9e00a68: 100% ▕██████████████████▏  11 KB                         [K
pulling 833f525ce183: 100% ▕██████████████████▏  488 B                         [K
verifying sha256 digest ⠴ [K[?25h[?2026l[?2026h[?25l[A[A[A[A[A[A[1Gpulling manifest [K
pulling eabc98a9bcbf: 100% ▕██████████████████▏  19 GB                         [K
pulling 66b9ea09bd5b: 100% ▕██████████████████▏   68 B                         [K
pulling eb4402837c78: 100% ▕██████████████████▏ 1.5 KB                         [K
pulling 832dd9e00a68: 100% ▕██████████████████▏  11 KB                         [K
pulling 833f525ce183: 100% ▕██████████████████▏  488 B                         [K
verifying sha256 digest ⠦ [K[?25h[?2026l[?2026h[?25l[A[A[A[A[A[A[1Gpulling manifest [K
pulling eabc98a9bcbf: 100% ▕██████████████████▏  19 GB                         [K
pulling 66b9ea09bd5b: 100% ▕██████████████████▏   68 B                         [K
pulling eb4402837c78: 100% ▕██████████████████▏ 1.5 KB                         [K
pulling 832dd9e00a68: 100% ▕██████████████████▏  11 KB                         [K
pulling 833f525ce183: 100% ▕██████████████████▏  488 B                         [K
verifying sha256 digest ⠧ [K[?25h[?2026l[?2026h[?25l[A[A[A[A[A[A[1Gpulling manifest [K
pulling eabc98a9bcbf: 100% ▕██████████████████▏  19 GB                         [K
pulling 66b9ea09bd5b: 100% ▕██████████████████▏   68 B                         [K
pulling eb4402837c78: 100% ▕██████████████████▏ 1.5 KB                         [K
pulling 832dd9e00a68: 100% ▕██████████████████▏  11 KB                         [K
pulling 833f525ce183: 100% ▕██████████████████▏  488 B                         [K
verifying sha256 digest ⠇ [K[?25h[?2026l[?2026h[?25l[A[A[A[A[A[A[1Gpulling manifest [K
pulling eabc98a9bcbf: 100% ▕██████████████████▏  19 GB                         [K
pulling 66b9ea09bd5b: 100% ▕██████████████████▏   68 B                         [K
pulling eb4402837c78: 100% ▕██████████████████▏ 1.5 KB                         [K
pulling 832dd9e00a68: 100% ▕██████████████████▏  11 KB                         [K
pulling 833f525ce183: 100% ▕██████████████████▏  488 B                         [K
verifying sha256 digest ⠏ [K[?25h[?2026l[?2026h[?25l[A[A[A[A[A[A[1Gpulling manifest [K
pulling eabc98a9bcbf: 100% ▕██████████████████▏  19 GB                         [K
pulling 66b9ea09bd5b: 100% ▕██████████████████▏   68 B                         [K
pulling eb4402837c78: 100% ▕██████████████████▏ 1.5 KB                         [K
pulling 832dd9e00a68: 100% ▕██████████████████▏  11 KB                         [K
pulling 833f525ce183: 100% ▕██████████████████▏  488 B                         [K
verifying sha256 digest ⠋ [K[?25h[?2026l[?2026h[?25l[A[A[A[A[A[A[1Gpulling manifest [K
pulling eabc98a9bcbf: 100% ▕██████████████████▏  19 GB                         [K
pulling 66b9ea09bd5b: 100% ▕██████████████████▏   68 B                         [K
pulling eb4402837c78: 100% ▕██████████████████▏ 1.5 KB                         [K
pulling 832dd9e00a68: 100% ▕██████████████████▏  11 KB                         [K
pulling 833f525ce183: 100% ▕██████████████████▏  488 B                         [K
verifying sha256 digest ⠙ [K[?25h[?2026l[?2026h[?25l[A[A[A[A[A[A[1Gpulling manifest [K
pulling eabc98a9bcbf: 100% ▕██████████████████▏  19 GB                         [K
pulling 66b9ea09bd5b: 100% ▕██████████████████▏   68 B                         [K
pulling eb4402837c78: 100% ▕██████████████████▏ 1.5 KB                         [K
pulling 832dd9e00a68: 100% ▕██████████████████▏  11 KB                         [K
pulling 833f525ce183: 100% ▕██████████████████▏  488 B                         [K
verifying sha256 digest ⠹ [K[?25h[?2026l[?2026h[?25l[A[A[A[A[A[A[1Gpulling manifest [K
pulling eabc98a9bcbf: 100% ▕██████████████████▏  19 GB                         [K
pulling 66b9ea09bd5b: 100% ▕██████████████████▏   68 B                         [K
pulling eb4402837c78: 100% ▕██████████████████▏ 1.5 KB                         [K
pulling 832dd9e00a68: 100% ▕██████████████████▏  11 KB                         [K
pulling 833f525ce183: 100% ▕██████████████████▏  488 B                         [K
verifying sha256 digest ⠸ [K[?25h[?2026l[?2026h[?25l[A[A[A[A[A[A[1Gpulling manifest [K
pulling eabc98a9bcbf: 100% ▕██████████████████▏  19 GB                         [K
pulling 66b9ea09bd5b: 100% ▕██████████████████▏   68 B                         [K
pulling eb4402837c78: 100% ▕██████████████████▏ 1.5 KB                         [K
pulling 832dd9e00a68: 100% ▕██████████████████▏  11 KB                         [K
pulling 833f525ce183: 100% ▕██████████████████▏  488 B                         [K
verifying sha256 digest ⠼ [K[?25h[?2026l[?2026h[?25l[A[A[A[A[A[A[1Gpulling manifest [K
pulling eabc98a9bcbf: 100% ▕██████████████████▏  19 GB                         [K
pulling 66b9ea09bd5b: 100% ▕██████████████████▏   68 B                         [K
pulling eb4402837c78: 100% ▕██████████████████▏ 1.5 KB                         [K
pulling 832dd9e00a68: 100% ▕██████████████████▏  11 KB                         [K
pulling 833f525ce183: 100% ▕██████████████████▏  488 B                         [K
verifying sha256 digest ⠴ [K[?25h[?2026l[?2026h[?25l[A[A[A[A[A[A[1Gpulling manifest [K
pulling eabc98a9bcbf: 100% ▕██████████████████▏  19 GB                         [K
pulling 66b9ea09bd5b: 100% ▕██████████████████▏   68 B                         [K
pulling eb4402837c78: 100% ▕██████████████████▏ 1.5 KB                         [K
pulling 832dd9e00a68: 100% ▕██████████████████▏  11 KB                         [K
pulling 833f525ce183: 100% ▕██████████████████▏  488 B                         [K
verifying sha256 digest ⠦ [K[?25h[?2026l[?2026h[?25l[A[A[A[A[A[A[1Gpulling manifest [K
pulling eabc98a9bcbf: 100% ▕██████████████████▏  19 GB                         [K
pulling 66b9ea09bd5b: 100% ▕██████████████████▏   68 B                         [K
pulling eb4402837c78: 100% ▕██████████████████▏ 1.5 KB                         [K
pulling 832dd9e00a68: 100% ▕██████████████████▏  11 KB                         [K
pulling 833f525ce183: 100% ▕██████████████████▏  488 B                         [K
verifying sha256 digest ⠧ [K[?25h[?2026l[?2026h[?25l[A[A[A[A[A[A[1Gpulling manifest [K
pulling eabc98a9bcbf: 100% ▕██████████████████▏  19 GB                         [K
pulling 66b9ea09bd5b: 100% ▕██████████████████▏   68 B                         [K
pulling eb4402837c78: 100% ▕██████████████████▏ 1.5 KB                         [K
pulling 832dd9e00a68: 100% ▕██████████████████▏  11 KB                         [K
pulling 833f525ce183: 100% ▕██████████████████▏  488 B                         [K
verifying sha256 digest ⠇ [K[?25h[?2026l[?2026h[?25l[A[A[A[A[A[A[1Gpulling manifest [K
pulling eabc98a9bcbf: 100% ▕██████████████████▏  19 GB                         [K
pulling 66b9ea09bd5b: 100% ▕██████████████████▏   68 B                         [K
pulling eb4402837c78: 100% ▕██████████████████▏ 1.5 KB                         [K
pulling 832dd9e00a68: 100% ▕██████████████████▏  11 KB                         [K
pulling 833f525ce183: 100% ▕██████████████████▏  488 B                         [K
verifying sha256 digest ⠏ [K[?25h[?2026l[?2026h[?25l[A[A[A[A[A[A[1Gpulling manifest [K
pulling eabc98a9bcbf: 100% ▕██████████████████▏  19 GB                         [K
pulling 66b9ea09bd5b: 100% ▕██████████████████▏   68 B                         [K
pulling eb4402837c78: 100% ▕██████████████████▏ 1.5 KB                         [K
pulling 832dd9e00a68: 100% ▕██████████████████▏  11 KB                         [K
pulling 833f525ce183: 100% ▕██████████████████▏  488 B                         [K
verifying sha256 digest ⠋ [K[?25h[?2026l[?2026h[?25l[A[A[A[A[A[A[1Gpulling manifest [K
pulling eabc98a9bcbf: 100% ▕██████████████████▏  19 GB                         [K
pulling 66b9ea09bd5b: 100% ▕██████████████████▏   68 B                         [K
pulling eb4402837c78: 100% ▕██████████████████▏ 1.5 KB                         [K
pulling 832dd9e00a68: 100% ▕██████████████████▏  11 KB                         [K
pulling 833f525ce183: 100% ▕██████████████████▏  488 B                         [K
verifying sha256 digest ⠙ [K[?25h[?2026l[?2026h[?25l[A[A[A[A[A[A[1Gpulling manifest [K
pulling eabc98a9bcbf: 100% ▕██████████████████▏  19 GB                         [K
pulling 66b9ea09bd5b: 100% ▕██████████████████▏   68 B                         [K
pulling eb4402837c78: 100% ▕██████████████████▏ 1.5 KB                         [K
pulling 832dd9e00a68: 100% ▕██████████████████▏  11 KB                         [K
pulling 833f525ce183: 100% ▕██████████████████▏  488 B                         [K
verifying sha256 digest ⠹ [K[?25h[?2026l[?2026h[?25l[A[A[A[A[A[A[1Gpulling manifest [K
pulling eabc98a9bcbf: 100% ▕██████████████████▏  19 GB                         [K
pulling 66b9ea09bd5b: 100% ▕██████████████████▏   68 B                         [K
pulling eb4402837c78: 100% ▕██████████████████▏ 1.5 KB                         [K
pulling 832dd9e00a68: 100% ▕██████████████████▏  11 KB                         [K
pulling 833f525ce183: 100% ▕██████████████████▏  488 B                         [K
verifying sha256 digest ⠸ [K[?25h[?2026l[?2026h[?25l[A[A[A[A[A[A[1Gpulling manifest [K
pulling eabc98a9bcbf: 100% ▕██████████████████▏  19 GB                         [K
pulling 66b9ea09bd5b: 100% ▕██████████████████▏   68 B                         [K
pulling eb4402837c78: 100% ▕██████████████████▏ 1.5 KB                         [K
pulling 832dd9e00a68: 100% ▕██████████████████▏  11 KB                         [K
pulling 833f525ce183: 100% ▕██████████████████▏  488 B                         [K
verifying sha256 digest ⠼ [K[?25h[?2026l[?2026h[?25l[A[A[A[A[A[A[1Gpulling manifest [K
pulling eabc98a9bcbf: 100% ▕██████████████████▏  19 GB                         [K
pulling 66b9ea09bd5b: 100% ▕██████████████████▏   68 B                         [K
pulling eb4402837c78: 100% ▕██████████████████▏ 1.5 KB                         [K
pulling 832dd9e00a68: 100% ▕██████████████████▏  11 KB                         [K
pulling 833f525ce183: 100% ▕██████████████████▏  488 B                         [K
verifying sha256 digest ⠴ [K[?25h[?2026l[?2026h[?25l[A[A[A[A[A[A[1Gpulling manifest [K
pulling eabc98a9bcbf: 100% ▕██████████████████▏  19 GB                         [K
pulling 66b9ea09bd5b: 100% ▕██████████████████▏   68 B                         [K
pulling eb4402837c78: 100% ▕██████████████████▏ 1.5 KB                         [K
pulling 832dd9e00a68: 100% ▕██████████████████▏  11 KB                         [K
pulling 833f525ce183: 100% ▕██████████████████▏  488 B                         [K
verifying sha256 digest ⠦ [K[?25h[?2026l[?2026h[?25l[A[A[A[A[A[A[1Gpulling manifest [K
pulling eabc98a9bcbf: 100% ▕██████████████████▏  19 GB                         [K
pulling 66b9ea09bd5b: 100% ▕██████████████████▏   68 B                         [K
pulling eb4402837c78: 100% ▕██████████████████▏ 1.5 KB                         [K
pulling 832dd9e00a68: 100% ▕██████████████████▏  11 KB                         [K
pulling 833f525ce183: 100% ▕██████████████████▏  488 B                         [K
verifying sha256 digest ⠧ [K[?25h[?2026l[?2026h[?25l[A[A[A[A[A[A[1Gpulling manifest [K
pulling eabc98a9bcbf: 100% ▕██████████████████▏  19 GB                         [K
pulling 66b9ea09bd5b: 100% ▕██████████████████▏   68 B                         [K
pulling eb4402837c78: 100% ▕██████████████████▏ 1.5 KB                         [K
pulling 832dd9e00a68: 100% ▕██████████████████▏  11 KB                         [K
pulling 833f525ce183: 100% ▕██████████████████▏  488 B                         [K
verifying sha256 digest ⠇ [K[?25h[?2026l[?2026h[?25l[A[A[A[A[A[A[1Gpulling manifest [K
pulling eabc98a9bcbf: 100% ▕██████████████████▏  19 GB                         [K
pulling 66b9ea09bd5b: 100% ▕██████████████████▏   68 B                         [K
pulling eb4402837c78: 100% ▕██████████████████▏ 1.5 KB                         [K
pulling 832dd9e00a68: 100% ▕██████████████████▏  11 KB                         [K
pulling 833f525ce183: 100% ▕██████████████████▏  488 B                         [K
verifying sha256 digest ⠏ [K[?25h[?2026l[?2026h[?25l[A[A[A[A[A[A[1Gpulling manifest [K
pulling eabc98a9bcbf: 100% ▕██████████████████▏  19 GB                         [K
pulling 66b9ea09bd5b: 100% ▕██████████████████▏   68 B                         [K
pulling eb4402837c78: 100% ▕██████████████████▏ 1.5 KB                         [K
pulling 832dd9e00a68: 100% ▕██████████████████▏  11 KB                         [K
pulling 833f525ce183: 100% ▕██████████████████▏  488 B                         [K
verifying sha256 digest ⠋ [K[?25h[?2026l[?2026h[?25l[A[A[A[A[A[A[1Gpulling manifest [K
pulling eabc98a9bcbf: 100% ▕██████████████████▏  19 GB                         [K
pulling 66b9ea09bd5b: 100% ▕██████████████████▏   68 B                         [K
pulling eb4402837c78: 100% ▕██████████████████▏ 1.5 KB                         [K
pulling 832dd9e00a68: 100% ▕██████████████████▏  11 KB                         [K
pulling 833f525ce183: 100% ▕██████████████████▏  488 B                         [K
verifying sha256 digest ⠙ [K[?25h[?2026l[?2026h[?25l[A[A[A[A[A[A[1Gpulling manifest [K
pulling eabc98a9bcbf: 100% ▕██████████████████▏  19 GB                         [K
pulling 66b9ea09bd5b: 100% ▕██████████████████▏   68 B                         [K
pulling eb4402837c78: 100% ▕██████████████████▏ 1.5 KB                         [K
pulling 832dd9e00a68: 100% ▕██████████████████▏  11 KB                         [K
pulling 833f525ce183: 100% ▕██████████████████▏  488 B                         [K
verifying sha256 digest ⠹ [K[?25h[?2026l[?2026h[?25l[A[A[A[A[A[A[1Gpulling manifest [K
pulling eabc98a9bcbf: 100% ▕██████████████████▏  19 GB                         [K
pulling 66b9ea09bd5b: 100% ▕██████████████████▏   68 B                         [K
pulling eb4402837c78: 100% ▕██████████████████▏ 1.5 KB                         [K
pulling 832dd9e00a68: 100% ▕██████████████████▏  11 KB                         [K
pulling 833f525ce183: 100% ▕██████████████████▏  488 B                         [K
verifying sha256 digest ⠸ [K[?25h[?2026l[?2026h[?25l[A[A[A[A[A[A[1Gpulling manifest [K
pulling eabc98a9bcbf: 100% ▕██████████████████▏  19 GB                         [K
pulling 66b9ea09bd5b: 100% ▕██████████████████▏   68 B                         [K
pulling eb4402837c78: 100% ▕██████████████████▏ 1.5 KB                         [K
pulling 832dd9e00a68: 100% ▕██████████████████▏  11 KB                         [K
pulling 833f525ce183: 100% ▕██████████████████▏  488 B                         [K
verifying sha256 digest ⠼ [K[?25h[?2026l[?2026h[?25l[A[A[A[A[A[A[1Gpulling manifest [K
pulling eabc98a9bcbf: 100% ▕██████████████████▏  19 GB                         [K
pulling 66b9ea09bd5b: 100% ▕██████████████████▏   68 B                         [K
pulling eb4402837c78: 100% ▕██████████████████▏ 1.5 KB                         [K
pulling 832dd9e00a68: 100% ▕██████████████████▏  11 KB                         [K
pulling 833f525ce183: 100% ▕██████████████████▏  488 B                         [K
verifying sha256 digest ⠴ [K[?25h[?2026l[?2026h[?25l[A[A[A[A[A[A[1Gpulling manifest [K
pulling eabc98a9bcbf: 100% ▕██████████████████▏  19 GB                         [K
pulling 66b9ea09bd5b: 100% ▕██████████████████▏   68 B                         [K
pulling eb4402837c78: 100% ▕██████████████████▏ 1.5 KB                         [K
pulling 832dd9e00a68: 100% ▕██████████████████▏  11 KB                         [K
pulling 833f525ce183: 100% ▕██████████████████▏  488 B                         [K
verifying sha256 digest ⠦ [K[?25h[?2026l[?2026h[?25l[A[A[A[A[A[A[1Gpulling manifest [K
pulling eabc98a9bcbf: 100% ▕██████████████████▏  19 GB                         [K
pulling 66b9ea09bd5b: 100% ▕██████████████████▏   68 B                         [K
pulling eb4402837c78: 100% ▕██████████████████▏ 1.5 KB                         [K
pulling 832dd9e00a68: 100% ▕██████████████████▏  11 KB                         [K
pulling 833f525ce183: 100% ▕██████████████████▏  488 B                         [K
verifying sha256 digest ⠧ [K[?25h[?2026l[?2026h[?25l[A[A[A[A[A[A[1Gpulling manifest [K
pulling eabc98a9bcbf: 100% ▕██████████████████▏  19 GB                         [K
pulling 66b9ea09bd5b: 100% ▕██████████████████▏   68 B                         [K
pulling eb4402837c78: 100% ▕██████████████████▏ 1.5 KB                         [K
pulling 832dd9e00a68: 100% ▕██████████████████▏  11 KB                         [K
pulling 833f525ce183: 100% ▕██████████████████▏  488 B                         [K
verifying sha256 digest ⠇ [K[?25h[?2026l[?2026h[?25l[A[A[A[A[A[A[1Gpulling manifest [K
pulling eabc98a9bcbf: 100% ▕██████████████████▏  19 GB                         [K
pulling 66b9ea09bd5b: 100% ▕██████████████████▏   68 B                         [K
pulling eb4402837c78: 100% ▕██████████████████▏ 1.5 KB                         [K
pulling 832dd9e00a68: 100% ▕██████████████████▏  11 KB                         [K
pulling 833f525ce183: 100% ▕██████████████████▏  488 B                         [K
verifying sha256 digest ⠏ [K[?25h[?2026l[?2026h[?25l[A[A[A[A[A[A[1Gpulling manifest [K
pulling eabc98a9bcbf: 100% ▕██████████████████▏  19 GB                         [K
pulling 66b9ea09bd5b: 100% ▕██████████████████▏   68 B                         [K
pulling eb4402837c78: 100% ▕██████████████████▏ 1.5 KB                         [K
pulling 832dd9e00a68: 100% ▕██████████████████▏  11 KB                         [K
pulling 833f525ce183: 100% ▕██████████████████▏  488 B                         [K
verifying sha256 digest ⠋ [K[?25h[?2026l[?2026h[?25l[A[A[A[A[A[A[1Gpulling manifest [K
pulling eabc98a9bcbf: 100% ▕██████████████████▏  19 GB                         [K
pulling 66b9ea09bd5b: 100% ▕██████████████████▏   68 B                         [K
pulling eb4402837c78: 100% ▕██████████████████▏ 1.5 KB                         [K
pulling 832dd9e00a68: 100% ▕██████████████████▏  11 KB                         [K
pulling 833f525ce183: 100% ▕██████████████████▏  488 B                         [K
verifying sha256 digest ⠙ [K[?25h[?2026l[?2026h[?25l[A[A[A[A[A[A[1Gpulling manifest [K
pulling eabc98a9bcbf: 100% ▕██████████████████▏  19 GB                         [K
pulling 66b9ea09bd5b: 100% ▕██████████████████▏   68 B                         [K
pulling eb4402837c78: 100% ▕██████████████████▏ 1.5 KB                         [K
pulling 832dd9e00a68: 100% ▕██████████████████▏  11 KB                         [K
pulling 833f525ce183: 100% ▕██████████████████▏  488 B                         [K
verifying sha256 digest ⠹ [K[?25h[?2026l[?2026h[?25l[A[A[A[A[A[A[1Gpulling manifest [K
pulling eabc98a9bcbf: 100% ▕██████████████████▏  19 GB                         [K
pulling 66b9ea09bd5b: 100% ▕██████████████████▏   68 B                         [K
pulling eb4402837c78: 100% ▕██████████████████▏ 1.5 KB                         [K
pulling 832dd9e00a68: 100% ▕██████████████████▏  11 KB                         [K
pulling 833f525ce183: 100% ▕██████████████████▏  488 B                         [K
verifying sha256 digest ⠸ [K[?25h[?2026l[?2026h[?25l[A[A[A[A[A[A[1Gpulling manifest [K
pulling eabc98a9bcbf: 100% ▕██████████████████▏  19 GB                         [K
pulling 66b9ea09bd5b: 100% ▕██████████████████▏   68 B                         [K
pulling eb4402837c78: 100% ▕██████████████████▏ 1.5 KB                         [K
pulling 832dd9e00a68: 100% ▕██████████████████▏  11 KB                         [K
pulling 833f525ce183: 100% ▕██████████████████▏  488 B                         [K
verifying sha256 digest ⠼ [K[?25h[?2026l[?2026h[?25l[A[A[A[A[A[A[1Gpulling manifest [K
pulling eabc98a9bcbf: 100% ▕██████████████████▏  19 GB                         [K
pulling 66b9ea09bd5b: 100% ▕██████████████████▏   68 B                         [K
pulling eb4402837c78: 100% ▕██████████████████▏ 1.5 KB                         [K
pulling 832dd9e00a68: 100% ▕██████████████████▏  11 KB                         [K
pulling 833f525ce183: 100% ▕██████████████████▏  488 B                         [K
verifying sha256 digest ⠴ [K[?25h[?2026l[?2026h[?25l[A[A[A[A[A[A[1Gpulling manifest [K
pulling eabc98a9bcbf: 100% ▕██████████████████▏  19 GB                         [K
pulling 66b9ea09bd5b: 100% ▕██████████████████▏   68 B                         [K
pulling eb4402837c78: 100% ▕██████████████████▏ 1.5 KB                         [K
pulling 832dd9e00a68: 100% ▕██████████████████▏  11 KB                         [K
pulling 833f525ce183: 100% ▕██████████████████▏  488 B                         [K
verifying sha256 digest ⠦ [K[?25h[?2026l[?2026h[?25l[A[A[A[A[A[A[1Gpulling manifest [K
pulling eabc98a9bcbf: 100% ▕██████████████████▏  19 GB                         [K
pulling 66b9ea09bd5b: 100% ▕██████████████████▏   68 B                         [K
pulling eb4402837c78: 100% ▕██████████████████▏ 1.5 KB                         [K
pulling 832dd9e00a68: 100% ▕██████████████████▏  11 KB                         [K
pulling 833f525ce183: 100% ▕██████████████████▏  488 B                         [K
verifying sha256 digest ⠧ [K[?25h[?2026l[?2026h[?25l[A[A[A[A[A[A[1Gpulling manifest [K
pulling eabc98a9bcbf: 100% ▕██████████████████▏  19 GB                         [K
pulling 66b9ea09bd5b: 100% ▕██████████████████▏   68 B                         [K
pulling eb4402837c78: 100% ▕██████████████████▏ 1.5 KB                         [K
pulling 832dd9e00a68: 100% ▕██████████████████▏  11 KB                         [K
pulling 833f525ce183: 100% ▕██████████████████▏  488 B                         [K
verifying sha256 digest ⠇ [K[?25h[?2026l[?2026h[?25l[A[A[A[A[A[A[1Gpulling manifest [K
pulling eabc98a9bcbf: 100% ▕██████████████████▏  19 GB                         [K
pulling 66b9ea09bd5b: 100% ▕██████████████████▏   68 B                         [K
pulling eb4402837c78: 100% ▕██████████████████▏ 1.5 KB                         [K
pulling 832dd9e00a68: 100% ▕██████████████████▏  11 KB                         [K
pulling 833f525ce183: 100% ▕██████████████████▏  488 B                         [K
verifying sha256 digest ⠏ [K[?25h[?2026l[?2026h[?25l[A[A[A[A[A[A[1Gpulling manifest [K
pulling eabc98a9bcbf: 100% ▕██████████████████▏  19 GB                         [K
pulling 66b9ea09bd5b: 100% ▕██████████████████▏   68 B                         [K
pulling eb4402837c78: 100% ▕██████████████████▏ 1.5 KB                         [K
pulling 832dd9e00a68: 100% ▕██████████████████▏  11 KB                         [K
pulling 833f525ce183: 100% ▕██████████████████▏  488 B                         [K
verifying sha256 digest ⠋ [K[?25h[?2026l[?2026h[?25l[A[A[A[A[A[A[1Gpulling manifest [K
pulling eabc98a9bcbf: 100% ▕██████████████████▏  19 GB                         [K
pulling 66b9ea09bd5b: 100% ▕██████████████████▏   68 B                         [K
pulling eb4402837c78: 100% ▕██████████████████▏ 1.5 KB                         [K
pulling 832dd9e00a68: 100% ▕██████████████████▏  11 KB                         [K
pulling 833f525ce183: 100% ▕██████████████████▏  488 B                         [K
verifying sha256 digest ⠙ [K[?25h[?2026l[?2026h[?25l[A[A[A[A[A[A[1Gpulling manifest [K
pulling eabc98a9bcbf: 100% ▕██████████████████▏  19 GB                         [K
pulling 66b9ea09bd5b: 100% ▕██████████████████▏   68 B                         [K
pulling eb4402837c78: 100% ▕██████████████████▏ 1.5 KB                         [K
pulling 832dd9e00a68: 100% ▕██████████████████▏  11 KB                         [K
pulling 833f525ce183: 100% ▕██████████████████▏  488 B                         [K
verifying sha256 digest ⠹ [K[?25h[?2026l[?2026h[?25l[A[A[A[A[A[A[1Gpulling manifest [K
pulling eabc98a9bcbf: 100% ▕██████████████████▏  19 GB                         [K
pulling 66b9ea09bd5b: 100% ▕██████████████████▏   68 B                         [K
pulling eb4402837c78: 100% ▕██████████████████▏ 1.5 KB                         [K
pulling 832dd9e00a68: 100% ▕██████████████████▏  11 KB                         [K
pulling 833f525ce183: 100% ▕██████████████████▏  488 B                         [K
verifying sha256 digest ⠸ [K[?25h[?2026l[?2026h[?25l[A[A[A[A[A[A[1Gpulling manifest [K
pulling eabc98a9bcbf: 100% ▕██████████████████▏  19 GB                         [K
pulling 66b9ea09bd5b: 100% ▕██████████████████▏   68 B                         [K
pulling eb4402837c78: 100% ▕██████████████████▏ 1.5 KB                         [K
pulling 832dd9e00a68: 100% ▕██████████████████▏  11 KB                         [K
pulling 833f525ce183: 100% ▕██████████████████▏  488 B                         [K
verifying sha256 digest ⠼ [K[?25h[?2026l[?2026h[?25l[A[A[A[A[A[A[1Gpulling manifest [K
pulling eabc98a9bcbf: 100% ▕██████████████████▏  19 GB                         [K
pulling 66b9ea09bd5b: 100% ▕██████████████████▏   68 B                         [K
pulling eb4402837c78: 100% ▕██████████████████▏ 1.5 KB                         [K
pulling 832dd9e00a68: 100% ▕██████████████████▏  11 KB                         [K
pulling 833f525ce183: 100% ▕██████████████████▏  488 B                         [K
verifying sha256 digest ⠴ [K[?25h[?2026l[?2026h[?25l[A[A[A[A[A[A[1Gpulling manifest [K
pulling eabc98a9bcbf: 100% ▕██████████████████▏  19 GB                         [K
pulling 66b9ea09bd5b: 100% ▕██████████████████▏   68 B                         [K
pulling eb4402837c78: 100% ▕██████████████████▏ 1.5 KB                         [K
pulling 832dd9e00a68: 100% ▕██████████████████▏  11 KB                         [K
pulling 833f525ce183: 100% ▕██████████████████▏  488 B                         [K
verifying sha256 digest ⠦ [K[?25h[?2026l[?2026h[?25l[A[A[A[A[A[A[1Gpulling manifest [K
pulling eabc98a9bcbf: 100% ▕██████████████████▏  19 GB                         [K
pulling 66b9ea09bd5b: 100% ▕██████████████████▏   68 B                         [K
pulling eb4402837c78: 100% ▕██████████████████▏ 1.5 KB                         [K
pulling 832dd9e00a68: 100% ▕██████████████████▏  11 KB                         [K
pulling 833f525ce183: 100% ▕██████████████████▏  488 B                         [K
verifying sha256 digest ⠧ [K[?25h[?2026l[?2026h[?25l[A[A[A[A[A[A[1Gpulling manifest [K
pulling eabc98a9bcbf: 100% ▕██████████████████▏  19 GB                         [K
pulling 66b9ea09bd5b: 100% ▕██████████████████▏   68 B                         [K
pulling eb4402837c78: 100% ▕██████████████████▏ 1.5 KB                         [K
pulling 832dd9e00a68: 100% ▕██████████████████▏  11 KB                         [K
pulling 833f525ce183: 100% ▕██████████████████▏  488 B                         [K
verifying sha256 digest ⠇ [K[?25h[?2026l[?2026h[?25l[A[A[A[A[A[A[1Gpulling manifest [K
pulling eabc98a9bcbf: 100% ▕██████████████████▏  19 GB                         [K
pulling 66b9ea09bd5b: 100% ▕██████████████████▏   68 B                         [K
pulling eb4402837c78: 100% ▕██████████████████▏ 1.5 KB                         [K
pulling 832dd9e00a68: 100% ▕██████████████████▏  11 KB                         [K
pulling 833f525ce183: 100% ▕██████████████████▏  488 B                         [K
verifying sha256 digest ⠏ [K[?25h[?2026l[?2026h[?25l[A[A[A[A[A[A[1Gpulling manifest [K
pulling eabc98a9bcbf: 100% ▕██████████████████▏  19 GB                         [K
pulling 66b9ea09bd5b: 100% ▕██████████████████▏   68 B                         [K
pulling eb4402837c78: 100% ▕██████████████████▏ 1.5 KB                         [K
pulling 832dd9e00a68: 100% ▕██████████████████▏  11 KB                         [K
pulling 833f525ce183: 100% ▕██████████████████▏  488 B                         [K
verifying sha256 digest ⠋ [K[?25h[?2026l[?2026h[?25l[A[A[A[A[A[A[1Gpulling manifest [K
pulling eabc98a9bcbf: 100% ▕██████████████████▏  19 GB                         [K
pulling 66b9ea09bd5b: 100% ▕██████████████████▏   68 B                         [K
pulling eb4402837c78: 100% ▕██████████████████▏ 1.5 KB                         [K
pulling 832dd9e00a68: 100% ▕██████████████████▏  11 KB                         [K
pulling 833f525ce183: 100% ▕██████████████████▏  488 B                         [K
verifying sha256 digest ⠙ [K[?25h[?2026l[?2026h[?25l[A[A[A[A[A[A[1Gpulling manifest [K
pulling eabc98a9bcbf: 100% ▕██████████████████▏  19 GB                         [K
pulling 66b9ea09bd5b: 100% ▕██████████████████▏   68 B                         [K
pulling eb4402837c78: 100% ▕██████████████████▏ 1.5 KB                         [K
pulling 832dd9e00a68: 100% ▕██████████████████▏  11 KB                         [K
pulling 833f525ce183: 100% ▕██████████████████▏  488 B                         [K
verifying sha256 digest ⠹ [K[?25h[?2026l[?2026h[?25l[A[A[A[A[A[A[1Gpulling manifest [K
pulling eabc98a9bcbf: 100% ▕██████████████████▏  19 GB                         [K
pulling 66b9ea09bd5b: 100% ▕██████████████████▏   68 B                         [K
pulling eb4402837c78: 100% ▕██████████████████▏ 1.5 KB                         [K
pulling 832dd9e00a68: 100% ▕██████████████████▏  11 KB                         [K
pulling 833f525ce183: 100% ▕██████████████████▏  488 B                         [K
verifying sha256 digest ⠸ [K[?25h[?2026l[?2026h[?25l[A[A[A[A[A[A[1Gpulling manifest [K
pulling eabc98a9bcbf: 100% ▕██████████████████▏  19 GB                         [K
pulling 66b9ea09bd5b: 100% ▕██████████████████▏   68 B                         [K
pulling eb4402837c78: 100% ▕██████████████████▏ 1.5 KB                         [K
pulling 832dd9e00a68: 100% ▕██████████████████▏  11 KB                         [K
pulling 833f525ce183: 100% ▕██████████████████▏  488 B                         [K
verifying sha256 digest ⠼ [K[?25h[?2026l[?2026h[?25l[A[A[A[A[A[A[1Gpulling manifest [K
pulling eabc98a9bcbf: 100% ▕██████████████████▏  19 GB                         [K
pulling 66b9ea09bd5b: 100% ▕██████████████████▏   68 B                         [K
pulling eb4402837c78: 100% ▕██████████████████▏ 1.5 KB                         [K
pulling 832dd9e00a68: 100% ▕██████████████████▏  11 KB                         [K
pulling 833f525ce183: 100% ▕██████████████████▏  488 B                         [K
verifying sha256 digest ⠴ [K[?25h[?2026l[?2026h[?25l[A[A[A[A[A[A[1Gpulling manifest [K
pulling eabc98a9bcbf: 100% ▕██████████████████▏  19 GB                         [K
pulling 66b9ea09bd5b: 100% ▕██████████████████▏   68 B                         [K
pulling eb4402837c78: 100% ▕██████████████████▏ 1.5 KB                         [K
pulling 832dd9e00a68: 100% ▕██████████████████▏  11 KB                         [K
pulling 833f525ce183: 100% ▕██████████████████▏  488 B                         [K
verifying sha256 digest ⠦ [K[?25h[?2026l[?2026h[?25l[A[A[A[A[A[A[1Gpulling manifest [K
pulling eabc98a9bcbf: 100% ▕██████████████████▏  19 GB                         [K
pulling 66b9ea09bd5b: 100% ▕██████████████████▏   68 B                         [K
pulling eb4402837c78: 100% ▕██████████████████▏ 1.5 KB                         [K
pulling 832dd9e00a68: 100% ▕██████████████████▏  11 KB                         [K
pulling 833f525ce183: 100% ▕██████████████████▏  488 B                         [K
verifying sha256 digest ⠧ [K[?25h[?2026l[?2026h[?25l[A[A[A[A[A[A[1Gpulling manifest [K
pulling eabc98a9bcbf: 100% ▕██████████████████▏  19 GB                         [K
pulling 66b9ea09bd5b: 100% ▕██████████████████▏   68 B                         [K
pulling eb4402837c78: 100% ▕██████████████████▏ 1.5 KB                         [K
pulling 832dd9e00a68: 100% ▕██████████████████▏  11 KB                         [K
pulling 833f525ce183: 100% ▕██████████████████▏  488 B                         [K
verifying sha256 digest ⠇ [K[?25h[?2026l[?2026h[?25l[A[A[A[A[A[A[1Gpulling manifest [K
pulling eabc98a9bcbf: 100% ▕██████████████████▏  19 GB                         [K
pulling 66b9ea09bd5b: 100% ▕██████████████████▏   68 B                         [K
pulling eb4402837c78: 100% ▕██████████████████▏ 1.5 KB                         [K
pulling 832dd9e00a68: 100% ▕██████████████████▏  11 KB                         [K
pulling 833f525ce183: 100% ▕██████████████████▏  488 B                         [K
verifying sha256 digest ⠏ [K[?25h[?2026l[?2026h[?25l[A[A[A[A[A[A[1Gpulling manifest [K
pulling eabc98a9bcbf: 100% ▕██████████████████▏  19 GB                         [K
pulling 66b9ea09bd5b: 100% ▕██████████████████▏   68 B                         [K
pulling eb4402837c78: 100% ▕██████████████████▏ 1.5 KB                         [K
pulling 832dd9e00a68: 100% ▕██████████████████▏  11 KB                         [K
pulling 833f525ce183: 100% ▕██████████████████▏  488 B                         [K
verifying sha256 digest ⠋ [K[?25h[?2026l[?2026h[?25l[A[A[A[A[A[A[1Gpulling manifest [K
pulling eabc98a9bcbf: 100% ▕██████████████████▏  19 GB                         [K
pulling 66b9ea09bd5b: 100% ▕██████████████████▏   68 B                         [K
pulling eb4402837c78: 100% ▕██████████████████▏ 1.5 KB                         [K
pulling 832dd9e00a68: 100% ▕██████████████████▏  11 KB                         [K
pulling 833f525ce183: 100% ▕██████████████████▏  488 B                         [K
verifying sha256 digest ⠙ [K[?25h[?2026l[?2026h[?25l[A[A[A[A[A[A[1Gpulling manifest [K
pulling eabc98a9bcbf: 100% ▕██████████████████▏  19 GB                         [K
pulling 66b9ea09bd5b: 100% ▕██████████████████▏   68 B                         [K
pulling eb4402837c78: 100% ▕██████████████████▏ 1.5 KB                         [K
pulling 832dd9e00a68: 100% ▕██████████████████▏  11 KB                         [K
pulling 833f525ce183: 100% ▕██████████████████▏  488 B                         [K
verifying sha256 digest ⠹ [K[?25h[?2026l[?2026h[?25l[A[A[A[A[A[A[1Gpulling manifest [K
pulling eabc98a9bcbf: 100% ▕██████████████████▏  19 GB                         [K
pulling 66b9ea09bd5b: 100% ▕██████████████████▏   68 B                         [K
pulling eb4402837c78: 100% ▕██████████████████▏ 1.5 KB                         [K
pulling 832dd9e00a68: 100% ▕██████████████████▏  11 KB                         [K
pulling 833f525ce183: 100% ▕██████████████████▏  488 B                         [K
verifying sha256 digest ⠸ [K[?25h[?2026l[?2026h[?25l[A[A[A[A[A[A[1Gpulling manifest [K
pulling eabc98a9bcbf: 100% ▕██████████████████▏  19 GB                         [K
pulling 66b9ea09bd5b: 100% ▕██████████████████▏   68 B                         [K
pulling eb4402837c78: 100% ▕██████████████████▏ 1.5 KB                         [K
pulling 832dd9e00a68: 100% ▕██████████████████▏  11 KB                         [K
pulling 833f525ce183: 100% ▕██████████████████▏  488 B                         [K
verifying sha256 digest ⠼ [K[?25h[?2026l[?2026h[?25l[A[A[A[A[A[A[1Gpulling manifest [K
pulling eabc98a9bcbf: 100% ▕██████████████████▏  19 GB                         [K
pulling 66b9ea09bd5b: 100% ▕██████████████████▏   68 B                         [K
pulling eb4402837c78: 100% ▕██████████████████▏ 1.5 KB                         [K
pulling 832dd9e00a68: 100% ▕██████████████████▏  11 KB                         [K
pulling 833f525ce183: 100% ▕██████████████████▏  488 B                         [K
verifying sha256 digest ⠴ [K[?25h[?2026l[?2026h[?25l[A[A[A[A[A[A[1Gpulling manifest [K
pulling eabc98a9bcbf: 100% ▕██████████████████▏  19 GB                         [K
pulling 66b9ea09bd5b: 100% ▕██████████████████▏   68 B                         [K
pulling eb4402837c78: 100% ▕██████████████████▏ 1.5 KB                         [K
pulling 832dd9e00a68: 100% ▕██████████████████▏  11 KB                         [K
pulling 833f525ce183: 100% ▕██████████████████▏  488 B                         [K
verifying sha256 digest ⠦ [K[?25h[?2026l[?2026h[?25l[A[A[A[A[A[A[1Gpulling manifest [K
pulling eabc98a9bcbf: 100% ▕██████████████████▏  19 GB                         [K
pulling 66b9ea09bd5b: 100% ▕██████████████████▏   68 B                         [K
pulling eb4402837c78: 100% ▕██████████████████▏ 1.5 KB                         [K
pulling 832dd9e00a68: 100% ▕██████████████████▏  11 KB                         [K
pulling 833f525ce183: 100% ▕██████████████████▏  488 B                         [K
verifying sha256 digest ⠧ [K[?25h[?2026l[?2026h[?25l[A[A[A[A[A[A[1Gpulling manifest [K
pulling eabc98a9bcbf: 100% ▕██████████████████▏  19 GB                         [K
pulling 66b9ea09bd5b: 100% ▕██████████████████▏   68 B                         [K
pulling eb4402837c78: 100% ▕██████████████████▏ 1.5 KB                         [K
pulling 832dd9e00a68: 100% ▕██████████████████▏  11 KB                         [K
pulling 833f525ce183: 100% ▕██████████████████▏  488 B                         [K
verifying sha256 digest ⠇ [K[?25h[?2026l[?2026h[?25l[A[A[A[A[A[A[1Gpulling manifest [K
pulling eabc98a9bcbf: 100% ▕██████████████████▏  19 GB                         [K
pulling 66b9ea09bd5b: 100% ▕██████████████████▏   68 B                         [K
pulling eb4402837c78: 100% ▕██████████████████▏ 1.5 KB                         [K
pulling 832dd9e00a68: 100% ▕██████████████████▏  11 KB                         [K
pulling 833f525ce183: 100% ▕██████████████████▏  488 B                         [K
verifying sha256 digest ⠏ [K[?25h[?2026l[?2026h[?25l[A[A[A[A[A[A[1Gpulling manifest [K
pulling eabc98a9bcbf: 100% ▕██████████████████▏  19 GB                         [K
pulling 66b9ea09bd5b: 100% ▕██████████████████▏   68 B                         [K
pulling eb4402837c78: 100% ▕██████████████████▏ 1.5 KB                         [K
pulling 832dd9e00a68: 100% ▕██████████████████▏  11 KB                         [K
pulling 833f525ce183: 100% ▕██████████████████▏  488 B                         [K
verifying sha256 digest ⠋ [K[?25h[?2026l[?2026h[?25l[A[A[A[A[A[A[1Gpulling manifest [K
pulling eabc98a9bcbf: 100% ▕██████████████████▏  19 GB                         [K
pulling 66b9ea09bd5b: 100% ▕██████████████████▏   68 B                         [K
pulling eb4402837c78: 100% ▕██████████████████▏ 1.5 KB                         [K
pulling 832dd9e00a68: 100% ▕██████████████████▏  11 KB                         [K
pulling 833f525ce183: 100% ▕██████████████████▏  488 B                         [K
verifying sha256 digest ⠙ [K[?25h[?2026l[?2026h[?25l[A[A[A[A[A[A[1Gpulling manifest [K
pulling eabc98a9bcbf: 100% ▕██████████████████▏  19 GB                         [K
pulling 66b9ea09bd5b: 100% ▕██████████████████▏   68 B                         [K
pulling eb4402837c78: 100% ▕██████████████████▏ 1.5 KB                         [K
pulling 832dd9e00a68: 100% ▕██████████████████▏  11 KB                         [K
pulling 833f525ce183: 100% ▕██████████████████▏  488 B                         [K
verifying sha256 digest ⠹ [K[?25h[?2026l[?2026h[?25l[A[A[A[A[A[A[1Gpulling manifest [K
pulling eabc98a9bcbf: 100% ▕██████████████████▏  19 GB                         [K
pulling 66b9ea09bd5b: 100% ▕██████████████████▏   68 B                         [K
pulling eb4402837c78: 100% ▕██████████████████▏ 1.5 KB                         [K
pulling 832dd9e00a68: 100% ▕██████████████████▏  11 KB                         [K
pulling 833f525ce183: 100% ▕██████████████████▏  488 B                         [K
verifying sha256 digest ⠸ [K[?25h[?2026l[?2026h[?25l[A[A[A[A[A[A[1Gpulling manifest [K
pulling eabc98a9bcbf: 100% ▕██████████████████▏  19 GB                         [K
pulling 66b9ea09bd5b: 100% ▕██████████████████▏   68 B                         [K
pulling eb4402837c78: 100% ▕██████████████████▏ 1.5 KB                         [K
pulling 832dd9e00a68: 100% ▕██████████████████▏  11 KB                         [K
pulling 833f525ce183: 100% ▕██████████████████▏  488 B                         [K
verifying sha256 digest ⠼ [K[?25h[?2026l[?2026h[?25l[A[A[A[A[A[A[1Gpulling manifest [K
pulling eabc98a9bcbf: 100% ▕██████████████████▏  19 GB                         [K
pulling 66b9ea09bd5b: 100% ▕██████████████████▏   68 B                         [K
pulling eb4402837c78: 100% ▕██████████████████▏ 1.5 KB                         [K
pulling 832dd9e00a68: 100% ▕██████████████████▏  11 KB                         [K
pulling 833f525ce183: 100% ▕██████████████████▏  488 B                         [K
verifying sha256 digest ⠴ [K[?25h[?2026l[?2026h[?25l[A[A[A[A[A[A[1Gpulling manifest [K
pulling eabc98a9bcbf: 100% ▕██████████████████▏  19 GB                         [K
pulling 66b9ea09bd5b: 100% ▕██████████████████▏   68 B                         [K
pulling eb4402837c78: 100% ▕██████████████████▏ 1.5 KB                         [K
pulling 832dd9e00a68: 100% ▕██████████████████▏  11 KB                         [K
pulling 833f525ce183: 100% ▕██████████████████▏  488 B                         [K
verifying sha256 digest ⠦ [K[?25h[?2026l[?2026h[?25l[A[A[A[A[A[A[1Gpulling manifest [K
pulling eabc98a9bcbf: 100% ▕██████████████████▏  19 GB                         [K
pulling 66b9ea09bd5b: 100% ▕██████████████████▏   68 B                         [K
pulling eb4402837c78: 100% ▕██████████████████▏ 1.5 KB                         [K
pulling 832dd9e00a68: 100% ▕██████████████████▏  11 KB                         [K
pulling 833f525ce183: 100% ▕██████████████████▏  488 B                         [K
verifying sha256 digest ⠧ [K[?25h[?2026l[?2026h[?25l[A[A[A[A[A[A[1Gpulling manifest [K
pulling eabc98a9bcbf: 100% ▕██████████████████▏  19 GB                         [K
pulling 66b9ea09bd5b: 100% ▕██████████████████▏   68 B                         [K
pulling eb4402837c78: 100% ▕██████████████████▏ 1.5 KB                         [K
pulling 832dd9e00a68: 100% ▕██████████████████▏  11 KB                         [K
pulling 833f525ce183: 100% ▕██████████████████▏  488 B                         [K
verifying sha256 digest ⠇ [K[?25h[?2026l[?2026h[?25l[A[A[A[A[A[A[1Gpulling manifest [K
pulling eabc98a9bcbf: 100% ▕██████████████████▏  19 GB                         [K
pulling 66b9ea09bd5b: 100% ▕██████████████████▏   68 B                         [K
pulling eb4402837c78: 100% ▕██████████████████▏ 1.5 KB                         [K
pulling 832dd9e00a68: 100% ▕██████████████████▏  11 KB                         [K
pulling 833f525ce183: 100% ▕██████████████████▏  488 B                         [K
verifying sha256 digest ⠏ [K[?25h[?2026l[?2026h[?25l[A[A[A[A[A[A[1Gpulling manifest [K
pulling eabc98a9bcbf: 100% ▕██████████████████▏  19 GB                         [K
pulling 66b9ea09bd5b: 100% ▕██████████████████▏   68 B                         [K
pulling eb4402837c78: 100% ▕██████████████████▏ 1.5 KB                         [K
pulling 832dd9e00a68: 100% ▕██████████████████▏  11 KB                         [K
pulling 833f525ce183: 100% ▕██████████████████▏  488 B                         [K
verifying sha256 digest ⠋ [K[?25h[?2026l[?2026h[?25l[A[A[A[A[A[A[1Gpulling manifest [K
pulling eabc98a9bcbf: 100% ▕██████████████████▏  19 GB                         [K
pulling 66b9ea09bd5b: 100% ▕██████████████████▏   68 B                         [K
pulling eb4402837c78: 100% ▕██████████████████▏ 1.5 KB                         [K
pulling 832dd9e00a68: 100% ▕██████████████████▏  11 KB                         [K
pulling 833f525ce183: 100% ▕██████████████████▏  488 B                         [K
verifying sha256 digest ⠙ [K[?25h[?2026l[?2026h[?25l[A[A[A[A[A[A[1Gpulling manifest [K
pulling eabc98a9bcbf: 100% ▕██████████████████▏  19 GB                         [K
pulling 66b9ea09bd5b: 100% ▕██████████████████▏   68 B                         [K
pulling eb4402837c78: 100% ▕██████████████████▏ 1.5 KB                         [K
pulling 832dd9e00a68: 100% ▕██████████████████▏  11 KB                         [K
pulling 833f525ce183: 100% ▕██████████████████▏  488 B                         [K
verifying sha256 digest ⠹ [K[?25h[?2026l[?2026h[?25l[A[A[A[A[A[A[1Gpulling manifest [K
pulling eabc98a9bcbf: 100% ▕██████████████████▏  19 GB                         [K
pulling 66b9ea09bd5b: 100% ▕██████████████████▏   68 B                         [K
pulling eb4402837c78: 100% ▕██████████████████▏ 1.5 KB                         [K
pulling 832dd9e00a68: 100% ▕██████████████████▏  11 KB                         [K
pulling 833f525ce183: 100% ▕██████████████████▏  488 B                         [K
verifying sha256 digest ⠸ [K[?25h[?2026l[?2026h[?25l[A[A[A[A[A[A[1Gpulling manifest [K
pulling eabc98a9bcbf: 100% ▕██████████████████▏  19 GB                         [K
pulling 66b9ea09bd5b: 100% ▕██████████████████▏   68 B                         [K
pulling eb4402837c78: 100% ▕██████████████████▏ 1.5 KB                         [K
pulling 832dd9e00a68: 100% ▕██████████████████▏  11 KB                         [K
pulling 833f525ce183: 100% ▕██████████████████▏  488 B                         [K
verifying sha256 digest ⠼ [K[?25h[?2026l[?2026h[?25l[A[A[A[A[A[A[1Gpulling manifest [K
pulling eabc98a9bcbf: 100% ▕██████████████████▏  19 GB                         [K
pulling 66b9ea09bd5b: 100% ▕██████████████████▏   68 B                         [K
pulling eb4402837c78: 100% ▕██████████████████▏ 1.5 KB                         [K
pulling 832dd9e00a68: 100% ▕██████████████████▏  11 KB                         [K
pulling 833f525ce183: 100% ▕██████████████████▏  488 B                         [K
verifying sha256 digest ⠴ [K[?25h[?2026l[?2026h[?25l[A[A[A[A[A[A[1Gpulling manifest [K
pulling eabc98a9bcbf: 100% ▕██████████████████▏  19 GB                         [K
pulling 66b9ea09bd5b: 100% ▕██████████████████▏   68 B                         [K
pulling eb4402837c78: 100% ▕██████████████████▏ 1.5 KB                         [K
pulling 832dd9e00a68: 100% ▕██████████████████▏  11 KB                         [K
pulling 833f525ce183: 100% ▕██████████████████▏  488 B                         [K
verifying sha256 digest ⠦ [K[?25h[?2026l[?2026h[?25l[A[A[A[A[A[A[1Gpulling manifest [K
pulling eabc98a9bcbf: 100% ▕██████████████████▏  19 GB                         [K
pulling 66b9ea09bd5b: 100% ▕██████████████████▏   68 B                         [K
pulling eb4402837c78: 100% ▕██████████████████▏ 1.5 KB                         [K
pulling 832dd9e00a68: 100% ▕██████████████████▏  11 KB                         [K
pulling 833f525ce183: 100% ▕██████████████████▏  488 B                         [K
verifying sha256 digest ⠧ [K[?25h[?2026l[?2026h[?25l[A[A[A[A[A[A[1Gpulling manifest [K
pulling eabc98a9bcbf: 100% ▕██████████████████▏  19 GB                         [K
pulling 66b9ea09bd5b: 100% ▕██████████████████▏   68 B                         [K
pulling eb4402837c78: 100% ▕██████████████████▏ 1.5 KB                         [K
pulling 832dd9e00a68: 100% ▕██████████████████▏  11 KB                         [K
pulling 833f525ce183: 100% ▕██████████████████▏  488 B                         [K
verifying sha256 digest ⠇ [K[?25h[?2026l[?2026h[?25l[A[A[A[A[A[A[1Gpulling manifest [K
pulling eabc98a9bcbf: 100% ▕██████████████████▏  19 GB                         [K
pulling 66b9ea09bd5b: 100% ▕██████████████████▏   68 B                         [K
pulling eb4402837c78: 100% ▕██████████████████▏ 1.5 KB                         [K
pulling 832dd9e00a68: 100% ▕██████████████████▏  11 KB                         [K
pulling 833f525ce183: 100% ▕██████████████████▏  488 B                         [K
verifying sha256 digest ⠏ [K[?25h[?2026l[?2026h[?25l[A[A[A[A[A[A[1Gpulling manifest [K
pulling eabc98a9bcbf: 100% ▕██████████████████▏  19 GB                         [K
pulling 66b9ea09bd5b: 100% ▕██████████████████▏   68 B                         [K
pulling eb4402837c78: 100% ▕██████████████████▏ 1.5 KB                         [K
pulling 832dd9e00a68: 100% ▕██████████████████▏  11 KB                         [K
pulling 833f525ce183: 100% ▕██████████████████▏  488 B                         [K
verifying sha256 digest ⠋ [K[?25h[?2026l[?2026h[?25l[A[A[A[A[A[A[1Gpulling manifest [K
pulling eabc98a9bcbf: 100% ▕██████████████████▏  19 GB                         [K
pulling 66b9ea09bd5b: 100% ▕██████████████████▏   68 B                         [K
pulling eb4402837c78: 100% ▕██████████████████▏ 1.5 KB                         [K
pulling 832dd9e00a68: 100% ▕██████████████████▏  11 KB                         [K
pulling 833f525ce183: 100% ▕██████████████████▏  488 B                         [K
verifying sha256 digest ⠙ [K[?25h[?2026l[?2026h[?25l[A[A[A[A[A[A[1Gpulling manifest [K
pulling eabc98a9bcbf: 100% ▕██████████████████▏  19 GB                         [K
pulling 66b9ea09bd5b: 100% ▕██████████████████▏   68 B                         [K
pulling eb4402837c78: 100% ▕██████████████████▏ 1.5 KB                         [K
pulling 832dd9e00a68: 100% ▕██████████████████▏  11 KB                         [K
pulling 833f525ce183: 100% ▕██████████████████▏  488 B                         [K
verifying sha256 digest ⠹ [K[?25h[?2026l[?2026h[?25l[A[A[A[A[A[A[1Gpulling manifest [K
pulling eabc98a9bcbf: 100% ▕██████████████████▏  19 GB                         [K
pulling 66b9ea09bd5b: 100% ▕██████████████████▏   68 B                         [K
pulling eb4402837c78: 100% ▕██████████████████▏ 1.5 KB                         [K
pulling 832dd9e00a68: 100% ▕██████████████████▏  11 KB                         [K
pulling 833f525ce183: 100% ▕██████████████████▏  488 B                         [K
verifying sha256 digest ⠸ [K[?25h[?2026l[?2026h[?25l[A[A[A[A[A[A[1Gpulling manifest [K
pulling eabc98a9bcbf: 100% ▕██████████████████▏  19 GB                         [K
pulling 66b9ea09bd5b: 100% ▕██████████████████▏   68 B                         [K
pulling eb4402837c78: 100% ▕██████████████████▏ 1.5 KB                         [K
pulling 832dd9e00a68: 100% ▕██████████████████▏  11 KB                         [K
pulling 833f525ce183: 100% ▕██████████████████▏  488 B                         [K
verifying sha256 digest ⠼ [K[?25h[?2026l[?2026h[?25l[A[A[A[A[A[A[1Gpulling manifest [K
pulling eabc98a9bcbf: 100% ▕██████████████████▏  19 GB                         [K
pulling 66b9ea09bd5b: 100% ▕██████████████████▏   68 B                         [K
pulling eb4402837c78: 100% ▕██████████████████▏ 1.5 KB                         [K
pulling 832dd9e00a68: 100% ▕██████████████████▏  11 KB                         [K
pulling 833f525ce183: 100% ▕██████████████████▏  488 B                         [K
verifying sha256 digest ⠴ [K[?25h[?2026l[?2026h[?25l[A[A[A[A[A[A[1Gpulling manifest [K
pulling eabc98a9bcbf: 100% ▕██████████████████▏  19 GB                         [K
pulling 66b9ea09bd5b: 100% ▕██████████████████▏   68 B                         [K
pulling eb4402837c78: 100% ▕██████████████████▏ 1.5 KB                         [K
pulling 832dd9e00a68: 100% ▕██████████████████▏  11 KB                         [K
pulling 833f525ce183: 100% ▕██████████████████▏  488 B                         [K
verifying sha256 digest ⠦ [K[?25h[?2026l[?2026h[?25l[A[A[A[A[A[A[1Gpulling manifest [K
pulling eabc98a9bcbf: 100% ▕██████████████████▏  19 GB                         [K
pulling 66b9ea09bd5b: 100% ▕██████████████████▏   68 B                         [K
pulling eb4402837c78: 100% ▕██████████████████▏ 1.5 KB                         [K
pulling 832dd9e00a68: 100% ▕██████████████████▏  11 KB                         [K
pulling 833f525ce183: 100% ▕██████████████████▏  488 B                         [K
verifying sha256 digest ⠧ [K[?25h[?2026l[?2026h[?25l[A[A[A[A[A[A[1Gpulling manifest [K
pulling eabc98a9bcbf: 100% ▕██████████████████▏  19 GB                         [K
pulling 66b9ea09bd5b: 100% ▕██████████████████▏   68 B                         [K
pulling eb4402837c78: 100% ▕██████████████████▏ 1.5 KB                         [K
pulling 832dd9e00a68: 100% ▕██████████████████▏  11 KB                         [K
pulling 833f525ce183: 100% ▕██████████████████▏  488 B                         [K
verifying sha256 digest ⠇ [K[?25h[?2026l[?2026h[?25l[A[A[A[A[A[A[1Gpulling manifest [K
pulling eabc98a9bcbf: 100% ▕██████████████████▏  19 GB                         [K
pulling 66b9ea09bd5b: 100% ▕██████████████████▏   68 B                         [K
pulling eb4402837c78: 100% ▕██████████████████▏ 1.5 KB                         [K
pulling 832dd9e00a68: 100% ▕██████████████████▏  11 KB                         [K
pulling 833f525ce183: 100% ▕██████████████████▏  488 B                         [K
verifying sha256 digest ⠏ [K[?25h[?2026l[?2026h[?25l[A[A[A[A[A[A[1Gpulling manifest [K
pulling eabc98a9bcbf: 100% ▕██████████████████▏  19 GB                         [K
pulling 66b9ea09bd5b: 100% ▕██████████████████▏   68 B                         [K
pulling eb4402837c78: 100% ▕██████████████████▏ 1.5 KB                         [K
pulling 832dd9e00a68: 100% ▕██████████████████▏  11 KB                         [K
pulling 833f525ce183: 100% ▕██████████████████▏  488 B                         [K
verifying sha256 digest ⠋ [K[?25h[?2026l[?2026h[?25l[A[A[A[A[A[A[1Gpulling manifest [K
pulling eabc98a9bcbf: 100% ▕██████████████████▏  19 GB                         [K
pulling 66b9ea09bd5b: 100% ▕██████████████████▏   68 B                         [K
pulling eb4402837c78: 100% ▕██████████████████▏ 1.5 KB                         [K
pulling 832dd9e00a68: 100% ▕██████████████████▏  11 KB                         [K
pulling 833f525ce183: 100% ▕██████████████████▏  488 B                         [K
verifying sha256 digest ⠙ [K[?25h[?2026l[?2026h[?25l[A[A[A[A[A[A[1Gpulling manifest [K
pulling eabc98a9bcbf: 100% ▕██████████████████▏  19 GB                         [K
pulling 66b9ea09bd5b: 100% ▕██████████████████▏   68 B                         [K
pulling eb4402837c78: 100% ▕██████████████████▏ 1.5 KB                         [K
pulling 832dd9e00a68: 100% ▕██████████████████▏  11 KB                         [K
pulling 833f525ce183: 100% ▕██████████████████▏  488 B                         [K
verifying sha256 digest ⠹ [K[?25h[?2026l[?2026h[?25l[A[A[A[A[A[A[1Gpulling manifest [K
pulling eabc98a9bcbf: 100% ▕██████████████████▏  19 GB                         [K
pulling 66b9ea09bd5b: 100% ▕██████████████████▏   68 B                         [K
pulling eb4402837c78: 100% ▕██████████████████▏ 1.5 KB                         [K
pulling 832dd9e00a68: 100% ▕██████████████████▏  11 KB                         [K
pulling 833f525ce183: 100% ▕██████████████████▏  488 B                         [K
verifying sha256 digest ⠸ [K[?25h[?2026l[?2026h[?25l[A[A[A[A[A[A[1Gpulling manifest [K
pulling eabc98a9bcbf: 100% ▕██████████████████▏  19 GB                         [K
pulling 66b9ea09bd5b: 100% ▕██████████████████▏   68 B                         [K
pulling eb4402837c78: 100% ▕██████████████████▏ 1.5 KB                         [K
pulling 832dd9e00a68: 100% ▕██████████████████▏  11 KB                         [K
pulling 833f525ce183: 100% ▕██████████████████▏  488 B                         [K
verifying sha256 digest ⠼ [K[?25h[?2026l[?2026h[?25l[A[A[A[A[A[A[1Gpulling manifest [K
pulling eabc98a9bcbf: 100% ▕██████████████████▏  19 GB                         [K
pulling 66b9ea09bd5b: 100% ▕██████████████████▏   68 B                         [K
pulling eb4402837c78: 100% ▕██████████████████▏ 1.5 KB                         [K
pulling 832dd9e00a68: 100% ▕██████████████████▏  11 KB                         [K
pulling 833f525ce183: 100% ▕██████████████████▏  488 B                         [K
verifying sha256 digest ⠴ [K[?25h[?2026l[?2026h[?25l[A[A[A[A[A[A[1Gpulling manifest [K
pulling eabc98a9bcbf: 100% ▕██████████████████▏  19 GB                         [K
pulling 66b9ea09bd5b: 100% ▕██████████████████▏   68 B                         [K
pulling eb4402837c78: 100% ▕██████████████████▏ 1.5 KB                         [K
pulling 832dd9e00a68: 100% ▕██████████████████▏  11 KB                         [K
pulling 833f525ce183: 100% ▕██████████████████▏  488 B                         [K
verifying sha256 digest ⠦ [K[?25h[?2026l[?2026h[?25l[A[A[A[A[A[A[1Gpulling manifest [K
pulling eabc98a9bcbf: 100% ▕██████████████████▏  19 GB                         [K
pulling 66b9ea09bd5b: 100% ▕██████████████████▏   68 B                         [K
pulling eb4402837c78: 100% ▕██████████████████▏ 1.5 KB                         [K
pulling 832dd9e00a68: 100% ▕██████████████████▏  11 KB                         [K
pulling 833f525ce183: 100% ▕██████████████████▏  488 B                         [K
verifying sha256 digest ⠧ [K[?25h[?2026l[?2026h[?25l[A[A[A[A[A[A[1Gpulling manifest [K
pulling eabc98a9bcbf: 100% ▕██████████████████▏  19 GB                         [K
pulling 66b9ea09bd5b: 100% ▕██████████████████▏   68 B                         [K
pulling eb4402837c78: 100% ▕██████████████████▏ 1.5 KB                         [K
pulling 832dd9e00a68: 100% ▕██████████████████▏  11 KB                         [K
pulling 833f525ce183: 100% ▕██████████████████▏  488 B                         [K
verifying sha256 digest ⠇ [K[?25h[?2026l[?2026h[?25l[A[A[A[A[A[A[1Gpulling manifest [K
pulling eabc98a9bcbf: 100% ▕██████████████████▏  19 GB                         [K
pulling 66b9ea09bd5b: 100% ▕██████████████████▏   68 B                         [K
pulling eb4402837c78: 100% ▕██████████████████▏ 1.5 KB                         [K
pulling 832dd9e00a68: 100% ▕██████████████████▏  11 KB                         [K
pulling 833f525ce183: 100% ▕██████████████████▏  488 B                         [K
verifying sha256 digest ⠏ [K[?25h[?2026l[?2026h[?25l[A[A[A[A[A[A[1Gpulling manifest [K
pulling eabc98a9bcbf: 100% ▕██████████████████▏  19 GB                         [K
pulling 66b9ea09bd5b: 100% ▕██████████████████▏   68 B                         [K
pulling eb4402837c78: 100% ▕██████████████████▏ 1.5 KB                         [K
pulling 832dd9e00a68: 100% ▕██████████████████▏  11 KB                         [K
pulling 833f525ce183: 100% ▕██████████████████▏  488 B                         [K
verifying sha256 digest ⠋ [K[?25h[?2026l[?2026h[?25l[A[A[A[A[A[A[1Gpulling manifest [K
pulling eabc98a9bcbf: 100% ▕██████████████████▏  19 GB                         [K
pulling 66b9ea09bd5b: 100% ▕██████████████████▏   68 B                         [K
pulling eb4402837c78: 100% ▕██████████████████▏ 1.5 KB                         [K
pulling 832dd9e00a68: 100% ▕██████████████████▏  11 KB                         [K
pulling 833f525ce183: 100% ▕██████████████████▏  488 B                         [K
verifying sha256 digest ⠙ [K[?25h[?2026l[?2026h[?25l[A[A[A[A[A[A[1Gpulling manifest [K
pulling eabc98a9bcbf: 100% ▕██████████████████▏  19 GB                         [K
pulling 66b9ea09bd5b: 100% ▕██████████████████▏   68 B                         [K
pulling eb4402837c78: 100% ▕██████████████████▏ 1.5 KB                         [K
pulling 832dd9e00a68: 100% ▕██████████████████▏  11 KB                         [K
pulling 833f525ce183: 100% ▕██████████████████▏  488 B                         [K
verifying sha256 digest ⠹ [K[?25h[?2026l[?2026h[?25l[A[A[A[A[A[A[1Gpulling manifest [K
pulling eabc98a9bcbf: 100% ▕██████████████████▏  19 GB                         [K
pulling 66b9ea09bd5b: 100% ▕██████████████████▏   68 B                         [K
pulling eb4402837c78: 100% ▕██████████████████▏ 1.5 KB                         [K
pulling 832dd9e00a68: 100% ▕██████████████████▏  11 KB                         [K
pulling 833f525ce183: 100% ▕██████████████████▏  488 B                         [K
verifying sha256 digest ⠸ [K[?25h[?2026l[?2026h[?25l[A[A[A[A[A[A[1Gpulling manifest [K
pulling eabc98a9bcbf: 100% ▕██████████████████▏  19 GB                         [K
pulling 66b9ea09bd5b: 100% ▕██████████████████▏   68 B                         [K
pulling eb4402837c78: 100% ▕██████████████████▏ 1.5 KB                         [K
pulling 832dd9e00a68: 100% ▕██████████████████▏  11 KB                         [K
pulling 833f525ce183: 100% ▕██████████████████▏  488 B                         [K
verifying sha256 digest ⠼ [K[?25h[?2026l[?2026h[?25l[A[A[A[A[A[A[1Gpulling manifest [K
pulling eabc98a9bcbf: 100% ▕██████████████████▏  19 GB                         [K
pulling 66b9ea09bd5b: 100% ▕██████████████████▏   68 B                         [K
pulling eb4402837c78: 100% ▕██████████████████▏ 1.5 KB                         [K
pulling 832dd9e00a68: 100% ▕██████████████████▏  11 KB                         [K
pulling 833f525ce183: 100% ▕██████████████████▏  488 B                         [K
verifying sha256 digest ⠴ [K[?25h[?2026l[?2026h[?25l[A[A[A[A[A[A[1Gpulling manifest [K
pulling eabc98a9bcbf: 100% ▕██████████████████▏  19 GB                         [K
pulling 66b9ea09bd5b: 100% ▕██████████████████▏   68 B                         [K
pulling eb4402837c78: 100% ▕██████████████████▏ 1.5 KB                         [K
pulling 832dd9e00a68: 100% ▕██████████████████▏  11 KB                         [K
pulling 833f525ce183: 100% ▕██████████████████▏  488 B                         [K
verifying sha256 digest ⠦ [K[?25h[?2026l[?2026h[?25l[A[A[A[A[A[A[1Gpulling manifest [K
pulling eabc98a9bcbf: 100% ▕██████████████████▏  19 GB                         [K
pulling 66b9ea09bd5b: 100% ▕██████████████████▏   68 B                         [K
pulling eb4402837c78: 100% ▕██████████████████▏ 1.5 KB                         [K
pulling 832dd9e00a68: 100% ▕██████████████████▏  11 KB                         [K
pulling 833f525ce183: 100% ▕██████████████████▏  488 B                         [K
verifying sha256 digest ⠧ [K[?25h[?2026l[?2026h[?25l[A[A[A[A[A[A[1Gpulling manifest [K
pulling eabc98a9bcbf: 100% ▕██████████████████▏  19 GB                         [K
pulling 66b9ea09bd5b: 100% ▕██████████████████▏   68 B                         [K
pulling eb4402837c78: 100% ▕██████████████████▏ 1.5 KB                         [K
pulling 832dd9e00a68: 100% ▕██████████████████▏  11 KB                         [K
pulling 833f525ce183: 100% ▕██████████████████▏  488 B                         [K
verifying sha256 digest ⠇ [K[?25h[?2026l[?2026h[?25l[A[A[A[A[A[A[1Gpulling manifest [K
pulling eabc98a9bcbf: 100% ▕██████████████████▏  19 GB                         [K
pulling 66b9ea09bd5b: 100% ▕██████████████████▏   68 B                         [K
pulling eb4402837c78: 100% ▕██████████████████▏ 1.5 KB                         [K
pulling 832dd9e00a68: 100% ▕██████████████████▏  11 KB                         [K
pulling 833f525ce183: 100% ▕██████████████████▏  488 B                         [K
verifying sha256 digest ⠏ [K[?25h[?2026l[?2026h[?25l[A[A[A[A[A[A[1Gpulling manifest [K
pulling eabc98a9bcbf: 100% ▕██████████████████▏  19 GB                         [K
pulling 66b9ea09bd5b: 100% ▕██████████████████▏   68 B                         [K
pulling eb4402837c78: 100% ▕██████████████████▏ 1.5 KB                         [K
pulling 832dd9e00a68: 100% ▕██████████████████▏  11 KB                         [K
pulling 833f525ce183: 100% ▕██████████████████▏  488 B                         [K
verifying sha256 digest ⠋ [K[?25h[?2026l[?2026h[?25l[A[A[A[A[A[A[1Gpulling manifest [K
pulling eabc98a9bcbf: 100% ▕██████████████████▏  19 GB                         [K
pulling 66b9ea09bd5b: 100% ▕██████████████████▏   68 B                         [K
pulling eb4402837c78: 100% ▕██████████████████▏ 1.5 KB                         [K
pulling 832dd9e00a68: 100% ▕██████████████████▏  11 KB                         [K
pulling 833f525ce183: 100% ▕██████████████████▏  488 B                         [K
verifying sha256 digest ⠙ [K[?25h[?2026l[?2026h[?25l[A[A[A[A[A[A[1Gpulling manifest [K
pulling eabc98a9bcbf: 100% ▕██████████████████▏  19 GB                         [K
pulling 66b9ea09bd5b: 100% ▕██████████████████▏   68 B                         [K
pulling eb4402837c78: 100% ▕██████████████████▏ 1.5 KB                         [K
pulling 832dd9e00a68: 100% ▕██████████████████▏  11 KB                         [K
pulling 833f525ce183: 100% ▕██████████████████▏  488 B                         [K
verifying sha256 digest ⠹ [K[?25h[?2026l[?2026h[?25l[A[A[A[A[A[A[1Gpulling manifest [K
pulling eabc98a9bcbf: 100% ▕██████████████████▏  19 GB                         [K
pulling 66b9ea09bd5b: 100% ▕██████████████████▏   68 B                         [K
pulling eb4402837c78: 100% ▕██████████████████▏ 1.5 KB                         [K
pulling 832dd9e00a68: 100% ▕██████████████████▏  11 KB                         [K
pulling 833f525ce183: 100% ▕██████████████████▏  488 B                         [K
verifying sha256 digest ⠸ [K[?25h[?2026l[?2026h[?25l[A[A[A[A[A[A[1Gpulling manifest [K
pulling eabc98a9bcbf: 100% ▕██████████████████▏  19 GB                         [K
pulling 66b9ea09bd5b: 100% ▕██████████████████▏   68 B                         [K
pulling eb4402837c78: 100% ▕██████████████████▏ 1.5 KB                         [K
pulling 832dd9e00a68: 100% ▕██████████████████▏  11 KB                         [K
pulling 833f525ce183: 100% ▕██████████████████▏  488 B                         [K
verifying sha256 digest ⠼ [K[?25h[?2026l[?2026h[?25l[A[A[A[A[A[A[1Gpulling manifest [K
pulling eabc98a9bcbf: 100% ▕██████████████████▏  19 GB                         [K
pulling 66b9ea09bd5b: 100% ▕██████████████████▏   68 B                         [K
pulling eb4402837c78: 100% ▕██████████████████▏ 1.5 KB                         [K
pulling 832dd9e00a68: 100% ▕██████████████████▏  11 KB                         [K
pulling 833f525ce183: 100% ▕██████████████████▏  488 B                         [K
verifying sha256 digest ⠴ [K[?25h[?2026l[?2026h[?25l[A[A[A[A[A[A[1Gpulling manifest [K
pulling eabc98a9bcbf: 100% ▕██████████████████▏  19 GB                         [K
pulling 66b9ea09bd5b: 100% ▕██████████████████▏   68 B                         [K
pulling eb4402837c78: 100% ▕██████████████████▏ 1.5 KB                         [K
pulling 832dd9e00a68: 100% ▕██████████████████▏  11 KB                         [K
pulling 833f525ce183: 100% ▕██████████████████▏  488 B                         [K
verifying sha256 digest ⠦ [K[?25h[?2026l[?2026h[?25l[A[A[A[A[A[A[1Gpulling manifest [K
pulling eabc98a9bcbf: 100% ▕██████████████████▏  19 GB                         [K
pulling 66b9ea09bd5b: 100% ▕██████████████████▏   68 B                         [K
pulling eb4402837c78: 100% ▕██████████████████▏ 1.5 KB                         [K
pulling 832dd9e00a68: 100% ▕██████████████████▏  11 KB                         [K
pulling 833f525ce183: 100% ▕██████████████████▏  488 B                         [K
verifying sha256 digest ⠧ [K[?25h[?2026l[?2026h[?25l[A[A[A[A[A[A[1Gpulling manifest [K
pulling eabc98a9bcbf: 100% ▕██████████████████▏  19 GB                         [K
pulling 66b9ea09bd5b: 100% ▕██████████████████▏   68 B                         [K
pulling eb4402837c78: 100% ▕██████████████████▏ 1.5 KB                         [K
pulling 832dd9e00a68: 100% ▕██████████████████▏  11 KB                         [K
pulling 833f525ce183: 100% ▕██████████████████▏  488 B                         [K
verifying sha256 digest ⠇ [K[?25h[?2026l[?2026h[?25l[A[A[A[A[A[A[1Gpulling manifest [K
pulling eabc98a9bcbf: 100% ▕██████████████████▏  19 GB                         [K
pulling 66b9ea09bd5b: 100% ▕██████████████████▏   68 B                         [K
pulling eb4402837c78: 100% ▕██████████████████▏ 1.5 KB                         [K
pulling 832dd9e00a68: 100% ▕██████████████████▏  11 KB                         [K
pulling 833f525ce183: 100% ▕██████████████████▏  488 B                         [K
verifying sha256 digest ⠏ [K[?25h[?2026l[?2026h[?25l[A[A[A[A[A[A[1Gpulling manifest [K
pulling eabc98a9bcbf: 100% ▕██████████████████▏  19 GB                         [K
pulling 66b9ea09bd5b: 100% ▕██████████████████▏   68 B                         [K
pulling eb4402837c78: 100% ▕██████████████████▏ 1.5 KB                         [K
pulling 832dd9e00a68: 100% ▕██████████████████▏  11 KB                         [K
pulling 833f525ce183: 100% ▕██████████████████▏  488 B                         [K
verifying sha256 digest ⠋ [K[?25h[?2026l[?2026h[?25l[A[A[A[A[A[A[1Gpulling manifest [K
pulling eabc98a9bcbf: 100% ▕██████████████████▏  19 GB                         [K
pulling 66b9ea09bd5b: 100% ▕██████████████████▏   68 B                         [K
pulling eb4402837c78: 100% ▕██████████████████▏ 1.5 KB                         [K
pulling 832dd9e00a68: 100% ▕██████████████████▏  11 KB                         [K
pulling 833f525ce183: 100% ▕██████████████████▏  488 B                         [K
verifying sha256 digest ⠙ [K[?25h[?2026l[?2026h[?25l[A[A[A[A[A[A[1Gpulling manifest [K
pulling eabc98a9bcbf: 100% ▕██████████████████▏  19 GB                         [K
pulling 66b9ea09bd5b: 100% ▕██████████████████▏   68 B                         [K
pulling eb4402837c78: 100% ▕██████████████████▏ 1.5 KB                         [K
pulling 832dd9e00a68: 100% ▕██████████████████▏  11 KB                         [K
pulling 833f525ce183: 100% ▕██████████████████▏  488 B                         [K
verifying sha256 digest ⠹ [K[?25h[?2026l[?2026h[?25l[A[A[A[A[A[A[1Gpulling manifest [K
pulling eabc98a9bcbf: 100% ▕██████████████████▏  19 GB                         [K
pulling 66b9ea09bd5b: 100% ▕██████████████████▏   68 B                         [K
pulling eb4402837c78: 100% ▕██████████████████▏ 1.5 KB                         [K
pulling 832dd9e00a68: 100% ▕██████████████████▏  11 KB                         [K
pulling 833f525ce183: 100% ▕██████████████████▏  488 B                         [K
verifying sha256 digest ⠸ [K[?25h[?2026l[?2026h[?25l[A[A[A[A[A[A[1Gpulling manifest [K
pulling eabc98a9bcbf: 100% ▕██████████████████▏  19 GB                         [K
pulling 66b9ea09bd5b: 100% ▕██████████████████▏   68 B                         [K
pulling eb4402837c78: 100% ▕██████████████████▏ 1.5 KB                         [K
pulling 832dd9e00a68: 100% ▕██████████████████▏  11 KB                         [K
pulling 833f525ce183: 100% ▕██████████████████▏  488 B                         [K
verifying sha256 digest ⠼ [K[?25h[?2026l[?2026h[?25l[A[A[A[A[A[A[1Gpulling manifest [K
pulling eabc98a9bcbf: 100% ▕██████████████████▏  19 GB                         [K
pulling 66b9ea09bd5b: 100% ▕██████████████████▏   68 B                         [K
pulling eb4402837c78: 100% ▕██████████████████▏ 1.5 KB                         [K
pulling 832dd9e00a68: 100% ▕██████████████████▏  11 KB                         [K
pulling 833f525ce183: 100% ▕██████████████████▏  488 B                         [K
verifying sha256 digest ⠴ [K[?25h[?2026l[?2026h[?25l[A[A[A[A[A[A[1Gpulling manifest [K
pulling eabc98a9bcbf: 100% ▕██████████████████▏  19 GB                         [K
pulling 66b9ea09bd5b: 100% ▕██████████████████▏   68 B                         [K
pulling eb4402837c78: 100% ▕██████████████████▏ 1.5 KB                         [K
pulling 832dd9e00a68: 100% ▕██████████████████▏  11 KB                         [K
pulling 833f525ce183: 100% ▕██████████████████▏  488 B                         [K
verifying sha256 digest ⠦ [K[?25h[?2026l[?2026h[?25l[A[A[A[A[A[A[1Gpulling manifest [K
pulling eabc98a9bcbf: 100% ▕██████████████████▏  19 GB                         [K
pulling 66b9ea09bd5b: 100% ▕██████████████████▏   68 B                         [K
pulling eb4402837c78: 100% ▕██████████████████▏ 1.5 KB                         [K
pulling 832dd9e00a68: 100% ▕██████████████████▏  11 KB                         [K
pulling 833f525ce183: 100% ▕██████████████████▏  488 B                         [K
verifying sha256 digest ⠧ [K[?25h[?2026l[?2026h[?25l[A[A[A[A[A[A[1Gpulling manifest [K
pulling eabc98a9bcbf: 100% ▕██████████████████▏  19 GB                         [K
pulling 66b9ea09bd5b: 100% ▕██████████████████▏   68 B                         [K
pulling eb4402837c78: 100% ▕██████████████████▏ 1.5 KB                         [K
pulling 832dd9e00a68: 100% ▕██████████████████▏  11 KB                         [K
pulling 833f525ce183: 100% ▕██████████████████▏  488 B                         [K
verifying sha256 digest ⠇ [K[?25h[?2026l[?2026h[?25l[A[A[A[A[A[A[1Gpulling manifest [K
pulling eabc98a9bcbf: 100% ▕██████████████████▏  19 GB                         [K
pulling 66b9ea09bd5b: 100% ▕██████████████████▏   68 B                         [K
pulling eb4402837c78: 100% ▕██████████████████▏ 1.5 KB                         [K
pulling 832dd9e00a68: 100% ▕██████████████████▏  11 KB                         [K
pulling 833f525ce183: 100% ▕██████████████████▏  488 B                         [K
verifying sha256 digest ⠏ [K[?25h[?2026l[?2026h[?25l[A[A[A[A[A[A[1Gpulling manifest [K
pulling eabc98a9bcbf: 100% ▕██████████████████▏  19 GB                         [K
pulling 66b9ea09bd5b: 100% ▕██████████████████▏   68 B                         [K
pulling eb4402837c78: 100% ▕██████████████████▏ 1.5 KB                         [K
pulling 832dd9e00a68: 100% ▕██████████████████▏  11 KB                         [K
pulling 833f525ce183: 100% ▕██████████████████▏  488 B                         [K
verifying sha256 digest ⠋ [K[?25h[?2026l[?2026h[?25l[A[A[A[A[A[A[1Gpulling manifest [K
pulling eabc98a9bcbf: 100% ▕██████████████████▏  19 GB                         [K
pulling 66b9ea09bd5b: 100% ▕██████████████████▏   68 B                         [K
pulling eb4402837c78: 100% ▕██████████████████▏ 1.5 KB                         [K
pulling 832dd9e00a68: 100% ▕██████████████████▏  11 KB                         [K
pulling 833f525ce183: 100% ▕██████████████████▏  488 B                         [K
verifying sha256 digest ⠙ [K[?25h[?2026l[?2026h[?25l[A[A[A[A[A[A[1Gpulling manifest [K
pulling eabc98a9bcbf: 100% ▕██████████████████▏  19 GB                         [K
pulling 66b9ea09bd5b: 100% ▕██████████████████▏   68 B                         [K
pulling eb4402837c78: 100% ▕██████████████████▏ 1.5 KB                         [K
pulling 832dd9e00a68: 100% ▕██████████████████▏  11 KB                         [K
pulling 833f525ce183: 100% ▕██████████████████▏  488 B                         [K
verifying sha256 digest ⠹ [K[?25h[?2026l[?2026h[?25l[A[A[A[A[A[A[1Gpulling manifest [K
pulling eabc98a9bcbf: 100% ▕██████████████████▏  19 GB                         [K
pulling 66b9ea09bd5b: 100% ▕██████████████████▏   68 B                         [K
pulling eb4402837c78: 100% ▕██████████████████▏ 1.5 KB                         [K
pulling 832dd9e00a68: 100% ▕██████████████████▏  11 KB                         [K
pulling 833f525ce183: 100% ▕██████████████████▏  488 B                         [K
verifying sha256 digest ⠸ [K[?25h[?2026l[?2026h[?25l[A[A[A[A[A[A[1Gpulling manifest [K
pulling eabc98a9bcbf: 100% ▕██████████████████▏  19 GB                         [K
pulling 66b9ea09bd5b: 100% ▕██████████████████▏   68 B                         [K
pulling eb4402837c78: 100% ▕██████████████████▏ 1.5 KB                         [K
pulling 832dd9e00a68: 100% ▕██████████████████▏  11 KB                         [K
pulling 833f525ce183: 100% ▕██████████████████▏  488 B                         [K
verifying sha256 digest [K
writing manifest [K
success [K[?25h[?2026l
