2026-04-18 10:32:43,662 [INFO] Loaded 7985 entries from manifest
2026-04-18 10:32:43,662 [INFO] Testing API connection...
2026-04-18 10:32:53,718 [ERROR] API unreachable: ('Connection aborted.', ConnectionResetError(104, 'Connection reset by peer'))
2026-04-18 10:34:37,033 [INFO] Loaded 7985 entries from manifest
2026-04-18 10:34:37,033 [INFO] Testing API connection...
2026-04-18 10:34:37,245 [INFO] API OK: 200
2026-04-18 10:34:43,846 [INFO] Use pytorch device_name: cuda:0
2026-04-18 10:34:43,846 [INFO] Load pretrained SentenceTransformer: all-MiniLM-L6-v2
2026-04-18 10:34:52,502 [INFO] 3 videos to process.
2026-04-18 10:35:00,581 [INFO] Done. 3 captions → data/generated/gemma_captions_smoketest.json
2026-04-18 10:41:05,575 [INFO] Loaded 7985 entries from manifest
2026-04-18 10:41:05,575 [INFO] Testing API connection...
2026-04-18 10:41:15,909 [ERROR] API unreachable: ('Connection aborted.', ConnectionResetError(104, 'Connection reset by peer'))
2026-04-18 10:41:20,783 [INFO] Loaded 7985 entries from manifest
2026-04-18 10:41:20,783 [INFO] Testing API connection...
2026-04-18 10:41:20,931 [INFO] API OK: 200
2026-04-18 10:41:25,291 [INFO] Use pytorch device_name: cuda:0
2026-04-18 10:41:25,291 [INFO] Load pretrained SentenceTransformer: all-MiniLM-L6-v2
2026-04-18 10:41:30,498 [INFO] 3 videos to process.
2026-04-18 10:41:44,009 [ERROR] Attempt 1 failed: ('Connection aborted.', ConnectionResetError(104, 'Connection reset by peer'))
2026-04-18 10:41:58,115 [ERROR] Attempt 1 failed: ('Connection aborted.', ConnectionResetError(104, 'Connection reset by peer'))
2026-04-18 10:42:06,214 [INFO] Done. 3 captions → data/generated/gemma_captions_smoketest_v2.json
2026-04-18 10:50:33,366 [INFO] Loaded 7985 entries from manifest
2026-04-18 10:50:33,366 [INFO] Testing API connection...
2026-04-18 10:50:33,838 [INFO] API OK: 200
2026-04-18 10:50:38,193 [INFO] Use pytorch device_name: cuda:0
2026-04-18 10:50:38,193 [INFO] Load pretrained SentenceTransformer: all-MiniLM-L6-v2
2026-04-18 10:50:44,526 [INFO] 3 videos to process.
2026-04-18 10:50:51,096 [INFO] Done. 3 captions → data/generated/gemma_captions_smoketest_v3.json
2026-04-19 06:41:37,589 [INFO] Loaded 7985 entries from manifest
2026-04-19 06:41:37,590 [INFO] Testing API connection...
2026-04-19 06:41:37,980 [INFO] API OK: 200
2026-04-19 06:41:41,938 [INFO] Use pytorch device_name: cuda:0
2026-04-19 06:41:41,938 [INFO] Load pretrained SentenceTransformer: all-MiniLM-L6-v2
2026-04-19 06:41:46,871 [INFO] 3 videos to process.
2026-04-19 06:41:47,942 [ERROR] HTTP 404: {"error":{"message":"The model `google/gemma-4-E4B-it` does not exist.","type":"NotFoundError","param":"model","code":404}}
2026-04-19 06:41:50,674 [ERROR] HTTP 404: {"error":{"message":"The model `google/gemma-4-E4B-it` does not exist.","type":"NotFoundError","param":"model","code":404}}
2026-04-19 06:42:04,733 [ERROR] Attempt 3 failed: ('Connection aborted.', ConnectionResetError(104, 'Connection reset by peer'))
2026-04-19 06:42:12,739 [ERROR] All retries exhausted — skipping.
2026-04-19 06:42:13,152 [ERROR] HTTP 404: {"error":{"message":"The model `google/gemma-4-E4B-it` does not exist.","type":"NotFoundError","param":"model","code":404}}
2026-04-19 06:42:15,492 [ERROR] HTTP 404: {"error":{"message":"The model `google/gemma-4-E4B-it` does not exist.","type":"NotFoundError","param":"model","code":404}}
2026-04-19 06:42:19,835 [ERROR] HTTP 404: {"error":{"message":"The model `google/gemma-4-E4B-it` does not exist.","type":"NotFoundError","param":"model","code":404}}
2026-04-19 06:42:27,835 [ERROR] All retries exhausted — skipping.
2026-04-19 06:42:38,033 [ERROR] Attempt 1 failed: ('Connection aborted.', ConnectionResetError(104, 'Connection reset by peer'))
2026-04-19 06:42:40,586 [ERROR] HTTP 404: {"error":{"message":"The model `google/gemma-4-E4B-it` does not exist.","type":"NotFoundError","param":"model","code":404}}
2026-04-19 06:42:44,995 [ERROR] HTTP 404: {"error":{"message":"The model `google/gemma-4-E4B-it` does not exist.","type":"NotFoundError","param":"model","code":404}}
2026-04-19 06:42:53,000 [ERROR] All retries exhausted — skipping.
2026-04-19 06:42:53,002 [INFO] Done. 3 captions → data/generated/gemma_captions_smoketest_final.json
2026-04-19 06:47:00,316 [INFO] Loaded 7985 entries from manifest
2026-04-19 06:47:00,316 [INFO] Testing API connection...
2026-04-19 06:47:10,639 [INFO] API OK: 200
2026-04-19 06:47:14,556 [INFO] Use pytorch device_name: cuda:0
2026-04-19 06:47:14,556 [INFO] Load pretrained SentenceTransformer: all-MiniLM-L6-v2
2026-04-19 06:47:20,936 [INFO] Resuming — 3 already done.
2026-04-19 06:47:20,936 [INFO] 0 videos to process.
2026-04-19 06:47:20,938 [INFO] Done. 3 captions → data/generated/gemma_captions_smoketest_final.json
2026-04-19 06:47:37,517 [INFO] Loaded 7985 entries from manifest
2026-04-19 06:47:37,518 [INFO] Testing API connection...
2026-04-19 06:47:38,108 [INFO] API OK: 200
2026-04-19 06:47:41,989 [INFO] Use pytorch device_name: cuda:0
2026-04-19 06:47:41,990 [INFO] Load pretrained SentenceTransformer: all-MiniLM-L6-v2
2026-04-19 06:47:46,808 [INFO] 3 videos to process.
2026-04-19 06:47:59,982 [INFO] Done. 3 captions → data/generated/gemma_captions_smoketest_final.json
2026-04-19 06:59:27,255 [INFO] Loaded 7985 entries from manifest
2026-04-19 06:59:27,255 [INFO] Testing API connection...
2026-04-19 06:59:32,186 [INFO] Loaded 1661 entries from manifest
2026-04-19 06:59:32,186 [INFO] Testing API connection...
2026-04-19 06:59:37,626 [ERROR] API unreachable: ('Connection aborted.', ConnectionResetError(104, 'Connection reset by peer'))
2026-04-19 06:59:42,226 [ERROR] API unreachable: ('Connection aborted.', ConnectionResetError(104, 'Connection reset by peer'))
2026-04-19 07:03:05,047 [INFO] Loaded 7985 entries from manifest
2026-04-19 07:03:05,047 [INFO] Testing API connection...
2026-04-19 07:03:10,507 [INFO] Loaded 1661 entries from manifest
2026-04-19 07:03:10,507 [INFO] Testing API connection...
2026-04-19 07:03:10,668 [INFO] API OK: 200
2026-04-19 07:03:14,501 [INFO] Use pytorch device_name: cuda:0
2026-04-19 07:03:14,501 [INFO] Load pretrained SentenceTransformer: all-MiniLM-L6-v2
2026-04-19 07:03:15,126 [ERROR] API unreachable: ('Connection aborted.', ConnectionResetError(104, 'Connection reset by peer'))
2026-04-19 07:03:26,091 [INFO] 1661 videos to process.
2026-04-19 07:03:36,526 [ERROR] Attempt 1 failed: ('Connection aborted.', ConnectionResetError(104, 'Connection reset by peer'))
2026-04-19 07:04:19,426 [ERROR] Attempt 1 failed: ('Connection aborted.', ConnectionResetError(104, 'Connection reset by peer'))
2026-04-19 07:04:38,807 [INFO] Loaded 7985 entries from manifest
2026-04-19 07:04:38,807 [INFO] Testing API connection...
2026-04-19 07:04:38,955 [INFO] API OK: 200
2026-04-19 07:04:42,792 [INFO] Use pytorch device_name: cuda:0
2026-04-19 07:04:42,792 [INFO] Load pretrained SentenceTransformer: all-MiniLM-L6-v2
2026-04-19 07:04:51,025 [ERROR] Attempt 1 failed: ('Connection aborted.', ConnectionResetError(104, 'Connection reset by peer'))
2026-04-19 07:04:52,644 [INFO] 7985 videos to process.
2026-04-19 07:05:10,725 [ERROR] Attempt 1 failed: ('Connection aborted.', ConnectionResetError(104, 'Connection reset by peer'))
2026-04-19 07:05:18,225 [ERROR] Attempt 1 failed: ('Connection aborted.', ConnectionResetError(104, 'Connection reset by peer'))
2026-04-19 07:05:22,726 [ERROR] Attempt 2 failed: ('Connection aborted.', ConnectionResetError(104, 'Connection reset by peer'))
2026-04-19 07:05:30,225 [ERROR] Attempt 2 failed: ('Connection aborted.', ConnectionResetError(104, 'Connection reset by peer'))
2026-04-19 07:05:57,025 [ERROR] Attempt 1 failed: ('Connection aborted.', ConnectionResetError(104, 'Connection reset by peer'))
2026-04-19 07:06:09,426 [ERROR] Attempt 1 failed: ('Connection aborted.', ConnectionResetError(104, 'Connection reset by peer'))
2026-04-19 07:06:31,725 [ERROR] Attempt 1 failed: ('Connection aborted.', ConnectionResetError(104, 'Connection reset by peer'))
2026-04-19 07:06:32,025 [ERROR] Attempt 1 failed: ('Connection aborted.', ConnectionResetError(104, 'Connection reset by peer'))
2026-04-19 07:06:45,125 [ERROR] Attempt 2 failed: ('Connection aborted.', ConnectionResetError(104, 'Connection reset by peer'))
2026-04-19 07:06:47,729 [ERROR] Attempt 1 failed: ('Connection aborted.', ConnectionResetError(104, 'Connection reset by peer'))
2026-04-19 07:07:03,727 [ERROR] Attempt 1 failed: ('Connection aborted.', ConnectionResetError(104, 'Connection reset by peer'))
2026-04-19 07:07:37,025 [ERROR] Attempt 1 failed: ('Connection aborted.', ConnectionResetError(104, 'Connection reset by peer'))
2026-04-19 07:07:52,524 [ERROR] Attempt 1 failed: ('Connection aborted.', ConnectionResetError(104, 'Connection reset by peer'))
2026-04-19 07:07:52,724 [ERROR] Attempt 1 failed: ('Connection aborted.', ConnectionResetError(104, 'Connection reset by peer'))
2026-04-19 07:08:04,526 [ERROR] Attempt 2 failed: ('Connection aborted.', ConnectionResetError(104, 'Connection reset by peer'))
2026-04-19 07:08:04,726 [ERROR] Attempt 2 failed: ('Connection aborted.', ConnectionResetError(104, 'Connection reset by peer'))
2026-04-19 07:08:36,126 [ERROR] Attempt 1 failed: ('Connection aborted.', ConnectionResetError(104, 'Connection reset by peer'))
2026-04-19 07:08:43,229 [ERROR] Attempt 1 failed: ('Connection aborted.', ConnectionResetError(104, 'Connection reset by peer'))
2026-04-19 07:09:03,024 [ERROR] Attempt 1 failed: ('Connection aborted.', ConnectionResetError(104, 'Connection reset by peer'))
2026-04-19 07:09:06,325 [ERROR] Attempt 1 failed: ('Connection aborted.', ConnectionResetError(104, 'Connection reset by peer'))
2026-04-19 07:09:21,821 [INFO] Checkpoint: 50 done
2026-04-19 07:09:32,225 [ERROR] Attempt 1 failed: ('Connection aborted.', ConnectionResetError(104, 'Connection reset by peer'))
2026-04-19 07:09:38,925 [ERROR] Attempt 1 failed: ('Connection aborted.', ConnectionResetError(104, 'Connection reset by peer'))
2026-04-19 07:09:48,023 [ERROR] Attempt 1 failed: ('Connection aborted.', ConnectionResetError(104, 'Connection reset by peer'))
2026-04-19 07:09:58,324 [ERROR] Attempt 1 failed: ('Connection aborted.', ConnectionResetError(104, 'Connection reset by peer'))
2026-04-19 07:10:10,224 [ERROR] Attempt 1 failed: ('Connection aborted.', ConnectionResetError(104, 'Connection reset by peer'))
2026-04-19 07:10:30,229 [ERROR] Attempt 1 failed: ('Connection aborted.', ConnectionResetError(104, 'Connection reset by peer'))
2026-04-19 07:10:30,524 [ERROR] Attempt 1 failed: ('Connection aborted.', ConnectionResetError(104, 'Connection reset by peer'))
2026-04-19 07:10:42,524 [ERROR] Attempt 2 failed: ('Connection aborted.', ConnectionResetError(104, 'Connection reset by peer'))
2026-04-19 07:10:48,825 [ERROR] Attempt 1 failed: ('Connection aborted.', ConnectionResetError(104, 'Connection reset by peer'))
2026-04-19 07:11:00,224 [ERROR] Attempt 1 failed: ('Connection aborted.', ConnectionResetError(104, 'Connection reset by peer'))
2026-04-19 07:11:10,725 [ERROR] Attempt 1 failed: ('Connection aborted.', ConnectionResetError(104, 'Connection reset by peer'))
2026-04-19 07:11:36,123 [ERROR] Attempt 1 failed: ('Connection aborted.', ConnectionResetError(104, 'Connection reset by peer'))
2026-04-19 07:11:36,148 [INFO] Checkpoint: 50 done
2026-04-19 07:11:46,223 [ERROR] Attempt 1 failed: ('Connection aborted.', ConnectionResetError(104, 'Connection reset by peer'))
2026-04-19 07:11:58,523 [ERROR] Attempt 1 failed: ('Connection aborted.', ConnectionResetError(104, 'Connection reset by peer'))
2026-04-19 07:12:20,225 [ERROR] Attempt 1 failed: ('Connection aborted.', ConnectionResetError(104, 'Connection reset by peer'))
2026-04-19 07:12:42,423 [ERROR] Attempt 1 failed: ('Connection aborted.', ConnectionResetError(104, 'Connection reset by peer'))
2026-04-19 07:13:08,123 [ERROR] Attempt 1 failed: ('Connection aborted.', ConnectionResetError(104, 'Connection reset by peer'))
2026-04-19 07:13:13,223 [ERROR] Attempt 1 failed: ('Connection aborted.', ConnectionResetError(104, 'Connection reset by peer'))
2026-04-19 07:13:42,622 [ERROR] Attempt 1 failed: ('Connection aborted.', ConnectionResetError(104, 'Connection reset by peer'))
2026-04-19 07:13:56,824 [ERROR] Attempt 1 failed: ('Connection aborted.', ConnectionResetError(104, 'Connection reset by peer'))
2026-04-19 07:13:58,422 [ERROR] Attempt 1 failed: ('Connection aborted.', ConnectionResetError(104, 'Connection reset by peer'))
2026-04-19 07:14:08,830 [ERROR] Attempt 2 failed: ('Connection aborted.', ConnectionResetError(104, 'Connection reset by peer'))
2026-04-19 07:14:53,822 [ERROR] Attempt 1 failed: ('Connection aborted.', ConnectionResetError(104, 'Connection reset by peer'))
2026-04-19 07:15:17,823 [ERROR] Attempt 1 failed: ('Connection aborted.', ConnectionResetError(104, 'Connection reset by peer'))
2026-04-19 07:15:32,921 [ERROR] Attempt 1 failed: ('Connection aborted.', ConnectionResetError(104, 'Connection reset by peer'))
2026-04-19 07:15:41,608 [INFO] Checkpoint: 100 done
2026-04-19 07:15:44,622 [ERROR] Attempt 1 failed: ('Connection aborted.', ConnectionResetError(104, 'Connection reset by peer'))
2026-04-19 07:15:59,622 [ERROR] Attempt 1 failed: ('Connection aborted.', ConnectionResetError(104, 'Connection reset by peer'))
2026-04-19 07:16:00,326 [ERROR] Attempt 1 failed: ('Connection aborted.', ConnectionResetError(104, 'Connection reset by peer'))
2026-04-19 07:16:17,221 [ERROR] Attempt 1 failed: ('Connection aborted.', ConnectionResetError(104, 'Connection reset by peer'))
2026-04-19 07:16:27,721 [ERROR] Attempt 1 failed: ('Connection aborted.', ConnectionResetError(104, 'Connection reset by peer'))
2026-04-19 07:16:46,421 [ERROR] Attempt 1 failed: ('Connection aborted.', ConnectionResetError(104, 'Connection reset by peer'))
2026-04-19 07:16:51,221 [ERROR] Attempt 1 failed: ('Connection aborted.', ConnectionResetError(104, 'Connection reset by peer'))
2026-04-19 07:17:09,421 [ERROR] Attempt 1 failed: ('Connection aborted.', ConnectionResetError(104, 'Connection reset by peer'))
2026-04-19 07:17:25,721 [ERROR] Attempt 1 failed: ('Connection aborted.', ConnectionResetError(104, 'Connection reset by peer'))
2026-04-19 07:17:29,621 [ERROR] Attempt 1 failed: ('Connection aborted.', ConnectionResetError(104, 'Connection reset by peer'))
2026-04-19 07:17:37,724 [ERROR] Attempt 2 failed: ('Connection aborted.', ConnectionResetError(104, 'Connection reset by peer'))
2026-04-19 07:17:41,623 [ERROR] Attempt 2 failed: ('Connection aborted.', ConnectionResetError(104, 'Connection reset by peer'))
2026-04-19 07:17:58,281 [INFO] Checkpoint: 100 done
2026-04-19 07:18:08,421 [ERROR] Attempt 1 failed: ('Connection aborted.', ConnectionResetError(104, 'Connection reset by peer'))
2026-04-19 07:18:28,520 [ERROR] Attempt 1 failed: ('Connection aborted.', ConnectionResetError(104, 'Connection reset by peer'))
2026-04-19 07:19:13,420 [ERROR] Attempt 1 failed: ('Connection aborted.', ConnectionResetError(104, 'Connection reset by peer'))
2026-04-19 07:19:14,320 [ERROR] Attempt 1 failed: ('Connection aborted.', ConnectionResetError(104, 'Connection reset by peer'))
2026-04-19 07:19:27,320 [ERROR] Attempt 2 failed: ('Connection aborted.', ConnectionResetError(104, 'Connection reset by peer'))
2026-04-19 07:19:41,321 [ERROR] Attempt 3 failed: ('Connection aborted.', ConnectionResetError(104, 'Connection reset by peer'))
2026-04-19 07:19:49,328 [ERROR] All retries exhausted — skipping.
2026-04-19 07:19:57,720 [ERROR] Attempt 1 failed: ('Connection aborted.', ConnectionResetError(104, 'Connection reset by peer'))
2026-04-19 07:20:34,693 [INFO] Checkpoint: 150 done
2026-04-19 07:20:41,219 [ERROR] Attempt 1 failed: ('Connection aborted.', ConnectionResetError(104, 'Connection reset by peer'))
2026-04-19 07:21:05,422 [ERROR] Attempt 1 failed: ('Connection aborted.', ConnectionResetError(104, 'Connection reset by peer'))
2026-04-19 07:21:12,322 [ERROR] Attempt 1 failed: ('Connection aborted.', ConnectionResetError(104, 'Connection reset by peer'))
2026-04-19 07:21:54,121 [ERROR] Attempt 1 failed: ('Connection aborted.', ConnectionResetError(104, 'Connection reset by peer'))
2026-04-19 07:22:02,019 [ERROR] Attempt 1 failed: ('Connection aborted.', ConnectionResetError(104, 'Connection reset by peer'))
2026-04-19 07:22:13,019 [ERROR] Attempt 1 failed: ('Connection aborted.', ConnectionResetError(104, 'Connection reset by peer'))
2026-04-19 07:22:37,919 [ERROR] Attempt 1 failed: ('Connection aborted.', ConnectionResetError(104, 'Connection reset by peer'))
2026-04-19 07:22:44,118 [ERROR] Attempt 1 failed: ('Connection aborted.', ConnectionResetError(104, 'Connection reset by peer'))
2026-04-19 07:22:49,918 [ERROR] Attempt 2 failed: ('Connection aborted.', ConnectionResetError(104, 'Connection reset by peer'))
2026-04-19 07:23:13,118 [ERROR] Attempt 1 failed: ('Connection aborted.', ConnectionResetError(104, 'Connection reset by peer'))
2026-04-19 07:23:14,118 [ERROR] Attempt 1 failed: ('Connection aborted.', ConnectionResetError(104, 'Connection reset by peer'))
2026-04-19 07:23:50,528 [INFO] Checkpoint: 150 done
2026-04-19 07:23:58,118 [ERROR] Attempt 1 failed: ('Connection aborted.', ConnectionResetError(104, 'Connection reset by peer'))
2026-04-19 07:24:03,719 [ERROR] Attempt 1 failed: ('Connection aborted.', ConnectionResetError(104, 'Connection reset by peer'))
2026-04-19 07:24:20,317 [ERROR] Attempt 1 failed: ('Connection aborted.', ConnectionResetError(104, 'Connection reset by peer'))
2026-04-19 07:24:21,617 [ERROR] Attempt 1 failed: ('Connection aborted.', ConnectionResetError(104, 'Connection reset by peer'))
2026-04-19 07:24:36,622 [ERROR] Attempt 1 failed: ('Connection aborted.', ConnectionResetError(104, 'Connection reset by peer'))
2026-04-19 07:24:41,517 [ERROR] Attempt 1 failed: ('Connection aborted.', ConnectionResetError(104, 'Connection reset by peer'))
2026-04-19 07:24:53,618 [ERROR] Attempt 2 failed: ('Connection aborted.', ConnectionResetError(104, 'Connection reset by peer'))
2026-04-19 07:25:09,718 [ERROR] Attempt 1 failed: ('Connection aborted.', ConnectionResetError(104, 'Connection reset by peer'))
2026-04-19 07:27:07,738 [WARNING] Attempt 1/3 timed out.
2026-04-19 07:27:11,773 [WARNING] Attempt 2/3 timed out.
2026-04-19 07:27:34,116 [ERROR] Attempt 1 failed: ('Connection aborted.', ConnectionResetError(104, 'Connection reset by peer'))
2026-04-19 07:27:39,118 [ERROR] Attempt 1 failed: ('Connection aborted.', ConnectionResetError(104, 'Connection reset by peer'))
2026-04-19 07:27:51,116 [ERROR] Attempt 2 failed: ('Connection aborted.', ConnectionResetError(104, 'Connection reset by peer'))
2026-04-19 07:28:02,616 [ERROR] Attempt 1 failed: ('Connection aborted.', ConnectionResetError(104, 'Connection reset by peer'))
2026-04-19 07:28:16,418 [ERROR] Attempt 1 failed: ('Connection aborted.', ConnectionResetError(104, 'Connection reset by peer'))
2026-04-19 07:28:21,616 [ERROR] Attempt 1 failed: ('Connection aborted.', ConnectionResetError(104, 'Connection reset by peer'))
2026-04-19 07:28:36,281 [INFO] Checkpoint: 200 done
2026-04-19 07:28:46,416 [ERROR] Attempt 1 failed: ('Connection aborted.', ConnectionResetError(104, 'Connection reset by peer'))
2026-04-19 07:29:00,820 [ERROR] Attempt 1 failed: ('Connection aborted.', ConnectionResetError(104, 'Connection reset by peer'))
2026-04-19 07:29:11,817 [ERROR] Attempt 1 failed: ('Connection aborted.', ConnectionResetError(104, 'Connection reset by peer'))
2026-04-19 07:29:41,515 [ERROR] Attempt 1 failed: ('Connection aborted.', ConnectionResetError(104, 'Connection reset by peer'))
2026-04-19 07:29:48,915 [ERROR] Attempt 1 failed: ('Connection aborted.', ConnectionResetError(104, 'Connection reset by peer'))
2026-04-19 07:29:53,715 [ERROR] Attempt 2 failed: ('Connection aborted.', ConnectionResetError(104, 'Connection reset by peer'))
2026-04-19 07:30:11,617 [ERROR] Attempt 1 failed: ('Connection aborted.', ConnectionResetError(104, 'Connection reset by peer'))
2026-04-19 07:30:27,516 [ERROR] Attempt 1 failed: ('Connection aborted.', ConnectionResetError(104, 'Connection reset by peer'))
2026-04-19 07:30:30,915 [ERROR] Attempt 1 failed: ('Connection aborted.', ConnectionResetError(104, 'Connection reset by peer'))
2026-04-19 07:30:52,615 [ERROR] Attempt 1 failed: ('Connection aborted.', ConnectionResetError(104, 'Connection reset by peer'))
2026-04-19 07:30:52,615 [ERROR] Attempt 1 failed: ('Connection aborted.', ConnectionResetError(104, 'Connection reset by peer'))
2026-04-19 07:31:13,415 [ERROR] Attempt 1 failed: ('Connection aborted.', ConnectionResetError(104, 'Connection reset by peer'))
2026-04-19 07:31:16,614 [ERROR] Attempt 1 failed: ('Connection aborted.', ConnectionResetError(104, 'Connection reset by peer'))
2026-04-19 07:31:25,414 [ERROR] Attempt 2 failed: ('Connection aborted.', ConnectionResetError(104, 'Connection reset by peer'))
2026-04-19 07:31:28,614 [ERROR] Attempt 2 failed: ('Connection aborted.', ConnectionResetError(104, 'Connection reset by peer'))
2026-04-19 07:31:39,416 [ERROR] Attempt 3 failed: ('Connection aborted.', ConnectionResetError(104, 'Connection reset by peer'))
2026-04-19 07:31:42,617 [ERROR] Attempt 3 failed: ('Connection aborted.', ConnectionResetError(104, 'Connection reset by peer'))
2026-04-19 07:31:47,424 [ERROR] All retries exhausted — skipping.
2026-04-19 07:31:50,618 [ERROR] All retries exhausted — skipping.
2026-04-19 07:32:11,015 [ERROR] Attempt 1 failed: ('Connection aborted.', ConnectionResetError(104, 'Connection reset by peer'))
2026-04-19 07:32:17,397 [INFO] Checkpoint: 200 done
2026-04-19 07:32:35,915 [ERROR] Attempt 1 failed: ('Connection aborted.', ConnectionResetError(104, 'Connection reset by peer'))
2026-04-19 07:32:43,214 [ERROR] Attempt 1 failed: ('Connection aborted.', ConnectionResetError(104, 'Connection reset by peer'))
2026-04-19 07:33:04,114 [ERROR] Attempt 1 failed: ('Connection aborted.', ConnectionResetError(104, 'Connection reset by peer'))
2026-04-19 07:33:42,216 [ERROR] Attempt 1 failed: ('Connection aborted.', ConnectionResetError(104, 'Connection reset by peer'))
2026-04-19 07:33:47,013 [ERROR] Attempt 1 failed: ('Connection aborted.', ConnectionResetError(104, 'Connection reset by peer'))
2026-04-19 07:34:13,113 [ERROR] Attempt 1 failed: ('Connection aborted.', ConnectionResetError(104, 'Connection reset by peer'))
2026-04-19 07:34:14,613 [ERROR] Attempt 1 failed: ('Connection aborted.', ConnectionResetError(104, 'Connection reset by peer'))
2026-04-19 07:34:26,613 [ERROR] Attempt 2 failed: ('Connection aborted.', ConnectionResetError(104, 'Connection reset by peer'))
2026-04-19 07:34:28,412 [ERROR] Attempt 1 failed: ('Connection aborted.', ConnectionResetError(104, 'Connection reset by peer'))
2026-04-19 07:34:59,419 [ERROR] Attempt 1 failed: ('Connection aborted.', ConnectionResetError(104, 'Connection reset by peer'))
2026-04-19 07:35:13,913 [ERROR] Attempt 1 failed: ('Connection aborted.', ConnectionResetError(104, 'Connection reset by peer'))
2026-04-19 07:35:29,212 [ERROR] Attempt 1 failed: ('Connection aborted.', ConnectionResetError(104, 'Connection reset by peer'))
2026-04-19 07:35:36,215 [ERROR] Attempt 1 failed: ('Connection aborted.', ConnectionResetError(104, 'Connection reset by peer'))
2026-04-19 07:35:57,460 [INFO] Checkpoint: 250 done
2026-04-19 07:36:06,513 [ERROR] Attempt 1 failed: ('Connection aborted.', ConnectionResetError(104, 'Connection reset by peer'))
2026-04-19 07:36:10,917 [ERROR] Attempt 1 failed: ('Connection aborted.', ConnectionResetError(104, 'Connection reset by peer'))
2026-04-19 07:36:23,012 [ERROR] Attempt 2 failed: ('Connection aborted.', ConnectionResetError(104, 'Connection reset by peer'))
2026-04-19 07:36:25,911 [ERROR] Attempt 1 failed: ('Connection aborted.', ConnectionResetError(104, 'Connection reset by peer'))
2026-04-19 07:36:42,711 [ERROR] Attempt 1 failed: ('Connection aborted.', ConnectionResetError(104, 'Connection reset by peer'))
2026-04-19 07:37:26,110 [ERROR] Attempt 1 failed: ('Connection aborted.', ConnectionResetError(104, 'Connection reset by peer'))
2026-04-19 07:37:38,110 [ERROR] Attempt 2 failed: ('Connection aborted.', ConnectionResetError(104, 'Connection reset by peer'))
2026-04-19 07:37:48,813 [ERROR] Attempt 1 failed: ('Connection aborted.', ConnectionResetError(104, 'Connection reset by peer'))
2026-04-19 07:37:59,111 [ERROR] Attempt 1 failed: ('Connection aborted.', ConnectionResetError(104, 'Connection reset by peer'))
2026-04-19 07:38:11,010 [ERROR] Attempt 1 failed: ('Connection aborted.', ConnectionResetError(104, 'Connection reset by peer'))
2026-04-19 07:38:14,611 [ERROR] Attempt 1 failed: ('Connection aborted.', ConnectionResetError(104, 'Connection reset by peer'))
2026-04-19 07:38:23,210 [ERROR] Attempt 2 failed: ('Connection aborted.', ConnectionResetError(104, 'Connection reset by peer'))
2026-04-19 07:38:23,549 [INFO] Checkpoint: 250 done
2026-04-19 07:38:33,610 [ERROR] Attempt 1 failed: ('Connection aborted.', ConnectionResetError(104, 'Connection reset by peer'))
2026-04-19 07:38:52,609 [ERROR] Attempt 1 failed: ('Connection aborted.', ConnectionResetError(104, 'Connection reset by peer'))
2026-04-19 07:38:54,111 [ERROR] Attempt 1 failed: ('Connection aborted.', ConnectionResetError(104, 'Connection reset by peer'))
2026-04-19 07:39:04,610 [ERROR] Attempt 2 failed: ('Connection aborted.', ConnectionResetError(104, 'Connection reset by peer'))
2026-04-19 07:39:06,109 [ERROR] Attempt 2 failed: ('Connection aborted.', ConnectionResetError(104, 'Connection reset by peer'))
2026-04-19 07:39:18,609 [ERROR] Attempt 3 failed: ('Connection aborted.', ConnectionResetError(104, 'Connection reset by peer'))
2026-04-19 07:39:26,611 [ERROR] All retries exhausted — skipping.
2026-04-19 07:39:37,109 [ERROR] Attempt 1 failed: ('Connection aborted.', ConnectionResetError(104, 'Connection reset by peer'))
2026-04-19 07:39:51,711 [ERROR] Attempt 1 failed: ('Connection aborted.', ConnectionResetError(104, 'Connection reset by peer'))
2026-04-19 07:40:03,809 [ERROR] Attempt 2 failed: ('Connection aborted.', ConnectionResetError(104, 'Connection reset by peer'))
2026-04-19 07:40:13,909 [ERROR] Attempt 1 failed: ('Connection aborted.', ConnectionResetError(104, 'Connection reset by peer'))
2026-04-19 07:40:38,711 [ERROR] Attempt 1 failed: ('Connection aborted.', ConnectionResetError(104, 'Connection reset by peer'))
2026-04-19 07:40:50,709 [ERROR] Attempt 2 failed: ('Connection aborted.', ConnectionResetError(104, 'Connection reset by peer'))
2026-04-19 07:41:28,308 [ERROR] Attempt 1 failed: ('Connection aborted.', ConnectionResetError(104, 'Connection reset by peer'))
2026-04-19 07:41:28,308 [ERROR] Attempt 1 failed: ('Connection aborted.', ConnectionResetError(104, 'Connection reset by peer'))
2026-04-19 07:41:49,609 [ERROR] Attempt 1 failed: ('Connection aborted.', ConnectionResetError(104, 'Connection reset by peer'))
2026-04-19 07:42:00,912 [ERROR] Attempt 1 failed: ('Connection aborted.', ConnectionResetError(104, 'Connection reset by peer'))
2026-04-19 07:42:43,912 [ERROR] Attempt 1 failed: ('Connection aborted.', ConnectionResetError(104, 'Connection reset by peer'))
2026-04-19 07:42:48,283 [INFO] Checkpoint: 300 done
2026-04-19 07:42:58,408 [ERROR] Attempt 1 failed: ('Connection aborted.', ConnectionResetError(104, 'Connection reset by peer'))
2026-04-19 07:43:03,007 [ERROR] Attempt 1 failed: ('Connection aborted.', ConnectionResetError(104, 'Connection reset by peer'))
2026-04-19 07:43:19,408 [ERROR] Attempt 1 failed: ('Connection aborted.', ConnectionResetError(104, 'Connection reset by peer'))
2026-04-19 07:43:19,408 [ERROR] Attempt 2 failed: ('Connection aborted.', ConnectionResetError(104, 'Connection reset by peer'))
2026-04-19 07:43:48,908 [ERROR] Attempt 1 failed: ('Connection aborted.', ConnectionResetError(104, 'Connection reset by peer'))
2026-04-19 07:43:52,009 [ERROR] Attempt 1 failed: ('Connection aborted.', ConnectionResetError(104, 'Connection reset by peer'))
2026-04-19 07:44:00,907 [ERROR] Attempt 2 failed: ('Connection aborted.', ConnectionResetError(104, 'Connection reset by peer'))
2026-04-19 07:44:10,707 [ERROR] Attempt 1 failed: ('Connection aborted.', ConnectionResetError(104, 'Connection reset by peer'))
2026-04-19 07:44:16,189 [INFO] Checkpoint: 300 done
2026-04-19 07:45:12,006 [ERROR] Attempt 1 failed: ('Connection aborted.', ConnectionResetError(104, 'Connection reset by peer'))
2026-04-19 07:45:37,007 [ERROR] Attempt 1 failed: ('Connection aborted.', ConnectionResetError(104, 'Connection reset by peer'))
2026-04-19 07:46:01,806 [ERROR] Attempt 1 failed: ('Connection aborted.', ConnectionResetError(104, 'Connection reset by peer'))
2026-04-19 07:46:13,808 [ERROR] Attempt 2 failed: ('Connection aborted.', ConnectionResetError(104, 'Connection reset by peer'))
2026-04-19 07:46:27,205 [ERROR] Attempt 1 failed: ('Connection aborted.', ConnectionResetError(104, 'Connection reset by peer'))
2026-04-19 07:46:31,205 [ERROR] Attempt 1 failed: ('Connection aborted.', ConnectionResetError(104, 'Connection reset by peer'))
2026-04-19 07:46:57,505 [ERROR] Attempt 1 failed: ('Connection aborted.', ConnectionResetError(104, 'Connection reset by peer'))
2026-04-19 07:47:17,605 [ERROR] Attempt 1 failed: ('Connection aborted.', ConnectionResetError(104, 'Connection reset by peer'))
2026-04-19 07:47:21,709 [ERROR] Attempt 1 failed: ('Connection aborted.', ConnectionResetError(104, 'Connection reset by peer'))
2026-04-19 07:47:38,204 [ERROR] Attempt 1 failed: ('Connection aborted.', ConnectionResetError(104, 'Connection reset by peer'))
2026-04-19 07:48:01,105 [ERROR] Attempt 1 failed: ('Connection aborted.', ConnectionResetError(104, 'Connection reset by peer'))
2026-04-19 07:48:13,134 [INFO] Checkpoint: 350 done
2026-04-19 07:48:22,604 [ERROR] Attempt 1 failed: ('Connection aborted.', ConnectionResetError(104, 'Connection reset by peer'))
2026-04-19 07:48:42,204 [ERROR] Attempt 1 failed: ('Connection aborted.', ConnectionResetError(104, 'Connection reset by peer'))
2026-04-19 07:49:22,104 [ERROR] Attempt 1 failed: ('Connection aborted.', ConnectionResetError(104, 'Connection reset by peer'))
2026-04-19 07:49:30,103 [ERROR] Attempt 1 failed: ('Connection aborted.', ConnectionResetError(104, 'Connection reset by peer'))
2026-04-19 07:49:49,904 [ERROR] Attempt 1 failed: ('Connection aborted.', ConnectionResetError(104, 'Connection reset by peer'))
2026-04-19 07:50:05,503 [ERROR] Attempt 1 failed: ('Connection aborted.', ConnectionResetError(104, 'Connection reset by peer'))
2026-04-19 07:50:21,193 [INFO] Checkpoint: 350 done
2026-04-19 07:50:33,703 [ERROR] Attempt 1 failed: ('Connection aborted.', ConnectionResetError(104, 'Connection reset by peer'))
2026-04-19 07:50:38,005 [ERROR] Attempt 1 failed: ('Connection aborted.', ConnectionResetError(104, 'Connection reset by peer'))
2026-04-19 07:50:58,103 [ERROR] Attempt 1 failed: ('Connection aborted.', ConnectionResetError(104, 'Connection reset by peer'))
2026-04-19 07:51:10,104 [ERROR] Attempt 2 failed: ('Connection aborted.', ConnectionResetError(104, 'Connection reset by peer'))
2026-04-19 07:51:16,905 [ERROR] Attempt 1 failed: ('Connection aborted.', ConnectionResetError(104, 'Connection reset by peer'))
2026-04-19 07:51:28,906 [ERROR] Attempt 2 failed: ('Connection aborted.', ConnectionResetError(104, 'Connection reset by peer'))
2026-04-19 07:51:40,903 [ERROR] Attempt 1 failed: ('Connection aborted.', ConnectionResetError(104, 'Connection reset by peer'))
2026-04-19 07:51:59,202 [ERROR] Attempt 1 failed: ('Connection aborted.', ConnectionResetError(104, 'Connection reset by peer'))
2026-04-19 07:52:19,102 [ERROR] Attempt 1 failed: ('Connection aborted.', ConnectionResetError(104, 'Connection reset by peer'))
2026-04-19 07:52:25,902 [ERROR] Attempt 1 failed: ('Connection aborted.', ConnectionResetError(104, 'Connection reset by peer'))
2026-04-19 07:52:37,902 [ERROR] Attempt 2 failed: ('Connection aborted.', ConnectionResetError(104, 'Connection reset by peer'))
2026-04-19 07:52:54,502 [ERROR] Attempt 1 failed: ('Connection aborted.', ConnectionResetError(104, 'Connection reset by peer'))
2026-04-19 07:52:55,702 [ERROR] Attempt 1 failed: ('Connection aborted.', ConnectionResetError(104, 'Connection reset by peer'))
2026-04-19 07:53:11,101 [ERROR] Attempt 1 failed: ('Connection aborted.', ConnectionResetError(104, 'Connection reset by peer'))
2026-04-19 07:53:23,101 [ERROR] Attempt 2 failed: ('Connection aborted.', ConnectionResetError(104, 'Connection reset by peer'))
2026-04-19 07:53:35,002 [ERROR] Attempt 1 failed: ('Connection aborted.', ConnectionResetError(104, 'Connection reset by peer'))
2026-04-19 07:53:40,826 [INFO] Checkpoint: 400 done
2026-04-19 07:53:47,007 [ERROR] Attempt 2 failed: ('Connection aborted.', ConnectionResetError(104, 'Connection reset by peer'))
2026-04-19 07:53:57,801 [ERROR] Attempt 1 failed: ('Connection aborted.', ConnectionResetError(104, 'Connection reset by peer'))
2026-04-19 07:54:01,108 [ERROR] Attempt 3 failed: ('Connection aborted.', ConnectionResetError(104, 'Connection reset by peer'))
2026-04-19 07:54:09,116 [ERROR] All retries exhausted — skipping.
2026-04-19 07:54:16,803 [ERROR] Attempt 1 failed: ('Connection aborted.', ConnectionResetError(104, 'Connection reset by peer'))
2026-04-19 07:54:22,402 [ERROR] Attempt 1 failed: ('Connection aborted.', ConnectionResetError(104, 'Connection reset by peer'))
2026-04-19 07:54:38,501 [ERROR] Attempt 1 failed: ('Connection aborted.', ConnectionResetError(104, 'Connection reset by peer'))
2026-04-19 07:54:47,707 [ERROR] Attempt 1 failed: ('Connection aborted.', ConnectionResetError(104, 'Connection reset by peer'))
2026-04-19 07:55:09,801 [ERROR] Attempt 1 failed: ('Connection aborted.', ConnectionResetError(104, 'Connection reset by peer'))
2026-04-19 07:55:22,001 [ERROR] Attempt 2 failed: ('Connection aborted.', ConnectionResetError(104, 'Connection reset by peer'))
2026-04-19 07:55:53,200 [ERROR] Attempt 1 failed: ('Connection aborted.', ConnectionResetError(104, 'Connection reset by peer'))
2026-04-19 07:55:53,400 [ERROR] Attempt 1 failed: ('Connection aborted.', ConnectionResetError(104, 'Connection reset by peer'))
2026-04-19 07:56:05,400 [ERROR] Attempt 2 failed: ('Connection aborted.', ConnectionResetError(104, 'Connection reset by peer'))
2026-04-19 07:56:31,600 [ERROR] Attempt 1 failed: ('Connection aborted.', ConnectionResetError(104, 'Connection reset by peer'))
2026-04-19 07:56:46,505 [ERROR] Attempt 1 failed: ('Connection aborted.', ConnectionResetError(104, 'Connection reset by peer'))
2026-04-19 07:56:47,400 [ERROR] Attempt 1 failed: ('Connection aborted.', ConnectionResetError(104, 'Connection reset by peer'))
2026-04-19 07:57:04,400 [ERROR] Attempt 1 failed: ('Connection aborted.', ConnectionResetError(104, 'Connection reset by peer'))
2026-04-19 07:57:13,001 [ERROR] Attempt 1 failed: ('Connection aborted.', ConnectionResetError(104, 'Connection reset by peer'))
2026-04-19 07:57:13,339 [INFO] Checkpoint: 400 done
2026-04-19 07:57:29,399 [ERROR] Attempt 1 failed: ('Connection aborted.', ConnectionResetError(104, 'Connection reset by peer'))
2026-04-19 07:57:38,601 [ERROR] Attempt 1 failed: ('Connection aborted.', ConnectionResetError(104, 'Connection reset by peer'))
2026-04-19 07:58:32,799 [ERROR] Attempt 1 failed: ('Connection aborted.', ConnectionResetError(104, 'Connection reset by peer'))
2026-04-19 07:59:10,923 [INFO] Checkpoint: 450 done
2026-04-19 07:59:16,398 [ERROR] Attempt 1 failed: ('Connection aborted.', ConnectionResetError(104, 'Connection reset by peer'))
2026-04-19 07:59:24,702 [ERROR] Attempt 1 failed: ('Connection aborted.', ConnectionResetError(104, 'Connection reset by peer'))
2026-04-19 07:59:39,799 [ERROR] Attempt 1 failed: ('Connection aborted.', ConnectionResetError(104, 'Connection reset by peer'))
2026-04-19 07:59:46,898 [ERROR] Attempt 1 failed: ('Connection aborted.', ConnectionResetError(104, 'Connection reset by peer'))
2026-04-19 07:59:51,798 [ERROR] Attempt 2 failed: ('Connection aborted.', ConnectionResetError(104, 'Connection reset by peer'))
2026-04-19 07:59:58,904 [ERROR] Attempt 2 failed: ('Connection aborted.', ConnectionResetError(104, 'Connection reset by peer'))
2026-04-19 08:00:12,999 [ERROR] Attempt 3 failed: ('Connection aborted.', ConnectionResetError(104, 'Connection reset by peer'))
2026-04-19 08:00:21,006 [ERROR] All retries exhausted — skipping.
2026-04-19 08:00:36,399 [ERROR] Attempt 1 failed: ('Connection aborted.', ConnectionResetError(104, 'Connection reset by peer'))
2026-04-19 08:01:09,198 [ERROR] Attempt 1 failed: ('Connection aborted.', ConnectionResetError(104, 'Connection reset by peer'))
2026-04-19 08:01:28,997 [ERROR] Attempt 1 failed: ('Connection aborted.', ConnectionResetError(104, 'Connection reset by peer'))
2026-04-19 08:01:56,000 [ERROR] Attempt 1 failed: ('Connection aborted.', ConnectionResetError(104, 'Connection reset by peer'))
2026-04-19 08:02:10,999 [ERROR] Attempt 1 failed: ('Connection aborted.', ConnectionResetError(104, 'Connection reset by peer'))
2026-04-19 08:02:27,298 [ERROR] Attempt 1 failed: ('Connection aborted.', ConnectionResetError(104, 'Connection reset by peer'))
2026-04-19 08:02:39,536 [INFO] Checkpoint: 450 done
2026-04-19 08:03:07,442 [WARNING] Attempt 1/3 timed out.
2026-04-19 08:03:29,496 [ERROR] Attempt 1 failed: ('Connection aborted.', ConnectionResetError(104, 'Connection reset by peer'))
2026-04-19 08:03:41,496 [ERROR] Attempt 2 failed: ('Connection aborted.', ConnectionResetError(104, 'Connection reset by peer'))
2026-04-19 08:03:55,497 [ERROR] Attempt 3 failed: ('Connection aborted.', ConnectionResetError(104, 'Connection reset by peer'))
2026-04-19 08:04:03,498 [ERROR] All retries exhausted — skipping.
2026-04-19 08:04:10,404 [ERROR] Attempt 1 failed: ('Connection aborted.', ConnectionResetError(104, 'Connection reset by peer'))
2026-04-19 08:04:22,495 [ERROR] Attempt 2 failed: ('Connection aborted.', ConnectionResetError(104, 'Connection reset by peer'))
2026-04-19 08:04:36,498 [ERROR] Attempt 3 failed: ('Connection aborted.', ConnectionResetError(104, 'Connection reset by peer'))
2026-04-19 08:04:38,995 [ERROR] Attempt 1 failed: ('Connection aborted.', ConnectionResetError(104, 'Connection reset by peer'))
2026-04-19 08:04:44,507 [ERROR] All retries exhausted — skipping.
2026-04-19 08:04:51,097 [ERROR] Attempt 2 failed: ('Connection aborted.', ConnectionResetError(104, 'Connection reset by peer'))
2026-04-19 08:04:58,595 [ERROR] Attempt 1 failed: ('Connection aborted.', ConnectionResetError(104, 'Connection reset by peer'))
2026-04-19 08:05:05,099 [ERROR] Attempt 3 failed: ('Connection aborted.', ConnectionResetError(104, 'Connection reset by peer'))
2026-04-19 08:05:13,105 [ERROR] All retries exhausted — skipping.
2026-04-19 08:05:21,997 [ERROR] Attempt 1 failed: ('Connection aborted.', ConnectionResetError(104, 'Connection reset by peer'))
2026-04-19 08:05:28,495 [ERROR] Attempt 1 failed: ('Connection aborted.', ConnectionResetError(104, 'Connection reset by peer'))
2026-04-19 08:05:40,497 [ERROR] Attempt 2 failed: ('Connection aborted.', ConnectionResetError(104, 'Connection reset by peer'))
2026-04-19 08:06:03,999 [ERROR] Attempt 1 failed: ('Connection aborted.', ConnectionResetError(104, 'Connection reset by peer'))
2026-04-19 08:06:08,596 [ERROR] Attempt 1 failed: ('Connection aborted.', ConnectionResetError(104, 'Connection reset by peer'))
2026-04-19 08:06:20,595 [ERROR] Attempt 2 failed: ('Connection aborted.', ConnectionResetError(104, 'Connection reset by peer'))
2026-04-19 08:06:31,797 [ERROR] Attempt 1 failed: ('Connection aborted.', ConnectionResetError(104, 'Connection reset by peer'))
2026-04-19 08:06:39,097 [ERROR] Attempt 1 failed: ('Connection aborted.', ConnectionResetError(104, 'Connection reset by peer'))
2026-04-19 08:07:06,595 [ERROR] Attempt 1 failed: ('Connection aborted.', ConnectionResetError(104, 'Connection reset by peer'))
2026-04-19 08:07:15,295 [ERROR] Attempt 1 failed: ('Connection aborted.', ConnectionResetError(104, 'Connection reset by peer'))
2026-04-19 08:07:26,394 [ERROR] Attempt 1 failed: ('Connection aborted.', ConnectionResetError(104, 'Connection reset by peer'))
2026-04-19 08:07:31,595 [ERROR] Attempt 1 failed: ('Connection aborted.', ConnectionResetError(104, 'Connection reset by peer'))
2026-04-19 08:07:43,595 [ERROR] Attempt 2 failed: ('Connection aborted.', ConnectionResetError(104, 'Connection reset by peer'))
2026-04-19 08:07:52,195 [ERROR] Attempt 1 failed: ('Connection aborted.', ConnectionResetError(104, 'Connection reset by peer'))
2026-04-19 08:08:22,002 [ERROR] Attempt 1 failed: ('Connection aborted.', ConnectionResetError(104, 'Connection reset by peer'))
2026-04-19 08:08:29,896 [ERROR] Attempt 1 failed: ('Connection aborted.', ConnectionResetError(104, 'Connection reset by peer'))
2026-04-19 08:08:41,032 [INFO] Checkpoint: 500 done
2026-04-19 08:08:45,339 [INFO] Checkpoint: 500 done
2026-04-19 08:08:54,194 [ERROR] Attempt 1 failed: ('Connection aborted.', ConnectionResetError(104, 'Connection reset by peer'))
2026-04-19 08:08:59,694 [ERROR] Attempt 1 failed: ('Connection aborted.', ConnectionResetError(104, 'Connection reset by peer'))
2026-04-19 08:09:20,494 [ERROR] Attempt 1 failed: ('Connection aborted.', ConnectionResetError(104, 'Connection reset by peer'))
2026-04-19 08:09:29,194 [ERROR] Attempt 1 failed: ('Connection aborted.', ConnectionResetError(104, 'Connection reset by peer'))
2026-04-19 08:09:39,995 [ERROR] Attempt 1 failed: ('Connection aborted.', ConnectionResetError(104, 'Connection reset by peer'))
2026-04-19 08:09:41,195 [ERROR] Attempt 2 failed: ('Connection aborted.', ConnectionResetError(104, 'Connection reset by peer'))
2026-04-19 08:10:04,995 [ERROR] Attempt 1 failed: ('Connection aborted.', ConnectionResetError(104, 'Connection reset by peer'))
2026-04-19 08:10:16,994 [ERROR] Attempt 2 failed: ('Connection aborted.', ConnectionResetError(104, 'Connection reset by peer'))
2026-04-19 08:10:43,593 [ERROR] Attempt 1 failed: ('Connection aborted.', ConnectionResetError(104, 'Connection reset by peer'))
2026-04-19 08:10:55,794 [ERROR] Attempt 2 failed: ('Connection aborted.', ConnectionResetError(104, 'Connection reset by peer'))
2026-04-19 08:10:55,794 [ERROR] Attempt 1 failed: ('Connection aborted.', ConnectionResetError(104, 'Connection reset by peer'))
2026-04-19 08:11:09,799 [ERROR] Attempt 3 failed: ('Connection aborted.', ConnectionResetError(104, 'Connection reset by peer'))
2026-04-19 08:11:17,804 [ERROR] All retries exhausted — skipping.
2026-04-19 08:11:27,898 [ERROR] Attempt 1 failed: ('Connection aborted.', ConnectionResetError(104, 'Connection reset by peer'))
2026-04-19 08:11:53,893 [ERROR] Attempt 1 failed: ('Connection aborted.', ConnectionResetError(104, 'Connection reset by peer'))
2026-04-19 08:12:05,693 [ERROR] Attempt 1 failed: ('Connection aborted.', ConnectionResetError(104, 'Connection reset by peer'))
2026-04-19 08:12:10,793 [ERROR] Attempt 1 failed: ('Connection aborted.', ConnectionResetError(104, 'Connection reset by peer'))
2026-04-19 08:12:22,094 [ERROR] Attempt 1 failed: ('Connection aborted.', ConnectionResetError(104, 'Connection reset by peer'))
2026-04-19 08:12:34,093 [ERROR] Attempt 2 failed: ('Connection aborted.', ConnectionResetError(104, 'Connection reset by peer'))
2026-04-19 08:12:47,194 [ERROR] Attempt 1 failed: ('Connection aborted.', ConnectionResetError(104, 'Connection reset by peer'))
2026-04-19 08:12:52,194 [ERROR] Attempt 1 failed: ('Connection aborted.', ConnectionResetError(104, 'Connection reset by peer'))
2026-04-19 08:12:59,393 [ERROR] Attempt 2 failed: ('Connection aborted.', ConnectionResetError(104, 'Connection reset by peer'))
2026-04-19 08:13:13,396 [ERROR] Attempt 3 failed: ('Connection aborted.', ConnectionResetError(104, 'Connection reset by peer'))
2026-04-19 08:13:21,403 [ERROR] All retries exhausted — skipping.
2026-04-19 08:13:51,093 [ERROR] Attempt 1 failed: ('Connection aborted.', ConnectionResetError(104, 'Connection reset by peer'))
2026-04-19 08:14:03,093 [ERROR] Attempt 2 failed: ('Connection aborted.', ConnectionResetError(104, 'Connection reset by peer'))
2026-04-19 08:14:06,193 [ERROR] Attempt 1 failed: ('Connection aborted.', ConnectionResetError(104, 'Connection reset by peer'))
2026-04-19 08:14:17,098 [ERROR] Attempt 3 failed: ('Connection aborted.', ConnectionResetError(104, 'Connection reset by peer'))
2026-04-19 08:14:18,196 [ERROR] Attempt 2 failed: ('Connection aborted.', ConnectionResetError(104, 'Connection reset by peer'))
2026-04-19 08:14:25,106 [ERROR] All retries exhausted — skipping.
2026-04-19 08:14:38,692 [ERROR] Attempt 1 failed: ('Connection aborted.', ConnectionResetError(104, 'Connection reset by peer'))
2026-04-19 08:14:42,193 [ERROR] Attempt 1 failed: ('Connection aborted.', ConnectionResetError(104, 'Connection reset by peer'))
2026-04-19 08:14:53,350 [INFO] Checkpoint: 550 done
2026-04-19 08:14:54,194 [ERROR] Attempt 2 failed: ('Connection aborted.', ConnectionResetError(104, 'Connection reset by peer'))
2026-04-19 08:16:07,593 [ERROR] Attempt 1 failed: ('Connection aborted.', ConnectionResetError(104, 'Connection reset by peer'))
2026-04-19 08:16:15,992 [ERROR] Attempt 1 failed: ('Connection aborted.', ConnectionResetError(104, 'Connection reset by peer'))
2026-04-19 08:16:19,592 [ERROR] Attempt 2 failed: ('Connection aborted.', ConnectionResetError(104, 'Connection reset by peer'))
2026-04-19 08:16:40,092 [ERROR] Attempt 1 failed: ('Connection aborted.', ConnectionResetError(104, 'Connection reset by peer'))
2026-04-19 08:16:46,834 [INFO] Checkpoint: 550 done
2026-04-19 08:17:19,291 [ERROR] Attempt 1 failed: ('Connection aborted.', ConnectionResetError(104, 'Connection reset by peer'))
2026-04-19 08:17:19,291 [ERROR] Attempt 1 failed: ('Connection aborted.', ConnectionResetError(104, 'Connection reset by peer'))
2026-04-19 08:17:41,091 [ERROR] Attempt 1 failed: ('Connection aborted.', ConnectionResetError(104, 'Connection reset by peer'))
2026-04-19 08:17:53,094 [ERROR] Attempt 2 failed: ('Connection aborted.', ConnectionResetError(104, 'Connection reset by peer'))
2026-04-19 08:18:10,591 [ERROR] Attempt 1 failed: ('Connection aborted.', ConnectionResetError(104, 'Connection reset by peer'))
2026-04-19 08:18:12,091 [ERROR] Attempt 1 failed: ('Connection aborted.', ConnectionResetError(104, 'Connection reset by peer'))
2026-04-19 08:18:24,092 [ERROR] Attempt 2 failed: ('Connection aborted.', ConnectionResetError(104, 'Connection reset by peer'))
2026-04-19 08:18:38,190 [ERROR] Attempt 1 failed: ('Connection aborted.', ConnectionResetError(104, 'Connection reset by peer'))
2026-04-19 08:18:59,391 [ERROR] Attempt 1 failed: ('Connection aborted.', ConnectionResetError(104, 'Connection reset by peer'))
2026-04-19 08:19:07,390 [ERROR] Attempt 1 failed: ('Connection aborted.', ConnectionResetError(104, 'Connection reset by peer'))
2026-04-19 08:19:15,791 [ERROR] Attempt 1 failed: ('Connection aborted.', ConnectionResetError(104, 'Connection reset by peer'))
2026-04-19 08:19:28,091 [ERROR] Attempt 1 failed: ('Connection aborted.', ConnectionResetError(104, 'Connection reset by peer'))
2026-04-19 08:19:39,591 [ERROR] Attempt 1 failed: ('Connection aborted.', ConnectionResetError(104, 'Connection reset by peer'))
2026-04-19 08:19:48,193 [ERROR] Attempt 1 failed: ('Connection aborted.', ConnectionResetError(104, 'Connection reset by peer'))
2026-04-19 08:19:52,690 [ERROR] Attempt 2 failed: ('Connection aborted.', ConnectionResetError(104, 'Connection reset by peer'))
2026-04-19 08:20:20,090 [ERROR] Attempt 1 failed: ('Connection aborted.', ConnectionResetError(104, 'Connection reset by peer'))
2026-04-19 08:20:20,593 [ERROR] Attempt 1 failed: ('Connection aborted.', ConnectionResetError(104, 'Connection reset by peer'))
2026-04-19 08:20:32,290 [ERROR] Attempt 2 failed: ('Connection aborted.', ConnectionResetError(104, 'Connection reset by peer'))
2026-04-19 08:20:36,897 [ERROR] Attempt 1 failed: ('Connection aborted.', ConnectionResetError(104, 'Connection reset by peer'))
2026-04-19 08:20:48,989 [ERROR] Attempt 2 failed: ('Connection aborted.', ConnectionResetError(104, 'Connection reset by peer'))
2026-04-19 08:21:10,889 [ERROR] Attempt 1 failed: ('Connection aborted.', ConnectionResetError(104, 'Connection reset by peer'))
2026-04-19 08:21:21,589 [ERROR] Attempt 1 failed: ('Connection aborted.', ConnectionResetError(104, 'Connection reset by peer'))
2026-04-19 08:21:41,636 [INFO] Checkpoint: 600 done
2026-04-19 08:21:43,590 [ERROR] Attempt 1 failed: ('Connection aborted.', ConnectionResetError(104, 'Connection reset by peer'))
2026-04-19 08:21:51,689 [ERROR] Attempt 1 failed: ('Connection aborted.', ConnectionResetError(104, 'Connection reset by peer'))
2026-04-19 08:22:02,889 [ERROR] Attempt 1 failed: ('Connection aborted.', ConnectionResetError(104, 'Connection reset by peer'))
2026-04-19 08:22:34,689 [ERROR] Attempt 1 failed: ('Connection aborted.', ConnectionResetError(104, 'Connection reset by peer'))
2026-04-19 08:22:50,389 [ERROR] Attempt 1 failed: ('Connection aborted.', ConnectionResetError(104, 'Connection reset by peer'))
2026-04-19 08:22:53,489 [ERROR] Attempt 1 failed: ('Connection aborted.', ConnectionResetError(104, 'Connection reset by peer'))
2026-04-19 08:23:34,585 [INFO] Checkpoint: 600 done
2026-04-19 08:23:44,690 [ERROR] Attempt 1 failed: ('Connection aborted.', ConnectionResetError(104, 'Connection reset by peer'))
2026-04-19 08:23:49,589 [ERROR] Attempt 1 failed: ('Connection aborted.', ConnectionResetError(104, 'Connection reset by peer'))
2026-04-19 08:23:56,694 [ERROR] Attempt 2 failed: ('Connection aborted.', ConnectionResetError(104, 'Connection reset by peer'))
2026-04-19 08:24:01,588 [ERROR] Attempt 2 failed: ('Connection aborted.', ConnectionResetError(104, 'Connection reset by peer'))
2026-04-19 08:24:28,791 [ERROR] Attempt 1 failed: ('Connection aborted.', ConnectionResetError(104, 'Connection reset by peer'))
2026-04-19 08:24:40,790 [ERROR] Attempt 2 failed: ('Connection aborted.', ConnectionResetError(104, 'Connection reset by peer'))
2026-04-19 08:24:54,888 [ERROR] Attempt 3 failed: ('Connection aborted.', ConnectionResetError(104, 'Connection reset by peer'))
2026-04-19 08:25:02,891 [ERROR] All retries exhausted — skipping.
2026-04-19 08:25:28,887 [ERROR] Attempt 1 failed: ('Connection aborted.', ConnectionResetError(104, 'Connection reset by peer'))
2026-04-19 08:25:32,389 [ERROR] Attempt 1 failed: ('Connection aborted.', ConnectionResetError(104, 'Connection reset by peer'))
2026-04-19 08:25:44,989 [ERROR] Attempt 1 failed: ('Connection aborted.', ConnectionResetError(104, 'Connection reset by peer'))
2026-04-19 08:25:56,088 [ERROR] Attempt 1 failed: ('Connection aborted.', ConnectionResetError(104, 'Connection reset by peer'))
2026-04-19 08:26:12,987 [ERROR] Attempt 1 failed: ('Connection aborted.', ConnectionResetError(104, 'Connection reset by peer'))
2026-04-19 08:26:17,587 [ERROR] Attempt 1 failed: ('Connection aborted.', ConnectionResetError(104, 'Connection reset by peer'))
2026-04-19 08:26:29,287 [ERROR] Attempt 1 failed: ('Connection aborted.', ConnectionResetError(104, 'Connection reset by peer'))
2026-04-19 08:26:29,587 [ERROR] Attempt 2 failed: ('Connection aborted.', ConnectionResetError(104, 'Connection reset by peer'))
2026-04-19 08:26:51,089 [ERROR] Attempt 1 failed: ('Connection aborted.', ConnectionResetError(104, 'Connection reset by peer'))
2026-04-19 08:26:59,889 [ERROR] Attempt 1 failed: ('Connection aborted.', ConnectionResetError(104, 'Connection reset by peer'))
2026-04-19 08:27:17,294 [ERROR] Attempt 1 failed: ('Connection aborted.', ConnectionResetError(104, 'Connection reset by peer'))
2026-04-19 08:27:58,489 [ERROR] Attempt 1 failed: ('Connection aborted.', ConnectionResetError(104, 'Connection reset by peer'))
2026-04-19 08:27:58,686 [ERROR] Attempt 1 failed: ('Connection aborted.', ConnectionResetError(104, 'Connection reset by peer'))
2026-04-19 08:28:25,087 [ERROR] Attempt 1 failed: ('Connection aborted.', ConnectionResetError(104, 'Connection reset by peer'))
2026-04-19 08:28:29,535 [INFO] Checkpoint: 650 done
2026-04-19 08:28:41,786 [ERROR] Attempt 1 failed: ('Connection aborted.', ConnectionResetError(104, 'Connection reset by peer'))
2026-04-19 08:28:53,886 [ERROR] Attempt 2 failed: ('Connection aborted.', ConnectionResetError(104, 'Connection reset by peer'))
2026-04-19 08:29:07,886 [ERROR] Attempt 3 failed: ('Connection aborted.', ConnectionResetError(104, 'Connection reset by peer'))
2026-04-19 08:29:12,887 [ERROR] Attempt 1 failed: ('Connection aborted.', ConnectionResetError(104, 'Connection reset by peer'))
2026-04-19 08:29:15,895 [ERROR] All retries exhausted — skipping.
2026-04-19 08:29:24,890 [ERROR] Attempt 2 failed: ('Connection aborted.', ConnectionResetError(104, 'Connection reset by peer'))
2026-04-19 08:29:25,986 [ERROR] Attempt 1 failed: ('Connection aborted.', ConnectionResetError(104, 'Connection reset by peer'))
2026-04-19 08:29:58,185 [ERROR] Attempt 1 failed: ('Connection aborted.', ConnectionResetError(104, 'Connection reset by peer'))
2026-04-19 08:30:18,082 [INFO] Checkpoint: 650 done
2026-04-19 08:30:28,187 [ERROR] Attempt 1 failed: ('Connection aborted.', ConnectionResetError(104, 'Connection reset by peer'))
2026-04-19 08:30:50,687 [ERROR] Attempt 1 failed: ('Connection aborted.', ConnectionResetError(104, 'Connection reset by peer'))
2026-04-19 08:30:58,885 [ERROR] Attempt 1 failed: ('Connection aborted.', ConnectionResetError(104, 'Connection reset by peer'))
2026-04-19 08:31:10,885 [ERROR] Attempt 2 failed: ('Connection aborted.', ConnectionResetError(104, 'Connection reset by peer'))
2026-04-19 08:31:44,884 [ERROR] Attempt 1 failed: ('Connection aborted.', ConnectionResetError(104, 'Connection reset by peer'))
2026-04-19 08:32:01,191 [ERROR] Attempt 1 failed: ('Connection aborted.', ConnectionResetError(104, 'Connection reset by peer'))
2026-04-19 08:32:12,988 [ERROR] Attempt 1 failed: ('Connection aborted.', ConnectionResetError(104, 'Connection reset by peer'))
2026-04-19 08:32:17,784 [ERROR] Attempt 1 failed: ('Connection aborted.', ConnectionResetError(104, 'Connection reset by peer'))
2026-04-19 08:32:24,985 [ERROR] Attempt 2 failed: ('Connection aborted.', ConnectionResetError(104, 'Connection reset by peer'))
2026-04-19 08:32:33,485 [ERROR] Attempt 1 failed: ('Connection aborted.', ConnectionResetError(104, 'Connection reset by peer'))
2026-04-19 08:32:45,484 [ERROR] Attempt 2 failed: ('Connection aborted.', ConnectionResetError(104, 'Connection reset by peer'))
2026-04-19 08:33:08,987 [ERROR] Attempt 1 failed: ('Connection aborted.', ConnectionResetError(104, 'Connection reset by peer'))
2026-04-19 08:33:23,302 [INFO] Checkpoint: 700 done
2026-04-19 08:33:25,784 [ERROR] Attempt 1 failed: ('Connection aborted.', ConnectionResetError(104, 'Connection reset by peer'))
2026-04-19 08:34:21,884 [ERROR] Attempt 1 failed: ('Connection aborted.', ConnectionResetError(104, 'Connection reset by peer'))
2026-04-19 08:34:33,883 [ERROR] Attempt 2 failed: ('Connection aborted.', ConnectionResetError(104, 'Connection reset by peer'))
2026-04-19 08:34:34,783 [ERROR] Attempt 1 failed: ('Connection aborted.', ConnectionResetError(104, 'Connection reset by peer'))
2026-04-19 08:34:57,084 [ERROR] Attempt 1 failed: ('Connection aborted.', ConnectionResetError(104, 'Connection reset by peer'))
2026-04-19 08:35:00,283 [ERROR] Attempt 1 failed: ('Connection aborted.', ConnectionResetError(104, 'Connection reset by peer'))
2026-04-19 08:35:12,283 [ERROR] Attempt 2 failed: ('Connection aborted.', ConnectionResetError(104, 'Connection reset by peer'))
2026-04-19 08:35:16,783 [ERROR] Attempt 1 failed: ('Connection aborted.', ConnectionResetError(104, 'Connection reset by peer'))
2026-04-19 08:35:48,883 [ERROR] Attempt 1 failed: ('Connection aborted.', ConnectionResetError(104, 'Connection reset by peer'))
2026-04-19 08:36:01,782 [ERROR] Attempt 1 failed: ('Connection aborted.', ConnectionResetError(104, 'Connection reset by peer'))
2026-04-19 08:36:13,183 [ERROR] Attempt 1 failed: ('Connection aborted.', ConnectionResetError(104, 'Connection reset by peer'))
2026-04-19 08:36:21,582 [ERROR] Attempt 1 failed: ('Connection aborted.', ConnectionResetError(104, 'Connection reset by peer'))
2026-04-19 08:36:25,282 [ERROR] Attempt 2 failed: ('Connection aborted.', ConnectionResetError(104, 'Connection reset by peer'))
2026-04-19 08:36:33,583 [ERROR] Attempt 2 failed: ('Connection aborted.', ConnectionResetError(104, 'Connection reset by peer'))
2026-04-19 08:36:39,282 [ERROR] Attempt 3 failed: ('Connection aborted.', ConnectionResetError(104, 'Connection reset by peer'))
2026-04-19 08:36:47,283 [ERROR] All retries exhausted — skipping.
2026-04-19 08:37:02,482 [ERROR] Attempt 1 failed: ('Connection aborted.', ConnectionResetError(104, 'Connection reset by peer'))
2026-04-19 08:37:19,082 [ERROR] Attempt 1 failed: ('Connection aborted.', ConnectionResetError(104, 'Connection reset by peer'))
2026-04-19 08:37:31,082 [ERROR] Attempt 2 failed: ('Connection aborted.', ConnectionResetError(104, 'Connection reset by peer'))
2026-04-19 08:37:32,484 [ERROR] Attempt 1 failed: ('Connection aborted.', ConnectionResetError(104, 'Connection reset by peer'))
2026-04-19 08:38:01,710 [INFO] Checkpoint: 700 done
2026-04-19 08:38:11,783 [ERROR] Attempt 1 failed: ('Connection aborted.', ConnectionResetError(104, 'Connection reset by peer'))
2026-04-19 08:38:41,082 [ERROR] Attempt 1 failed: ('Connection aborted.', ConnectionResetError(104, 'Connection reset by peer'))
2026-04-19 08:38:41,586 [ERROR] Attempt 1 failed: ('Connection aborted.', ConnectionResetError(104, 'Connection reset by peer'))
2026-04-19 08:38:57,681 [ERROR] Attempt 1 failed: ('Connection aborted.', ConnectionResetError(104, 'Connection reset by peer'))
2026-04-19 08:39:01,983 [ERROR] Attempt 1 failed: ('Connection aborted.', ConnectionResetError(104, 'Connection reset by peer'))
2026-04-19 08:39:09,982 [ERROR] Attempt 2 failed: ('Connection aborted.', ConnectionResetError(104, 'Connection reset by peer'))
2026-04-19 08:39:20,881 [ERROR] Attempt 1 failed: ('Connection aborted.', ConnectionResetError(104, 'Connection reset by peer'))
2026-04-19 08:39:31,286 [ERROR] Attempt 1 failed: ('Connection aborted.', ConnectionResetError(104, 'Connection reset by peer'))
2026-04-19 08:39:32,881 [ERROR] Attempt 2 failed: ('Connection aborted.', ConnectionResetError(104, 'Connection reset by peer'))
2026-04-19 08:39:46,581 [ERROR] Attempt 1 failed: ('Connection aborted.', ConnectionResetError(104, 'Connection reset by peer'))
2026-04-19 08:39:47,618 [INFO] Checkpoint: 750 done
2026-04-19 08:39:58,581 [ERROR] Attempt 2 failed: ('Connection aborted.', ConnectionResetError(104, 'Connection reset by peer'))
2026-04-19 08:40:02,183 [ERROR] Attempt 1 failed: ('Connection aborted.', ConnectionResetError(104, 'Connection reset by peer'))
2026-04-19 08:40:14,183 [ERROR] Attempt 2 failed: ('Connection aborted.', ConnectionResetError(104, 'Connection reset by peer'))
2026-04-19 08:40:53,281 [ERROR] Attempt 1 failed: ('Connection aborted.', ConnectionResetError(104, 'Connection reset by peer'))
2026-04-19 08:41:32,080 [ERROR] Attempt 1 failed: ('Connection aborted.', ConnectionResetError(104, 'Connection reset by peer'))
2026-04-19 08:41:38,787 [ERROR] Attempt 1 failed: ('Connection aborted.', ConnectionResetError(104, 'Connection reset by peer'))
2026-04-19 08:41:54,882 [ERROR] Attempt 1 failed: ('Connection aborted.', ConnectionResetError(104, 'Connection reset by peer'))
2026-04-19 08:41:55,480 [ERROR] Attempt 1 failed: ('Connection aborted.', ConnectionResetError(104, 'Connection reset by peer'))
2026-04-19 08:42:23,382 [ERROR] Attempt 1 failed: ('Connection aborted.', ConnectionResetError(104, 'Connection reset by peer'))
2026-04-19 08:42:23,581 [ERROR] Attempt 1 failed: ('Connection aborted.', ConnectionResetError(104, 'Connection reset by peer'))
2026-04-19 08:42:36,681 [ERROR] Attempt 2 failed: ('Connection aborted.', ConnectionResetError(104, 'Connection reset by peer'))
2026-04-19 08:42:58,080 [ERROR] Attempt 1 failed: ('Connection aborted.', ConnectionResetError(104, 'Connection reset by peer'))
2026-04-19 08:43:03,880 [ERROR] Attempt 1 failed: ('Connection aborted.', ConnectionResetError(104, 'Connection reset by peer'))
2026-04-19 08:43:42,081 [ERROR] Attempt 1 failed: ('Connection aborted.', ConnectionResetError(104, 'Connection reset by peer'))
2026-04-19 08:44:04,284 [ERROR] Attempt 1 failed: ('Connection aborted.', ConnectionResetError(104, 'Connection reset by peer'))
2026-04-19 08:44:16,381 [ERROR] Attempt 2 failed: ('Connection aborted.', ConnectionResetError(104, 'Connection reset by peer'))
2026-04-19 08:44:28,780 [ERROR] Attempt 1 failed: ('Connection aborted.', ConnectionResetError(104, 'Connection reset by peer'))
2026-04-19 08:44:35,163 [INFO] Checkpoint: 750 done
2026-04-19 08:44:51,583 [ERROR] Attempt 1 failed: ('Connection aborted.', ConnectionResetError(104, 'Connection reset by peer'))
2026-04-19 08:44:53,681 [ERROR] Attempt 1 failed: ('Connection aborted.', ConnectionResetError(104, 'Connection reset by peer'))
2026-04-19 08:45:18,340 [INFO] Checkpoint: 800 done
2026-04-19 08:45:28,380 [ERROR] Attempt 1 failed: ('Connection aborted.', ConnectionResetError(104, 'Connection reset by peer'))
2026-04-19 08:45:32,284 [ERROR] Attempt 1 failed: ('Connection aborted.', ConnectionResetError(104, 'Connection reset by peer'))
2026-04-19 08:45:44,080 [ERROR] Attempt 1 failed: ('Connection aborted.', ConnectionResetError(104, 'Connection reset by peer'))
2026-04-19 08:45:59,383 [ERROR] Attempt 1 failed: ('Connection aborted.', ConnectionResetError(104, 'Connection reset by peer'))
2026-04-19 08:45:59,680 [ERROR] Attempt 1 failed: ('Connection aborted.', ConnectionResetError(104, 'Connection reset by peer'))
2026-04-19 08:46:29,880 [ERROR] Attempt 1 failed: ('Connection aborted.', ConnectionResetError(104, 'Connection reset by peer'))
2026-04-19 08:46:48,780 [ERROR] Attempt 1 failed: ('Connection aborted.', ConnectionResetError(104, 'Connection reset by peer'))
2026-04-19 08:46:53,681 [ERROR] Attempt 1 failed: ('Connection aborted.', ConnectionResetError(104, 'Connection reset by peer'))
2026-04-19 08:47:08,880 [ERROR] Attempt 1 failed: ('Connection aborted.', ConnectionResetError(104, 'Connection reset by peer'))
2026-04-19 08:47:23,882 [ERROR] Attempt 1 failed: ('Connection aborted.', ConnectionResetError(104, 'Connection reset by peer'))
2026-04-19 08:47:40,479 [ERROR] Attempt 1 failed: ('Connection aborted.', ConnectionResetError(104, 'Connection reset by peer'))
2026-04-19 08:47:45,879 [ERROR] Attempt 1 failed: ('Connection aborted.', ConnectionResetError(104, 'Connection reset by peer'))
2026-04-19 08:49:42,539 [WARNING] Attempt 2/3 timed out.
2026-04-19 08:50:01,779 [ERROR] Attempt 3 failed: ('Connection aborted.', ConnectionResetError(104, 'Connection reset by peer'))
2026-04-19 08:50:09,787 [ERROR] All retries exhausted — skipping.
2026-04-19 08:50:18,619 [WARNING] Attempt 1/3 timed out.
2026-04-19 08:50:19,884 [ERROR] Attempt 1 failed: ('Connection aborted.', ConnectionResetError(104, 'Connection reset by peer'))
2026-04-19 08:50:39,979 [ERROR] Attempt 1 failed: ('Connection aborted.', ConnectionResetError(104, 'Connection reset by peer'))
2026-04-19 08:50:41,179 [ERROR] Attempt 1 failed: ('Connection aborted.', ConnectionResetError(104, 'Connection reset by peer'))
2026-04-19 08:50:53,179 [ERROR] Attempt 2 failed: ('Connection aborted.', ConnectionResetError(104, 'Connection reset by peer'))
2026-04-19 08:51:05,078 [ERROR] Attempt 1 failed: ('Connection aborted.', ConnectionResetError(104, 'Connection reset by peer'))
2026-04-19 08:51:14,687 [ERROR] Attempt 1 failed: ('Connection aborted.', ConnectionResetError(104, 'Connection reset by peer'))
2026-04-19 08:51:30,470 [INFO] Checkpoint: 800 done
2026-04-19 08:51:40,578 [ERROR] Attempt 1 failed: ('Connection aborted.', ConnectionResetError(104, 'Connection reset by peer'))
2026-04-19 08:52:03,580 [ERROR] Attempt 1 failed: ('Connection aborted.', ConnectionResetError(104, 'Connection reset by peer'))
2026-04-19 08:52:15,578 [ERROR] Attempt 2 failed: ('Connection aborted.', ConnectionResetError(104, 'Connection reset by peer'))
2026-04-19 08:52:46,279 [ERROR] Attempt 1 failed: ('Connection aborted.', ConnectionResetError(104, 'Connection reset by peer'))
2026-04-19 08:53:06,382 [ERROR] Attempt 1 failed: ('Connection aborted.', ConnectionResetError(104, 'Connection reset by peer'))
2026-04-19 08:53:26,378 [ERROR] Attempt 1 failed: ('Connection aborted.', ConnectionResetError(104, 'Connection reset by peer'))
2026-04-19 08:53:45,178 [ERROR] Attempt 1 failed: ('Connection aborted.', ConnectionResetError(104, 'Connection reset by peer'))
2026-04-19 08:53:46,782 [ERROR] Attempt 1 failed: ('Connection aborted.', ConnectionResetError(104, 'Connection reset by peer'))
2026-04-19 08:53:56,917 [INFO] Checkpoint: 850 done
2026-04-19 08:54:06,078 [ERROR] Attempt 1 failed: ('Connection aborted.', ConnectionResetError(104, 'Connection reset by peer'))
2026-04-19 08:54:10,477 [ERROR] Attempt 1 failed: ('Connection aborted.', ConnectionResetError(104, 'Connection reset by peer'))
2026-04-19 08:54:21,777 [ERROR] Attempt 1 failed: ('Connection aborted.', ConnectionResetError(104, 'Connection reset by peer'))
2026-04-19 08:54:28,877 [ERROR] Attempt 1 failed: ('Connection aborted.', ConnectionResetError(104, 'Connection reset by peer'))
2026-04-19 08:55:26,277 [ERROR] Attempt 1 failed: ('Connection aborted.', ConnectionResetError(104, 'Connection reset by peer'))
2026-04-19 08:55:29,477 [ERROR] Attempt 1 failed: ('Connection aborted.', ConnectionResetError(104, 'Connection reset by peer'))
2026-04-19 08:55:38,277 [ERROR] Attempt 2 failed: ('Connection aborted.', ConnectionResetError(104, 'Connection reset by peer'))
2026-04-19 08:55:44,877 [ERROR] Attempt 1 failed: ('Connection aborted.', ConnectionResetError(104, 'Connection reset by peer'))
2026-04-19 08:56:27,077 [ERROR] Attempt 1 failed: ('Connection aborted.', ConnectionResetError(104, 'Connection reset by peer'))
2026-04-19 08:56:34,679 [ERROR] Attempt 1 failed: ('Connection aborted.', ConnectionResetError(104, 'Connection reset by peer'))
2026-04-19 08:56:42,776 [ERROR] Attempt 1 failed: ('Connection aborted.', ConnectionResetError(104, 'Connection reset by peer'))
2026-04-19 08:56:46,677 [ERROR] Attempt 2 failed: ('Connection aborted.', ConnectionResetError(104, 'Connection reset by peer'))
2026-04-19 08:57:00,677 [ERROR] Attempt 3 failed: ('Connection aborted.', ConnectionResetError(104, 'Connection reset by peer'))
2026-04-19 08:57:08,681 [ERROR] All retries exhausted — skipping.
2026-04-19 08:57:15,677 [ERROR] Attempt 1 failed: ('Connection aborted.', ConnectionResetError(104, 'Connection reset by peer'))
2026-04-19 08:57:32,577 [ERROR] Attempt 1 failed: ('Connection aborted.', ConnectionResetError(104, 'Connection reset by peer'))
2026-04-19 08:57:39,104 [INFO] Checkpoint: 850 done
2026-04-19 08:57:49,177 [ERROR] Attempt 1 failed: ('Connection aborted.', ConnectionResetError(104, 'Connection reset by peer'))
2026-04-19 08:57:55,978 [ERROR] Attempt 1 failed: ('Connection aborted.', ConnectionResetError(104, 'Connection reset by peer'))
2026-04-19 08:58:21,577 [ERROR] Attempt 1 failed: ('Connection aborted.', ConnectionResetError(104, 'Connection reset by peer'))
2026-04-19 08:58:33,277 [ERROR] Attempt 1 failed: ('Connection aborted.', ConnectionResetError(104, 'Connection reset by peer'))
2026-04-19 08:58:52,677 [ERROR] Attempt 1 failed: ('Connection aborted.', ConnectionResetError(104, 'Connection reset by peer'))
2026-04-19 08:58:56,576 [ERROR] Attempt 1 failed: ('Connection aborted.', ConnectionResetError(104, 'Connection reset by peer'))
2026-04-19 08:59:31,478 [ERROR] Attempt 1 failed: ('Connection aborted.', ConnectionResetError(104, 'Connection reset by peer'))
2026-04-19 08:59:33,376 [ERROR] Attempt 1 failed: ('Connection aborted.', ConnectionResetError(104, 'Connection reset by peer'))
2026-04-19 08:59:43,540 [INFO] Checkpoint: 900 done
2026-04-19 08:59:53,575 [ERROR] Attempt 1 failed: ('Connection aborted.', ConnectionResetError(104, 'Connection reset by peer'))
2026-04-19 08:59:57,279 [ERROR] Attempt 1 failed: ('Connection aborted.', ConnectionResetError(104, 'Connection reset by peer'))
2026-04-19 09:00:13,479 [ERROR] Attempt 1 failed: ('Connection aborted.', ConnectionResetError(104, 'Connection reset by peer'))
2026-04-19 09:00:13,975 [ERROR] Attempt 1 failed: ('Connection aborted.', ConnectionResetError(104, 'Connection reset by peer'))
2026-04-19 09:00:30,375 [ERROR] Attempt 1 failed: ('Connection aborted.', ConnectionResetError(104, 'Connection reset by peer'))
2026-04-19 09:00:37,475 [ERROR] Attempt 1 failed: ('Connection aborted.', ConnectionResetError(104, 'Connection reset by peer'))
2026-04-19 09:00:51,476 [ERROR] Attempt 1 failed: ('Connection aborted.', ConnectionResetError(104, 'Connection reset by peer'))
2026-04-19 09:01:11,076 [ERROR] Attempt 1 failed: ('Connection aborted.', ConnectionResetError(104, 'Connection reset by peer'))
2026-04-19 09:01:39,875 [ERROR] Attempt 1 failed: ('Connection aborted.', ConnectionResetError(104, 'Connection reset by peer'))
2026-04-19 09:01:45,775 [ERROR] Attempt 1 failed: ('Connection aborted.', ConnectionResetError(104, 'Connection reset by peer'))
2026-04-19 09:01:57,776 [ERROR] Attempt 2 failed: ('Connection aborted.', ConnectionResetError(104, 'Connection reset by peer'))
2026-04-19 09:01:58,975 [ERROR] Attempt 1 failed: ('Connection aborted.', ConnectionResetError(104, 'Connection reset by peer'))
2026-04-19 09:02:20,074 [ERROR] Attempt 1 failed: ('Connection aborted.', ConnectionResetError(104, 'Connection reset by peer'))
2026-04-19 09:02:27,379 [ERROR] Attempt 1 failed: ('Connection aborted.', ConnectionResetError(104, 'Connection reset by peer'))
2026-04-19 09:02:32,074 [ERROR] Attempt 2 failed: ('Connection aborted.', ConnectionResetError(104, 'Connection reset by peer'))
2026-04-19 09:02:46,075 [ERROR] Attempt 3 failed: ('Connection aborted.', ConnectionResetError(104, 'Connection reset by peer'))
2026-04-19 09:02:53,975 [ERROR] Attempt 1 failed: ('Connection aborted.', ConnectionResetError(104, 'Connection reset by peer'))
2026-04-19 09:02:54,083 [ERROR] All retries exhausted — skipping.
2026-04-19 09:03:05,974 [ERROR] Attempt 2 failed: ('Connection aborted.', ConnectionResetError(104, 'Connection reset by peer'))
2026-04-19 09:03:15,074 [ERROR] Attempt 1 failed: ('Connection aborted.', ConnectionResetError(104, 'Connection reset by peer'))
2026-04-19 09:03:40,775 [ERROR] Attempt 1 failed: ('Connection aborted.', ConnectionResetError(104, 'Connection reset by peer'))
2026-04-19 09:04:01,774 [ERROR] Attempt 1 failed: ('Connection aborted.', ConnectionResetError(104, 'Connection reset by peer'))
2026-04-19 09:04:05,374 [ERROR] Attempt 1 failed: ('Connection aborted.', ConnectionResetError(104, 'Connection reset by peer'))
2026-04-19 09:04:13,774 [ERROR] Attempt 2 failed: ('Connection aborted.', ConnectionResetError(104, 'Connection reset by peer'))
2026-04-19 09:04:17,374 [ERROR] Attempt 2 failed: ('Connection aborted.', ConnectionResetError(104, 'Connection reset by peer'))
2026-04-19 09:04:25,516 [INFO] Checkpoint: 900 done
2026-04-19 09:04:50,075 [ERROR] Attempt 1 failed: ('Connection aborted.', ConnectionResetError(104, 'Connection reset by peer'))
2026-04-19 09:05:01,674 [ERROR] Attempt 1 failed: ('Connection aborted.', ConnectionResetError(104, 'Connection reset by peer'))
2026-04-19 09:05:13,376 [ERROR] Attempt 1 failed: ('Connection aborted.', ConnectionResetError(104, 'Connection reset by peer'))
2026-04-19 09:05:24,573 [ERROR] Attempt 1 failed: ('Connection aborted.', ConnectionResetError(104, 'Connection reset by peer'))
2026-04-19 09:05:32,773 [ERROR] Attempt 1 failed: ('Connection aborted.', ConnectionResetError(104, 'Connection reset by peer'))
2026-04-19 09:05:36,573 [ERROR] Attempt 2 failed: ('Connection aborted.', ConnectionResetError(104, 'Connection reset by peer'))
2026-04-19 09:06:04,773 [ERROR] Attempt 1 failed: ('Connection aborted.', ConnectionResetError(104, 'Connection reset by peer'))
2026-04-19 09:06:08,075 [ERROR] Attempt 1 failed: ('Connection aborted.', ConnectionResetError(104, 'Connection reset by peer'))
2026-04-19 09:06:24,174 [ERROR] Attempt 1 failed: ('Connection aborted.', ConnectionResetError(104, 'Connection reset by peer'))
2026-04-19 09:06:38,973 [ERROR] Attempt 1 failed: ('Connection aborted.', ConnectionResetError(104, 'Connection reset by peer'))
2026-04-19 09:06:52,773 [ERROR] Attempt 1 failed: ('Connection aborted.', ConnectionResetError(104, 'Connection reset by peer'))
2026-04-19 09:06:56,073 [ERROR] Attempt 1 failed: ('Connection aborted.', ConnectionResetError(104, 'Connection reset by peer'))
2026-04-19 09:07:04,973 [ERROR] Attempt 2 failed: ('Connection aborted.', ConnectionResetError(104, 'Connection reset by peer'))
2026-04-19 09:07:08,003 [INFO] Checkpoint: 950 done
2026-04-19 09:07:24,372 [ERROR] Attempt 1 failed: ('Connection aborted.', ConnectionResetError(104, 'Connection reset by peer'))
2026-04-19 09:07:24,572 [ERROR] Attempt 1 failed: ('Connection aborted.', ConnectionResetError(104, 'Connection reset by peer'))
2026-04-19 09:08:11,373 [ERROR] Attempt 1 failed: ('Connection aborted.', ConnectionResetError(104, 'Connection reset by peer'))
2026-04-19 09:08:18,973 [ERROR] Attempt 1 failed: ('Connection aborted.', ConnectionResetError(104, 'Connection reset by peer'))
2026-04-19 09:08:48,574 [ERROR] Attempt 1 failed: ('Connection aborted.', ConnectionResetError(104, 'Connection reset by peer'))
2026-04-19 09:09:31,573 [ERROR] Attempt 1 failed: ('Connection aborted.', ConnectionResetError(104, 'Connection reset by peer'))
2026-04-19 09:09:35,072 [ERROR] Attempt 1 failed: ('Connection aborted.', ConnectionResetError(104, 'Connection reset by peer'))
2026-04-19 09:09:56,279 [ERROR] Attempt 1 failed: ('Connection aborted.', ConnectionResetError(104, 'Connection reset by peer'))
2026-04-19 09:10:00,072 [ERROR] Attempt 1 failed: ('Connection aborted.', ConnectionResetError(104, 'Connection reset by peer'))
2026-04-19 09:10:11,871 [ERROR] Attempt 1 failed: ('Connection aborted.', ConnectionResetError(104, 'Connection reset by peer'))
2026-04-19 09:10:34,004 [INFO] Checkpoint: 950 done
2026-04-19 09:10:36,572 [ERROR] Attempt 1 failed: ('Connection aborted.', ConnectionResetError(104, 'Connection reset by peer'))
2026-04-19 09:10:51,971 [ERROR] Attempt 1 failed: ('Connection aborted.', ConnectionResetError(104, 'Connection reset by peer'))
2026-04-19 09:11:03,071 [ERROR] Attempt 1 failed: ('Connection aborted.', ConnectionResetError(104, 'Connection reset by peer'))
2026-04-19 09:11:07,371 [ERROR] Attempt 1 failed: ('Connection aborted.', ConnectionResetError(104, 'Connection reset by peer'))
2026-04-19 09:11:15,271 [ERROR] Attempt 2 failed: ('Connection aborted.', ConnectionResetError(104, 'Connection reset by peer'))
2026-04-19 09:11:22,571 [ERROR] Attempt 1 failed: ('Connection aborted.', ConnectionResetError(104, 'Connection reset by peer'))
2026-04-19 09:11:37,571 [ERROR] Attempt 1 failed: ('Connection aborted.', ConnectionResetError(104, 'Connection reset by peer'))
2026-04-19 09:11:58,371 [ERROR] Attempt 1 failed: ('Connection aborted.', ConnectionResetError(104, 'Connection reset by peer'))
2026-04-19 09:11:58,771 [ERROR] Attempt 1 failed: ('Connection aborted.', ConnectionResetError(104, 'Connection reset by peer'))
2026-04-19 09:12:15,670 [ERROR] Attempt 1 failed: ('Connection aborted.', ConnectionResetError(104, 'Connection reset by peer'))
2026-04-19 09:12:21,373 [ERROR] Attempt 1 failed: ('Connection aborted.', ConnectionResetError(104, 'Connection reset by peer'))
2026-04-19 09:12:30,871 [ERROR] Attempt 1 failed: ('Connection aborted.', ConnectionResetError(104, 'Connection reset by peer'))
2026-04-19 09:12:33,370 [ERROR] Attempt 2 failed: ('Connection aborted.', ConnectionResetError(104, 'Connection reset by peer'))
2026-04-19 09:12:42,871 [ERROR] Attempt 2 failed: ('Connection aborted.', ConnectionResetError(104, 'Connection reset by peer'))
2026-04-19 09:13:00,971 [ERROR] Attempt 1 failed: ('Connection aborted.', ConnectionResetError(104, 'Connection reset by peer'))
2026-04-19 09:13:12,977 [ERROR] Attempt 2 failed: ('Connection aborted.', ConnectionResetError(104, 'Connection reset by peer'))
2026-04-19 09:13:21,753 [INFO] Checkpoint: 1000 done
2026-04-19 09:13:31,771 [ERROR] Attempt 1 failed: ('Connection aborted.', ConnectionResetError(104, 'Connection reset by peer'))
2026-04-19 09:13:46,170 [ERROR] Attempt 1 failed: ('Connection aborted.', ConnectionResetError(104, 'Connection reset by peer'))
2026-04-19 09:13:50,770 [ERROR] Attempt 1 failed: ('Connection aborted.', ConnectionResetError(104, 'Connection reset by peer'))
2026-04-19 09:14:29,377 [ERROR] Attempt 1 failed: ('Connection aborted.', ConnectionResetError(104, 'Connection reset by peer'))
2026-04-19 09:14:44,869 [ERROR] Attempt 1 failed: ('Connection aborted.', ConnectionResetError(104, 'Connection reset by peer'))
2026-04-19 09:15:09,171 [ERROR] Attempt 1 failed: ('Connection aborted.', ConnectionResetError(104, 'Connection reset by peer'))
2026-04-19 09:15:48,281 [WARNING] Attempt 2/3 timed out.
2026-04-19 09:15:55,872 [ERROR] Attempt 1 failed: ('Connection aborted.', ConnectionResetError(104, 'Connection reset by peer'))
2026-04-19 09:16:02,369 [ERROR] Attempt 3 failed: ('Connection aborted.', ConnectionResetError(104, 'Connection reset by peer'))
2026-04-19 09:16:10,371 [ERROR] All retries exhausted — skipping.
2026-04-19 09:16:27,666 [ERROR] Attempt 1 failed: ('Connection aborted.', ConnectionResetError(104, 'Connection reset by peer'))
2026-04-19 09:16:47,666 [ERROR] Attempt 1 failed: ('Connection aborted.', ConnectionResetError(104, 'Connection reset by peer'))
2026-04-19 09:16:54,667 [ERROR] Attempt 1 failed: ('Connection aborted.', ConnectionResetError(104, 'Connection reset by peer'))
2026-04-19 09:17:03,765 [ERROR] Attempt 1 failed: ('Connection aborted.', ConnectionResetError(104, 'Connection reset by peer'))
2026-04-19 09:17:10,265 [ERROR] Attempt 1 failed: ('Connection aborted.', ConnectionResetError(104, 'Connection reset by peer'))
2026-04-19 09:17:43,464 [ERROR] Attempt 1 failed: ('Connection aborted.', ConnectionResetError(104, 'Connection reset by peer'))
2026-04-19 09:17:59,264 [ERROR] Attempt 1 failed: ('Connection aborted.', ConnectionResetError(104, 'Connection reset by peer'))
2026-04-19 09:17:59,639 [INFO] Checkpoint: 1000 done
2026-04-19 09:18:14,864 [ERROR] Attempt 1 failed: ('Connection aborted.', ConnectionResetError(104, 'Connection reset by peer'))
2026-04-19 09:18:31,663 [ERROR] Attempt 1 failed: ('Connection aborted.', ConnectionResetError(104, 'Connection reset by peer'))
2026-04-19 09:18:37,370 [ERROR] Attempt 1 failed: ('Connection aborted.', ConnectionResetError(104, 'Connection reset by peer'))
2026-04-19 09:19:07,365 [ERROR] Attempt 1 failed: ('Connection aborted.', ConnectionResetError(104, 'Connection reset by peer'))
2026-04-19 09:19:19,362 [ERROR] Attempt 2 failed: ('Connection aborted.', ConnectionResetError(104, 'Connection reset by peer'))
2026-04-19 09:19:30,263 [ERROR] Attempt 1 failed: ('Connection aborted.', ConnectionResetError(104, 'Connection reset by peer'))
2026-04-19 09:19:33,362 [ERROR] Attempt 3 failed: ('Connection aborted.', ConnectionResetError(104, 'Connection reset by peer'))
2026-04-19 09:19:41,363 [ERROR] All retries exhausted — skipping.
2026-04-19 09:20:12,561 [ERROR] Attempt 1 failed: ('Connection aborted.', ConnectionResetError(104, 'Connection reset by peer'))
2026-04-19 09:20:36,338 [INFO] Checkpoint: 1050 done
2026-04-19 09:20:56,060 [ERROR] Attempt 1 failed: ('Connection aborted.', ConnectionResetError(104, 'Connection reset by peer'))
2026-04-19 09:21:06,761 [ERROR] Attempt 1 failed: ('Connection aborted.', ConnectionResetError(104, 'Connection reset by peer'))
2026-04-19 09:21:23,261 [ERROR] Attempt 1 failed: ('Connection aborted.', ConnectionResetError(104, 'Connection reset by peer'))
2026-04-19 09:21:34,461 [ERROR] Attempt 1 failed: ('Connection aborted.', ConnectionResetError(104, 'Connection reset by peer'))
2026-04-19 09:21:42,363 [ERROR] Attempt 1 failed: ('Connection aborted.', ConnectionResetError(104, 'Connection reset by peer'))
2026-04-19 09:21:54,160 [ERROR] Attempt 1 failed: ('Connection aborted.', ConnectionResetError(104, 'Connection reset by peer'))
2026-04-19 09:22:18,560 [ERROR] Attempt 1 failed: ('Connection aborted.', ConnectionResetError(104, 'Connection reset by peer'))
2026-04-19 09:22:22,768 [ERROR] Attempt 1 failed: ('Connection aborted.', ConnectionResetError(104, 'Connection reset by peer'))
2026-04-19 09:22:38,961 [ERROR] Attempt 1 failed: ('Connection aborted.', ConnectionResetError(104, 'Connection reset by peer'))
2026-04-19 09:22:45,759 [ERROR] Attempt 1 failed: ('Connection aborted.', ConnectionResetError(104, 'Connection reset by peer'))
2026-04-19 09:22:59,959 [ERROR] Attempt 1 failed: ('Connection aborted.', ConnectionResetError(104, 'Connection reset by peer'))
2026-04-19 09:23:13,060 [ERROR] Attempt 2 failed: ('Connection aborted.', ConnectionResetError(104, 'Connection reset by peer'))
2026-04-19 09:23:36,658 [ERROR] Attempt 1 failed: ('Connection aborted.', ConnectionResetError(104, 'Connection reset by peer'))
2026-04-19 09:23:39,958 [ERROR] Attempt 1 failed: ('Connection aborted.', ConnectionResetError(104, 'Connection reset by peer'))
2026-04-19 09:23:59,158 [ERROR] Attempt 1 failed: ('Connection aborted.', ConnectionResetError(104, 'Connection reset by peer'))
2026-04-19 09:24:02,759 [ERROR] Attempt 1 failed: ('Connection aborted.', ConnectionResetError(104, 'Connection reset by peer'))
2026-04-19 09:24:26,257 [ERROR] Attempt 1 failed: ('Connection aborted.', ConnectionResetError(104, 'Connection reset by peer'))
2026-04-19 09:24:35,357 [ERROR] Attempt 1 failed: ('Connection aborted.', ConnectionResetError(104, 'Connection reset by peer'))
2026-04-19 09:24:38,258 [ERROR] Attempt 2 failed: ('Connection aborted.', ConnectionResetError(104, 'Connection reset by peer'))
2026-04-19 09:24:48,457 [ERROR] Attempt 2 failed: ('Connection aborted.', ConnectionResetError(104, 'Connection reset by peer'))
2026-04-19 09:24:52,357 [ERROR] Attempt 3 failed: ('Connection aborted.', ConnectionResetError(104, 'Connection reset by peer'))
2026-04-19 09:25:00,365 [ERROR] All retries exhausted — skipping.
2026-04-19 09:25:04,646 [INFO] Checkpoint: 1050 done
2026-04-19 09:25:28,657 [ERROR] Attempt 1 failed: ('Connection aborted.', ConnectionResetError(104, 'Connection reset by peer'))
2026-04-19 09:25:38,757 [ERROR] Attempt 1 failed: ('Connection aborted.', ConnectionResetError(104, 'Connection reset by peer'))
2026-04-19 09:25:40,656 [ERROR] Attempt 2 failed: ('Connection aborted.', ConnectionResetError(104, 'Connection reset by peer'))
2026-04-19 09:26:28,055 [INFO] Checkpoint: 1100 done
2026-04-19 09:26:38,155 [ERROR] Attempt 1 failed: ('Connection aborted.', ConnectionResetError(104, 'Connection reset by peer'))
2026-04-19 09:27:26,657 [ERROR] Attempt 1 failed: ('Connection aborted.', ConnectionResetError(104, 'Connection reset by peer'))
2026-04-19 09:27:37,555 [ERROR] Attempt 1 failed: ('Connection aborted.', ConnectionResetError(104, 'Connection reset by peer'))
2026-04-19 09:27:49,657 [ERROR] Attempt 2 failed: ('Connection aborted.', ConnectionResetError(104, 'Connection reset by peer'))
2026-04-19 09:27:59,857 [ERROR] Attempt 1 failed: ('Connection aborted.', ConnectionResetError(104, 'Connection reset by peer'))
2026-04-19 09:28:04,755 [ERROR] Attempt 3 failed: ('Connection aborted.', ConnectionResetError(104, 'Connection reset by peer'))
2026-04-19 09:28:12,756 [ERROR] All retries exhausted — skipping.
2026-04-19 09:28:22,861 [ERROR] Attempt 1 failed: ('Connection aborted.', ConnectionResetError(104, 'Connection reset by peer'))
2026-04-19 09:29:01,854 [ERROR] Attempt 1 failed: ('Connection aborted.', ConnectionResetError(104, 'Connection reset by peer'))
2026-04-19 09:29:06,753 [ERROR] Attempt 1 failed: ('Connection aborted.', ConnectionResetError(104, 'Connection reset by peer'))
2026-04-19 09:29:27,454 [ERROR] Attempt 1 failed: ('Connection aborted.', ConnectionResetError(104, 'Connection reset by peer'))
2026-04-19 09:29:30,953 [ERROR] Attempt 1 failed: ('Connection aborted.', ConnectionResetError(104, 'Connection reset by peer'))
2026-04-19 09:29:46,998 [INFO] Checkpoint: 1100 done
2026-04-19 09:29:57,153 [ERROR] Attempt 1 failed: ('Connection aborted.', ConnectionResetError(104, 'Connection reset by peer'))
2026-04-19 09:30:01,156 [ERROR] Attempt 1 failed: ('Connection aborted.', ConnectionResetError(104, 'Connection reset by peer'))
2026-04-19 09:30:12,254 [ERROR] Attempt 2 failed: ('Connection aborted.', ConnectionResetError(104, 'Connection reset by peer'))
2026-04-19 09:30:21,154 [ERROR] Attempt 1 failed: ('Connection aborted.', ConnectionResetError(104, 'Connection reset by peer'))
2026-04-19 09:30:26,253 [ERROR] Attempt 3 failed: ('Connection aborted.', ConnectionResetError(104, 'Connection reset by peer'))
2026-04-19 09:30:26,577 [ERROR] Attempt 2 failed: ('Connection aborted.', RemoteDisconnected('Remote end closed connection without response'))
2026-04-19 09:30:34,260 [ERROR] All retries exhausted — skipping.
2026-04-19 09:30:40,652 [ERROR] Attempt 3 failed: ('Connection aborted.', ConnectionResetError(104, 'Connection reset by peer'))
2026-04-19 09:30:48,661 [ERROR] All retries exhausted — skipping.
2026-04-19 09:31:58,551 [ERROR] Attempt 1 failed: ('Connection aborted.', ConnectionResetError(104, 'Connection reset by peer'))
2026-04-19 09:32:09,253 [ERROR] Attempt 1 failed: ('Connection aborted.', ConnectionResetError(104, 'Connection reset by peer'))
2026-04-19 09:32:10,551 [ERROR] Attempt 2 failed: ('Connection aborted.', ConnectionResetError(104, 'Connection reset by peer'))
2026-04-19 09:32:28,951 [ERROR] Attempt 1 failed: ('Connection aborted.', ConnectionResetError(104, 'Connection reset by peer'))
2026-04-19 09:32:38,154 [ERROR] Attempt 1 failed: ('Connection aborted.', ConnectionResetError(104, 'Connection reset by peer'))
2026-04-19 09:33:09,651 [ERROR] Attempt 1 failed: ('Connection aborted.', ConnectionResetError(104, 'Connection reset by peer'))
2026-04-19 09:33:54,856 [ERROR] Attempt 1 failed: ('Connection aborted.', ConnectionResetError(104, 'Connection reset by peer'))
2026-04-19 09:34:27,352 [ERROR] Attempt 1 failed: ('Connection aborted.', ConnectionResetError(104, 'Connection reset by peer'))
2026-04-19 09:34:31,068 [WARNING] Attempt 2/3 timed out.
2026-04-19 09:34:48,150 [ERROR] Attempt 3 failed: ('Connection aborted.', ConnectionResetError(104, 'Connection reset by peer'))
2026-04-19 09:34:50,250 [ERROR] Attempt 1 failed: ('Connection aborted.', ConnectionResetError(104, 'Connection reset by peer'))
2026-04-19 09:34:56,156 [ERROR] All retries exhausted — skipping.
2026-04-19 09:35:13,154 [INFO] Checkpoint: 1150 done
2026-04-19 09:35:20,029 [INFO] Checkpoint: 1150 done
2026-04-19 09:36:25,252 [ERROR] Attempt 1 failed: ('Connection aborted.', ConnectionResetError(104, 'Connection reset by peer'))
2026-04-19 09:36:25,551 [ERROR] Attempt 1 failed: ('Connection aborted.', ConnectionResetError(104, 'Connection reset by peer'))
2026-04-19 09:36:49,750 [ERROR] Attempt 1 failed: ('Connection aborted.', ConnectionResetError(104, 'Connection reset by peer'))
2026-04-19 09:37:06,350 [ERROR] Attempt 1 failed: ('Connection aborted.', ConnectionResetError(104, 'Connection reset by peer'))
2026-04-19 09:37:36,948 [ERROR] Attempt 1 failed: ('Connection aborted.', ConnectionResetError(104, 'Connection reset by peer'))
2026-04-19 09:37:38,548 [ERROR] Attempt 1 failed: ('Connection aborted.', ConnectionResetError(104, 'Connection reset by peer'))
2026-04-19 09:37:51,548 [ERROR] Attempt 2 failed: ('Connection aborted.', ConnectionResetError(104, 'Connection reset by peer'))
2026-04-19 09:38:24,249 [ERROR] Attempt 1 failed: ('Connection aborted.', ConnectionResetError(104, 'Connection reset by peer'))
2026-04-19 09:38:39,148 [ERROR] Attempt 1 failed: ('Connection aborted.', ConnectionResetError(104, 'Connection reset by peer'))
2026-04-19 09:38:40,348 [ERROR] Attempt 1 failed: ('Connection aborted.', ConnectionResetError(104, 'Connection reset by peer'))
2026-04-19 09:38:59,647 [ERROR] Attempt 1 failed: ('Connection aborted.', ConnectionResetError(104, 'Connection reset by peer'))
2026-04-19 09:39:12,150 [ERROR] Attempt 1 failed: ('Connection aborted.', ConnectionResetError(104, 'Connection reset by peer'))
2026-04-19 09:39:25,247 [ERROR] Attempt 2 failed: ('Connection aborted.', ConnectionResetError(104, 'Connection reset by peer'))
2026-04-19 09:39:26,848 [ERROR] Attempt 1 failed: ('Connection aborted.', ConnectionResetError(104, 'Connection reset by peer'))
2026-04-19 09:40:14,947 [ERROR] Attempt 1 failed: ('Connection aborted.', ConnectionResetError(104, 'Connection reset by peer'))
2026-04-19 09:40:21,947 [ERROR] Attempt 1 failed: ('Connection aborted.', ConnectionResetError(104, 'Connection reset by peer'))
2026-04-19 09:40:26,952 [ERROR] Attempt 2 failed: ('Connection aborted.', ConnectionResetError(104, 'Connection reset by peer'))
2026-04-19 09:40:33,949 [ERROR] Attempt 2 failed: ('Connection aborted.', ConnectionResetError(104, 'Connection reset by peer'))
2026-04-19 09:40:41,048 [ERROR] Attempt 3 failed: ('Connection aborted.', ConnectionResetError(104, 'Connection reset by peer'))
2026-04-19 09:40:49,057 [ERROR] All retries exhausted — skipping.
2026-04-19 09:41:03,546 [ERROR] Attempt 1 failed: ('Connection aborted.', ConnectionResetError(104, 'Connection reset by peer'))
2026-04-19 09:41:04,818 [INFO] Checkpoint: 1200 done
2026-04-19 09:41:09,703 [INFO] Checkpoint: 1200 done
2026-04-19 09:41:24,546 [ERROR] Attempt 1 failed: ('Connection aborted.', ConnectionResetError(104, 'Connection reset by peer'))
2026-04-19 09:41:45,748 [ERROR] Attempt 1 failed: ('Connection aborted.', ConnectionResetError(104, 'Connection reset by peer'))
2026-04-19 09:41:52,548 [ERROR] Attempt 1 failed: ('Connection aborted.', ConnectionResetError(104, 'Connection reset by peer'))
2026-04-19 09:42:09,345 [ERROR] Attempt 1 failed: ('Connection aborted.', ConnectionResetError(104, 'Connection reset by peer'))
2026-04-19 09:42:19,846 [ERROR] Attempt 1 failed: ('Connection aborted.', ConnectionResetError(104, 'Connection reset by peer'))
2026-04-19 09:42:25,145 [ERROR] Attempt 1 failed: ('Connection aborted.', ConnectionResetError(104, 'Connection reset by peer'))
2026-04-19 09:42:58,946 [ERROR] Attempt 1 failed: ('Connection aborted.', ConnectionResetError(104, 'Connection reset by peer'))
2026-04-19 09:43:20,244 [ERROR] Attempt 1 failed: ('Connection aborted.', ConnectionResetError(104, 'Connection reset by peer'))
2026-04-19 09:43:56,244 [ERROR] Attempt 1 failed: ('Connection aborted.', ConnectionResetError(104, 'Connection reset by peer'))
2026-04-19 09:44:08,249 [ERROR] Attempt 2 failed: ('Connection aborted.', ConnectionResetError(104, 'Connection reset by peer'))
2026-04-19 09:44:11,245 [ERROR] Attempt 1 failed: ('Connection aborted.', ConnectionResetError(104, 'Connection reset by peer'))
2026-04-19 09:44:23,244 [ERROR] Attempt 2 failed: ('Connection aborted.', ConnectionResetError(104, 'Connection reset by peer'))
2026-04-19 09:44:33,544 [ERROR] Attempt 1 failed: ('Connection aborted.', ConnectionResetError(104, 'Connection reset by peer'))
2026-04-19 09:44:38,344 [ERROR] Attempt 3 failed: ('Connection aborted.', ConnectionResetError(104, 'Connection reset by peer'))
2026-04-19 09:44:46,353 [ERROR] All retries exhausted — skipping.
2026-04-19 09:44:52,745 [ERROR] Attempt 1 failed: ('Connection aborted.', ConnectionResetError(104, 'Connection reset by peer'))
2026-04-19 09:45:18,344 [ERROR] Attempt 1 failed: ('Connection aborted.', ConnectionResetError(104, 'Connection reset by peer'))
2026-04-19 09:45:25,743 [ERROR] Attempt 1 failed: ('Connection aborted.', ConnectionResetError(104, 'Connection reset by peer'))
2026-04-19 09:45:39,944 [ERROR] Attempt 2 failed: ('Connection aborted.', ConnectionResetError(104, 'Connection reset by peer'))
2026-04-19 09:45:41,044 [ERROR] Attempt 1 failed: ('Connection aborted.', ConnectionResetError(104, 'Connection reset by peer'))
2026-04-19 09:45:53,043 [ERROR] Attempt 2 failed: ('Connection aborted.', ConnectionResetError(104, 'Connection reset by peer'))
2026-04-19 09:46:23,644 [ERROR] Attempt 1 failed: ('Connection aborted.', ConnectionResetError(104, 'Connection reset by peer'))
2026-04-19 09:46:26,745 [ERROR] Attempt 1 failed: ('Connection aborted.', ConnectionResetError(104, 'Connection reset by peer'))
2026-04-19 09:46:38,743 [ERROR] Attempt 2 failed: ('Connection aborted.', ConnectionResetError(104, 'Connection reset by peer'))
2026-04-19 09:46:54,744 [ERROR] Attempt 1 failed: ('Connection aborted.', ConnectionResetError(104, 'Connection reset by peer'))
2026-04-19 09:46:56,443 [ERROR] Attempt 1 failed: ('Connection aborted.', ConnectionResetError(104, 'Connection reset by peer'))
2026-04-19 09:47:08,443 [ERROR] Attempt 2 failed: ('Connection aborted.', ConnectionResetError(104, 'Connection reset by peer'))
2026-04-19 09:47:10,397 [INFO] Checkpoint: 1250 done
2026-04-19 09:47:32,242 [ERROR] Attempt 1 failed: ('Connection aborted.', ConnectionResetError(104, 'Connection reset by peer'))
2026-04-19 09:47:32,242 [ERROR] Attempt 1 failed: ('Connection aborted.', ConnectionResetError(104, 'Connection reset by peer'))
2026-04-19 09:47:40,830 [INFO] Checkpoint: 1250 done
2026-04-19 09:47:44,242 [ERROR] Attempt 2 failed: ('Connection aborted.', ConnectionResetError(104, 'Connection reset by peer'))
2026-04-19 09:47:50,943 [ERROR] Attempt 1 failed: ('Connection aborted.', ConnectionResetError(104, 'Connection reset by peer'))
2026-04-19 09:48:02,943 [ERROR] Attempt 2 failed: ('Connection aborted.', ConnectionResetError(104, 'Connection reset by peer'))
2026-04-19 09:48:19,142 [ERROR] Attempt 1 failed: ('Connection aborted.', ConnectionResetError(104, 'Connection reset by peer'))
2026-04-19 09:48:20,342 [ERROR] Attempt 1 failed: ('Connection aborted.', ConnectionResetError(104, 'Connection reset by peer'))
2026-04-19 09:48:49,142 [ERROR] Attempt 1 failed: ('Connection aborted.', ConnectionResetError(104, 'Connection reset by peer'))
2026-04-19 09:49:05,343 [ERROR] Attempt 1 failed: ('Connection aborted.', ConnectionResetError(104, 'Connection reset by peer'))
2026-04-19 09:49:05,542 [ERROR] Attempt 1 failed: ('Connection aborted.', ConnectionResetError(104, 'Connection reset by peer'))
2026-04-19 09:49:21,552 [ERROR] Attempt 1 failed: ('Connection aborted.', ConnectionResetError(104, 'Connection reset by peer'))
2026-04-19 09:49:21,942 [ERROR] Attempt 1 failed: ('Connection aborted.', ConnectionResetError(104, 'Connection reset by peer'))
2026-04-19 09:49:47,041 [ERROR] Attempt 1 failed: ('Connection aborted.', ConnectionResetError(104, 'Connection reset by peer'))
2026-04-19 09:49:50,342 [ERROR] Attempt 1 failed: ('Connection aborted.', ConnectionResetError(104, 'Connection reset by peer'))
2026-04-19 09:50:17,748 [ERROR] Attempt 1 failed: ('Connection aborted.', ConnectionResetError(104, 'Connection reset by peer'))
2026-04-19 09:50:19,342 [ERROR] Attempt 1 failed: ('Connection aborted.', ConnectionResetError(104, 'Connection reset by peer'))
2026-04-19 09:50:31,341 [ERROR] Attempt 2 failed: ('Connection aborted.', ConnectionResetError(104, 'Connection reset by peer'))
2026-04-19 09:50:45,342 [ERROR] Attempt 3 failed: ('Connection aborted.', ConnectionResetError(104, 'Connection reset by peer'))
2026-04-19 09:50:53,350 [ERROR] All retries exhausted — skipping.
2026-04-19 09:51:06,942 [ERROR] Attempt 1 failed: ('Connection aborted.', ConnectionResetError(104, 'Connection reset by peer'))
2026-04-19 09:51:32,841 [ERROR] Attempt 1 failed: ('Connection aborted.', ConnectionResetError(104, 'Connection reset by peer'))
2026-04-19 09:52:29,244 [ERROR] Attempt 1 failed: ('Connection aborted.', ConnectionResetError(104, 'Connection reset by peer'))
2026-04-19 09:52:38,304 [WARNING] Attempt 1/3 timed out.
2026-04-19 09:52:42,342 [ERROR] Attempt 2 failed: ('Connection aborted.', ConnectionResetError(104, 'Connection reset by peer'))
2026-04-19 09:53:10,646 [ERROR] Attempt 1 failed: ('Connection aborted.', ConnectionResetError(104, 'Connection reset by peer'))
2026-04-19 09:53:35,842 [ERROR] Attempt 1 failed: ('Connection aborted.', ConnectionResetError(104, 'Connection reset by peer'))
2026-04-19 09:53:36,042 [ERROR] Attempt 1 failed: ('Connection aborted.', ConnectionResetError(104, 'Connection reset by peer'))
2026-04-19 09:54:02,441 [ERROR] Attempt 1 failed: ('Connection aborted.', ConnectionResetError(104, 'Connection reset by peer'))
2026-04-19 09:54:07,871 [INFO] Checkpoint: 1300 done
2026-04-19 09:54:48,840 [ERROR] Attempt 1 failed: ('Connection aborted.', ConnectionResetError(104, 'Connection reset by peer'))
2026-04-19 09:54:59,149 [ERROR] Attempt 1 failed: ('Connection aborted.', ConnectionResetError(104, 'Connection reset by peer'))
2026-04-19 09:55:04,041 [ERROR] Attempt 1 failed: ('Connection aborted.', ConnectionResetError(104, 'Connection reset by peer'))
2026-04-19 09:55:13,841 [ERROR] Attempt 1 failed: ('Connection aborted.', ConnectionResetError(104, 'Connection reset by peer'))
2026-04-19 09:55:27,640 [ERROR] Attempt 1 failed: ('Connection aborted.', ConnectionResetError(104, 'Connection reset by peer'))
2026-04-19 09:55:33,440 [ERROR] Attempt 1 failed: ('Connection aborted.', ConnectionResetError(104, 'Connection reset by peer'))
2026-04-19 09:55:38,883 [INFO] Checkpoint: 1300 done
2026-04-19 09:55:39,641 [ERROR] Attempt 2 failed: ('Connection aborted.', ConnectionResetError(104, 'Connection reset by peer'))
2026-04-19 09:55:53,640 [ERROR] Attempt 3 failed: ('Connection aborted.', ConnectionResetError(104, 'Connection reset by peer'))
2026-04-19 09:56:01,648 [ERROR] All retries exhausted — skipping.
2026-04-19 09:56:27,643 [ERROR] Attempt 1 failed: ('Connection aborted.', ConnectionResetError(104, 'Connection reset by peer'))
2026-04-19 09:56:28,844 [ERROR] Attempt 1 failed: ('Connection aborted.', ConnectionResetError(104, 'Connection reset by peer'))
2026-04-19 09:57:08,541 [ERROR] Attempt 1 failed: ('Connection aborted.', ConnectionResetError(104, 'Connection reset by peer'))
2026-04-19 09:57:17,341 [ERROR] Attempt 1 failed: ('Connection aborted.', ConnectionResetError(104, 'Connection reset by peer'))
2026-04-19 09:57:20,539 [ERROR] Attempt 2 failed: ('Connection aborted.', ConnectionResetError(104, 'Connection reset by peer'))
2026-04-19 09:57:38,741 [ERROR] Attempt 1 failed: ('Connection aborted.', ConnectionResetError(104, 'Connection reset by peer'))
2026-04-19 09:58:17,239 [ERROR] Attempt 1 failed: ('Connection aborted.', ConnectionResetError(104, 'Connection reset by peer'))
2026-04-19 09:58:38,142 [ERROR] Attempt 1 failed: ('Connection aborted.', ConnectionResetError(104, 'Connection reset by peer'))
2026-04-19 09:58:53,239 [ERROR] Attempt 2 failed: ('Connection aborted.', ConnectionResetError(104, 'Connection reset by peer'))
2026-04-19 09:58:53,239 [ERROR] Attempt 1 failed: ('Connection aborted.', ConnectionResetError(104, 'Connection reset by peer'))
2026-04-19 09:59:19,140 [ERROR] Attempt 1 failed: ('Connection aborted.', ConnectionResetError(104, 'Connection reset by peer'))
2026-04-19 09:59:29,139 [ERROR] Attempt 1 failed: ('Connection aborted.', ConnectionResetError(104, 'Connection reset by peer'))
2026-04-19 09:59:34,943 [ERROR] Attempt 1 failed: ('Connection aborted.', ConnectionResetError(104, 'Connection reset by peer'))
2026-04-19 09:59:42,244 [ERROR] Attempt 2 failed: ('Connection aborted.', ConnectionResetError(104, 'Connection reset by peer'))
2026-04-19 09:59:47,039 [ERROR] Attempt 2 failed: ('Connection aborted.', ConnectionResetError(104, 'Connection reset by peer'))
2026-04-19 10:00:07,622 [ERROR] Attempt 1 failed: ('Connection aborted.', RemoteDisconnected('Remote end closed connection without response'))
2026-04-19 10:00:33,039 [ERROR] Attempt 1 failed: ('Connection aborted.', ConnectionResetError(104, 'Connection reset by peer'))
2026-04-19 10:00:45,140 [ERROR] Attempt 2 failed: ('Connection aborted.', ConnectionResetError(104, 'Connection reset by peer'))
2026-04-19 10:01:07,038 [ERROR] Attempt 1 failed: ('Connection aborted.', ConnectionResetError(104, 'Connection reset by peer'))
2026-04-19 10:01:27,238 [ERROR] Attempt 1 failed: ('Connection aborted.', ConnectionResetError(104, 'Connection reset by peer'))
2026-04-19 10:01:46,938 [ERROR] Attempt 1 failed: ('Connection aborted.', ConnectionResetError(104, 'Connection reset by peer'))
2026-04-19 10:01:54,534 [WARNING] Attempt 1/3 timed out.
2026-04-19 10:02:11,328 [INFO] Checkpoint: 1350 done
2026-04-19 10:02:16,043 [ERROR] Attempt 1 failed: ('Connection aborted.', ConnectionResetError(104, 'Connection reset by peer'))
2026-04-19 10:02:25,239 [ERROR] Attempt 1 failed: ('Connection aborted.', ConnectionResetError(104, 'Connection reset by peer'))
2026-04-19 10:02:37,538 [ERROR] Attempt 1 failed: ('Connection aborted.', ConnectionResetError(104, 'Connection reset by peer'))
2026-04-19 10:02:53,738 [ERROR] Attempt 1 failed: ('Connection aborted.', ConnectionResetError(104, 'Connection reset by peer'))
2026-04-19 10:02:53,835 [INFO] Checkpoint: 1350 done
2026-04-19 10:03:04,238 [ERROR] Attempt 1 failed: ('Connection aborted.', ConnectionResetError(104, 'Connection reset by peer'))
2026-04-19 10:03:16,138 [ERROR] Attempt 1 failed: ('Connection aborted.', ConnectionResetError(104, 'Connection reset by peer'))
2026-04-19 10:03:23,139 [ERROR] Attempt 1 failed: ('Connection aborted.', ConnectionResetError(104, 'Connection reset by peer'))
2026-04-19 10:03:28,137 [ERROR] Attempt 2 failed: ('Connection aborted.', ConnectionResetError(104, 'Connection reset by peer'))
2026-04-19 10:03:45,938 [ERROR] Attempt 1 failed: ('Connection aborted.', ConnectionResetError(104, 'Connection reset by peer'))
2026-04-19 10:03:57,942 [ERROR] Attempt 2 failed: ('Connection aborted.', ConnectionResetError(104, 'Connection reset by peer'))
2026-04-19 10:04:04,039 [ERROR] Attempt 1 failed: ('Connection aborted.', ConnectionResetError(104, 'Connection reset by peer'))
2026-04-19 10:04:22,037 [ERROR] Attempt 1 failed: ('Connection aborted.', ConnectionResetError(104, 'Connection reset by peer'))
2026-04-19 10:04:28,137 [ERROR] Attempt 1 failed: ('Connection aborted.', ConnectionResetError(104, 'Connection reset by peer'))
2026-04-19 10:04:37,438 [ERROR] Attempt 1 failed: ('Connection aborted.', ConnectionResetError(104, 'Connection reset by peer'))
2026-04-19 10:05:04,937 [ERROR] Attempt 1 failed: ('Connection aborted.', ConnectionResetError(104, 'Connection reset by peer'))
2026-04-19 10:05:16,937 [ERROR] Attempt 2 failed: ('Connection aborted.', ConnectionResetError(104, 'Connection reset by peer'))
2026-04-19 10:05:17,539 [ERROR] Attempt 1 failed: ('Connection aborted.', ConnectionResetError(104, 'Connection reset by peer'))
2026-04-19 10:05:29,736 [ERROR] Attempt 2 failed: ('Connection aborted.', ConnectionResetError(104, 'Connection reset by peer'))
2026-04-19 10:05:53,137 [ERROR] Attempt 1 failed: ('Connection aborted.', ConnectionResetError(104, 'Connection reset by peer'))
2026-04-19 10:06:08,736 [ERROR] Attempt 1 failed: ('Connection aborted.', ConnectionResetError(104, 'Connection reset by peer'))
2026-04-19 10:06:33,536 [ERROR] Attempt 1 failed: ('Connection aborted.', ConnectionResetError(104, 'Connection reset by peer'))
2026-04-19 10:06:50,436 [ERROR] Attempt 1 failed: ('Connection aborted.', ConnectionResetError(104, 'Connection reset by peer'))
2026-04-19 10:06:55,536 [ERROR] Attempt 1 failed: ('Connection aborted.', ConnectionResetError(104, 'Connection reset by peer'))
2026-04-19 10:07:14,337 [ERROR] Attempt 1 failed: ('Connection aborted.', ConnectionResetError(104, 'Connection reset by peer'))
2026-04-19 10:07:15,238 [ERROR] Attempt 1 failed: ('Connection aborted.', ConnectionResetError(104, 'Connection reset by peer'))
2026-04-19 10:07:48,735 [ERROR] Attempt 1 failed: ('Connection aborted.', ConnectionResetError(104, 'Connection reset by peer'))
2026-04-19 10:07:52,636 [ERROR] Attempt 1 failed: ('Connection aborted.', ConnectionResetError(104, 'Connection reset by peer'))
2026-04-19 10:08:04,742 [ERROR] Attempt 2 failed: ('Connection aborted.', ConnectionResetError(104, 'Connection reset by peer'))
2026-04-19 10:08:08,135 [ERROR] Attempt 1 failed: ('Connection aborted.', ConnectionResetError(104, 'Connection reset by peer'))
2026-04-19 10:08:20,135 [ERROR] Attempt 2 failed: ('Connection aborted.', ConnectionResetError(104, 'Connection reset by peer'))
2026-04-19 10:08:22,835 [ERROR] Attempt 1 failed: ('Connection aborted.', ConnectionResetError(104, 'Connection reset by peer'))
2026-04-19 10:08:36,636 [ERROR] Attempt 2 failed: ('Connection aborted.', ConnectionResetError(104, 'Connection reset by peer'))
2026-04-19 10:08:41,836 [ERROR] Attempt 1 failed: ('Connection aborted.', ConnectionResetError(104, 'Connection reset by peer'))
2026-04-19 10:09:07,680 [INFO] Checkpoint: 1400 done
2026-04-19 10:09:08,738 [ERROR] Attempt 1 failed: ('Connection aborted.', ConnectionResetError(104, 'Connection reset by peer'))
2026-04-19 10:09:27,636 [ERROR] Attempt 1 failed: ('Connection aborted.', ConnectionResetError(104, 'Connection reset by peer'))
2026-04-19 10:09:32,435 [ERROR] Attempt 1 failed: ('Connection aborted.', ConnectionResetError(104, 'Connection reset by peer'))
2026-04-19 10:09:39,434 [INFO] Checkpoint: 1400 done
2026-04-19 10:09:58,734 [ERROR] Attempt 1 failed: ('Connection aborted.', ConnectionResetError(104, 'Connection reset by peer'))
2026-04-19 10:10:10,034 [ERROR] Attempt 1 failed: ('Connection aborted.', ConnectionResetError(104, 'Connection reset by peer'))
2026-04-19 10:10:22,034 [ERROR] Attempt 2 failed: ('Connection aborted.', ConnectionResetError(104, 'Connection reset by peer'))
2026-04-19 10:10:40,634 [ERROR] Attempt 1 failed: ('Connection aborted.', ConnectionResetError(104, 'Connection reset by peer'))
2026-04-19 10:10:40,934 [ERROR] Attempt 1 failed: ('Connection aborted.', ConnectionResetError(104, 'Connection reset by peer'))
2026-04-19 10:11:06,034 [ERROR] Attempt 1 failed: ('Connection aborted.', ConnectionResetError(104, 'Connection reset by peer'))
2026-04-19 10:11:12,434 [ERROR] Attempt 1 failed: ('Connection aborted.', ConnectionResetError(104, 'Connection reset by peer'))
2026-04-19 10:11:21,134 [ERROR] Attempt 1 failed: ('Connection aborted.', ConnectionResetError(104, 'Connection reset by peer'))
2026-04-19 10:11:43,734 [ERROR] Attempt 1 failed: ('Connection aborted.', ConnectionResetError(104, 'Connection reset by peer'))
2026-04-19 10:11:50,634 [ERROR] Attempt 1 failed: ('Connection aborted.', ConnectionResetError(104, 'Connection reset by peer'))
2026-04-19 10:12:07,144 [ERROR] Attempt 1 failed: ('Connection aborted.', ConnectionResetError(104, 'Connection reset by peer'))
2026-04-19 10:13:08,633 [ERROR] Attempt 1 failed: ('Connection aborted.', ConnectionResetError(104, 'Connection reset by peer'))
2026-04-19 10:13:20,134 [ERROR] Attempt 1 failed: ('Connection aborted.', ConnectionResetError(104, 'Connection reset by peer'))
2026-04-19 10:13:41,033 [ERROR] Attempt 1 failed: ('Connection aborted.', ConnectionResetError(104, 'Connection reset by peer'))
2026-04-19 10:13:52,421 [INFO] Checkpoint: 1450 done
2026-04-19 10:13:57,533 [ERROR] Attempt 1 failed: ('Connection aborted.', ConnectionResetError(104, 'Connection reset by peer'))
2026-04-19 10:14:09,541 [ERROR] Attempt 2 failed: ('Connection aborted.', ConnectionResetError(104, 'Connection reset by peer'))
2026-04-19 10:14:28,233 [ERROR] Attempt 1 failed: ('Connection aborted.', ConnectionResetError(104, 'Connection reset by peer'))
2026-04-19 10:14:54,535 [ERROR] Attempt 1 failed: ('Connection aborted.', ConnectionResetError(104, 'Connection reset by peer'))
2026-04-19 10:14:57,432 [ERROR] Attempt 1 failed: ('Connection aborted.', ConnectionResetError(104, 'Connection reset by peer'))
2026-04-19 10:15:13,933 [ERROR] Attempt 1 failed: ('Connection aborted.', ConnectionResetError(104, 'Connection reset by peer'))
2026-04-19 10:15:28,833 [ERROR] Attempt 1 failed: ('Connection aborted.', ConnectionResetError(104, 'Connection reset by peer'))
2026-04-19 10:15:29,338 [ERROR] Attempt 1 failed: ('Connection aborted.', ConnectionResetError(104, 'Connection reset by peer'))
2026-04-19 10:15:45,132 [ERROR] Attempt 1 failed: ('Connection aborted.', ConnectionResetError(104, 'Connection reset by peer'))
2026-04-19 10:15:57,132 [ERROR] Attempt 2 failed: ('Connection aborted.', ConnectionResetError(104, 'Connection reset by peer'))
2026-04-19 10:15:57,921 [INFO] Checkpoint: 1450 done
2026-04-19 10:16:25,632 [ERROR] Attempt 1 failed: ('Connection aborted.', ConnectionResetError(104, 'Connection reset by peer'))
2026-04-19 10:16:46,232 [ERROR] Attempt 1 failed: ('Connection aborted.', ConnectionResetError(104, 'Connection reset by peer'))
2026-04-19 10:16:56,133 [ERROR] Attempt 1 failed: ('Connection aborted.', ConnectionResetError(104, 'Connection reset by peer'))
2026-04-19 10:17:08,132 [ERROR] Attempt 2 failed: ('Connection aborted.', ConnectionResetError(104, 'Connection reset by peer'))
2026-04-19 10:17:08,733 [ERROR] Attempt 1 failed: ('Connection aborted.', ConnectionResetError(104, 'Connection reset by peer'))
2026-04-19 10:17:25,431 [ERROR] Attempt 1 failed: ('Connection aborted.', ConnectionResetError(104, 'Connection reset by peer'))
2026-04-19 10:17:28,631 [ERROR] Attempt 1 failed: ('Connection aborted.', ConnectionResetError(104, 'Connection reset by peer'))
2026-04-19 10:17:44,433 [ERROR] Attempt 1 failed: ('Connection aborted.', ConnectionResetError(104, 'Connection reset by peer'))
2026-04-19 10:17:55,431 [ERROR] Attempt 1 failed: ('Connection aborted.', ConnectionResetError(104, 'Connection reset by peer'))
2026-04-19 10:18:12,133 [ERROR] Attempt 1 failed: ('Connection aborted.', ConnectionResetError(104, 'Connection reset by peer'))
2026-04-19 10:18:13,331 [ERROR] Attempt 1 failed: ('Connection aborted.', ConnectionResetError(104, 'Connection reset by peer'))
2026-04-19 10:18:42,532 [ERROR] Attempt 1 failed: ('Connection aborted.', ConnectionResetError(104, 'Connection reset by peer'))
2026-04-19 10:18:43,531 [ERROR] Attempt 1 failed: ('Connection aborted.', ConnectionResetError(104, 'Connection reset by peer'))
2026-04-19 10:18:54,531 [ERROR] Attempt 2 failed: ('Connection aborted.', ConnectionResetError(104, 'Connection reset by peer'))
2026-04-19 10:19:03,731 [ERROR] Attempt 1 failed: ('Connection aborted.', ConnectionResetError(104, 'Connection reset by peer'))
2026-04-19 10:19:08,531 [ERROR] Attempt 3 failed: ('Connection aborted.', ConnectionResetError(104, 'Connection reset by peer'))
2026-04-19 10:19:16,538 [ERROR] All retries exhausted — skipping.
2026-04-19 10:19:23,631 [ERROR] Attempt 1 failed: ('Connection aborted.', ConnectionResetError(104, 'Connection reset by peer'))
2026-04-19 10:19:36,241 [INFO] Checkpoint: 1500 done
2026-04-19 10:19:51,430 [ERROR] Attempt 1 failed: ('Connection aborted.', ConnectionResetError(104, 'Connection reset by peer'))
2026-04-19 10:20:06,430 [ERROR] Attempt 1 failed: ('Connection aborted.', ConnectionResetError(104, 'Connection reset by peer'))
2026-04-19 10:20:18,530 [ERROR] Attempt 2 failed: ('Connection aborted.', ConnectionResetError(104, 'Connection reset by peer'))
2026-04-19 10:20:24,733 [ERROR] Attempt 1 failed: ('Connection aborted.', ConnectionResetError(104, 'Connection reset by peer'))
2026-04-19 10:20:40,532 [ERROR] Attempt 1 failed: ('Connection aborted.', ConnectionResetError(104, 'Connection reset by peer'))
2026-04-19 10:20:56,235 [ERROR] Attempt 1 failed: ('Connection aborted.', ConnectionResetError(104, 'Connection reset by peer'))
2026-04-19 10:21:02,430 [ERROR] Attempt 1 failed: ('Connection aborted.', ConnectionResetError(104, 'Connection reset by peer'))
2026-04-19 10:21:08,329 [ERROR] Attempt 2 failed: ('Connection aborted.', ConnectionResetError(104, 'Connection reset by peer'))
2026-04-19 10:21:14,533 [ERROR] Attempt 2 failed: ('Connection aborted.', ConnectionResetError(104, 'Connection reset by peer'))
2026-04-19 10:21:49,129 [ERROR] Attempt 1 failed: ('Connection aborted.', ConnectionResetError(104, 'Connection reset by peer'))
2026-04-19 10:22:01,130 [ERROR] Attempt 1 failed: ('Connection aborted.', ConnectionResetError(104, 'Connection reset by peer'))
2026-04-19 10:22:04,630 [ERROR] Attempt 1 failed: ('Connection aborted.', ConnectionResetError(104, 'Connection reset by peer'))
2026-04-19 10:22:16,231 [ERROR] Attempt 1 failed: ('Connection aborted.', ConnectionResetError(104, 'Connection reset by peer'))
2026-04-19 10:22:16,633 [ERROR] Attempt 2 failed: ('Connection aborted.', ConnectionResetError(104, 'Connection reset by peer'))
2026-04-19 10:22:37,329 [ERROR] Attempt 1 failed: ('Connection aborted.', ConnectionResetError(104, 'Connection reset by peer'))
2026-04-19 10:22:42,129 [ERROR] Attempt 1 failed: ('Connection aborted.', ConnectionResetError(104, 'Connection reset by peer'))
2026-04-19 10:22:51,451 [INFO] Checkpoint: 1500 done
2026-04-19 10:22:52,429 [ERROR] Attempt 1 failed: ('Connection aborted.', ConnectionResetError(104, 'Connection reset by peer'))
2026-04-19 10:23:04,430 [ERROR] Attempt 2 failed: ('Connection aborted.', ConnectionResetError(104, 'Connection reset by peer'))
2026-04-19 10:23:05,332 [ERROR] Attempt 1 failed: ('Connection aborted.', ConnectionResetError(104, 'Connection reset by peer'))
2026-04-19 10:23:22,129 [ERROR] Attempt 1 failed: ('Connection aborted.', ConnectionResetError(104, 'Connection reset by peer'))
2026-04-19 10:23:31,829 [ERROR] Attempt 1 failed: ('Connection aborted.', ConnectionResetError(104, 'Connection reset by peer'))
2026-04-19 10:23:53,631 [ERROR] Attempt 1 failed: ('Connection aborted.', ConnectionResetError(104, 'Connection reset by peer'))
2026-04-19 10:23:54,328 [ERROR] Attempt 1 failed: ('Connection aborted.', ConnectionResetError(104, 'Connection reset by peer'))
2026-04-19 10:24:24,130 [ERROR] Attempt 1 failed: ('Connection aborted.', ConnectionResetError(104, 'Connection reset by peer'))
2026-04-19 10:24:25,133 [ERROR] Attempt 1 failed: ('Connection aborted.', ConnectionResetError(104, 'Connection reset by peer'))
2026-04-19 10:24:58,331 [ERROR] Attempt 1 failed: ('Connection aborted.', ConnectionResetError(104, 'Connection reset by peer'))
2026-04-19 10:25:10,138 [ERROR] Attempt 1 failed: ('Connection aborted.', ConnectionResetError(104, 'Connection reset by peer'))
2026-04-19 10:25:13,732 [ERROR] Attempt 1 failed: ('Connection aborted.', ConnectionResetError(104, 'Connection reset by peer'))
2026-04-19 10:25:33,928 [ERROR] Attempt 1 failed: ('Connection aborted.', ConnectionResetError(104, 'Connection reset by peer'))
2026-04-19 10:25:37,428 [ERROR] Attempt 1 failed: ('Connection aborted.', ConnectionResetError(104, 'Connection reset by peer'))
2026-04-19 10:25:49,628 [ERROR] Attempt 1 failed: ('Connection aborted.', ConnectionResetError(104, 'Connection reset by peer'))
2026-04-19 10:26:14,674 [INFO] Checkpoint: 1550 done
2026-04-19 10:26:29,228 [ERROR] Attempt 1 failed: ('Connection aborted.', ConnectionResetError(104, 'Connection reset by peer'))
2026-04-19 10:27:14,227 [ERROR] Attempt 1 failed: ('Connection aborted.', ConnectionResetError(104, 'Connection reset by peer'))
2026-04-19 10:27:15,427 [ERROR] Attempt 1 failed: ('Connection aborted.', ConnectionResetError(104, 'Connection reset by peer'))
2026-04-19 10:27:30,528 [ERROR] Attempt 1 failed: ('Connection aborted.', ConnectionResetError(104, 'Connection reset by peer'))
2026-04-19 10:27:42,527 [ERROR] Attempt 2 failed: ('Connection aborted.', ConnectionResetError(104, 'Connection reset by peer'))
2026-04-19 10:27:44,528 [ERROR] Attempt 1 failed: ('Connection aborted.', ConnectionResetError(104, 'Connection reset by peer'))
2026-04-19 10:28:28,227 [ERROR] Attempt 1 failed: ('Connection aborted.', ConnectionResetError(104, 'Connection reset by peer'))
2026-04-19 10:28:28,744 [INFO] Checkpoint: 1550 done
2026-04-19 10:29:08,431 [ERROR] Attempt 1 failed: ('Connection aborted.', ConnectionResetError(104, 'Connection reset by peer'))
2026-04-19 10:29:10,629 [ERROR] Attempt 1 failed: ('Connection aborted.', ConnectionResetError(104, 'Connection reset by peer'))
2026-04-19 10:29:20,628 [ERROR] Attempt 2 failed: ('Connection aborted.', ConnectionResetError(104, 'Connection reset by peer'))
2026-04-19 10:29:22,627 [ERROR] Attempt 2 failed: ('Connection aborted.', ConnectionResetError(104, 'Connection reset by peer'))
2026-04-19 10:29:53,326 [ERROR] Attempt 1 failed: ('Connection aborted.', ConnectionResetError(104, 'Connection reset by peer'))
2026-04-19 10:30:05,328 [ERROR] Attempt 2 failed: ('Connection aborted.', ConnectionResetError(104, 'Connection reset by peer'))
2026-04-19 10:30:07,926 [ERROR] Attempt 1 failed: ('Connection aborted.', ConnectionResetError(104, 'Connection reset by peer'))
2026-04-19 10:30:24,026 [ERROR] Attempt 1 failed: ('Connection aborted.', ConnectionResetError(104, 'Connection reset by peer'))
2026-04-19 10:30:24,026 [ERROR] Attempt 1 failed: ('Connection aborted.', ConnectionResetError(104, 'Connection reset by peer'))
2026-04-19 10:30:36,027 [ERROR] Attempt 2 failed: ('Connection aborted.', ConnectionResetError(104, 'Connection reset by peer'))
2026-04-19 10:30:50,026 [ERROR] Attempt 3 failed: ('Connection aborted.', ConnectionResetError(104, 'Connection reset by peer'))
2026-04-19 10:30:58,027 [ERROR] All retries exhausted — skipping.
2026-04-19 10:31:07,828 [ERROR] Attempt 1 failed: ('Connection aborted.', ConnectionResetError(104, 'Connection reset by peer'))
2026-04-19 10:31:15,426 [ERROR] Attempt 1 failed: ('Connection aborted.', ConnectionResetError(104, 'Connection reset by peer'))
2026-04-19 10:31:19,825 [ERROR] Attempt 2 failed: ('Connection aborted.', ConnectionResetError(104, 'Connection reset by peer'))
2026-04-19 10:31:42,626 [ERROR] Attempt 1 failed: ('Connection aborted.', ConnectionResetError(104, 'Connection reset by peer'))
2026-04-19 10:31:44,226 [ERROR] Attempt 1 failed: ('Connection aborted.', ConnectionResetError(104, 'Connection reset by peer'))
2026-04-19 10:31:56,226 [ERROR] Attempt 2 failed: ('Connection aborted.', ConnectionResetError(104, 'Connection reset by peer'))
2026-04-19 10:32:05,525 [ERROR] Attempt 1 failed: ('Connection aborted.', ConnectionResetError(104, 'Connection reset by peer'))
2026-04-19 10:32:17,525 [ERROR] Attempt 2 failed: ('Connection aborted.', ConnectionResetError(104, 'Connection reset by peer'))
2026-04-19 10:32:34,077 [INFO] Checkpoint: 1600 done
2026-04-19 10:32:39,225 [ERROR] Attempt 1 failed: ('Connection aborted.', ConnectionResetError(104, 'Connection reset by peer'))
2026-04-19 10:32:56,130 [ERROR] Attempt 1 failed: ('Connection aborted.', ConnectionResetError(104, 'Connection reset by peer'))
2026-04-19 10:33:08,125 [ERROR] Attempt 2 failed: ('Connection aborted.', ConnectionResetError(104, 'Connection reset by peer'))
2026-04-19 10:33:09,424 [ERROR] Attempt 1 failed: ('Connection aborted.', ConnectionResetError(104, 'Connection reset by peer'))
2026-04-19 10:33:36,728 [ERROR] Attempt 1 failed: ('Connection aborted.', ConnectionResetError(104, 'Connection reset by peer'))
2026-04-19 10:33:48,825 [ERROR] Attempt 2 failed: ('Connection aborted.', ConnectionResetError(104, 'Connection reset by peer'))
2026-04-19 10:33:51,325 [ERROR] Attempt 1 failed: ('Connection aborted.', ConnectionResetError(104, 'Connection reset by peer'))
2026-04-19 10:34:11,827 [ERROR] Attempt 1 failed: ('Connection aborted.', ConnectionResetError(104, 'Connection reset by peer'))
2026-04-19 10:34:54,225 [ERROR] Attempt 1 failed: ('Connection aborted.', ConnectionResetError(104, 'Connection reset by peer'))
2026-04-19 10:34:54,924 [ERROR] Attempt 1 failed: ('Connection aborted.', ConnectionResetError(104, 'Connection reset by peer'))
2026-04-19 10:35:12,525 [ERROR] Attempt 1 failed: ('Connection aborted.', ConnectionResetError(104, 'Connection reset by peer'))
2026-04-19 10:35:35,075 [INFO] Checkpoint: 1600 done
2026-04-19 10:35:49,523 [ERROR] Attempt 1 failed: ('Connection aborted.', ConnectionResetError(104, 'Connection reset by peer'))
2026-04-19 10:36:01,123 [ERROR] Attempt 1 failed: ('Connection aborted.', ConnectionResetError(104, 'Connection reset by peer'))
2026-04-19 10:36:01,525 [ERROR] Attempt 2 failed: ('Connection aborted.', ConnectionResetError(104, 'Connection reset by peer'))
2026-04-19 10:36:26,924 [ERROR] Attempt 1 failed: ('Connection aborted.', ConnectionResetError(104, 'Connection reset by peer'))
2026-04-19 10:36:54,325 [ERROR] Attempt 1 failed: ('Connection aborted.', ConnectionResetError(104, 'Connection reset by peer'))
2026-04-19 10:37:05,857 [INFO] Checkpoint: 1650 done
2026-04-19 10:37:15,523 [ERROR] Attempt 1 failed: ('Connection aborted.', ConnectionResetError(104, 'Connection reset by peer'))
2026-04-19 10:37:42,023 [ERROR] Attempt 1 failed: ('Connection aborted.', ConnectionResetError(104, 'Connection reset by peer'))
2026-04-19 10:37:54,026 [ERROR] Attempt 2 failed: ('Connection aborted.', ConnectionResetError(104, 'Connection reset by peer'))
2026-04-19 10:37:58,123 [ERROR] Attempt 1 failed: ('Connection aborted.', ConnectionResetError(104, 'Connection reset by peer'))
2026-04-19 10:38:14,524 [ERROR] Attempt 1 failed: ('Connection aborted.', ConnectionResetError(104, 'Connection reset by peer'))
2026-04-19 10:38:31,822 [ERROR] Attempt 1 failed: ('Connection aborted.', ConnectionResetError(104, 'Connection reset by peer'))
2026-04-19 10:38:47,624 [ERROR] Attempt 1 failed: ('Connection aborted.', ConnectionResetError(104, 'Connection reset by peer'))
2026-04-19 10:39:21,323 [ERROR] Attempt 1 failed: ('Connection aborted.', ConnectionResetError(104, 'Connection reset by peer'))
2026-04-19 10:39:27,822 [ERROR] Attempt 1 failed: ('Connection aborted.', ConnectionResetError(104, 'Connection reset by peer'))
2026-04-19 10:39:40,025 [ERROR] Attempt 1 failed: ('Connection aborted.', ConnectionResetError(104, 'Connection reset by peer'))
2026-04-19 10:39:40,025 [ERROR] Attempt 2 failed: ('Connection aborted.', ConnectionResetError(104, 'Connection reset by peer'))
2026-04-19 10:39:52,022 [ERROR] Attempt 2 failed: ('Connection aborted.', ConnectionResetError(104, 'Connection reset by peer'))
2026-04-19 10:39:54,022 [ERROR] Attempt 3 failed: ('Connection aborted.', ConnectionResetError(104, 'Connection reset by peer'))
2026-04-19 10:40:02,023 [ERROR] All retries exhausted — skipping.
2026-04-19 10:40:12,222 [ERROR] Attempt 1 failed: ('Connection aborted.', ConnectionResetError(104, 'Connection reset by peer'))
2026-04-19 10:40:12,524 [ERROR] Attempt 1 failed: ('Connection aborted.', ConnectionResetError(104, 'Connection reset by peer'))
2026-04-19 10:40:28,822 [ERROR] Attempt 1 failed: ('Connection aborted.', ConnectionResetError(104, 'Connection reset by peer'))
2026-04-19 10:40:29,027 [ERROR] Attempt 1 failed: ('Connection aborted.', ConnectionResetError(104, 'Connection reset by peer'))
2026-04-19 10:41:03,321 [ERROR] Attempt 1 failed: ('Connection aborted.', ConnectionResetError(104, 'Connection reset by peer'))
2026-04-19 10:41:03,422 [ERROR] Attempt 1 failed: ('Connection aborted.', ConnectionResetError(104, 'Connection reset by peer'))
2026-04-19 10:41:35,161 [INFO] Checkpoint: 1650 done
2026-04-19 10:41:37,821 [ERROR] Attempt 1 failed: ('Connection aborted.', ConnectionResetError(104, 'Connection reset by peer'))
2026-04-19 10:41:48,923 [ERROR] Attempt 1 failed: ('Connection aborted.', ConnectionResetError(104, 'Connection reset by peer'))
2026-04-19 10:41:53,623 [ERROR] Attempt 1 failed: ('Connection aborted.', ConnectionResetError(104, 'Connection reset by peer'))
2026-04-19 10:42:04,122 [ERROR] Attempt 1 failed: ('Connection aborted.', ConnectionResetError(104, 'Connection reset by peer'))
2026-04-19 10:42:17,923 [ERROR] Attempt 1 failed: ('Connection aborted.', ConnectionResetError(104, 'Connection reset by peer'))
2026-04-19 10:42:41,320 [ERROR] Attempt 1 failed: ('Connection aborted.', ConnectionResetError(104, 'Connection reset by peer'))
2026-04-19 10:42:42,325 [ERROR] Attempt 1 failed: ('Connection aborted.', ConnectionResetError(104, 'Connection reset by peer'))
2026-04-19 10:42:53,320 [ERROR] Attempt 2 failed: ('Connection aborted.', ConnectionResetError(104, 'Connection reset by peer'))
2026-04-19 10:43:13,220 [ERROR] Attempt 1 failed: ('Connection aborted.', ConnectionResetError(104, 'Connection reset by peer'))
2026-04-19 10:43:18,522 [ERROR] Attempt 1 failed: ('Connection aborted.', ConnectionResetError(104, 'Connection reset by peer'))
2026-04-19 10:43:23,200 [INFO] Done. 1661 captions → data/generated/gemma_captions_avcaps.json
2026-04-19 10:43:30,906 [INFO] Checkpoint: 1700 done
2026-04-19 10:44:12,721 [ERROR] Attempt 1 failed: ('Connection aborted.', ConnectionResetError(104, 'Connection reset by peer'))
2026-04-19 10:44:34,520 [ERROR] Attempt 1 failed: ('Connection aborted.', ConnectionResetError(104, 'Connection reset by peer'))
2026-04-19 10:45:11,522 [ERROR] Attempt 1 failed: ('Connection aborted.', ConnectionResetError(104, 'Connection reset by peer'))
2026-04-19 10:45:23,526 [ERROR] Attempt 2 failed: ('Connection aborted.', ConnectionResetError(104, 'Connection reset by peer'))
2026-04-19 10:45:37,621 [ERROR] Attempt 3 failed: ('Connection aborted.', ConnectionResetError(104, 'Connection reset by peer'))
2026-04-19 10:45:45,621 [ERROR] All retries exhausted — skipping.
2026-04-19 10:45:55,920 [ERROR] Attempt 1 failed: ('Connection aborted.', ConnectionResetError(104, 'Connection reset by peer'))
2026-04-19 10:46:18,719 [ERROR] Attempt 1 failed: ('Connection aborted.', ConnectionResetError(104, 'Connection reset by peer'))
2026-04-19 10:46:37,620 [ERROR] Attempt 1 failed: ('Connection aborted.', ConnectionResetError(104, 'Connection reset by peer'))
2026-04-19 10:47:13,219 [ERROR] Attempt 1 failed: ('Connection aborted.', ConnectionResetError(104, 'Connection reset by peer'))
2026-04-19 10:47:25,218 [ERROR] Attempt 2 failed: ('Connection aborted.', ConnectionResetError(104, 'Connection reset by peer'))
2026-04-19 10:47:55,720 [ERROR] Attempt 1 failed: ('Connection aborted.', ConnectionResetError(104, 'Connection reset by peer'))
2026-04-19 10:48:18,518 [ERROR] Attempt 1 failed: ('Connection aborted.', ConnectionResetError(104, 'Connection reset by peer'))
2026-04-19 10:48:36,720 [ERROR] Attempt 1 failed: ('Connection aborted.', ConnectionResetError(104, 'Connection reset by peer'))
2026-04-19 10:48:52,320 [ERROR] Attempt 1 failed: ('Connection aborted.', ConnectionResetError(104, 'Connection reset by peer'))
2026-04-19 10:49:04,418 [ERROR] Attempt 2 failed: ('Connection aborted.', ConnectionResetError(104, 'Connection reset by peer'))
2026-04-19 10:49:29,321 [ERROR] Attempt 1 failed: ('Connection aborted.', ConnectionResetError(104, 'Connection reset by peer'))
2026-04-19 10:49:47,417 [ERROR] Attempt 1 failed: ('Connection aborted.', ConnectionResetError(104, 'Connection reset by peer'))
2026-04-19 10:49:56,130 [INFO] Checkpoint: 1750 done
2026-04-19 10:50:06,317 [ERROR] Attempt 1 failed: ('Connection aborted.', ConnectionResetError(104, 'Connection reset by peer'))
2026-04-19 10:50:33,118 [ERROR] Attempt 1 failed: ('Connection aborted.', ConnectionResetError(104, 'Connection reset by peer'))
2026-04-19 10:50:48,617 [ERROR] Attempt 1 failed: ('Connection aborted.', ConnectionResetError(104, 'Connection reset by peer'))
2026-04-19 10:51:15,219 [ERROR] Attempt 1 failed: ('Connection aborted.', ConnectionResetError(104, 'Connection reset by peer'))
2026-04-19 10:51:27,618 [ERROR] Attempt 2 failed: ('Connection aborted.', ConnectionResetError(104, 'Connection reset by peer'))
2026-04-19 10:52:01,420 [ERROR] Attempt 1 failed: ('Connection aborted.', ConnectionResetError(104, 'Connection reset by peer'))
2026-04-19 10:52:30,617 [ERROR] Attempt 1 failed: ('Connection aborted.', ConnectionResetError(104, 'Connection reset by peer'))
2026-04-19 10:52:49,716 [ERROR] Attempt 1 failed: ('Connection aborted.', ConnectionResetError(104, 'Connection reset by peer'))
2026-04-19 10:53:23,316 [ERROR] Attempt 1 failed: ('Connection aborted.', ConnectionResetError(104, 'Connection reset by peer'))
2026-04-19 10:53:35,619 [ERROR] Attempt 2 failed: ('Connection aborted.', ConnectionResetError(104, 'Connection reset by peer'))
2026-04-19 10:54:19,917 [ERROR] Attempt 1 failed: ('Connection aborted.', ConnectionResetError(104, 'Connection reset by peer'))
2026-04-19 10:54:57,819 [ERROR] Attempt 1 failed: ('Connection aborted.', ConnectionResetError(104, 'Connection reset by peer'))
2026-04-19 10:55:13,418 [ERROR] Attempt 1 failed: ('Connection aborted.', ConnectionResetError(104, 'Connection reset by peer'))
2026-04-19 10:55:29,078 [INFO] Checkpoint: 1800 done
2026-04-19 10:56:00,815 [ERROR] Attempt 1 failed: ('Connection aborted.', ConnectionResetError(104, 'Connection reset by peer'))
2026-04-19 10:56:22,815 [ERROR] Attempt 1 failed: ('Connection aborted.', ConnectionResetError(104, 'Connection reset by peer'))
2026-04-19 10:56:41,916 [ERROR] Attempt 1 failed: ('Connection aborted.', ConnectionResetError(104, 'Connection reset by peer'))
2026-04-19 10:57:01,414 [ERROR] Attempt 1 failed: ('Connection aborted.', ConnectionResetError(104, 'Connection reset by peer'))
2026-04-19 10:57:23,215 [ERROR] Attempt 1 failed: ('Connection aborted.', ConnectionResetError(104, 'Connection reset by peer'))
2026-04-19 10:58:13,915 [ERROR] Attempt 1 failed: ('Connection aborted.', ConnectionResetError(104, 'Connection reset by peer'))
2026-04-19 10:58:39,214 [ERROR] Attempt 1 failed: ('Connection aborted.', ConnectionResetError(104, 'Connection reset by peer'))
2026-04-19 10:59:01,114 [ERROR] Attempt 1 failed: ('Connection aborted.', ConnectionResetError(104, 'Connection reset by peer'))
2026-04-19 10:59:16,021 [ERROR] Attempt 1 failed: ('Connection aborted.', ConnectionResetError(104, 'Connection reset by peer'))
2026-04-19 10:59:47,314 [ERROR] Attempt 1 failed: ('Connection aborted.', ConnectionResetError(104, 'Connection reset by peer'))
2026-04-19 11:00:13,515 [ERROR] Attempt 1 failed: ('Connection aborted.', ConnectionResetError(104, 'Connection reset by peer'))
2026-04-19 11:00:39,715 [ERROR] Attempt 1 failed: ('Connection aborted.', ConnectionResetError(104, 'Connection reset by peer'))
2026-04-19 11:00:51,714 [ERROR] Attempt 2 failed: ('Connection aborted.', ConnectionResetError(104, 'Connection reset by peer'))
2026-04-19 11:00:59,469 [INFO] Checkpoint: 1850 done
2026-04-19 11:01:29,820 [ERROR] Attempt 1 failed: ('Connection aborted.', ConnectionResetError(104, 'Connection reset by peer'))
2026-04-19 11:01:45,216 [ERROR] Attempt 1 failed: ('Connection aborted.', ConnectionResetError(104, 'Connection reset by peer'))
2026-04-19 11:02:28,315 [ERROR] Attempt 1 failed: ('Connection aborted.', ConnectionResetError(104, 'Connection reset by peer'))
2026-04-19 11:02:40,314 [ERROR] Attempt 2 failed: ('Connection aborted.', ConnectionResetError(104, 'Connection reset by peer'))
2026-04-19 11:03:01,814 [ERROR] Attempt 1 failed: ('Connection aborted.', ConnectionResetError(104, 'Connection reset by peer'))
2026-04-19 11:04:26,513 [ERROR] Attempt 1 failed: ('Connection aborted.', ConnectionResetError(104, 'Connection reset by peer'))
2026-04-19 11:04:58,315 [ERROR] Attempt 1 failed: ('Connection aborted.', ConnectionResetError(104, 'Connection reset by peer'))
2026-04-19 11:05:10,313 [ERROR] Attempt 2 failed: ('Connection aborted.', ConnectionResetError(104, 'Connection reset by peer'))
2026-04-19 11:05:36,014 [ERROR] Attempt 1 failed: ('Connection aborted.', ConnectionResetError(104, 'Connection reset by peer'))
2026-04-19 11:05:58,713 [ERROR] Attempt 1 failed: ('Connection aborted.', ConnectionResetError(104, 'Connection reset by peer'))
2026-04-19 11:06:04,006 [INFO] Checkpoint: 1900 done
2026-04-19 11:06:17,912 [ERROR] Attempt 1 failed: ('Connection aborted.', ConnectionResetError(104, 'Connection reset by peer'))
2026-04-19 11:06:51,516 [ERROR] Attempt 1 failed: ('Connection aborted.', ConnectionResetError(104, 'Connection reset by peer'))
2026-04-19 11:07:14,012 [ERROR] Attempt 1 failed: ('Connection aborted.', ConnectionResetError(104, 'Connection reset by peer'))
2026-04-19 11:07:29,812 [ERROR] Attempt 1 failed: ('Connection aborted.', ConnectionResetError(104, 'Connection reset by peer'))
2026-04-19 11:07:49,613 [ERROR] Attempt 1 failed: ('Connection aborted.', ConnectionResetError(104, 'Connection reset by peer'))
2026-04-19 11:08:08,412 [ERROR] Attempt 1 failed: ('Connection aborted.', ConnectionResetError(104, 'Connection reset by peer'))
2026-04-19 11:08:27,712 [ERROR] Attempt 1 failed: ('Connection aborted.', ConnectionResetError(104, 'Connection reset by peer'))
2026-04-19 11:08:50,113 [ERROR] Attempt 1 failed: ('Connection aborted.', ConnectionResetError(104, 'Connection reset by peer'))
2026-04-19 11:09:15,814 [ERROR] Attempt 1 failed: ('Connection aborted.', ConnectionResetError(104, 'Connection reset by peer'))
2026-04-19 11:09:38,214 [ERROR] Attempt 1 failed: ('Connection aborted.', ConnectionResetError(104, 'Connection reset by peer'))
2026-04-19 11:11:05,311 [ERROR] Attempt 1 failed: ('Connection aborted.', ConnectionResetError(104, 'Connection reset by peer'))
2026-04-19 11:11:11,119 [INFO] Checkpoint: 1950 done
2026-04-19 11:11:35,112 [ERROR] Attempt 1 failed: ('Connection aborted.', ConnectionResetError(104, 'Connection reset by peer'))
2026-04-19 11:12:06,312 [ERROR] Attempt 1 failed: ('Connection aborted.', ConnectionResetError(104, 'Connection reset by peer'))
2026-04-19 11:12:45,911 [ERROR] Attempt 1 failed: ('Connection aborted.', ConnectionResetError(104, 'Connection reset by peer'))
2026-04-19 11:12:58,111 [ERROR] Attempt 2 failed: ('Connection aborted.', ConnectionResetError(104, 'Connection reset by peer'))
2026-04-19 11:13:18,911 [ERROR] Attempt 1 failed: ('Connection aborted.', ConnectionResetError(104, 'Connection reset by peer'))
2026-04-19 11:13:33,910 [ERROR] Attempt 1 failed: ('Connection aborted.', ConnectionResetError(104, 'Connection reset by peer'))
2026-04-19 11:13:56,610 [ERROR] Attempt 1 failed: ('Connection aborted.', ConnectionResetError(104, 'Connection reset by peer'))
2026-04-19 11:14:26,210 [ERROR] Attempt 1 failed: ('Connection aborted.', ConnectionResetError(104, 'Connection reset by peer'))
2026-04-19 11:14:55,611 [ERROR] Attempt 1 failed: ('Connection aborted.', ConnectionResetError(104, 'Connection reset by peer'))
2026-04-19 11:15:21,912 [ERROR] Attempt 1 failed: ('Connection aborted.', ConnectionResetError(104, 'Connection reset by peer'))
2026-04-19 11:15:48,212 [ERROR] Attempt 1 failed: ('Connection aborted.', ConnectionResetError(104, 'Connection reset by peer'))
2026-04-19 11:16:03,410 [ERROR] Attempt 1 failed: ('Connection aborted.', ConnectionResetError(104, 'Connection reset by peer'))
2026-04-19 11:16:27,309 [ERROR] Attempt 1 failed: ('Connection aborted.', ConnectionResetError(104, 'Connection reset by peer'))
2026-04-19 11:16:39,310 [ERROR] Attempt 2 failed: ('Connection aborted.', ConnectionResetError(104, 'Connection reset by peer'))
2026-04-19 11:16:56,046 [INFO] Checkpoint: 2000 done
2026-04-19 11:17:20,009 [ERROR] Attempt 1 failed: ('Connection aborted.', ConnectionResetError(104, 'Connection reset by peer'))
2026-04-19 11:17:35,609 [ERROR] Attempt 1 failed: ('Connection aborted.', ConnectionResetError(104, 'Connection reset by peer'))
2026-04-19 11:18:14,408 [ERROR] Attempt 1 failed: ('Connection aborted.', ConnectionResetError(104, 'Connection reset by peer'))
2026-04-19 11:18:30,009 [ERROR] Attempt 1 failed: ('Connection aborted.', ConnectionResetError(104, 'Connection reset by peer'))
2026-04-19 11:19:24,415 [ERROR] Attempt 1 failed: ('Connection aborted.', ConnectionResetError(104, 'Connection reset by peer'))
2026-04-19 11:19:50,013 [ERROR] Attempt 1 failed: ('Connection aborted.', ConnectionResetError(104, 'Connection reset by peer'))
2026-04-19 11:20:52,809 [ERROR] Attempt 1 failed: ('Connection aborted.', ConnectionResetError(104, 'Connection reset by peer'))
2026-04-19 11:21:07,816 [ERROR] Attempt 1 failed: ('Connection aborted.', ConnectionResetError(104, 'Connection reset by peer'))
2026-04-19 11:21:26,208 [ERROR] Attempt 1 failed: ('Connection aborted.', ConnectionResetError(104, 'Connection reset by peer'))
2026-04-19 11:21:31,209 [INFO] Checkpoint: 2050 done
2026-04-19 11:22:10,807 [ERROR] Attempt 1 failed: ('Connection aborted.', ConnectionResetError(104, 'Connection reset by peer'))
2026-04-19 11:22:29,613 [ERROR] Attempt 1 failed: ('Connection aborted.', ConnectionResetError(104, 'Connection reset by peer'))
2026-04-19 11:22:45,308 [ERROR] Attempt 1 failed: ('Connection aborted.', ConnectionResetError(104, 'Connection reset by peer'))
2026-04-19 11:23:07,107 [ERROR] Attempt 1 failed: ('Connection aborted.', ConnectionResetError(104, 'Connection reset by peer'))
2026-04-19 11:23:29,407 [ERROR] Attempt 1 failed: ('Connection aborted.', ConnectionResetError(104, 'Connection reset by peer'))
2026-04-19 11:23:44,707 [ERROR] Attempt 1 failed: ('Connection aborted.', ConnectionResetError(104, 'Connection reset by peer'))
2026-04-19 11:24:10,210 [ERROR] Attempt 1 failed: ('Connection aborted.', ConnectionResetError(104, 'Connection reset by peer'))
2026-04-19 11:24:28,807 [ERROR] Attempt 1 failed: ('Connection aborted.', ConnectionResetError(104, 'Connection reset by peer'))
2026-04-19 11:24:47,508 [ERROR] Attempt 1 failed: ('Connection aborted.', ConnectionResetError(104, 'Connection reset by peer'))
2026-04-19 11:25:09,406 [ERROR] Attempt 1 failed: ('Connection aborted.', ConnectionResetError(104, 'Connection reset by peer'))
2026-04-19 11:25:28,508 [ERROR] Attempt 1 failed: ('Connection aborted.', ConnectionResetError(104, 'Connection reset by peer'))
2026-04-19 11:26:10,611 [ERROR] Attempt 1 failed: ('Connection aborted.', ConnectionResetError(104, 'Connection reset by peer'))
2026-04-19 11:26:40,007 [ERROR] Attempt 1 failed: ('Connection aborted.', ConnectionResetError(104, 'Connection reset by peer'))
2026-04-19 11:26:55,836 [INFO] Checkpoint: 2100 done
2026-04-19 11:27:15,606 [ERROR] Attempt 1 failed: ('Connection aborted.', ConnectionResetError(104, 'Connection reset by peer'))
2026-04-19 11:27:27,606 [ERROR] Attempt 2 failed: ('Connection aborted.', ConnectionResetError(104, 'Connection reset by peer'))
2026-04-19 11:27:55,712 [ERROR] Attempt 1 failed: ('Connection aborted.', ConnectionResetError(104, 'Connection reset by peer'))
2026-04-19 11:28:17,205 [ERROR] Attempt 1 failed: ('Connection aborted.', ConnectionResetError(104, 'Connection reset by peer'))
2026-04-19 11:28:29,211 [ERROR] Attempt 2 failed: ('Connection aborted.', ConnectionResetError(104, 'Connection reset by peer'))
2026-04-19 11:29:19,413 [ERROR] Attempt 1 failed: ('Connection aborted.', ConnectionResetError(104, 'Connection reset by peer'))
2026-04-19 11:29:41,505 [ERROR] Attempt 1 failed: ('Connection aborted.', ConnectionResetError(104, 'Connection reset by peer'))
2026-04-19 11:29:59,909 [ERROR] Attempt 1 failed: ('Connection aborted.', ConnectionResetError(104, 'Connection reset by peer'))
2026-04-19 11:30:12,005 [ERROR] Attempt 2 failed: ('Connection aborted.', ConnectionResetError(104, 'Connection reset by peer'))
2026-04-19 11:30:42,704 [ERROR] Attempt 1 failed: ('Connection aborted.', ConnectionResetError(104, 'Connection reset by peer'))
2026-04-19 11:30:54,704 [ERROR] Attempt 2 failed: ('Connection aborted.', ConnectionResetError(104, 'Connection reset by peer'))
2026-04-19 11:31:08,804 [ERROR] Attempt 3 failed: ('Connection aborted.', ConnectionResetError(104, 'Connection reset by peer'))
2026-04-19 11:31:16,810 [ERROR] All retries exhausted — skipping.
2026-04-19 11:31:44,004 [ERROR] Attempt 1 failed: ('Connection aborted.', ConnectionResetError(104, 'Connection reset by peer'))
2026-04-19 11:31:56,103 [ERROR] Attempt 2 failed: ('Connection aborted.', ConnectionResetError(104, 'Connection reset by peer'))
2026-04-19 11:32:17,002 [ERROR] Attempt 1 failed: ('Connection aborted.', ConnectionResetError(104, 'Connection reset by peer'))
2026-04-19 11:32:35,903 [ERROR] Attempt 1 failed: ('Connection aborted.', ConnectionResetError(104, 'Connection reset by peer'))
2026-04-19 11:33:09,501 [ERROR] Attempt 1 failed: ('Connection aborted.', ConnectionResetError(104, 'Connection reset by peer'))
2026-04-19 11:33:24,802 [ERROR] Attempt 1 failed: ('Connection aborted.', ConnectionResetError(104, 'Connection reset by peer'))
2026-04-19 11:33:34,076 [INFO] Checkpoint: 2150 done
2026-04-19 11:33:47,200 [ERROR] Attempt 1 failed: ('Connection aborted.', ConnectionResetError(104, 'Connection reset by peer'))
2026-04-19 11:34:05,904 [ERROR] Attempt 1 failed: ('Connection aborted.', ConnectionResetError(104, 'Connection reset by peer'))
2026-04-19 11:34:25,004 [ERROR] Attempt 1 failed: ('Connection aborted.', ConnectionResetError(104, 'Connection reset by peer'))
2026-04-19 11:34:47,601 [ERROR] Attempt 1 failed: ('Connection aborted.', ConnectionResetError(104, 'Connection reset by peer'))
2026-04-19 11:35:03,000 [ERROR] Attempt 1 failed: ('Connection aborted.', ConnectionResetError(104, 'Connection reset by peer'))
2026-04-19 11:35:25,700 [ERROR] Attempt 1 failed: ('Connection aborted.', ConnectionResetError(104, 'Connection reset by peer'))
2026-04-19 11:35:37,798 [ERROR] Attempt 2 failed: ('Connection aborted.', ConnectionResetError(104, 'Connection reset by peer'))
2026-04-19 11:36:08,498 [ERROR] Attempt 1 failed: ('Connection aborted.', ConnectionResetError(104, 'Connection reset by peer'))
2026-04-19 11:36:44,098 [ERROR] Attempt 1 failed: ('Connection aborted.', ConnectionResetError(104, 'Connection reset by peer'))
2026-04-19 11:37:02,797 [ERROR] Attempt 1 failed: ('Connection aborted.', ConnectionResetError(104, 'Connection reset by peer'))
2026-04-19 11:37:21,397 [ERROR] Attempt 1 failed: ('Connection aborted.', ConnectionResetError(104, 'Connection reset by peer'))
2026-04-19 11:37:47,097 [ERROR] Attempt 1 failed: ('Connection aborted.', ConnectionResetError(104, 'Connection reset by peer'))
2026-04-19 11:38:35,697 [ERROR] Attempt 1 failed: ('Connection aborted.', ConnectionResetError(104, 'Connection reset by peer'))
2026-04-19 11:38:51,200 [ERROR] Attempt 1 failed: ('Connection aborted.', ConnectionResetError(104, 'Connection reset by peer'))
2026-04-19 11:39:06,395 [ERROR] Attempt 1 failed: ('Connection aborted.', ConnectionResetError(104, 'Connection reset by peer'))
2026-04-19 11:39:21,902 [ERROR] Attempt 1 failed: ('Connection aborted.', ConnectionResetError(104, 'Connection reset by peer'))
2026-04-19 11:39:36,990 [INFO] Checkpoint: 2200 done
2026-04-19 11:39:50,098 [ERROR] Attempt 1 failed: ('Connection aborted.', ConnectionResetError(104, 'Connection reset by peer'))
2026-04-19 11:40:15,296 [ERROR] Attempt 1 failed: ('Connection aborted.', ConnectionResetError(104, 'Connection reset by peer'))
2026-04-19 11:41:04,695 [ERROR] Attempt 1 failed: ('Connection aborted.', ConnectionResetError(104, 'Connection reset by peer'))
2026-04-19 11:41:30,894 [ERROR] Attempt 1 failed: ('Connection aborted.', ConnectionResetError(104, 'Connection reset by peer'))
2026-04-19 11:41:53,293 [ERROR] Attempt 1 failed: ('Connection aborted.', ConnectionResetError(104, 'Connection reset by peer'))
2026-04-19 11:42:18,895 [ERROR] Attempt 1 failed: ('Connection aborted.', ConnectionResetError(104, 'Connection reset by peer'))
2026-04-19 11:42:51,192 [ERROR] Attempt 1 failed: ('Connection aborted.', ConnectionResetError(104, 'Connection reset by peer'))
2026-04-19 11:43:03,198 [ERROR] Attempt 2 failed: ('Connection aborted.', ConnectionResetError(104, 'Connection reset by peer'))
2026-04-19 11:43:20,592 [ERROR] Attempt 1 failed: ('Connection aborted.', ConnectionResetError(104, 'Connection reset by peer'))
2026-04-19 11:44:04,092 [ERROR] Attempt 1 failed: ('Connection aborted.', ConnectionResetError(104, 'Connection reset by peer'))
2026-04-19 11:44:19,591 [ERROR] Attempt 1 failed: ('Connection aborted.', ConnectionResetError(104, 'Connection reset by peer'))
2026-04-19 11:44:41,701 [INFO] Checkpoint: 2250 done
2026-04-19 11:44:51,791 [ERROR] Attempt 1 failed: ('Connection aborted.', ConnectionResetError(104, 'Connection reset by peer'))
2026-04-19 11:45:07,192 [ERROR] Attempt 1 failed: ('Connection aborted.', ConnectionResetError(104, 'Connection reset by peer'))
2026-04-19 11:45:28,698 [ERROR] Attempt 1 failed: ('Connection aborted.', ConnectionResetError(104, 'Connection reset by peer'))
2026-04-19 11:45:44,192 [ERROR] Attempt 1 failed: ('Connection aborted.', ConnectionResetError(104, 'Connection reset by peer'))
2026-04-19 11:45:56,490 [ERROR] Attempt 2 failed: ('Connection aborted.', ConnectionResetError(104, 'Connection reset by peer'))
2026-04-19 11:46:14,291 [ERROR] Attempt 1 failed: ('Connection aborted.', ConnectionResetError(104, 'Connection reset by peer'))
2026-04-19 11:46:53,490 [ERROR] Attempt 1 failed: ('Connection aborted.', ConnectionResetError(104, 'Connection reset by peer'))
2026-04-19 11:47:13,389 [ERROR] Attempt 1 failed: ('Connection aborted.', ConnectionResetError(104, 'Connection reset by peer'))
2026-04-19 11:47:53,590 [ERROR] Attempt 1 failed: ('Connection aborted.', ConnectionResetError(104, 'Connection reset by peer'))
2026-04-19 11:49:08,989 [ERROR] Attempt 1 failed: ('Connection aborted.', ConnectionResetError(104, 'Connection reset by peer'))
2026-04-19 11:49:24,803 [ERROR] Attempt 1 failed: ('Connection aborted.', ConnectionResetError(104, 'Connection reset by peer'))
2026-04-19 11:49:43,588 [ERROR] Attempt 1 failed: ('Connection aborted.', ConnectionResetError(104, 'Connection reset by peer'))
2026-04-19 11:49:55,588 [ERROR] Attempt 2 failed: ('Connection aborted.', ConnectionResetError(104, 'Connection reset by peer'))
2026-04-19 11:50:20,041 [INFO] Checkpoint: 2300 done
2026-04-19 11:50:30,188 [ERROR] Attempt 1 failed: ('Connection aborted.', ConnectionResetError(104, 'Connection reset by peer'))
2026-04-19 11:50:42,187 [ERROR] Attempt 2 failed: ('Connection aborted.', ConnectionResetError(104, 'Connection reset by peer'))
2026-04-19 11:50:59,396 [ERROR] Attempt 1 failed: ('Connection aborted.', ConnectionResetError(104, 'Connection reset by peer'))
2026-04-19 11:51:30,187 [ERROR] Attempt 1 failed: ('Connection aborted.', ConnectionResetError(104, 'Connection reset by peer'))
2026-04-19 11:51:45,687 [ERROR] Attempt 1 failed: ('Connection aborted.', ConnectionResetError(104, 'Connection reset by peer'))
2026-04-19 11:52:04,588 [ERROR] Attempt 1 failed: ('Connection aborted.', ConnectionResetError(104, 'Connection reset by peer'))
2026-04-19 11:52:54,087 [ERROR] Attempt 1 failed: ('Connection aborted.', ConnectionResetError(104, 'Connection reset by peer'))
2026-04-19 11:53:23,986 [ERROR] Attempt 1 failed: ('Connection aborted.', ConnectionResetError(104, 'Connection reset by peer'))
2026-04-19 11:53:43,586 [ERROR] Attempt 1 failed: ('Connection aborted.', ConnectionResetError(104, 'Connection reset by peer'))
2026-04-19 11:53:58,985 [ERROR] Attempt 1 failed: ('Connection aborted.', ConnectionResetError(104, 'Connection reset by peer'))
2026-04-19 11:54:40,485 [ERROR] Attempt 1 failed: ('Connection aborted.', ConnectionResetError(104, 'Connection reset by peer'))
2026-04-19 11:54:58,986 [ERROR] Attempt 1 failed: ('Connection aborted.', ConnectionResetError(104, 'Connection reset by peer'))
2026-04-19 11:55:17,587 [ERROR] Attempt 1 failed: ('Connection aborted.', ConnectionResetError(104, 'Connection reset by peer'))
2026-04-19 11:55:57,386 [ERROR] Attempt 1 failed: ('Connection aborted.', ConnectionResetError(104, 'Connection reset by peer'))
2026-04-19 11:56:06,334 [INFO] Checkpoint: 2350 done
2026-04-19 11:56:16,385 [ERROR] Attempt 1 failed: ('Connection aborted.', ConnectionResetError(104, 'Connection reset by peer'))
2026-04-19 11:56:38,487 [ERROR] Attempt 1 failed: ('Connection aborted.', ConnectionResetError(104, 'Connection reset by peer'))
2026-04-19 11:56:53,985 [ERROR] Attempt 1 failed: ('Connection aborted.', ConnectionResetError(104, 'Connection reset by peer'))
2026-04-19 11:57:12,787 [ERROR] Attempt 1 failed: ('Connection aborted.', ConnectionResetError(104, 'Connection reset by peer'))
2026-04-19 11:57:31,783 [ERROR] Attempt 1 failed: ('Connection aborted.', ConnectionResetError(104, 'Connection reset by peer'))
2026-04-19 11:57:47,483 [ERROR] Attempt 1 failed: ('Connection aborted.', ConnectionResetError(104, 'Connection reset by peer'))
2026-04-19 11:58:25,784 [ERROR] Attempt 1 failed: ('Connection aborted.', ConnectionResetError(104, 'Connection reset by peer'))
2026-04-19 11:58:51,884 [ERROR] Attempt 1 failed: ('Connection aborted.', ConnectionResetError(104, 'Connection reset by peer'))
2026-04-19 11:59:07,884 [ERROR] Attempt 1 failed: ('Connection aborted.', ConnectionResetError(104, 'Connection reset by peer'))
2026-04-19 11:59:23,086 [ERROR] Attempt 1 failed: ('Connection aborted.', ConnectionResetError(104, 'Connection reset by peer'))
2026-04-19 11:59:52,485 [ERROR] Attempt 1 failed: ('Connection aborted.', ConnectionResetError(104, 'Connection reset by peer'))
2026-04-19 12:00:04,584 [ERROR] Attempt 2 failed: ('Connection aborted.', ConnectionResetError(104, 'Connection reset by peer'))
2026-04-19 12:00:18,682 [ERROR] Attempt 3 failed: ('Connection aborted.', ConnectionResetError(104, 'Connection reset by peer'))
2026-04-19 12:00:26,685 [ERROR] All retries exhausted — skipping.
2026-04-19 12:00:39,982 [ERROR] Attempt 1 failed: ('Connection aborted.', ConnectionResetError(104, 'Connection reset by peer'))
2026-04-19 12:01:15,883 [ERROR] Attempt 1 failed: ('Connection aborted.', ConnectionResetError(104, 'Connection reset by peer'))
2026-04-19 12:01:44,986 [ERROR] Attempt 1 failed: ('Connection aborted.', ConnectionResetError(104, 'Connection reset by peer'))
2026-04-19 12:02:03,885 [ERROR] Attempt 1 failed: ('Connection aborted.', ConnectionResetError(104, 'Connection reset by peer'))
2026-04-19 12:02:26,415 [INFO] Checkpoint: 2400 done
2026-04-19 12:02:43,482 [ERROR] Attempt 1 failed: ('Connection aborted.', ConnectionResetError(104, 'Connection reset by peer'))
2026-04-19 12:02:55,581 [ERROR] Attempt 2 failed: ('Connection aborted.', ConnectionResetError(104, 'Connection reset by peer'))
2026-04-19 12:03:09,681 [ERROR] Attempt 3 failed: ('Connection aborted.', ConnectionResetError(104, 'Connection reset by peer'))
2026-04-19 12:03:17,682 [ERROR] All retries exhausted — skipping.
2026-04-19 12:03:27,882 [ERROR] Attempt 1 failed: ('Connection aborted.', ConnectionResetError(104, 'Connection reset by peer'))
2026-04-19 12:05:12,885 [ERROR] Attempt 1 failed: ('Connection aborted.', ConnectionResetError(104, 'Connection reset by peer'))
2026-04-19 12:05:49,081 [ERROR] Attempt 1 failed: ('Connection aborted.', ConnectionResetError(104, 'Connection reset by peer'))
2026-04-19 12:06:08,079 [ERROR] Attempt 1 failed: ('Connection aborted.', ConnectionResetError(104, 'Connection reset by peer'))
2026-04-19 12:06:37,282 [ERROR] Attempt 1 failed: ('Connection aborted.', ConnectionResetError(104, 'Connection reset by peer'))
2026-04-19 12:06:49,382 [ERROR] Attempt 2 failed: ('Connection aborted.', ConnectionResetError(104, 'Connection reset by peer'))
2026-04-19 12:07:10,187 [ERROR] Attempt 1 failed: ('Connection aborted.', ConnectionResetError(104, 'Connection reset by peer'))
2026-04-19 12:07:22,629 [INFO] Checkpoint: 2450 done
2026-04-19 12:07:39,780 [ERROR] Attempt 1 failed: ('Connection aborted.', ConnectionResetError(104, 'Connection reset by peer'))
2026-04-19 12:09:07,580 [ERROR] Attempt 1 failed: ('Connection aborted.', ConnectionResetError(104, 'Connection reset by peer'))
2026-04-19 12:09:38,783 [ERROR] Attempt 1 failed: ('Connection aborted.', ConnectionResetError(104, 'Connection reset by peer'))
2026-04-19 12:10:11,079 [ERROR] Attempt 1 failed: ('Connection aborted.', ConnectionResetError(104, 'Connection reset by peer'))
2026-04-19 12:11:00,125 [INFO] Checkpoint: 2500 done
2026-04-19 12:11:40,478 [ERROR] Attempt 1 failed: ('Connection aborted.', ConnectionResetError(104, 'Connection reset by peer'))
2026-04-19 12:12:36,277 [ERROR] Attempt 1 failed: ('Connection aborted.', ConnectionResetError(104, 'Connection reset by peer'))
2026-04-19 12:12:51,479 [ERROR] Attempt 1 failed: ('Connection aborted.', ConnectionResetError(104, 'Connection reset by peer'))
2026-04-19 12:14:21,777 [ERROR] Attempt 1 failed: ('Connection aborted.', ConnectionResetError(104, 'Connection reset by peer'))
2026-04-19 12:14:33,776 [ERROR] Attempt 2 failed: ('Connection aborted.', ConnectionResetError(104, 'Connection reset by peer'))
2026-04-19 12:14:51,361 [INFO] Checkpoint: 2550 done
2026-04-19 12:15:48,575 [ERROR] Attempt 1 failed: ('Connection aborted.', ConnectionResetError(104, 'Connection reset by peer'))
2026-04-19 12:16:04,275 [ERROR] Attempt 1 failed: ('Connection aborted.', ConnectionResetError(104, 'Connection reset by peer'))
2026-04-19 12:16:16,474 [ERROR] Attempt 2 failed: ('Connection aborted.', ConnectionResetError(104, 'Connection reset by peer'))
2026-04-19 12:16:40,878 [ERROR] Attempt 1 failed: ('Connection aborted.', ConnectionResetError(104, 'Connection reset by peer'))
2026-04-19 12:16:59,474 [ERROR] Attempt 1 failed: ('Connection aborted.', ConnectionResetError(104, 'Connection reset by peer'))
2026-04-19 12:17:56,174 [ERROR] Attempt 1 failed: ('Connection aborted.', ConnectionResetError(104, 'Connection reset by peer'))
2026-04-19 12:18:08,175 [ERROR] Attempt 2 failed: ('Connection aborted.', ConnectionResetError(104, 'Connection reset by peer'))
2026-04-19 12:18:36,374 [ERROR] Attempt 1 failed: ('Connection aborted.', ConnectionResetError(104, 'Connection reset by peer'))
2026-04-19 12:19:16,072 [ERROR] Attempt 1 failed: ('Connection aborted.', ConnectionResetError(104, 'Connection reset by peer'))
2026-04-19 12:19:35,640 [INFO] Checkpoint: 2600 done
2026-04-19 12:20:37,075 [ERROR] Attempt 1 failed: ('Connection aborted.', ConnectionResetError(104, 'Connection reset by peer'))
2026-04-19 12:20:49,071 [ERROR] Attempt 2 failed: ('Connection aborted.', ConnectionResetError(104, 'Connection reset by peer'))
2026-04-19 12:21:03,072 [ERROR] Attempt 3 failed: ('Connection aborted.', ConnectionResetError(104, 'Connection reset by peer'))
2026-04-19 12:21:11,078 [ERROR] All retries exhausted — skipping.
2026-04-19 12:21:24,271 [ERROR] Attempt 1 failed: ('Connection aborted.', ConnectionResetError(104, 'Connection reset by peer'))
2026-04-19 12:21:42,471 [ERROR] Attempt 1 failed: ('Connection aborted.', ConnectionResetError(104, 'Connection reset by peer'))
2026-04-19 12:21:58,071 [ERROR] Attempt 1 failed: ('Connection aborted.', ConnectionResetError(104, 'Connection reset by peer'))
2026-04-19 12:22:30,871 [ERROR] Attempt 1 failed: ('Connection aborted.', ConnectionResetError(104, 'Connection reset by peer'))
2026-04-19 12:22:49,971 [ERROR] Attempt 1 failed: ('Connection aborted.', ConnectionResetError(104, 'Connection reset by peer'))
2026-04-19 12:23:18,776 [ERROR] Attempt 1 failed: ('Connection aborted.', ConnectionResetError(104, 'Connection reset by peer'))
2026-04-19 12:23:46,079 [ERROR] Attempt 1 failed: ('Connection aborted.', ConnectionResetError(104, 'Connection reset by peer'))
2026-04-19 12:24:35,573 [ERROR] Attempt 1 failed: ('Connection aborted.', ConnectionResetError(104, 'Connection reset by peer'))
2026-04-19 12:24:44,781 [INFO] Checkpoint: 2650 done
2026-04-19 12:25:05,170 [ERROR] Attempt 1 failed: ('Connection aborted.', ConnectionResetError(104, 'Connection reset by peer'))
2026-04-19 12:25:34,371 [ERROR] Attempt 1 failed: ('Connection aborted.', ConnectionResetError(104, 'Connection reset by peer'))
2026-04-19 12:25:46,370 [ERROR] Attempt 2 failed: ('Connection aborted.', ConnectionResetError(104, 'Connection reset by peer'))
2026-04-19 12:27:01,268 [ERROR] Attempt 1 failed: ('Connection aborted.', ConnectionResetError(104, 'Connection reset by peer'))
2026-04-19 12:27:47,369 [ERROR] Attempt 1 failed: ('Connection aborted.', ConnectionResetError(104, 'Connection reset by peer'))
2026-04-19 12:27:59,373 [ERROR] Attempt 2 failed: ('Connection aborted.', ConnectionResetError(104, 'Connection reset by peer'))
2026-04-19 12:28:44,668 [ERROR] Attempt 1 failed: ('Connection aborted.', ConnectionResetError(104, 'Connection reset by peer'))
2026-04-19 12:29:03,171 [ERROR] Attempt 1 failed: ('Connection aborted.', ConnectionResetError(104, 'Connection reset by peer'))
2026-04-19 12:29:22,668 [ERROR] Attempt 1 failed: ('Connection aborted.', ConnectionResetError(104, 'Connection reset by peer'))
2026-04-19 12:29:34,667 [ERROR] Attempt 2 failed: ('Connection aborted.', ConnectionResetError(104, 'Connection reset by peer'))
2026-04-19 12:29:42,297 [INFO] Checkpoint: 2700 done
2026-04-19 12:30:01,568 [ERROR] Attempt 1 failed: ('Connection aborted.', ConnectionResetError(104, 'Connection reset by peer'))
2026-04-19 12:30:20,567 [ERROR] Attempt 1 failed: ('Connection aborted.', ConnectionResetError(104, 'Connection reset by peer'))
2026-04-19 12:30:36,168 [ERROR] Attempt 1 failed: ('Connection aborted.', ConnectionResetError(104, 'Connection reset by peer'))
2026-04-19 12:30:58,368 [ERROR] Attempt 1 failed: ('Connection aborted.', ConnectionResetError(104, 'Connection reset by peer'))
2026-04-19 12:31:20,469 [ERROR] Attempt 1 failed: ('Connection aborted.', ConnectionResetError(104, 'Connection reset by peer'))
2026-04-19 12:32:15,371 [ERROR] Attempt 1 failed: ('Connection aborted.', ConnectionResetError(104, 'Connection reset by peer'))
2026-04-19 12:32:34,166 [ERROR] Attempt 1 failed: ('Connection aborted.', ConnectionResetError(104, 'Connection reset by peer'))
2026-04-19 12:32:53,367 [ERROR] Attempt 1 failed: ('Connection aborted.', ConnectionResetError(104, 'Connection reset by peer'))
2026-04-19 12:33:11,468 [ERROR] Attempt 1 failed: ('Connection aborted.', ConnectionResetError(104, 'Connection reset by peer'))
2026-04-19 12:33:33,965 [ERROR] Attempt 1 failed: ('Connection aborted.', ConnectionResetError(104, 'Connection reset by peer'))
2026-04-19 12:34:19,070 [ERROR] Attempt 1 failed: ('Connection aborted.', ConnectionResetError(104, 'Connection reset by peer'))
2026-04-19 12:34:35,171 [ERROR] Attempt 1 failed: ('Connection aborted.', ConnectionResetError(104, 'Connection reset by peer'))
2026-04-19 12:34:54,465 [ERROR] Attempt 1 failed: ('Connection aborted.', ConnectionResetError(104, 'Connection reset by peer'))
2026-04-19 12:35:10,164 [ERROR] Attempt 1 failed: ('Connection aborted.', ConnectionResetError(104, 'Connection reset by peer'))
2026-04-19 12:35:19,268 [INFO] Checkpoint: 2750 done
2026-04-19 12:35:29,365 [ERROR] Attempt 1 failed: ('Connection aborted.', ConnectionResetError(104, 'Connection reset by peer'))
2026-04-19 12:35:41,865 [ERROR] Attempt 2 failed: ('Connection aborted.', ConnectionResetError(104, 'Connection reset by peer'))
2026-04-19 12:35:59,765 [ERROR] Attempt 1 failed: ('Connection aborted.', ConnectionResetError(104, 'Connection reset by peer'))
2026-04-19 12:36:53,964 [ERROR] Attempt 1 failed: ('Connection aborted.', ConnectionResetError(104, 'Connection reset by peer'))
2026-04-19 12:37:25,965 [ERROR] Attempt 1 failed: ('Connection aborted.', ConnectionResetError(104, 'Connection reset by peer'))
2026-04-19 12:37:37,964 [ERROR] Attempt 2 failed: ('Connection aborted.', ConnectionResetError(104, 'Connection reset by peer'))
2026-04-19 12:37:59,167 [ERROR] Attempt 1 failed: ('Connection aborted.', ConnectionResetError(104, 'Connection reset by peer'))
2026-04-19 12:38:41,963 [ERROR] Attempt 1 failed: ('Connection aborted.', ConnectionResetError(104, 'Connection reset by peer'))
2026-04-19 12:39:16,563 [ERROR] Attempt 1 failed: ('Connection aborted.', ConnectionResetError(104, 'Connection reset by peer'))
2026-04-19 12:40:01,963 [ERROR] Attempt 1 failed: ('Connection aborted.', ConnectionResetError(104, 'Connection reset by peer'))
2026-04-19 12:40:21,265 [ERROR] Attempt 1 failed: ('Connection aborted.', ConnectionResetError(104, 'Connection reset by peer'))
2026-04-19 12:40:33,263 [ERROR] Attempt 2 failed: ('Connection aborted.', ConnectionResetError(104, 'Connection reset by peer'))
2026-04-19 12:40:44,174 [INFO] Checkpoint: 2800 done
2026-04-19 12:40:54,263 [ERROR] Attempt 1 failed: ('Connection aborted.', ConnectionResetError(104, 'Connection reset by peer'))
2026-04-19 12:41:20,672 [ERROR] Attempt 1 failed: ('Connection aborted.', ConnectionResetError(104, 'Connection reset by peer'))
2026-04-19 12:41:32,769 [ERROR] Attempt 2 failed: ('Connection aborted.', ConnectionResetError(104, 'Connection reset by peer'))
2026-04-19 12:42:10,864 [ERROR] Attempt 1 failed: ('Connection aborted.', ConnectionResetError(104, 'Connection reset by peer'))
2026-04-19 12:42:22,863 [ERROR] Attempt 2 failed: ('Connection aborted.', ConnectionResetError(104, 'Connection reset by peer'))
2026-04-19 12:42:36,863 [ERROR] Attempt 3 failed: ('Connection aborted.', ConnectionResetError(104, 'Connection reset by peer'))
2026-04-19 12:42:44,872 [ERROR] All retries exhausted — skipping.
2026-04-19 12:43:11,463 [ERROR] Attempt 1 failed: ('Connection aborted.', ConnectionResetError(104, 'Connection reset by peer'))
2026-04-19 12:44:19,864 [ERROR] Attempt 1 failed: ('Connection aborted.', ConnectionResetError(104, 'Connection reset by peer'))
2026-04-19 12:45:09,266 [ERROR] Attempt 1 failed: ('Connection aborted.', ConnectionResetError(104, 'Connection reset by peer'))
2026-04-19 12:45:21,266 [ERROR] Attempt 2 failed: ('Connection aborted.', ConnectionResetError(104, 'Connection reset by peer'))
2026-04-19 12:45:38,863 [ERROR] Attempt 1 failed: ('Connection aborted.', ConnectionResetError(104, 'Connection reset by peer'))
2026-04-19 12:45:57,665 [ERROR] Attempt 1 failed: ('Connection aborted.', ConnectionResetError(104, 'Connection reset by peer'))
2026-04-19 12:46:09,689 [INFO] Checkpoint: 2850 done
2026-04-19 12:46:19,766 [ERROR] Attempt 1 failed: ('Connection aborted.', ConnectionResetError(104, 'Connection reset by peer'))
2026-04-19 12:46:35,066 [ERROR] Attempt 1 failed: ('Connection aborted.', ConnectionResetError(104, 'Connection reset by peer'))
2026-04-19 12:46:50,165 [ERROR] Attempt 1 failed: ('Connection aborted.', ConnectionResetError(104, 'Connection reset by peer'))
2026-04-19 12:47:02,264 [ERROR] Attempt 2 failed: ('Connection aborted.', ConnectionResetError(104, 'Connection reset by peer'))
2026-04-19 12:47:16,464 [ERROR] Attempt 3 failed: ('Connection aborted.', ConnectionResetError(104, 'Connection reset by peer'))
2026-04-19 12:47:24,472 [ERROR] All retries exhausted — skipping.
2026-04-19 12:47:44,163 [ERROR] Attempt 1 failed: ('Connection aborted.', ConnectionResetError(104, 'Connection reset by peer'))
2026-04-19 12:47:59,164 [ERROR] Attempt 1 failed: ('Connection aborted.', ConnectionResetError(104, 'Connection reset by peer'))
2026-04-19 12:48:14,463 [ERROR] Attempt 1 failed: ('Connection aborted.', ConnectionResetError(104, 'Connection reset by peer'))
2026-04-19 12:48:30,463 [ERROR] Attempt 1 failed: ('Connection aborted.', ConnectionResetError(104, 'Connection reset by peer'))
2026-04-19 12:48:46,363 [ERROR] Attempt 1 failed: ('Connection aborted.', ConnectionResetError(104, 'Connection reset by peer'))
2026-04-19 12:49:08,163 [ERROR] Attempt 1 failed: ('Connection aborted.', ConnectionResetError(104, 'Connection reset by peer'))
2026-04-19 12:50:04,862 [ERROR] Attempt 1 failed: ('Connection aborted.', ConnectionResetError(104, 'Connection reset by peer'))
2026-04-19 12:50:23,964 [ERROR] Attempt 1 failed: ('Connection aborted.', ConnectionResetError(104, 'Connection reset by peer'))
2026-04-19 12:50:39,762 [ERROR] Attempt 1 failed: ('Connection aborted.', ConnectionResetError(104, 'Connection reset by peer'))
2026-04-19 12:50:51,763 [ERROR] Attempt 2 failed: ('Connection aborted.', ConnectionResetError(104, 'Connection reset by peer'))
2026-04-19 12:51:39,162 [ERROR] Attempt 1 failed: ('Connection aborted.', ConnectionResetError(104, 'Connection reset by peer'))
2026-04-19 12:51:51,165 [ERROR] Attempt 2 failed: ('Connection aborted.', ConnectionResetError(104, 'Connection reset by peer'))
2026-04-19 12:52:12,067 [ERROR] Attempt 1 failed: ('Connection aborted.', ConnectionResetError(104, 'Connection reset by peer'))
2026-04-19 12:52:40,562 [ERROR] Attempt 1 failed: ('Connection aborted.', ConnectionResetError(104, 'Connection reset by peer'))
2026-04-19 12:52:52,562 [ERROR] Attempt 2 failed: ('Connection aborted.', ConnectionResetError(104, 'Connection reset by peer'))
2026-04-19 12:53:20,262 [ERROR] Attempt 1 failed: ('Connection aborted.', ConnectionResetError(104, 'Connection reset by peer'))
2026-04-19 12:53:32,262 [ERROR] Attempt 2 failed: ('Connection aborted.', ConnectionResetError(104, 'Connection reset by peer'))
2026-04-19 12:53:41,356 [INFO] Checkpoint: 2900 done
2026-04-19 12:54:09,161 [ERROR] Attempt 1 failed: ('Connection aborted.', ConnectionResetError(104, 'Connection reset by peer'))
2026-04-19 12:54:21,161 [ERROR] Attempt 2 failed: ('Connection aborted.', ConnectionResetError(104, 'Connection reset by peer'))
2026-04-19 12:54:35,161 [ERROR] Attempt 3 failed: ('Connection aborted.', ConnectionResetError(104, 'Connection reset by peer'))
2026-04-19 12:54:43,162 [ERROR] All retries exhausted — skipping.
2026-04-19 12:54:53,861 [ERROR] Attempt 1 failed: ('Connection aborted.', ConnectionResetError(104, 'Connection reset by peer'))
2026-04-19 12:55:15,762 [ERROR] Attempt 1 failed: ('Connection aborted.', ConnectionResetError(104, 'Connection reset by peer'))
2026-04-19 12:56:08,061 [ERROR] Attempt 1 failed: ('Connection aborted.', ConnectionResetError(104, 'Connection reset by peer'))
2026-04-19 12:57:03,161 [ERROR] Attempt 1 failed: ('Connection aborted.', ConnectionResetError(104, 'Connection reset by peer'))
2026-04-19 12:57:22,761 [ERROR] Attempt 1 failed: ('Connection aborted.', ConnectionResetError(104, 'Connection reset by peer'))
2026-04-19 12:57:45,461 [ERROR] Attempt 1 failed: ('Connection aborted.', ConnectionResetError(104, 'Connection reset by peer'))
2026-04-19 12:58:01,661 [ERROR] Attempt 1 failed: ('Connection aborted.', ConnectionResetError(104, 'Connection reset by peer'))
2026-04-19 12:58:30,361 [ERROR] Attempt 1 failed: ('Connection aborted.', ConnectionResetError(104, 'Connection reset by peer'))
2026-04-19 12:58:45,461 [ERROR] Attempt 1 failed: ('Connection aborted.', ConnectionResetError(104, 'Connection reset by peer'))
2026-04-19 12:58:57,562 [ERROR] Attempt 2 failed: ('Connection aborted.', ConnectionResetError(104, 'Connection reset by peer'))
2026-04-19 12:59:19,106 [INFO] Checkpoint: 2950 done
2026-04-19 12:59:32,760 [ERROR] Attempt 1 failed: ('Connection aborted.', ConnectionResetError(104, 'Connection reset by peer'))
2026-04-19 13:00:06,860 [ERROR] Attempt 1 failed: ('Connection aborted.', ConnectionResetError(104, 'Connection reset by peer'))
2026-04-19 13:00:52,159 [ERROR] Attempt 1 failed: ('Connection aborted.', ConnectionResetError(104, 'Connection reset by peer'))
2026-04-19 13:01:22,059 [ERROR] Attempt 1 failed: ('Connection aborted.', ConnectionResetError(104, 'Connection reset by peer'))
2026-04-19 13:01:58,459 [ERROR] Attempt 1 failed: ('Connection aborted.', ConnectionResetError(104, 'Connection reset by peer'))
2026-04-19 13:02:13,559 [ERROR] Attempt 1 failed: ('Connection aborted.', ConnectionResetError(104, 'Connection reset by peer'))
2026-04-19 13:03:07,960 [ERROR] Attempt 1 failed: ('Connection aborted.', ConnectionResetError(104, 'Connection reset by peer'))
2026-04-19 13:03:39,660 [ERROR] Attempt 1 failed: ('Connection aborted.', ConnectionResetError(104, 'Connection reset by peer'))
2026-04-19 13:03:51,384 [INFO] Checkpoint: 3000 done
2026-04-19 13:04:04,858 [ERROR] Attempt 1 failed: ('Connection aborted.', ConnectionResetError(104, 'Connection reset by peer'))
2026-04-19 13:04:27,059 [ERROR] Attempt 1 failed: ('Connection aborted.', ConnectionResetError(104, 'Connection reset by peer'))
2026-04-19 13:04:56,358 [ERROR] Attempt 1 failed: ('Connection aborted.', ConnectionResetError(104, 'Connection reset by peer'))
2026-04-19 13:05:39,665 [ERROR] Attempt 1 failed: ('Connection aborted.', ConnectionResetError(104, 'Connection reset by peer'))
2026-04-19 13:06:35,058 [ERROR] Attempt 1 failed: ('Connection aborted.', ConnectionResetError(104, 'Connection reset by peer'))
2026-04-19 13:06:57,857 [ERROR] Attempt 1 failed: ('Connection aborted.', ConnectionResetError(104, 'Connection reset by peer'))
2026-04-19 13:07:13,157 [ERROR] Attempt 1 failed: ('Connection aborted.', ConnectionResetError(104, 'Connection reset by peer'))
2026-04-19 13:07:28,658 [ERROR] Attempt 1 failed: ('Connection aborted.', ConnectionResetError(104, 'Connection reset by peer'))
2026-04-19 13:07:54,158 [ERROR] Attempt 1 failed: ('Connection aborted.', ConnectionResetError(104, 'Connection reset by peer'))
2026-04-19 13:08:06,159 [ERROR] Attempt 2 failed: ('Connection aborted.', ConnectionResetError(104, 'Connection reset by peer'))
2026-04-19 13:08:23,557 [ERROR] Attempt 1 failed: ('Connection aborted.', ConnectionResetError(104, 'Connection reset by peer'))
2026-04-19 13:09:01,560 [ERROR] Attempt 1 failed: ('Connection aborted.', ConnectionResetError(104, 'Connection reset by peer'))
2026-04-19 13:09:10,091 [INFO] Checkpoint: 3050 done
2026-04-19 13:10:22,156 [ERROR] Attempt 1 failed: ('Connection aborted.', ConnectionResetError(104, 'Connection reset by peer'))
2026-04-19 13:10:37,757 [ERROR] Attempt 1 failed: ('Connection aborted.', ConnectionResetError(104, 'Connection reset by peer'))
2026-04-19 13:10:50,055 [ERROR] Attempt 2 failed: ('Connection aborted.', ConnectionResetError(104, 'Connection reset by peer'))
2026-04-19 13:11:04,058 [ERROR] Attempt 3 failed: ('Connection aborted.', ConnectionResetError(104, 'Connection reset by peer'))
2026-04-19 13:11:12,066 [ERROR] All retries exhausted — skipping.
2026-04-19 13:11:32,856 [ERROR] Attempt 1 failed: ('Connection aborted.', ConnectionResetError(104, 'Connection reset by peer'))
2026-04-19 13:12:11,855 [ERROR] Attempt 1 failed: ('Connection aborted.', ConnectionResetError(104, 'Connection reset by peer'))
2026-04-19 13:12:27,555 [ERROR] Attempt 1 failed: ('Connection aborted.', ConnectionResetError(104, 'Connection reset by peer'))
2026-04-19 13:12:39,555 [ERROR] Attempt 2 failed: ('Connection aborted.', ConnectionResetError(104, 'Connection reset by peer'))
2026-04-19 13:13:00,855 [ERROR] Attempt 1 failed: ('Connection aborted.', ConnectionResetError(104, 'Connection reset by peer'))
2026-04-19 13:13:47,059 [ERROR] Attempt 1 failed: ('Connection aborted.', ConnectionResetError(104, 'Connection reset by peer'))
2026-04-19 13:13:59,256 [ERROR] Attempt 2 failed: ('Connection aborted.', ConnectionResetError(104, 'Connection reset by peer'))
2026-04-19 13:14:13,255 [ERROR] Attempt 3 failed: ('Connection aborted.', ConnectionResetError(104, 'Connection reset by peer'))
2026-04-19 13:14:21,269 [ERROR] All retries exhausted — skipping.
2026-04-19 13:14:31,355 [ERROR] Attempt 1 failed: ('Connection aborted.', ConnectionResetError(104, 'Connection reset by peer'))
2026-04-19 13:14:53,916 [INFO] Checkpoint: 3100 done
2026-04-19 13:15:03,962 [ERROR] Attempt 1 failed: ('Connection aborted.', ConnectionResetError(104, 'Connection reset by peer'))
2026-04-19 13:15:22,560 [ERROR] Attempt 1 failed: ('Connection aborted.', ConnectionResetError(104, 'Connection reset by peer'))
2026-04-19 13:16:08,959 [ERROR] Attempt 1 failed: ('Connection aborted.', ConnectionResetError(104, 'Connection reset by peer'))
2026-04-19 13:16:28,263 [ERROR] Attempt 1 failed: ('Connection aborted.', ConnectionResetError(104, 'Connection reset by peer'))
2026-04-19 13:16:50,456 [ERROR] Attempt 1 failed: ('Connection aborted.', ConnectionResetError(104, 'Connection reset by peer'))
2026-04-19 13:17:02,459 [ERROR] Attempt 2 failed: ('Connection aborted.', ConnectionResetError(104, 'Connection reset by peer'))
2026-04-19 13:17:20,055 [ERROR] Attempt 1 failed: ('Connection aborted.', ConnectionResetError(104, 'Connection reset by peer'))
2026-04-19 13:18:08,857 [ERROR] Attempt 1 failed: ('Connection aborted.', ConnectionResetError(104, 'Connection reset by peer'))
2026-04-19 13:18:22,257 [ERROR] Attempt 2 failed: ('Connection aborted.', ConnectionResetError(104, 'Connection reset by peer'))
2026-04-19 13:18:50,756 [ERROR] Attempt 1 failed: ('Connection aborted.', ConnectionResetError(104, 'Connection reset by peer'))
2026-04-19 13:19:02,756 [ERROR] Attempt 2 failed: ('Connection aborted.', ConnectionResetError(104, 'Connection reset by peer'))
2026-04-19 13:19:23,559 [ERROR] Attempt 1 failed: ('Connection aborted.', ConnectionResetError(104, 'Connection reset by peer'))
2026-04-19 13:20:22,372 [INFO] Checkpoint: 3150 done
2026-04-19 13:20:32,456 [ERROR] Attempt 1 failed: ('Connection aborted.', ConnectionResetError(104, 'Connection reset by peer'))
2026-04-19 13:20:55,157 [ERROR] Attempt 1 failed: ('Connection aborted.', ConnectionResetError(104, 'Connection reset by peer'))
2026-04-19 13:21:16,658 [ERROR] Attempt 1 failed: ('Connection aborted.', ConnectionResetError(104, 'Connection reset by peer'))
2026-04-19 13:21:35,455 [ERROR] Attempt 1 failed: ('Connection aborted.', ConnectionResetError(104, 'Connection reset by peer'))
2026-04-19 13:21:57,055 [ERROR] Attempt 1 failed: ('Connection aborted.', ConnectionResetError(104, 'Connection reset by peer'))
2026-04-19 13:23:04,755 [ERROR] Attempt 1 failed: ('Connection aborted.', ConnectionResetError(104, 'Connection reset by peer'))
2026-04-19 13:23:36,559 [ERROR] Attempt 1 failed: ('Connection aborted.', ConnectionResetError(104, 'Connection reset by peer'))
2026-04-19 13:23:52,061 [ERROR] Attempt 1 failed: ('Connection aborted.', ConnectionResetError(104, 'Connection reset by peer'))
2026-04-19 13:24:04,155 [ERROR] Attempt 2 failed: ('Connection aborted.', ConnectionResetError(104, 'Connection reset by peer'))
2026-04-19 13:24:38,757 [ERROR] Attempt 1 failed: ('Connection aborted.', ConnectionResetError(104, 'Connection reset by peer'))
2026-04-19 13:24:57,455 [ERROR] Attempt 1 failed: ('Connection aborted.', ConnectionResetError(104, 'Connection reset by peer'))
2026-04-19 13:25:09,458 [ERROR] Attempt 2 failed: ('Connection aborted.', ConnectionResetError(104, 'Connection reset by peer'))
2026-04-19 13:25:23,561 [ERROR] Attempt 3 failed: ('Connection aborted.', ConnectionResetError(104, 'Connection reset by peer'))
2026-04-19 13:25:31,569 [ERROR] All retries exhausted — skipping.
2026-04-19 13:25:55,939 [INFO] Checkpoint: 3200 done
2026-04-19 13:26:13,054 [ERROR] Attempt 1 failed: ('Connection aborted.', ConnectionResetError(104, 'Connection reset by peer'))
2026-04-19 13:27:35,656 [ERROR] Attempt 1 failed: ('Connection aborted.', ConnectionResetError(104, 'Connection reset by peer'))
2026-04-19 13:28:15,854 [ERROR] Attempt 1 failed: ('Connection aborted.', ConnectionResetError(104, 'Connection reset by peer'))
2026-04-19 13:28:27,854 [ERROR] Attempt 2 failed: ('Connection aborted.', ConnectionResetError(104, 'Connection reset by peer'))
2026-04-19 13:29:09,053 [ERROR] Attempt 1 failed: ('Connection aborted.', ConnectionResetError(104, 'Connection reset by peer'))
2026-04-19 13:29:51,454 [ERROR] Attempt 1 failed: ('Connection aborted.', ConnectionResetError(104, 'Connection reset by peer'))
2026-04-19 13:29:59,777 [INFO] Checkpoint: 3250 done
2026-04-19 13:30:26,554 [ERROR] Attempt 1 failed: ('Connection aborted.', ConnectionResetError(104, 'Connection reset by peer'))
2026-04-19 13:30:58,853 [ERROR] Attempt 1 failed: ('Connection aborted.', ConnectionResetError(104, 'Connection reset by peer'))
2026-04-19 13:32:13,354 [ERROR] Attempt 1 failed: ('Connection aborted.', ConnectionResetError(104, 'Connection reset by peer'))
2026-04-19 13:32:39,853 [ERROR] Attempt 1 failed: ('Connection aborted.', ConnectionResetError(104, 'Connection reset by peer'))
2026-04-19 13:33:02,455 [ERROR] Attempt 1 failed: ('Connection aborted.', ConnectionResetError(104, 'Connection reset by peer'))
2026-04-19 13:33:27,958 [ERROR] Attempt 1 failed: ('Connection aborted.', ConnectionResetError(104, 'Connection reset by peer'))
2026-04-19 13:33:40,058 [ERROR] Attempt 2 failed: ('Connection aborted.', ConnectionResetError(104, 'Connection reset by peer'))
2026-04-19 13:34:07,355 [ERROR] Attempt 1 failed: ('Connection aborted.', ConnectionResetError(104, 'Connection reset by peer'))
2026-04-19 13:34:26,542 [INFO] Checkpoint: 3300 done
2026-04-19 13:34:56,853 [ERROR] Attempt 1 failed: ('Connection aborted.', ConnectionResetError(104, 'Connection reset by peer'))
2026-04-19 13:35:19,453 [ERROR] Attempt 1 failed: ('Connection aborted.', ConnectionResetError(104, 'Connection reset by peer'))
2026-04-19 13:35:57,651 [ERROR] Attempt 1 failed: ('Connection aborted.', ConnectionResetError(104, 'Connection reset by peer'))
2026-04-19 13:36:46,651 [ERROR] Attempt 1 failed: ('Connection aborted.', ConnectionResetError(104, 'Connection reset by peer'))
2026-04-19 13:37:01,857 [ERROR] Attempt 1 failed: ('Connection aborted.', ConnectionResetError(104, 'Connection reset by peer'))
2026-04-19 13:38:15,292 [INFO] Checkpoint: 3350 done
2026-04-19 13:40:24,251 [ERROR] Attempt 1 failed: ('Connection aborted.', ConnectionResetError(104, 'Connection reset by peer'))
2026-04-19 13:40:42,751 [ERROR] Attempt 1 failed: ('Connection aborted.', ConnectionResetError(104, 'Connection reset by peer'))
2026-04-19 13:41:05,250 [ERROR] Attempt 1 failed: ('Connection aborted.', ConnectionResetError(104, 'Connection reset by peer'))
2026-04-19 13:41:27,152 [ERROR] Attempt 1 failed: ('Connection aborted.', ConnectionResetError(104, 'Connection reset by peer'))
2026-04-19 13:41:52,650 [ERROR] Attempt 1 failed: ('Connection aborted.', ConnectionResetError(104, 'Connection reset by peer'))
2026-04-19 13:42:04,750 [ERROR] Attempt 2 failed: ('Connection aborted.', ConnectionResetError(104, 'Connection reset by peer'))
2026-04-19 13:42:17,661 [INFO] Checkpoint: 3400 done
2026-04-19 13:42:37,251 [ERROR] Attempt 1 failed: ('Connection aborted.', ConnectionResetError(104, 'Connection reset by peer'))
2026-04-19 13:43:27,850 [ERROR] Attempt 1 failed: ('Connection aborted.', ConnectionResetError(104, 'Connection reset by peer'))
2026-04-19 13:43:56,749 [ERROR] Attempt 1 failed: ('Connection aborted.', ConnectionResetError(104, 'Connection reset by peer'))
2026-04-19 13:44:15,051 [ERROR] Attempt 1 failed: ('Connection aborted.', ConnectionResetError(104, 'Connection reset by peer'))
2026-04-19 13:44:30,451 [ERROR] Attempt 1 failed: ('Connection aborted.', ConnectionResetError(104, 'Connection reset by peer'))
2026-04-19 13:44:42,449 [ERROR] Attempt 2 failed: ('Connection aborted.', ConnectionResetError(104, 'Connection reset by peer'))
2026-04-19 13:45:09,850 [ERROR] Attempt 1 failed: ('Connection aborted.', ConnectionResetError(104, 'Connection reset by peer'))
2026-04-19 13:45:55,550 [ERROR] Attempt 1 failed: ('Connection aborted.', ConnectionResetError(104, 'Connection reset by peer'))
2026-04-19 13:46:44,069 [INFO] Checkpoint: 3450 done
2026-04-19 13:47:11,448 [ERROR] Attempt 1 failed: ('Connection aborted.', ConnectionResetError(104, 'Connection reset by peer'))
2026-04-19 13:48:10,447 [ERROR] Attempt 1 failed: ('Connection aborted.', ConnectionResetError(104, 'Connection reset by peer'))
2026-04-19 13:48:28,950 [ERROR] Attempt 1 failed: ('Connection aborted.', ConnectionResetError(104, 'Connection reset by peer'))
2026-04-19 13:48:44,747 [ERROR] Attempt 2 failed: ('Connection aborted.', ConnectionResetError(104, 'Connection reset by peer'))
2026-04-19 13:49:12,246 [ERROR] Attempt 1 failed: ('Connection aborted.', ConnectionResetError(104, 'Connection reset by peer'))
2026-04-19 13:49:37,949 [ERROR] Attempt 1 failed: ('Connection aborted.', ConnectionResetError(104, 'Connection reset by peer'))
2026-04-19 13:49:56,852 [ERROR] Attempt 1 failed: ('Connection aborted.', ConnectionResetError(104, 'Connection reset by peer'))
2026-04-19 13:51:08,945 [ERROR] Attempt 1 failed: ('Connection aborted.', ConnectionResetError(104, 'Connection reset by peer'))
2026-04-19 13:51:13,892 [INFO] Checkpoint: 3500 done
2026-04-19 13:51:33,848 [ERROR] Attempt 1 failed: ('Connection aborted.', ConnectionResetError(104, 'Connection reset by peer'))
2026-04-19 13:51:49,543 [ERROR] Attempt 1 failed: ('Connection aborted.', ConnectionResetError(104, 'Connection reset by peer'))
2026-04-19 13:52:08,746 [ERROR] Attempt 1 failed: ('Connection aborted.', ConnectionResetError(104, 'Connection reset by peer'))
2026-04-19 13:52:31,043 [ERROR] Attempt 1 failed: ('Connection aborted.', ConnectionResetError(104, 'Connection reset by peer'))
2026-04-19 13:52:59,748 [ERROR] Attempt 1 failed: ('Connection aborted.', ConnectionResetError(104, 'Connection reset by peer'))
2026-04-19 13:53:18,742 [ERROR] Attempt 1 failed: ('Connection aborted.', ConnectionResetError(104, 'Connection reset by peer'))
2026-04-19 13:53:30,742 [ERROR] Attempt 2 failed: ('Connection aborted.', ConnectionResetError(104, 'Connection reset by peer'))
2026-04-19 13:53:47,941 [ERROR] Attempt 1 failed: ('Connection aborted.', ConnectionResetError(104, 'Connection reset by peer'))
2026-04-19 13:54:40,241 [ERROR] Attempt 1 failed: ('Connection aborted.', ConnectionResetError(104, 'Connection reset by peer'))
2026-04-19 13:54:52,240 [ERROR] Attempt 2 failed: ('Connection aborted.', ConnectionResetError(104, 'Connection reset by peer'))
2026-04-19 13:55:23,440 [ERROR] Attempt 1 failed: ('Connection aborted.', ConnectionResetError(104, 'Connection reset by peer'))
2026-04-19 13:56:26,743 [ERROR] Attempt 1 failed: ('Connection aborted.', ConnectionResetError(104, 'Connection reset by peer'))
2026-04-19 13:56:32,204 [INFO] Checkpoint: 3550 done
2026-04-19 13:56:56,339 [ERROR] Attempt 1 failed: ('Connection aborted.', ConnectionResetError(104, 'Connection reset by peer'))
2026-04-19 13:57:08,342 [ERROR] Attempt 2 failed: ('Connection aborted.', ConnectionResetError(104, 'Connection reset by peer'))
2026-04-19 13:57:25,839 [ERROR] Attempt 1 failed: ('Connection aborted.', ConnectionResetError(104, 'Connection reset by peer'))
2026-04-19 13:57:37,841 [ERROR] Attempt 2 failed: ('Connection aborted.', ConnectionResetError(104, 'Connection reset by peer'))
2026-04-19 13:58:08,338 [ERROR] Attempt 1 failed: ('Connection aborted.', ConnectionResetError(104, 'Connection reset by peer'))
2026-04-19 13:59:02,337 [ERROR] Attempt 1 failed: ('Connection aborted.', ConnectionResetError(104, 'Connection reset by peer'))
2026-04-19 13:59:45,437 [ERROR] Attempt 1 failed: ('Connection aborted.', ConnectionResetError(104, 'Connection reset by peer'))
2026-04-19 14:00:14,936 [ERROR] Attempt 1 failed: ('Connection aborted.', ConnectionResetError(104, 'Connection reset by peer'))
2026-04-19 14:00:27,138 [ERROR] Attempt 2 failed: ('Connection aborted.', ConnectionResetError(104, 'Connection reset by peer'))
2026-04-19 14:00:44,936 [ERROR] Attempt 1 failed: ('Connection aborted.', ConnectionResetError(104, 'Connection reset by peer'))
2026-04-19 14:01:03,939 [ERROR] Attempt 1 failed: ('Connection aborted.', ConnectionResetError(104, 'Connection reset by peer'))
2026-04-19 14:01:31,136 [ERROR] Attempt 1 failed: ('Connection aborted.', ConnectionResetError(104, 'Connection reset by peer'))
2026-04-19 14:01:56,736 [ERROR] Attempt 1 failed: ('Connection aborted.', ConnectionResetError(104, 'Connection reset by peer'))
2026-04-19 14:02:08,735 [ERROR] Attempt 2 failed: ('Connection aborted.', ConnectionResetError(104, 'Connection reset by peer'))
2026-04-19 14:02:23,425 [INFO] Checkpoint: 3600 done
2026-04-19 14:03:01,836 [ERROR] Attempt 1 failed: ('Connection aborted.', ConnectionResetError(104, 'Connection reset by peer'))
2026-04-19 14:03:41,735 [ERROR] Attempt 1 failed: ('Connection aborted.', ConnectionResetError(104, 'Connection reset by peer'))
2026-04-19 14:04:22,635 [ERROR] Attempt 1 failed: ('Connection aborted.', ConnectionResetError(104, 'Connection reset by peer'))
2026-04-19 14:05:05,235 [ERROR] Attempt 1 failed: ('Connection aborted.', ConnectionResetError(104, 'Connection reset by peer'))
2026-04-19 14:05:49,434 [ERROR] Attempt 1 failed: ('Connection aborted.', ConnectionResetError(104, 'Connection reset by peer'))
2026-04-19 14:06:15,333 [ERROR] Attempt 1 failed: ('Connection aborted.', ConnectionResetError(104, 'Connection reset by peer'))
2026-04-19 14:06:27,701 [INFO] Checkpoint: 3650 done
2026-04-19 14:06:37,833 [ERROR] Attempt 1 failed: ('Connection aborted.', ConnectionResetError(104, 'Connection reset by peer'))
2026-04-19 14:06:56,433 [ERROR] Attempt 1 failed: ('Connection aborted.', ConnectionResetError(104, 'Connection reset by peer'))
2026-04-19 14:07:15,233 [ERROR] Attempt 1 failed: ('Connection aborted.', ConnectionResetError(104, 'Connection reset by peer'))
2026-04-19 14:07:44,032 [ERROR] Attempt 1 failed: ('Connection aborted.', ConnectionResetError(104, 'Connection reset by peer'))
2026-04-19 14:08:06,532 [ERROR] Attempt 1 failed: ('Connection aborted.', ConnectionResetError(104, 'Connection reset by peer'))
2026-04-19 14:08:25,432 [ERROR] Attempt 1 failed: ('Connection aborted.', ConnectionResetError(104, 'Connection reset by peer'))
2026-04-19 14:08:41,332 [ERROR] Attempt 1 failed: ('Connection aborted.', ConnectionResetError(104, 'Connection reset by peer'))
2026-04-19 14:09:00,231 [ERROR] Attempt 1 failed: ('Connection aborted.', ConnectionResetError(104, 'Connection reset by peer'))
2026-04-19 14:09:12,234 [ERROR] Attempt 2 failed: ('Connection aborted.', ConnectionResetError(104, 'Connection reset by peer'))
2026-04-19 14:10:04,831 [ERROR] Attempt 1 failed: ('Connection aborted.', ConnectionResetError(104, 'Connection reset by peer'))
2026-04-19 14:11:09,132 [ERROR] Attempt 1 failed: ('Connection aborted.', ConnectionResetError(104, 'Connection reset by peer'))
2026-04-19 14:11:25,039 [ERROR] Attempt 1 failed: ('Connection aborted.', ConnectionResetError(104, 'Connection reset by peer'))
2026-04-19 14:11:37,130 [ERROR] Attempt 2 failed: ('Connection aborted.', ConnectionResetError(104, 'Connection reset by peer'))
2026-04-19 14:12:05,338 [ERROR] Attempt 1 failed: ('Connection aborted.', ConnectionResetError(104, 'Connection reset by peer'))
2026-04-19 14:12:13,906 [INFO] Checkpoint: 3700 done
2026-04-19 14:12:23,933 [ERROR] Attempt 1 failed: ('Connection aborted.', ConnectionResetError(104, 'Connection reset by peer'))
2026-04-19 14:12:42,629 [ERROR] Attempt 1 failed: ('Connection aborted.', ConnectionResetError(104, 'Connection reset by peer'))
2026-04-19 14:13:18,729 [ERROR] Attempt 1 failed: ('Connection aborted.', ConnectionResetError(104, 'Connection reset by peer'))
2026-04-19 14:13:30,729 [ERROR] Attempt 2 failed: ('Connection aborted.', ConnectionResetError(104, 'Connection reset by peer'))
2026-04-19 14:14:02,029 [ERROR] Attempt 1 failed: ('Connection aborted.', ConnectionResetError(104, 'Connection reset by peer'))
2026-04-19 14:14:30,929 [ERROR] Attempt 1 failed: ('Connection aborted.', ConnectionResetError(104, 'Connection reset by peer'))
2026-04-19 14:14:54,028 [ERROR] Attempt 1 failed: ('Connection aborted.', ConnectionResetError(104, 'Connection reset by peer'))
2026-04-19 14:15:19,328 [ERROR] Attempt 1 failed: ('Connection aborted.', ConnectionResetError(104, 'Connection reset by peer'))
2026-04-19 14:15:57,828 [ERROR] Attempt 1 failed: ('Connection aborted.', ConnectionResetError(104, 'Connection reset by peer'))
2026-04-19 14:16:20,333 [ERROR] Attempt 1 failed: ('Connection aborted.', ConnectionResetError(104, 'Connection reset by peer'))
2026-04-19 14:16:51,727 [ERROR] Attempt 1 failed: ('Connection aborted.', ConnectionResetError(104, 'Connection reset by peer'))
2026-04-19 14:17:07,330 [ERROR] Attempt 1 failed: ('Connection aborted.', ConnectionResetError(104, 'Connection reset by peer'))
2026-04-19 14:17:29,673 [INFO] Checkpoint: 3750 done
2026-04-19 14:18:00,827 [ERROR] Attempt 1 failed: ('Connection aborted.', ConnectionResetError(104, 'Connection reset by peer'))
2026-04-19 14:18:36,127 [ERROR] Attempt 1 failed: ('Connection aborted.', ConnectionResetError(104, 'Connection reset by peer'))
2026-04-19 14:18:48,126 [ERROR] Attempt 2 failed: ('Connection aborted.', ConnectionResetError(104, 'Connection reset by peer'))
2026-04-19 14:19:08,726 [ERROR] Attempt 1 failed: ('Connection aborted.', ConnectionResetError(104, 'Connection reset by peer'))
2026-04-19 14:19:31,527 [ERROR] Attempt 1 failed: ('Connection aborted.', ConnectionResetError(104, 'Connection reset by peer'))
2026-04-19 14:20:25,526 [ERROR] Attempt 1 failed: ('Connection aborted.', ConnectionResetError(104, 'Connection reset by peer'))
2026-04-19 14:20:47,731 [ERROR] Attempt 1 failed: ('Connection aborted.', ConnectionResetError(104, 'Connection reset by peer'))
2026-04-19 14:20:59,825 [ERROR] Attempt 2 failed: ('Connection aborted.', ConnectionResetError(104, 'Connection reset by peer'))
2026-04-19 14:21:47,329 [ERROR] Attempt 1 failed: ('Connection aborted.', ConnectionResetError(104, 'Connection reset by peer'))
2026-04-19 14:22:11,674 [INFO] Checkpoint: 3800 done
2026-04-19 14:22:38,825 [ERROR] Attempt 1 failed: ('Connection aborted.', ConnectionResetError(104, 'Connection reset by peer'))
2026-04-19 14:23:03,727 [ERROR] Attempt 1 failed: ('Connection aborted.', ConnectionResetError(104, 'Connection reset by peer'))
2026-04-19 14:23:18,926 [ERROR] Attempt 1 failed: ('Connection aborted.', ConnectionResetError(104, 'Connection reset by peer'))
2026-04-19 14:23:31,025 [ERROR] Attempt 2 failed: ('Connection aborted.', ConnectionResetError(104, 'Connection reset by peer'))
2026-04-19 14:24:05,925 [ERROR] Attempt 1 failed: ('Connection aborted.', ConnectionResetError(104, 'Connection reset by peer'))
2026-04-19 14:24:41,725 [ERROR] Attempt 1 failed: ('Connection aborted.', ConnectionResetError(104, 'Connection reset by peer'))
2026-04-19 14:25:03,926 [ERROR] Attempt 1 failed: ('Connection aborted.', ConnectionResetError(104, 'Connection reset by peer'))
2026-04-19 14:25:58,326 [ERROR] Attempt 1 failed: ('Connection aborted.', ConnectionResetError(104, 'Connection reset by peer'))
2026-04-19 14:26:21,125 [ERROR] Attempt 1 failed: ('Connection aborted.', ConnectionResetError(104, 'Connection reset by peer'))
2026-04-19 14:26:52,600 [INFO] Checkpoint: 3850 done
2026-04-19 14:27:25,325 [ERROR] Attempt 1 failed: ('Connection aborted.', ConnectionResetError(104, 'Connection reset by peer'))
2026-04-19 14:28:04,728 [ERROR] Attempt 1 failed: ('Connection aborted.', ConnectionResetError(104, 'Connection reset by peer'))
2026-04-19 14:28:20,527 [ERROR] Attempt 1 failed: ('Connection aborted.', ConnectionResetError(104, 'Connection reset by peer'))
2026-04-19 14:28:39,125 [ERROR] Attempt 1 failed: ('Connection aborted.', ConnectionResetError(104, 'Connection reset by peer'))
2026-04-19 14:28:51,225 [ERROR] Attempt 2 failed: ('Connection aborted.', ConnectionResetError(104, 'Connection reset by peer'))
2026-04-19 14:29:05,225 [ERROR] Attempt 3 failed: ('Connection aborted.', ConnectionResetError(104, 'Connection reset by peer'))
2026-04-19 14:29:13,233 [ERROR] All retries exhausted — skipping.
2026-04-19 14:29:23,325 [ERROR] Attempt 1 failed: ('Connection aborted.', ConnectionResetError(104, 'Connection reset by peer'))
2026-04-19 14:29:35,325 [ERROR] Attempt 2 failed: ('Connection aborted.', ConnectionResetError(104, 'Connection reset by peer'))
2026-04-19 14:29:52,726 [ERROR] Attempt 1 failed: ('Connection aborted.', ConnectionResetError(104, 'Connection reset by peer'))
2026-04-19 14:30:24,625 [ERROR] Attempt 1 failed: ('Connection aborted.', ConnectionResetError(104, 'Connection reset by peer'))
2026-04-19 14:30:36,625 [ERROR] Attempt 2 failed: ('Connection aborted.', ConnectionResetError(104, 'Connection reset by peer'))
2026-04-19 14:30:54,025 [ERROR] Attempt 1 failed: ('Connection aborted.', ConnectionResetError(104, 'Connection reset by peer'))
2026-04-19 14:31:13,225 [ERROR] Attempt 1 failed: ('Connection aborted.', ConnectionResetError(104, 'Connection reset by peer'))
2026-04-19 14:31:32,025 [ERROR] Attempt 1 failed: ('Connection aborted.', ConnectionResetError(104, 'Connection reset by peer'))
2026-04-19 14:32:00,325 [ERROR] Attempt 1 failed: ('Connection aborted.', ConnectionResetError(104, 'Connection reset by peer'))
2026-04-19 14:32:15,525 [ERROR] Attempt 1 failed: ('Connection aborted.', ConnectionResetError(104, 'Connection reset by peer'))
2026-04-19 14:32:30,825 [ERROR] Attempt 1 failed: ('Connection aborted.', ConnectionResetError(104, 'Connection reset by peer'))
2026-04-19 14:32:42,824 [ERROR] Attempt 2 failed: ('Connection aborted.', ConnectionResetError(104, 'Connection reset by peer'))
2026-04-19 14:33:07,927 [ERROR] Attempt 1 failed: ('Connection aborted.', ConnectionResetError(104, 'Connection reset by peer'))
2026-04-19 14:33:33,830 [ERROR] Attempt 1 failed: ('Connection aborted.', ConnectionResetError(104, 'Connection reset by peer'))
2026-04-19 14:33:49,124 [ERROR] Attempt 1 failed: ('Connection aborted.', ConnectionResetError(104, 'Connection reset by peer'))
2026-04-19 14:34:10,626 [ERROR] Attempt 1 failed: ('Connection aborted.', ConnectionResetError(104, 'Connection reset by peer'))
2026-04-19 14:34:16,254 [INFO] Checkpoint: 3900 done
2026-04-19 14:35:06,824 [ERROR] Attempt 1 failed: ('Connection aborted.', ConnectionResetError(104, 'Connection reset by peer'))
2026-04-19 14:35:26,123 [ERROR] Attempt 1 failed: ('Connection aborted.', ConnectionResetError(104, 'Connection reset by peer'))
2026-04-19 14:36:08,429 [ERROR] Attempt 1 failed: ('Connection aborted.', ConnectionResetError(104, 'Connection reset by peer'))
2026-04-19 14:36:27,030 [ERROR] Attempt 1 failed: ('Connection aborted.', ConnectionResetError(104, 'Connection reset by peer'))
2026-04-19 14:36:39,132 [ERROR] Attempt 2 failed: ('Connection aborted.', ConnectionResetError(104, 'Connection reset by peer'))
2026-04-19 14:36:53,223 [ERROR] Attempt 3 failed: ('Connection aborted.', ConnectionResetError(104, 'Connection reset by peer'))
2026-04-19 14:37:01,231 [ERROR] All retries exhausted — skipping.
2026-04-19 14:37:35,223 [ERROR] Attempt 1 failed: ('Connection aborted.', ConnectionResetError(104, 'Connection reset by peer'))
2026-04-19 14:37:54,228 [ERROR] Attempt 1 failed: ('Connection aborted.', ConnectionResetError(104, 'Connection reset by peer'))
2026-04-19 14:38:06,323 [ERROR] Attempt 2 failed: ('Connection aborted.', ConnectionResetError(104, 'Connection reset by peer'))
2026-04-19 14:38:24,922 [ERROR] Attempt 1 failed: ('Connection aborted.', ConnectionResetError(104, 'Connection reset by peer'))
2026-04-19 14:39:04,425 [ERROR] Attempt 1 failed: ('Connection aborted.', ConnectionResetError(104, 'Connection reset by peer'))
2026-04-19 14:39:16,427 [ERROR] Attempt 2 failed: ('Connection aborted.', ConnectionResetError(104, 'Connection reset by peer'))
2026-04-19 14:39:43,522 [ERROR] Attempt 1 failed: ('Connection aborted.', ConnectionResetError(104, 'Connection reset by peer'))
2026-04-19 14:39:53,075 [INFO] Checkpoint: 3950 done
2026-04-19 14:40:03,122 [ERROR] Attempt 1 failed: ('Connection aborted.', ConnectionResetError(104, 'Connection reset by peer'))
2026-04-19 14:40:25,822 [ERROR] Attempt 1 failed: ('Connection aborted.', ConnectionResetError(104, 'Connection reset by peer'))
2026-04-19 14:40:44,822 [ERROR] Attempt 1 failed: ('Connection aborted.', ConnectionResetError(104, 'Connection reset by peer'))
2026-04-19 14:40:56,822 [ERROR] Attempt 2 failed: ('Connection aborted.', ConnectionResetError(104, 'Connection reset by peer'))
2026-04-19 14:41:13,821 [ERROR] Attempt 1 failed: ('Connection aborted.', ConnectionResetError(104, 'Connection reset by peer'))
2026-04-19 14:41:25,825 [ERROR] Attempt 2 failed: ('Connection aborted.', ConnectionResetError(104, 'Connection reset by peer'))
2026-04-19 14:41:43,322 [ERROR] Attempt 1 failed: ('Connection aborted.', ConnectionResetError(104, 'Connection reset by peer'))
2026-04-19 14:42:05,321 [ERROR] Attempt 1 failed: ('Connection aborted.', ConnectionResetError(104, 'Connection reset by peer'))
2026-04-19 14:42:37,223 [ERROR] Attempt 1 failed: ('Connection aborted.', ConnectionResetError(104, 'Connection reset by peer'))
2026-04-19 14:42:59,321 [ERROR] Attempt 1 failed: ('Connection aborted.', ConnectionResetError(104, 'Connection reset by peer'))
2026-04-19 14:43:21,221 [ERROR] Attempt 1 failed: ('Connection aborted.', ConnectionResetError(104, 'Connection reset by peer'))
2026-04-19 14:43:33,222 [ERROR] Attempt 2 failed: ('Connection aborted.', ConnectionResetError(104, 'Connection reset by peer'))
2026-04-19 14:43:58,127 [ERROR] Attempt 1 failed: ('Connection aborted.', ConnectionResetError(104, 'Connection reset by peer'))
2026-04-19 14:44:21,024 [ERROR] Attempt 1 failed: ('Connection aborted.', ConnectionResetError(104, 'Connection reset by peer'))
2026-04-19 14:44:33,026 [ERROR] Attempt 2 failed: ('Connection aborted.', ConnectionResetError(104, 'Connection reset by peer'))
2026-04-19 14:45:17,321 [ERROR] Attempt 1 failed: ('Connection aborted.', ConnectionResetError(104, 'Connection reset by peer'))
2026-04-19 14:45:46,820 [ERROR] Attempt 1 failed: ('Connection aborted.', ConnectionResetError(104, 'Connection reset by peer'))
2026-04-19 14:46:16,804 [INFO] Checkpoint: 4000 done
2026-04-19 14:46:33,520 [ERROR] Attempt 1 failed: ('Connection aborted.', ConnectionResetError(104, 'Connection reset by peer'))
2026-04-19 14:47:22,319 [ERROR] Attempt 1 failed: ('Connection aborted.', ConnectionResetError(104, 'Connection reset by peer'))
2026-04-19 14:47:44,419 [ERROR] Attempt 1 failed: ('Connection aborted.', ConnectionResetError(104, 'Connection reset by peer'))
2026-04-19 14:47:56,419 [ERROR] Attempt 2 failed: ('Connection aborted.', ConnectionResetError(104, 'Connection reset by peer'))
2026-04-19 14:48:14,519 [ERROR] Attempt 1 failed: ('Connection aborted.', ConnectionResetError(104, 'Connection reset by peer'))
2026-04-19 14:48:30,322 [ERROR] Attempt 1 failed: ('Connection aborted.', ConnectionResetError(104, 'Connection reset by peer'))
2026-04-19 14:48:48,519 [ERROR] Attempt 1 failed: ('Connection aborted.', ConnectionResetError(104, 'Connection reset by peer'))
2026-04-19 14:49:21,322 [ERROR] Attempt 1 failed: ('Connection aborted.', ConnectionResetError(104, 'Connection reset by peer'))
2026-04-19 14:49:47,519 [ERROR] Attempt 1 failed: ('Connection aborted.', ConnectionResetError(104, 'Connection reset by peer'))
2026-04-19 14:50:23,324 [ERROR] Attempt 1 failed: ('Connection aborted.', ConnectionResetError(104, 'Connection reset by peer'))
2026-04-19 14:50:38,919 [ERROR] Attempt 1 failed: ('Connection aborted.', ConnectionResetError(104, 'Connection reset by peer'))
2026-04-19 14:50:50,920 [ERROR] Attempt 2 failed: ('Connection aborted.', ConnectionResetError(104, 'Connection reset by peer'))
2026-04-19 14:51:04,918 [ERROR] Attempt 3 failed: ('Connection aborted.', ConnectionResetError(104, 'Connection reset by peer'))
2026-04-19 14:51:12,919 [ERROR] All retries exhausted — skipping.
2026-04-19 14:51:37,818 [ERROR] Attempt 1 failed: ('Connection aborted.', ConnectionResetError(104, 'Connection reset by peer'))
2026-04-19 14:52:13,522 [ERROR] Attempt 1 failed: ('Connection aborted.', ConnectionResetError(104, 'Connection reset by peer'))
2026-04-19 14:52:27,117 [ERROR] Attempt 2 failed: ('Connection aborted.', ConnectionResetError(104, 'Connection reset by peer'))
2026-04-19 14:52:35,075 [INFO] Checkpoint: 4050 done
2026-04-19 14:53:27,017 [ERROR] Attempt 1 failed: ('Connection aborted.', ConnectionResetError(104, 'Connection reset by peer'))
2026-04-19 14:53:48,217 [ERROR] Attempt 1 failed: ('Connection aborted.', ConnectionResetError(104, 'Connection reset by peer'))
2026-04-19 14:54:04,418 [ERROR] Attempt 1 failed: ('Connection aborted.', ConnectionResetError(104, 'Connection reset by peer'))
2026-04-19 14:54:16,417 [ERROR] Attempt 2 failed: ('Connection aborted.', ConnectionResetError(104, 'Connection reset by peer'))
2026-04-19 14:54:30,519 [ERROR] Attempt 3 failed: ('Connection aborted.', ConnectionResetError(104, 'Connection reset by peer'))
2026-04-19 14:54:38,528 [ERROR] All retries exhausted — skipping.
2026-04-19 14:55:19,418 [ERROR] Attempt 1 failed: ('Connection aborted.', ConnectionResetError(104, 'Connection reset by peer'))
2026-04-19 14:55:43,017 [ERROR] Attempt 1 failed: ('Connection aborted.', ConnectionResetError(104, 'Connection reset by peer'))
2026-04-19 14:56:02,616 [ERROR] Attempt 1 failed: ('Connection aborted.', ConnectionResetError(104, 'Connection reset by peer'))
2026-04-19 14:56:45,816 [ERROR] Attempt 1 failed: ('Connection aborted.', ConnectionResetError(104, 'Connection reset by peer'))
2026-04-19 14:56:57,917 [ERROR] Attempt 2 failed: ('Connection aborted.', ConnectionResetError(104, 'Connection reset by peer'))
2026-04-19 14:57:39,816 [ERROR] Attempt 1 failed: ('Connection aborted.', ConnectionResetError(104, 'Connection reset by peer'))
2026-04-19 14:58:00,323 [ERROR] Attempt 1 failed: ('Connection aborted.', ConnectionResetError(104, 'Connection reset by peer'))
2026-04-19 14:58:16,817 [ERROR] Attempt 1 failed: ('Connection aborted.', ConnectionResetError(104, 'Connection reset by peer'))
2026-04-19 14:58:37,020 [ERROR] Attempt 1 failed: ('Connection aborted.', ConnectionResetError(104, 'Connection reset by peer'))
2026-04-19 14:58:46,556 [INFO] Checkpoint: 4100 done
2026-04-19 14:59:12,516 [ERROR] Attempt 1 failed: ('Connection aborted.', ConnectionResetError(104, 'Connection reset by peer'))
2026-04-19 14:59:28,519 [ERROR] Attempt 1 failed: ('Connection aborted.', ConnectionResetError(104, 'Connection reset by peer'))
2026-04-19 15:00:23,218 [ERROR] Attempt 1 failed: ('Connection aborted.', ConnectionResetError(104, 'Connection reset by peer'))
2026-04-19 15:00:39,320 [ERROR] Attempt 1 failed: ('Connection aborted.', ConnectionResetError(104, 'Connection reset by peer'))
2026-04-19 15:01:07,018 [ERROR] Attempt 1 failed: ('Connection aborted.', ConnectionResetError(104, 'Connection reset by peer'))
2026-04-19 15:01:41,616 [ERROR] Attempt 1 failed: ('Connection aborted.', ConnectionResetError(104, 'Connection reset by peer'))
2026-04-19 15:02:01,516 [ERROR] Attempt 1 failed: ('Connection aborted.', ConnectionResetError(104, 'Connection reset by peer'))
2026-04-19 15:02:21,515 [ERROR] Attempt 1 failed: ('Connection aborted.', ConnectionResetError(104, 'Connection reset by peer'))
2026-04-19 15:02:33,621 [ERROR] Attempt 2 failed: ('Connection aborted.', ConnectionResetError(104, 'Connection reset by peer'))
2026-04-19 15:02:55,317 [ERROR] Attempt 1 failed: ('Connection aborted.', ConnectionResetError(104, 'Connection reset by peer'))
2026-04-19 15:03:14,915 [ERROR] Attempt 1 failed: ('Connection aborted.', ConnectionResetError(104, 'Connection reset by peer'))
2026-04-19 15:03:38,115 [ERROR] Attempt 1 failed: ('Connection aborted.', ConnectionResetError(104, 'Connection reset by peer'))
2026-04-19 15:04:13,917 [ERROR] Attempt 1 failed: ('Connection aborted.', ConnectionResetError(104, 'Connection reset by peer'))
2026-04-19 15:04:29,615 [ERROR] Attempt 1 failed: ('Connection aborted.', ConnectionResetError(104, 'Connection reset by peer'))
2026-04-19 15:04:50,728 [INFO] Checkpoint: 4150 done
2026-04-19 15:05:28,116 [ERROR] Attempt 1 failed: ('Connection aborted.', ConnectionResetError(104, 'Connection reset by peer'))
2026-04-19 15:05:44,015 [ERROR] Attempt 1 failed: ('Connection aborted.', ConnectionResetError(104, 'Connection reset by peer'))
2026-04-19 15:06:00,014 [ERROR] Attempt 1 failed: ('Connection aborted.', ConnectionResetError(104, 'Connection reset by peer'))
2026-04-19 15:06:49,314 [ERROR] Attempt 1 failed: ('Connection aborted.', ConnectionResetError(104, 'Connection reset by peer'))
2026-04-19 15:08:24,113 [ERROR] Attempt 1 failed: ('Connection aborted.', ConnectionResetError(104, 'Connection reset by peer'))
2026-04-19 15:08:39,813 [ERROR] Attempt 1 failed: ('Connection aborted.', ConnectionResetError(104, 'Connection reset by peer'))
2026-04-19 15:09:00,014 [ERROR] Attempt 1 failed: ('Connection aborted.', ConnectionResetError(104, 'Connection reset by peer'))
2026-04-19 15:09:19,213 [ERROR] Attempt 1 failed: ('Connection aborted.', ConnectionResetError(104, 'Connection reset by peer'))
2026-04-19 15:09:35,113 [ERROR] Attempt 1 failed: ('Connection aborted.', ConnectionResetError(104, 'Connection reset by peer'))
2026-04-19 15:09:59,013 [ERROR] Attempt 1 failed: ('Connection aborted.', ConnectionResetError(104, 'Connection reset by peer'))
2026-04-19 15:10:04,591 [INFO] Checkpoint: 4200 done
2026-04-19 15:10:26,220 [ERROR] Attempt 1 failed: ('Connection aborted.', ConnectionResetError(104, 'Connection reset by peer'))
2026-04-19 15:10:45,815 [ERROR] Attempt 1 failed: ('Connection aborted.', ConnectionResetError(104, 'Connection reset by peer'))
2026-04-19 15:11:01,613 [ERROR] Attempt 1 failed: ('Connection aborted.', ConnectionResetError(104, 'Connection reset by peer'))
2026-04-19 15:12:15,214 [ERROR] Attempt 1 failed: ('Connection aborted.', ConnectionResetError(104, 'Connection reset by peer'))
2026-04-19 15:12:34,413 [ERROR] Attempt 1 failed: ('Connection aborted.', ConnectionResetError(104, 'Connection reset by peer'))
2026-04-19 15:13:01,612 [ERROR] Attempt 1 failed: ('Connection aborted.', ConnectionResetError(104, 'Connection reset by peer'))
2026-04-19 15:13:21,412 [ERROR] Attempt 1 failed: ('Connection aborted.', ConnectionResetError(104, 'Connection reset by peer'))
2026-04-19 15:13:55,712 [ERROR] Attempt 1 failed: ('Connection aborted.', ConnectionResetError(104, 'Connection reset by peer'))
2026-04-19 15:14:21,814 [ERROR] Attempt 1 failed: ('Connection aborted.', ConnectionResetError(104, 'Connection reset by peer'))
2026-04-19 15:14:48,711 [ERROR] Attempt 1 failed: ('Connection aborted.', ConnectionResetError(104, 'Connection reset by peer'))
2026-04-19 15:15:09,017 [ERROR] Attempt 1 failed: ('Connection aborted.', ConnectionResetError(104, 'Connection reset by peer'))
2026-04-19 15:15:27,044 [INFO] Checkpoint: 4250 done
2026-04-19 15:15:37,312 [ERROR] Attempt 1 failed: ('Connection aborted.', ConnectionResetError(104, 'Connection reset by peer'))
2026-04-19 15:16:30,612 [ERROR] Attempt 1 failed: ('Connection aborted.', ConnectionResetError(104, 'Connection reset by peer'))
2026-04-19 15:16:53,711 [ERROR] Attempt 1 failed: ('Connection aborted.', ConnectionResetError(104, 'Connection reset by peer'))
2026-04-19 15:17:09,811 [ERROR] Attempt 1 failed: ('Connection aborted.', ConnectionResetError(104, 'Connection reset by peer'))
2026-04-19 15:17:44,512 [ERROR] Attempt 1 failed: ('Connection aborted.', ConnectionResetError(104, 'Connection reset by peer'))
2026-04-19 15:18:00,611 [ERROR] Attempt 1 failed: ('Connection aborted.', ConnectionResetError(104, 'Connection reset by peer'))
2026-04-19 15:18:39,910 [ERROR] Attempt 1 failed: ('Connection aborted.', ConnectionResetError(104, 'Connection reset by peer'))
2026-04-19 15:20:09,711 [ERROR] Attempt 1 failed: ('Connection aborted.', ConnectionResetError(104, 'Connection reset by peer'))
2026-04-19 15:20:21,709 [ERROR] Attempt 2 failed: ('Connection aborted.', ConnectionResetError(104, 'Connection reset by peer'))
2026-04-19 15:20:29,739 [INFO] Checkpoint: 4300 done
2026-04-19 15:21:06,709 [ERROR] Attempt 1 failed: ('Connection aborted.', ConnectionResetError(104, 'Connection reset by peer'))
2026-04-19 15:21:18,809 [ERROR] Attempt 2 failed: ('Connection aborted.', ConnectionResetError(104, 'Connection reset by peer'))
2026-04-19 15:21:36,510 [ERROR] Attempt 1 failed: ('Connection aborted.', ConnectionResetError(104, 'Connection reset by peer'))
2026-04-19 15:21:52,809 [ERROR] Attempt 1 failed: ('Connection aborted.', ConnectionResetError(104, 'Connection reset by peer'))
2026-04-19 15:22:12,109 [ERROR] Attempt 1 failed: ('Connection aborted.', ConnectionResetError(104, 'Connection reset by peer'))
2026-04-19 15:22:28,109 [ERROR] Attempt 1 failed: ('Connection aborted.', ConnectionResetError(104, 'Connection reset by peer'))
2026-04-19 15:22:55,311 [ERROR] Attempt 1 failed: ('Connection aborted.', ConnectionResetError(104, 'Connection reset by peer'))
2026-04-19 15:23:42,109 [ERROR] Attempt 1 failed: ('Connection aborted.', ConnectionResetError(104, 'Connection reset by peer'))
2026-04-19 15:24:10,208 [ERROR] Attempt 1 failed: ('Connection aborted.', ConnectionResetError(104, 'Connection reset by peer'))
2026-04-19 15:24:34,508 [ERROR] Attempt 1 failed: ('Connection aborted.', ConnectionResetError(104, 'Connection reset by peer'))
2026-04-19 15:24:51,108 [ERROR] Attempt 1 failed: ('Connection aborted.', ConnectionResetError(104, 'Connection reset by peer'))
2026-04-19 15:25:11,608 [ERROR] Attempt 1 failed: ('Connection aborted.', ConnectionResetError(104, 'Connection reset by peer'))
2026-04-19 15:26:16,495 [INFO] Checkpoint: 4350 done
2026-04-19 15:26:26,608 [ERROR] Attempt 1 failed: ('Connection aborted.', ConnectionResetError(104, 'Connection reset by peer'))
2026-04-19 15:27:11,907 [ERROR] Attempt 1 failed: ('Connection aborted.', ConnectionResetError(104, 'Connection reset by peer'))
2026-04-19 15:28:12,408 [ERROR] Attempt 1 failed: ('Connection aborted.', ConnectionResetError(104, 'Connection reset by peer'))
2026-04-19 15:28:36,206 [ERROR] Attempt 1 failed: ('Connection aborted.', ConnectionResetError(104, 'Connection reset by peer'))
2026-04-19 15:28:56,207 [ERROR] Attempt 1 failed: ('Connection aborted.', ConnectionResetError(104, 'Connection reset by peer'))
2026-04-19 15:29:51,608 [ERROR] Attempt 1 failed: ('Connection aborted.', ConnectionResetError(104, 'Connection reset by peer'))
2026-04-19 15:30:11,406 [ERROR] Attempt 1 failed: ('Connection aborted.', ConnectionResetError(104, 'Connection reset by peer'))
2026-04-19 15:30:26,906 [ERROR] Attempt 1 failed: ('Connection aborted.', ConnectionResetError(104, 'Connection reset by peer'))
2026-04-19 15:30:47,406 [ERROR] Attempt 1 failed: ('Connection aborted.', ConnectionResetError(104, 'Connection reset by peer'))
2026-04-19 15:31:07,506 [ERROR] Attempt 1 failed: ('Connection aborted.', ConnectionResetError(104, 'Connection reset by peer'))
2026-04-19 15:31:30,906 [ERROR] Attempt 1 failed: ('Connection aborted.', ConnectionResetError(104, 'Connection reset by peer'))
2026-04-19 15:31:49,066 [INFO] Checkpoint: 4400 done
2026-04-19 15:33:50,705 [ERROR] Attempt 1 failed: ('Connection aborted.', ConnectionResetError(104, 'Connection reset by peer'))
2026-04-19 15:34:15,006 [ERROR] Attempt 1 failed: ('Connection aborted.', ConnectionResetError(104, 'Connection reset by peer'))
2026-04-19 15:34:34,205 [ERROR] Attempt 1 failed: ('Connection aborted.', ConnectionResetError(104, 'Connection reset by peer'))
2026-04-19 15:34:46,205 [ERROR] Attempt 2 failed: ('Connection aborted.', ConnectionResetError(104, 'Connection reset by peer'))
2026-04-19 15:35:36,505 [ERROR] Attempt 1 failed: ('Connection aborted.', ConnectionResetError(104, 'Connection reset by peer'))
2026-04-19 15:35:48,509 [ERROR] Attempt 2 failed: ('Connection aborted.', ConnectionResetError(104, 'Connection reset by peer'))
2026-04-19 15:36:19,771 [INFO] Checkpoint: 4450 done
2026-04-19 15:37:05,305 [ERROR] Attempt 1 failed: ('Connection aborted.', ConnectionResetError(104, 'Connection reset by peer'))
2026-04-19 15:37:17,406 [ERROR] Attempt 2 failed: ('Connection aborted.', ConnectionResetError(104, 'Connection reset by peer'))
2026-04-19 15:37:54,205 [ERROR] Attempt 1 failed: ('Connection aborted.', ConnectionResetError(104, 'Connection reset by peer'))
2026-04-19 15:38:16,606 [ERROR] Attempt 1 failed: ('Connection aborted.', ConnectionResetError(104, 'Connection reset by peer'))
2026-04-19 15:38:53,205 [ERROR] Attempt 1 failed: ('Connection aborted.', ConnectionResetError(104, 'Connection reset by peer'))
2026-04-19 15:39:22,005 [ERROR] Attempt 1 failed: ('Connection aborted.', ConnectionResetError(104, 'Connection reset by peer'))
2026-04-19 15:39:50,104 [ERROR] Attempt 1 failed: ('Connection aborted.', ConnectionResetError(104, 'Connection reset by peer'))
2026-04-19 15:40:10,005 [ERROR] Attempt 1 failed: ('Connection aborted.', ConnectionResetError(104, 'Connection reset by peer'))
2026-04-19 15:40:38,810 [ERROR] Attempt 1 failed: ('Connection aborted.', ConnectionResetError(104, 'Connection reset by peer'))
2026-04-19 15:41:02,604 [ERROR] Attempt 1 failed: ('Connection aborted.', ConnectionResetError(104, 'Connection reset by peer'))
2026-04-19 15:41:44,504 [ERROR] Attempt 1 failed: ('Connection aborted.', ConnectionResetError(104, 'Connection reset by peer'))
2026-04-19 15:41:50,497 [INFO] Checkpoint: 4500 done
2026-04-19 15:42:27,304 [ERROR] Attempt 1 failed: ('Connection aborted.', ConnectionResetError(104, 'Connection reset by peer'))
2026-04-19 15:42:39,503 [ERROR] Attempt 2 failed: ('Connection aborted.', ConnectionResetError(104, 'Connection reset by peer'))
2026-04-19 15:42:57,403 [ERROR] Attempt 1 failed: ('Connection aborted.', ConnectionResetError(104, 'Connection reset by peer'))
2026-04-19 15:43:13,606 [ERROR] Attempt 1 failed: ('Connection aborted.', ConnectionResetError(104, 'Connection reset by peer'))
2026-04-19 15:43:29,903 [ERROR] Attempt 1 failed: ('Connection aborted.', ConnectionResetError(104, 'Connection reset by peer'))
2026-04-19 15:43:49,509 [ERROR] Attempt 1 failed: ('Connection aborted.', ConnectionResetError(104, 'Connection reset by peer'))
2026-04-19 15:44:13,303 [ERROR] Attempt 1 failed: ('Connection aborted.', ConnectionResetError(104, 'Connection reset by peer'))
2026-04-19 15:45:01,104 [ERROR] Attempt 1 failed: ('Connection aborted.', ConnectionResetError(104, 'Connection reset by peer'))
2026-04-19 15:45:20,203 [ERROR] Attempt 1 failed: ('Connection aborted.', ConnectionResetError(104, 'Connection reset by peer'))
2026-04-19 15:45:42,807 [ERROR] Attempt 1 failed: ('Connection aborted.', ConnectionResetError(104, 'Connection reset by peer'))
2026-04-19 15:46:08,504 [ERROR] Attempt 1 failed: ('Connection aborted.', ConnectionResetError(104, 'Connection reset by peer'))
2026-04-19 15:46:23,704 [ERROR] Attempt 1 failed: ('Connection aborted.', ConnectionResetError(104, 'Connection reset by peer'))
2026-04-19 15:46:35,802 [ERROR] Attempt 2 failed: ('Connection aborted.', ConnectionResetError(104, 'Connection reset by peer'))
2026-04-19 15:47:03,604 [ERROR] Attempt 1 failed: ('Connection aborted.', ConnectionResetError(104, 'Connection reset by peer'))
2026-04-19 15:47:29,802 [ERROR] Attempt 1 failed: ('Connection aborted.', ConnectionResetError(104, 'Connection reset by peer'))
2026-04-19 15:47:58,438 [INFO] Checkpoint: 4550 done
2026-04-19 15:48:31,802 [ERROR] Attempt 1 failed: ('Connection aborted.', ConnectionResetError(104, 'Connection reset by peer'))
2026-04-19 15:48:43,908 [ERROR] Attempt 2 failed: ('Connection aborted.', ConnectionResetError(104, 'Connection reset by peer'))
2026-04-19 15:49:16,502 [ERROR] Attempt 1 failed: ('Connection aborted.', ConnectionResetError(104, 'Connection reset by peer'))
2026-04-19 15:49:28,608 [ERROR] Attempt 2 failed: ('Connection aborted.', ConnectionResetError(104, 'Connection reset by peer'))
2026-04-19 15:50:20,702 [ERROR] Attempt 1 failed: ('Connection aborted.', ConnectionResetError(104, 'Connection reset by peer'))
2026-04-19 15:50:40,001 [ERROR] Attempt 1 failed: ('Connection aborted.', ConnectionResetError(104, 'Connection reset by peer'))
2026-04-19 15:51:23,701 [ERROR] Attempt 1 failed: ('Connection aborted.', ConnectionResetError(104, 'Connection reset by peer'))
2026-04-19 15:51:42,404 [ERROR] Attempt 1 failed: ('Connection aborted.', ConnectionResetError(104, 'Connection reset by peer'))
2026-04-19 15:52:01,101 [ERROR] Attempt 1 failed: ('Connection aborted.', ConnectionResetError(104, 'Connection reset by peer'))
2026-04-19 15:52:17,004 [ERROR] Attempt 1 failed: ('Connection aborted.', ConnectionResetError(104, 'Connection reset by peer'))
2026-04-19 15:52:42,200 [ERROR] Attempt 1 failed: ('Connection aborted.', ConnectionResetError(104, 'Connection reset by peer'))
2026-04-19 15:53:08,725 [INFO] Checkpoint: 4600 done
2026-04-19 15:53:36,401 [ERROR] Attempt 1 failed: ('Connection aborted.', ConnectionResetError(104, 'Connection reset by peer'))
2026-04-19 15:54:25,700 [ERROR] Attempt 1 failed: ('Connection aborted.', ConnectionResetError(104, 'Connection reset by peer'))
2026-04-19 15:54:37,701 [ERROR] Attempt 2 failed: ('Connection aborted.', ConnectionResetError(104, 'Connection reset by peer'))
2026-04-19 15:54:55,102 [ERROR] Attempt 1 failed: ('Connection aborted.', ConnectionResetError(104, 'Connection reset by peer'))
2026-04-19 15:55:10,700 [ERROR] Attempt 1 failed: ('Connection aborted.', ConnectionResetError(104, 'Connection reset by peer'))
2026-04-19 15:55:26,699 [ERROR] Attempt 1 failed: ('Connection aborted.', ConnectionResetError(104, 'Connection reset by peer'))
2026-04-19 15:55:38,701 [ERROR] Attempt 2 failed: ('Connection aborted.', ConnectionResetError(104, 'Connection reset by peer'))
2026-04-19 15:56:29,299 [ERROR] Attempt 1 failed: ('Connection aborted.', ConnectionResetError(104, 'Connection reset by peer'))
2026-04-19 15:57:06,899 [ERROR] Attempt 1 failed: ('Connection aborted.', ConnectionResetError(104, 'Connection reset by peer'))
2026-04-19 15:58:02,299 [ERROR] Attempt 1 failed: ('Connection aborted.', ConnectionResetError(104, 'Connection reset by peer'))
2026-04-19 15:58:07,234 [INFO] Checkpoint: 4650 done
2026-04-19 15:58:24,298 [ERROR] Attempt 1 failed: ('Connection aborted.', ConnectionResetError(104, 'Connection reset by peer'))
2026-04-19 15:58:40,102 [ERROR] Attempt 1 failed: ('Connection aborted.', ConnectionResetError(104, 'Connection reset by peer'))
2026-04-19 15:59:57,498 [ERROR] Attempt 1 failed: ('Connection aborted.', ConnectionResetError(104, 'Connection reset by peer'))
2026-04-19 16:00:17,498 [ERROR] Attempt 1 failed: ('Connection aborted.', ConnectionResetError(104, 'Connection reset by peer'))
2026-04-19 16:00:36,398 [ERROR] Attempt 1 failed: ('Connection aborted.', ConnectionResetError(104, 'Connection reset by peer'))
2026-04-19 16:00:52,098 [ERROR] Attempt 1 failed: ('Connection aborted.', ConnectionResetError(104, 'Connection reset by peer'))
2026-04-19 16:01:20,297 [ERROR] Attempt 1 failed: ('Connection aborted.', ConnectionResetError(104, 'Connection reset by peer'))
2026-04-19 16:01:32,398 [ERROR] Attempt 2 failed: ('Connection aborted.', ConnectionResetError(104, 'Connection reset by peer'))
2026-04-19 16:01:53,298 [ERROR] Attempt 1 failed: ('Connection aborted.', ConnectionResetError(104, 'Connection reset by peer'))
2026-04-19 16:02:19,103 [ERROR] Attempt 1 failed: ('Connection aborted.', ConnectionResetError(104, 'Connection reset by peer'))
2026-04-19 16:02:34,997 [ERROR] Attempt 1 failed: ('Connection aborted.', ConnectionResetError(104, 'Connection reset by peer'))
2026-04-19 16:03:14,997 [ERROR] Attempt 1 failed: ('Connection aborted.', ConnectionResetError(104, 'Connection reset by peer'))
2026-04-19 16:03:34,397 [ERROR] Attempt 1 failed: ('Connection aborted.', ConnectionResetError(104, 'Connection reset by peer'))
2026-04-19 16:03:39,727 [INFO] Checkpoint: 4700 done
2026-04-19 16:04:00,496 [ERROR] Attempt 1 failed: ('Connection aborted.', ConnectionResetError(104, 'Connection reset by peer'))
2026-04-19 16:04:20,096 [ERROR] Attempt 1 failed: ('Connection aborted.', ConnectionResetError(104, 'Connection reset by peer'))
2026-04-19 16:04:40,596 [ERROR] Attempt 1 failed: ('Connection aborted.', ConnectionResetError(104, 'Connection reset by peer'))
2026-04-19 16:05:28,195 [ERROR] Attempt 1 failed: ('Connection aborted.', ConnectionResetError(104, 'Connection reset by peer'))
2026-04-19 16:06:14,494 [ERROR] Attempt 1 failed: ('Connection aborted.', ConnectionResetError(104, 'Connection reset by peer'))
2026-04-19 16:06:46,093 [ERROR] Attempt 1 failed: ('Connection aborted.', ConnectionResetError(104, 'Connection reset by peer'))
2026-04-19 16:06:58,193 [ERROR] Attempt 2 failed: ('Connection aborted.', ConnectionResetError(104, 'Connection reset by peer'))
2026-04-19 16:07:16,493 [ERROR] Attempt 1 failed: ('Connection aborted.', ConnectionResetError(104, 'Connection reset by peer'))
2026-04-19 16:08:05,592 [ERROR] Attempt 1 failed: ('Connection aborted.', ConnectionResetError(104, 'Connection reset by peer'))
2026-04-19 16:08:34,292 [ERROR] Attempt 1 failed: ('Connection aborted.', ConnectionResetError(104, 'Connection reset by peer'))
2026-04-19 16:09:04,291 [ERROR] Attempt 1 failed: ('Connection aborted.', ConnectionResetError(104, 'Connection reset by peer'))
2026-04-19 16:09:09,601 [INFO] Checkpoint: 4750 done
2026-04-19 16:09:33,392 [ERROR] Attempt 1 failed: ('Connection aborted.', ConnectionResetError(104, 'Connection reset by peer'))
2026-04-19 16:09:49,390 [ERROR] Attempt 1 failed: ('Connection aborted.', ConnectionResetError(104, 'Connection reset by peer'))
2026-04-19 16:10:10,290 [ERROR] Attempt 1 failed: ('Connection aborted.', ConnectionResetError(104, 'Connection reset by peer'))
2026-04-19 16:10:35,090 [ERROR] Attempt 1 failed: ('Connection aborted.', ConnectionResetError(104, 'Connection reset by peer'))
2026-04-19 16:10:47,090 [ERROR] Attempt 2 failed: ('Connection aborted.', ConnectionResetError(104, 'Connection reset by peer'))
2026-04-19 16:11:04,089 [ERROR] Attempt 1 failed: ('Connection aborted.', ConnectionResetError(104, 'Connection reset by peer'))
2026-04-19 16:11:27,189 [ERROR] Attempt 1 failed: ('Connection aborted.', ConnectionResetError(104, 'Connection reset by peer'))
2026-04-19 16:12:05,888 [ERROR] Attempt 1 failed: ('Connection aborted.', ConnectionResetError(104, 'Connection reset by peer'))
2026-04-19 16:12:38,688 [ERROR] Attempt 1 failed: ('Connection aborted.', ConnectionResetError(104, 'Connection reset by peer'))
2026-04-19 16:13:19,087 [ERROR] Attempt 1 failed: ('Connection aborted.', ConnectionResetError(104, 'Connection reset by peer'))
2026-04-19 16:13:55,787 [ERROR] Attempt 1 failed: ('Connection aborted.', ConnectionResetError(104, 'Connection reset by peer'))
2026-04-19 16:14:07,787 [ERROR] Attempt 2 failed: ('Connection aborted.', ConnectionResetError(104, 'Connection reset by peer'))
2026-04-19 16:14:29,187 [ERROR] Attempt 1 failed: ('Connection aborted.', ConnectionResetError(104, 'Connection reset by peer'))
2026-04-19 16:14:49,569 [INFO] Checkpoint: 4800 done
2026-04-19 16:15:10,686 [ERROR] Attempt 1 failed: ('Connection aborted.', ConnectionResetError(104, 'Connection reset by peer'))
2026-04-19 16:15:43,887 [ERROR] Attempt 1 failed: ('Connection aborted.', ConnectionResetError(104, 'Connection reset by peer'))
2026-04-19 16:15:55,886 [ERROR] Attempt 2 failed: ('Connection aborted.', ConnectionResetError(104, 'Connection reset by peer'))
2026-04-19 16:16:16,286 [ERROR] Attempt 1 failed: ('Connection aborted.', ConnectionResetError(104, 'Connection reset by peer'))
2026-04-19 16:16:45,785 [ERROR] Attempt 1 failed: ('Connection aborted.', ConnectionResetError(104, 'Connection reset by peer'))
2026-04-19 16:16:57,785 [ERROR] Attempt 2 failed: ('Connection aborted.', ConnectionResetError(104, 'Connection reset by peer'))
2026-04-19 16:17:23,085 [ERROR] Attempt 1 failed: ('Connection aborted.', ConnectionResetError(104, 'Connection reset by peer'))
2026-04-19 16:17:46,385 [ERROR] Attempt 1 failed: ('Connection aborted.', ConnectionResetError(104, 'Connection reset by peer'))
2026-04-19 16:18:12,984 [ERROR] Attempt 1 failed: ('Connection aborted.', ConnectionResetError(104, 'Connection reset by peer'))
2026-04-19 16:18:48,585 [ERROR] Attempt 1 failed: ('Connection aborted.', ConnectionResetError(104, 'Connection reset by peer'))
2026-04-19 16:19:37,988 [ERROR] Attempt 1 failed: ('Connection aborted.', ConnectionResetError(104, 'Connection reset by peer'))
2026-04-19 16:20:02,848 [INFO] Checkpoint: 4850 done
2026-04-19 16:20:23,083 [ERROR] Attempt 1 failed: ('Connection aborted.', ConnectionResetError(104, 'Connection reset by peer'))
2026-04-19 16:21:16,882 [ERROR] Attempt 1 failed: ('Connection aborted.', ConnectionResetError(104, 'Connection reset by peer'))
2026-04-19 16:21:28,885 [ERROR] Attempt 2 failed: ('Connection aborted.', ConnectionResetError(104, 'Connection reset by peer'))
2026-04-19 16:21:46,482 [ERROR] Attempt 1 failed: ('Connection aborted.', ConnectionResetError(104, 'Connection reset by peer'))
2026-04-19 16:22:02,082 [ERROR] Attempt 1 failed: ('Connection aborted.', ConnectionResetError(104, 'Connection reset by peer'))
2026-04-19 16:22:28,082 [ERROR] Attempt 1 failed: ('Connection aborted.', ConnectionResetError(104, 'Connection reset by peer'))
2026-04-19 16:22:50,683 [ERROR] Attempt 1 failed: ('Connection aborted.', ConnectionResetError(104, 'Connection reset by peer'))
2026-04-19 16:23:30,181 [ERROR] Attempt 1 failed: ('Connection aborted.', ConnectionResetError(104, 'Connection reset by peer'))
2026-04-19 16:23:42,181 [ERROR] Attempt 2 failed: ('Connection aborted.', ConnectionResetError(104, 'Connection reset by peer'))
2026-04-19 16:24:06,181 [ERROR] Attempt 1 failed: ('Connection aborted.', ConnectionResetError(104, 'Connection reset by peer'))
2026-04-19 16:24:50,082 [ERROR] Attempt 1 failed: ('Connection aborted.', ConnectionResetError(104, 'Connection reset by peer'))
2026-04-19 16:25:05,780 [ERROR] Attempt 1 failed: ('Connection aborted.', ConnectionResetError(104, 'Connection reset by peer'))
2026-04-19 16:25:28,380 [ERROR] Attempt 1 failed: ('Connection aborted.', ConnectionResetError(104, 'Connection reset by peer'))
2026-04-19 16:25:37,388 [INFO] Checkpoint: 4900 done
2026-04-19 16:25:53,780 [ERROR] Attempt 1 failed: ('Connection aborted.', ConnectionResetError(104, 'Connection reset by peer'))
2026-04-19 16:26:09,481 [ERROR] Attempt 1 failed: ('Connection aborted.', ConnectionResetError(104, 'Connection reset by peer'))
2026-04-19 16:27:16,279 [ERROR] Attempt 1 failed: ('Connection aborted.', ConnectionResetError(104, 'Connection reset by peer'))
2026-04-19 16:27:49,179 [ERROR] Attempt 1 failed: ('Connection aborted.', ConnectionResetError(104, 'Connection reset by peer'))
2026-04-19 16:28:18,279 [ERROR] Attempt 1 failed: ('Connection aborted.', ConnectionResetError(104, 'Connection reset by peer'))
2026-04-19 16:28:46,279 [ERROR] Attempt 1 failed: ('Connection aborted.', ConnectionResetError(104, 'Connection reset by peer'))
2026-04-19 16:29:02,278 [ERROR] Attempt 1 failed: ('Connection aborted.', ConnectionResetError(104, 'Connection reset by peer'))
2026-04-19 16:29:25,378 [ERROR] Attempt 1 failed: ('Connection aborted.', ConnectionResetError(104, 'Connection reset by peer'))
2026-04-19 16:29:41,778 [ERROR] Attempt 1 failed: ('Connection aborted.', ConnectionResetError(104, 'Connection reset by peer'))
2026-04-19 16:30:27,383 [ERROR] Attempt 1 failed: ('Connection aborted.', ConnectionResetError(104, 'Connection reset by peer'))
2026-04-19 16:30:39,147 [INFO] Checkpoint: 4950 done
2026-04-19 16:31:05,979 [ERROR] Attempt 1 failed: ('Connection aborted.', ConnectionResetError(104, 'Connection reset by peer'))
2026-04-19 16:31:25,479 [ERROR] Attempt 1 failed: ('Connection aborted.', ConnectionResetError(104, 'Connection reset by peer'))
2026-04-19 16:32:07,779 [ERROR] Attempt 1 failed: ('Connection aborted.', ConnectionResetError(104, 'Connection reset by peer'))
2026-04-19 16:32:27,577 [ERROR] Attempt 1 failed: ('Connection aborted.', ConnectionResetError(104, 'Connection reset by peer'))
2026-04-19 16:33:00,876 [ERROR] Attempt 1 failed: ('Connection aborted.', ConnectionResetError(104, 'Connection reset by peer'))
2026-04-19 16:33:33,377 [ERROR] Attempt 1 failed: ('Connection aborted.', ConnectionResetError(104, 'Connection reset by peer'))
2026-04-19 16:33:55,975 [ERROR] Attempt 1 failed: ('Connection aborted.', ConnectionResetError(104, 'Connection reset by peer'))
2026-04-19 16:34:14,375 [ERROR] Attempt 1 failed: ('Connection aborted.', ConnectionResetError(104, 'Connection reset by peer'))
2026-04-19 16:34:48,575 [ERROR] Attempt 1 failed: ('Connection aborted.', ConnectionResetError(104, 'Connection reset by peer'))
2026-04-19 16:35:00,576 [ERROR] Attempt 2 failed: ('Connection aborted.', ConnectionResetError(104, 'Connection reset by peer'))
2026-04-19 16:35:30,675 [ERROR] Attempt 1 failed: ('Connection aborted.', ConnectionResetError(104, 'Connection reset by peer'))
2026-04-19 16:35:46,274 [ERROR] Attempt 1 failed: ('Connection aborted.', ConnectionResetError(104, 'Connection reset by peer'))
2026-04-19 16:36:08,877 [ERROR] Attempt 1 failed: ('Connection aborted.', ConnectionResetError(104, 'Connection reset by peer'))
2026-04-19 16:36:13,997 [INFO] Checkpoint: 5000 done
2026-04-19 16:36:31,274 [ERROR] Attempt 1 failed: ('Connection aborted.', ConnectionResetError(104, 'Connection reset by peer'))
2026-04-19 16:36:43,274 [ERROR] Attempt 2 failed: ('Connection aborted.', ConnectionResetError(104, 'Connection reset by peer'))
2026-04-19 16:36:57,274 [ERROR] Attempt 3 failed: ('Connection aborted.', ConnectionResetError(104, 'Connection reset by peer'))
2026-04-19 16:37:05,282 [ERROR] All retries exhausted — skipping.
2026-04-19 16:37:40,573 [ERROR] Attempt 1 failed: ('Connection aborted.', ConnectionResetError(104, 'Connection reset by peer'))
2026-04-19 16:37:59,073 [ERROR] Attempt 1 failed: ('Connection aborted.', ConnectionResetError(104, 'Connection reset by peer'))
2026-04-19 16:38:14,973 [ERROR] Attempt 1 failed: ('Connection aborted.', ConnectionResetError(104, 'Connection reset by peer'))
2026-04-19 16:38:31,173 [ERROR] Attempt 1 failed: ('Connection aborted.', ConnectionResetError(104, 'Connection reset by peer'))
2026-04-19 16:38:43,173 [ERROR] Attempt 2 failed: ('Connection aborted.', ConnectionResetError(104, 'Connection reset by peer'))
2026-04-19 16:39:14,274 [ERROR] Attempt 1 failed: ('Connection aborted.', ConnectionResetError(104, 'Connection reset by peer'))
2026-04-19 16:39:26,272 [ERROR] Attempt 2 failed: ('Connection aborted.', ConnectionResetError(104, 'Connection reset by peer'))
2026-04-19 16:39:51,773 [ERROR] Attempt 1 failed: ('Connection aborted.', ConnectionResetError(104, 'Connection reset by peer'))
2026-04-19 16:40:34,871 [ERROR] Attempt 1 failed: ('Connection aborted.', ConnectionResetError(104, 'Connection reset by peer'))
2026-04-19 16:41:21,371 [ERROR] Attempt 1 failed: ('Connection aborted.', ConnectionResetError(104, 'Connection reset by peer'))
2026-04-19 16:41:44,571 [ERROR] Attempt 1 failed: ('Connection aborted.', ConnectionResetError(104, 'Connection reset by peer'))
2026-04-19 16:42:06,870 [ERROR] Attempt 1 failed: ('Connection aborted.', ConnectionResetError(104, 'Connection reset by peer'))
2026-04-19 16:42:18,970 [ERROR] Attempt 2 failed: ('Connection aborted.', ConnectionResetError(104, 'Connection reset by peer'))
2026-04-19 16:42:36,870 [ERROR] Attempt 1 failed: ('Connection aborted.', ConnectionResetError(104, 'Connection reset by peer'))
2026-04-19 16:42:45,656 [INFO] Checkpoint: 5050 done
2026-04-19 16:43:06,870 [ERROR] Attempt 1 failed: ('Connection aborted.', ConnectionResetError(104, 'Connection reset by peer'))
2026-04-19 16:43:35,969 [ERROR] Attempt 1 failed: ('Connection aborted.', ConnectionResetError(104, 'Connection reset by peer'))
2026-04-19 16:44:08,970 [ERROR] Attempt 1 failed: ('Connection aborted.', ConnectionResetError(104, 'Connection reset by peer'))
2026-04-19 16:44:20,969 [ERROR] Attempt 2 failed: ('Connection aborted.', ConnectionResetError(104, 'Connection reset by peer'))
2026-04-19 16:45:13,468 [ERROR] Attempt 1 failed: ('Connection aborted.', ConnectionResetError(104, 'Connection reset by peer'))
2026-04-19 16:45:25,468 [ERROR] Attempt 2 failed: ('Connection aborted.', ConnectionResetError(104, 'Connection reset by peer'))
2026-04-19 16:45:43,368 [ERROR] Attempt 1 failed: ('Connection aborted.', ConnectionResetError(104, 'Connection reset by peer'))
2026-04-19 16:45:55,368 [ERROR] Attempt 2 failed: ('Connection aborted.', ConnectionResetError(104, 'Connection reset by peer'))
2026-04-19 16:46:13,568 [ERROR] Attempt 1 failed: ('Connection aborted.', ConnectionResetError(104, 'Connection reset by peer'))
2026-04-19 16:46:51,967 [ERROR] Attempt 1 failed: ('Connection aborted.', ConnectionResetError(104, 'Connection reset by peer'))
2026-04-19 16:47:06,767 [ERROR] Attempt 1 failed: ('Connection aborted.', ConnectionResetError(104, 'Connection reset by peer'))
2026-04-19 16:47:19,267 [ERROR] Attempt 2 failed: ('Connection aborted.', ConnectionResetError(104, 'Connection reset by peer'))
2026-04-19 16:47:40,467 [ERROR] Attempt 1 failed: ('Connection aborted.', ConnectionResetError(104, 'Connection reset by peer'))
2026-04-19 16:48:06,067 [ERROR] Attempt 1 failed: ('Connection aborted.', ConnectionResetError(104, 'Connection reset by peer'))
2026-04-19 16:48:32,266 [ERROR] Attempt 1 failed: ('Connection aborted.', ConnectionResetError(104, 'Connection reset by peer'))
2026-04-19 16:48:51,766 [ERROR] Attempt 1 failed: ('Connection aborted.', ConnectionResetError(104, 'Connection reset by peer'))
2026-04-19 16:49:00,654 [INFO] Checkpoint: 5100 done
2026-04-19 16:49:49,596 [ERROR] Attempt 1 failed: ('Connection aborted.', RemoteDisconnected('Remote end closed connection without response'))
2026-04-19 16:50:27,865 [ERROR] Attempt 1 failed: ('Connection aborted.', ConnectionResetError(104, 'Connection reset by peer'))
2026-04-19 16:50:39,865 [ERROR] Attempt 2 failed: ('Connection aborted.', ConnectionResetError(104, 'Connection reset by peer'))
2026-04-19 16:51:00,465 [ERROR] Attempt 1 failed: ('Connection aborted.', ConnectionResetError(104, 'Connection reset by peer'))
2026-04-19 16:51:48,664 [ERROR] Attempt 1 failed: ('Connection aborted.', ConnectionResetError(104, 'Connection reset by peer'))
2026-04-19 16:52:00,665 [ERROR] Attempt 2 failed: ('Connection aborted.', ConnectionResetError(104, 'Connection reset by peer'))
2026-04-19 16:52:33,364 [ERROR] Attempt 1 failed: ('Connection aborted.', ConnectionResetError(104, 'Connection reset by peer'))
2026-04-19 16:52:52,163 [ERROR] Attempt 1 failed: ('Connection aborted.', ConnectionResetError(104, 'Connection reset by peer'))
2026-04-19 16:53:04,164 [ERROR] Attempt 2 failed: ('Connection aborted.', ConnectionResetError(104, 'Connection reset by peer'))
2026-04-19 16:53:29,063 [ERROR] Attempt 1 failed: ('Connection aborted.', ConnectionResetError(104, 'Connection reset by peer'))
2026-04-19 16:53:51,163 [ERROR] Attempt 1 failed: ('Connection aborted.', ConnectionResetError(104, 'Connection reset by peer'))
2026-04-19 16:54:03,163 [ERROR] Attempt 2 failed: ('Connection aborted.', ConnectionResetError(104, 'Connection reset by peer'))
2026-04-19 16:54:24,373 [INFO] Checkpoint: 5150 done
2026-04-19 16:55:31,764 [ERROR] Attempt 1 failed: ('Connection aborted.', ConnectionResetError(104, 'Connection reset by peer'))
2026-04-19 16:55:58,162 [ERROR] Attempt 1 failed: ('Connection aborted.', ConnectionResetError(104, 'Connection reset by peer'))
2026-04-19 16:56:13,262 [ERROR] Attempt 1 failed: ('Connection aborted.', ConnectionResetError(104, 'Connection reset by peer'))
2026-04-19 16:56:25,262 [ERROR] Attempt 2 failed: ('Connection aborted.', ConnectionResetError(104, 'Connection reset by peer'))
2026-04-19 16:56:39,262 [ERROR] Attempt 3 failed: ('Connection aborted.', ConnectionResetError(104, 'Connection reset by peer'))
2026-04-19 16:56:47,268 [ERROR] All retries exhausted — skipping.
2026-04-19 16:56:57,963 [ERROR] Attempt 1 failed: ('Connection aborted.', ConnectionResetError(104, 'Connection reset by peer'))
2026-04-19 16:57:24,667 [ERROR] Attempt 1 failed: ('Connection aborted.', ConnectionResetError(104, 'Connection reset by peer'))
2026-04-19 16:58:01,861 [ERROR] Attempt 1 failed: ('Connection aborted.', ConnectionResetError(104, 'Connection reset by peer'))
2026-04-19 16:58:48,160 [ERROR] Attempt 1 failed: ('Connection aborted.', ConnectionResetError(104, 'Connection reset by peer'))
2026-04-19 16:59:04,666 [ERROR] Attempt 1 failed: ('Connection aborted.', ConnectionResetError(104, 'Connection reset by peer'))
2026-04-19 16:59:23,560 [ERROR] Attempt 1 failed: ('Connection aborted.', ConnectionResetError(104, 'Connection reset by peer'))
2026-04-19 16:59:35,561 [ERROR] Attempt 2 failed: ('Connection aborted.', ConnectionResetError(104, 'Connection reset by peer'))
2026-04-19 16:59:52,860 [ERROR] Attempt 1 failed: ('Connection aborted.', ConnectionResetError(104, 'Connection reset by peer'))
2026-04-19 17:00:05,460 [ERROR] Attempt 2 failed: ('Connection aborted.', ConnectionResetError(104, 'Connection reset by peer'))
2026-04-19 17:00:20,028 [INFO] Checkpoint: 5200 done
2026-04-19 17:00:41,059 [ERROR] Attempt 1 failed: ('Connection aborted.', ConnectionResetError(104, 'Connection reset by peer'))
2026-04-19 17:01:00,059 [ERROR] Attempt 1 failed: ('Connection aborted.', ConnectionResetError(104, 'Connection reset by peer'))
2026-04-19 17:01:12,260 [ERROR] Attempt 2 failed: ('Connection aborted.', ConnectionResetError(104, 'Connection reset by peer'))
2026-04-19 17:01:30,259 [ERROR] Attempt 1 failed: ('Connection aborted.', ConnectionResetError(104, 'Connection reset by peer'))
2026-04-19 17:01:48,959 [ERROR] Attempt 1 failed: ('Connection aborted.', ConnectionResetError(104, 'Connection reset by peer'))
2026-04-19 17:02:07,359 [ERROR] Attempt 1 failed: ('Connection aborted.', ConnectionResetError(104, 'Connection reset by peer'))
2026-04-19 17:02:19,658 [ERROR] Attempt 2 failed: ('Connection aborted.', ConnectionResetError(104, 'Connection reset by peer'))
2026-04-19 17:03:13,258 [ERROR] Attempt 1 failed: ('Connection aborted.', ConnectionResetError(104, 'Connection reset by peer'))
2026-04-19 17:03:46,758 [ERROR] Attempt 1 failed: ('Connection aborted.', ConnectionResetError(104, 'Connection reset by peer'))
2026-04-19 17:04:05,458 [ERROR] Attempt 1 failed: ('Connection aborted.', ConnectionResetError(104, 'Connection reset by peer'))
2026-04-19 17:04:24,059 [ERROR] Attempt 1 failed: ('Connection aborted.', ConnectionResetError(104, 'Connection reset by peer'))
2026-04-19 17:04:40,358 [ERROR] Attempt 1 failed: ('Connection aborted.', ConnectionResetError(104, 'Connection reset by peer'))
2026-04-19 17:05:25,957 [ERROR] Attempt 1 failed: ('Connection aborted.', ConnectionResetError(104, 'Connection reset by peer'))
2026-04-19 17:05:38,258 [ERROR] Attempt 2 failed: ('Connection aborted.', ConnectionResetError(104, 'Connection reset by peer'))
2026-04-19 17:06:02,556 [ERROR] Attempt 1 failed: ('Connection aborted.', ConnectionResetError(104, 'Connection reset by peer'))
2026-04-19 17:06:26,034 [INFO] Checkpoint: 5250 done
2026-04-19 17:07:42,655 [ERROR] Attempt 1 failed: ('Connection aborted.', ConnectionResetError(104, 'Connection reset by peer'))
2026-04-19 17:08:04,355 [ERROR] Attempt 1 failed: ('Connection aborted.', ConnectionResetError(104, 'Connection reset by peer'))
2026-04-19 17:08:23,355 [ERROR] Attempt 1 failed: ('Connection aborted.', ConnectionResetError(104, 'Connection reset by peer'))
2026-04-19 17:08:59,456 [ERROR] Attempt 1 failed: ('Connection aborted.', ConnectionResetError(104, 'Connection reset by peer'))
2026-04-19 17:09:11,555 [ERROR] Attempt 2 failed: ('Connection aborted.', ConnectionResetError(104, 'Connection reset by peer'))
2026-04-19 17:09:25,555 [ERROR] Attempt 3 failed: ('Connection aborted.', ConnectionResetError(104, 'Connection reset by peer'))
2026-04-19 17:09:33,560 [ERROR] All retries exhausted — skipping.
2026-04-19 17:10:08,955 [ERROR] Attempt 1 failed: ('Connection aborted.', ConnectionResetError(104, 'Connection reset by peer'))
2026-04-19 17:10:39,254 [ERROR] Attempt 1 failed: ('Connection aborted.', ConnectionResetError(104, 'Connection reset by peer'))
2026-04-19 17:10:51,455 [ERROR] Attempt 2 failed: ('Connection aborted.', ConnectionResetError(104, 'Connection reset by peer'))
2026-04-19 17:11:11,954 [ERROR] Attempt 1 failed: ('Connection aborted.', ConnectionResetError(104, 'Connection reset by peer'))
2026-04-19 17:11:27,654 [ERROR] Attempt 1 failed: ('Connection aborted.', ConnectionResetError(104, 'Connection reset by peer'))
2026-04-19 17:11:39,653 [ERROR] Attempt 2 failed: ('Connection aborted.', ConnectionResetError(104, 'Connection reset by peer'))
2026-04-19 17:11:54,053 [ERROR] Attempt 3 failed: ('Connection aborted.', ConnectionResetError(104, 'Connection reset by peer'))
2026-04-19 17:12:02,056 [ERROR] All retries exhausted — skipping.
2026-04-19 17:12:12,796 [INFO] Checkpoint: 5300 done
2026-04-19 17:12:26,453 [ERROR] Attempt 1 failed: ('Connection aborted.', ConnectionResetError(104, 'Connection reset by peer'))
2026-04-19 17:12:48,753 [ERROR] Attempt 1 failed: ('Connection aborted.', ConnectionResetError(104, 'Connection reset by peer'))
2026-04-19 17:13:21,553 [ERROR] Attempt 1 failed: ('Connection aborted.', ConnectionResetError(104, 'Connection reset by peer'))
2026-04-19 17:13:37,054 [ERROR] Attempt 1 failed: ('Connection aborted.', ConnectionResetError(104, 'Connection reset by peer'))
2026-04-19 17:13:57,054 [ERROR] Attempt 1 failed: ('Connection aborted.', ConnectionResetError(104, 'Connection reset by peer'))
2026-04-19 17:14:17,154 [ERROR] Attempt 1 failed: ('Connection aborted.', ConnectionResetError(104, 'Connection reset by peer'))
2026-04-19 17:14:36,552 [ERROR] Attempt 1 failed: ('Connection aborted.', ConnectionResetError(104, 'Connection reset by peer'))
2026-04-19 17:14:51,952 [ERROR] Attempt 1 failed: ('Connection aborted.', ConnectionResetError(104, 'Connection reset by peer'))
2026-04-19 17:15:32,052 [ERROR] Attempt 1 failed: ('Connection aborted.', ConnectionResetError(104, 'Connection reset by peer'))
2026-04-19 17:16:22,551 [ERROR] Attempt 1 failed: ('Connection aborted.', ConnectionResetError(104, 'Connection reset by peer'))
2026-04-19 17:16:42,351 [ERROR] Attempt 1 failed: ('Connection aborted.', ConnectionResetError(104, 'Connection reset by peer'))
2026-04-19 17:16:54,651 [ERROR] Attempt 2 failed: ('Connection aborted.', ConnectionResetError(104, 'Connection reset by peer'))
2026-04-19 17:17:08,651 [ERROR] Attempt 3 failed: ('Connection aborted.', ConnectionResetError(104, 'Connection reset by peer'))
2026-04-19 17:17:16,652 [ERROR] All retries exhausted — skipping.
2026-04-19 17:17:33,551 [ERROR] Attempt 1 failed: ('Connection aborted.', ConnectionResetError(104, 'Connection reset by peer'))
2026-04-19 17:17:55,550 [ERROR] Attempt 1 failed: ('Connection aborted.', ConnectionResetError(104, 'Connection reset by peer'))
2026-04-19 17:18:14,601 [INFO] Checkpoint: 5350 done
2026-04-19 17:18:24,750 [ERROR] Attempt 1 failed: ('Connection aborted.', ConnectionResetError(104, 'Connection reset by peer'))
2026-04-19 17:18:43,550 [ERROR] Attempt 1 failed: ('Connection aborted.', ConnectionResetError(104, 'Connection reset by peer'))
2026-04-19 17:18:59,550 [ERROR] Attempt 1 failed: ('Connection aborted.', ConnectionResetError(104, 'Connection reset by peer'))
2026-04-19 17:19:24,650 [ERROR] Attempt 1 failed: ('Connection aborted.', ConnectionResetError(104, 'Connection reset by peer'))
2026-04-19 17:19:40,750 [ERROR] Attempt 1 failed: ('Connection aborted.', ConnectionResetError(104, 'Connection reset by peer'))
2026-04-19 17:20:10,449 [ERROR] Attempt 1 failed: ('Connection aborted.', ConnectionResetError(104, 'Connection reset by peer'))
2026-04-19 17:20:22,449 [ERROR] Attempt 2 failed: ('Connection aborted.', ConnectionResetError(104, 'Connection reset by peer'))
2026-04-19 17:20:44,149 [ERROR] Attempt 1 failed: ('Connection aborted.', ConnectionResetError(104, 'Connection reset by peer'))
2026-04-19 17:22:06,848 [ERROR] Attempt 1 failed: ('Connection aborted.', ConnectionResetError(104, 'Connection reset by peer'))
2026-04-19 17:22:26,251 [ERROR] Attempt 1 failed: ('Connection aborted.', ConnectionResetError(104, 'Connection reset by peer'))
2026-04-19 17:22:45,848 [ERROR] Attempt 1 failed: ('Connection aborted.', ConnectionResetError(104, 'Connection reset by peer'))
2026-04-19 17:23:01,648 [ERROR] Attempt 1 failed: ('Connection aborted.', ConnectionResetError(104, 'Connection reset by peer'))
2026-04-19 17:23:27,547 [ERROR] Attempt 1 failed: ('Connection aborted.', ConnectionResetError(104, 'Connection reset by peer'))
2026-04-19 17:23:46,847 [ERROR] Attempt 1 failed: ('Connection aborted.', ConnectionResetError(104, 'Connection reset by peer'))
2026-04-19 17:23:58,851 [ERROR] Attempt 2 failed: ('Connection aborted.', ConnectionResetError(104, 'Connection reset by peer'))
2026-04-19 17:24:12,847 [ERROR] Attempt 3 failed: ('Connection aborted.', ConnectionResetError(104, 'Connection reset by peer'))
2026-04-19 17:24:20,853 [ERROR] All retries exhausted — skipping.
2026-04-19 17:24:38,363 [INFO] Checkpoint: 5400 done
2026-04-19 17:25:00,747 [ERROR] Attempt 1 failed: ('Connection aborted.', ConnectionResetError(104, 'Connection reset by peer'))
2026-04-19 17:25:23,346 [ERROR] Attempt 1 failed: ('Connection aborted.', ConnectionResetError(104, 'Connection reset by peer'))
2026-04-19 17:26:08,546 [ERROR] Attempt 1 failed: ('Connection aborted.', ConnectionResetError(104, 'Connection reset by peer'))
2026-04-19 17:26:20,547 [ERROR] Attempt 2 failed: ('Connection aborted.', ConnectionResetError(104, 'Connection reset by peer'))
2026-04-19 17:26:41,846 [ERROR] Attempt 1 failed: ('Connection aborted.', ConnectionResetError(104, 'Connection reset by peer'))
2026-04-19 17:26:53,846 [ERROR] Attempt 2 failed: ('Connection aborted.', ConnectionResetError(104, 'Connection reset by peer'))
2026-04-19 17:27:11,347 [ERROR] Attempt 1 failed: ('Connection aborted.', ConnectionResetError(104, 'Connection reset by peer'))
2026-04-19 17:27:44,245 [ERROR] Attempt 1 failed: ('Connection aborted.', ConnectionResetError(104, 'Connection reset by peer'))
2026-04-19 17:28:12,545 [ERROR] Attempt 1 failed: ('Connection aborted.', ConnectionResetError(104, 'Connection reset by peer'))
2026-04-19 17:28:28,045 [ERROR] Attempt 1 failed: ('Connection aborted.', ConnectionResetError(104, 'Connection reset by peer'))
2026-04-19 17:28:58,246 [ERROR] Attempt 1 failed: ('Connection aborted.', ConnectionResetError(104, 'Connection reset by peer'))
2026-04-19 17:29:10,344 [ERROR] Attempt 2 failed: ('Connection aborted.', ConnectionResetError(104, 'Connection reset by peer'))
2026-04-19 17:30:06,245 [ERROR] Attempt 1 failed: ('Connection aborted.', ConnectionResetError(104, 'Connection reset by peer'))
2026-04-19 17:30:18,462 [INFO] Checkpoint: 5450 done
2026-04-19 17:30:28,547 [ERROR] Attempt 1 failed: ('Connection aborted.', ConnectionResetError(104, 'Connection reset by peer'))
2026-04-19 17:30:40,645 [ERROR] Attempt 2 failed: ('Connection aborted.', ConnectionResetError(104, 'Connection reset by peer'))
2026-04-19 17:31:28,444 [ERROR] Attempt 1 failed: ('Connection aborted.', ConnectionResetError(104, 'Connection reset by peer'))
2026-04-19 17:31:50,543 [ERROR] Attempt 1 failed: ('Connection aborted.', ConnectionResetError(104, 'Connection reset by peer'))
2026-04-19 17:32:06,343 [ERROR] Attempt 1 failed: ('Connection aborted.', ConnectionResetError(104, 'Connection reset by peer'))
2026-04-19 17:32:21,743 [ERROR] Attempt 1 failed: ('Connection aborted.', ConnectionResetError(104, 'Connection reset by peer'))
2026-04-19 17:32:46,845 [ERROR] Attempt 1 failed: ('Connection aborted.', ConnectionResetError(104, 'Connection reset by peer'))
2026-04-19 17:33:02,343 [ERROR] Attempt 1 failed: ('Connection aborted.', ConnectionResetError(104, 'Connection reset by peer'))
2026-04-19 17:33:25,142 [ERROR] Attempt 1 failed: ('Connection aborted.', ConnectionResetError(104, 'Connection reset by peer'))
2026-04-19 17:33:51,242 [ERROR] Attempt 1 failed: ('Connection aborted.', ConnectionResetError(104, 'Connection reset by peer'))
2026-04-19 17:34:21,250 [ERROR] Attempt 1 failed: ('Connection aborted.', ConnectionResetError(104, 'Connection reset by peer'))
2026-04-19 17:34:40,542 [ERROR] Attempt 1 failed: ('Connection aborted.', ConnectionResetError(104, 'Connection reset by peer'))
2026-04-19 17:34:56,142 [ERROR] Attempt 1 failed: ('Connection aborted.', ConnectionResetError(104, 'Connection reset by peer'))
2026-04-19 17:35:25,042 [ERROR] Attempt 1 failed: ('Connection aborted.', ConnectionResetError(104, 'Connection reset by peer'))
2026-04-19 17:35:51,341 [ERROR] Attempt 1 failed: ('Connection aborted.', ConnectionResetError(104, 'Connection reset by peer'))
2026-04-19 17:36:03,342 [ERROR] Attempt 2 failed: ('Connection aborted.', ConnectionResetError(104, 'Connection reset by peer'))
2026-04-19 17:36:31,041 [ERROR] Attempt 1 failed: ('Connection aborted.', ConnectionResetError(104, 'Connection reset by peer'))
2026-04-19 17:36:46,141 [ERROR] Attempt 1 failed: ('Connection aborted.', ConnectionResetError(104, 'Connection reset by peer'))
2026-04-19 17:36:51,086 [INFO] Checkpoint: 5500 done
2026-04-19 17:37:18,341 [ERROR] Attempt 1 failed: ('Connection aborted.', ConnectionResetError(104, 'Connection reset by peer'))
2026-04-19 17:38:28,444 [ERROR] Attempt 1 failed: ('Connection aborted.', ConnectionResetError(104, 'Connection reset by peer'))
2026-04-19 17:38:58,440 [ERROR] Attempt 1 failed: ('Connection aborted.', ConnectionResetError(104, 'Connection reset by peer'))
2026-04-19 17:39:16,939 [ERROR] Attempt 1 failed: ('Connection aborted.', ConnectionResetError(104, 'Connection reset by peer'))
2026-04-19 17:39:28,940 [ERROR] Attempt 2 failed: ('Connection aborted.', ConnectionResetError(104, 'Connection reset by peer'))
2026-04-19 17:39:50,039 [ERROR] Attempt 1 failed: ('Connection aborted.', ConnectionResetError(104, 'Connection reset by peer'))
2026-04-19 17:40:02,039 [ERROR] Attempt 2 failed: ('Connection aborted.', ConnectionResetError(104, 'Connection reset by peer'))
2026-04-19 17:40:32,140 [ERROR] Attempt 1 failed: ('Connection aborted.', ConnectionResetError(104, 'Connection reset by peer'))
2026-04-19 17:41:14,639 [ERROR] Attempt 1 failed: ('Connection aborted.', ConnectionResetError(104, 'Connection reset by peer'))
2026-04-19 17:41:33,638 [ERROR] Attempt 1 failed: ('Connection aborted.', ConnectionResetError(104, 'Connection reset by peer'))
2026-04-19 17:41:45,839 [ERROR] Attempt 2 failed: ('Connection aborted.', ConnectionResetError(104, 'Connection reset by peer'))
2026-04-19 17:42:00,715 [INFO] Checkpoint: 5550 done
2026-04-19 17:42:35,638 [ERROR] Attempt 1 failed: ('Connection aborted.', ConnectionResetError(104, 'Connection reset by peer'))
2026-04-19 17:42:51,137 [ERROR] Attempt 1 failed: ('Connection aborted.', ConnectionResetError(104, 'Connection reset by peer'))
2026-04-19 17:43:34,937 [ERROR] Attempt 1 failed: ('Connection aborted.', ConnectionResetError(104, 'Connection reset by peer'))
2026-04-19 17:43:57,437 [ERROR] Attempt 1 failed: ('Connection aborted.', ConnectionResetError(104, 'Connection reset by peer'))
2026-04-19 17:44:25,939 [ERROR] Attempt 1 failed: ('Connection aborted.', ConnectionResetError(104, 'Connection reset by peer'))
2026-04-19 17:44:52,436 [ERROR] Attempt 1 failed: ('Connection aborted.', ConnectionResetError(104, 'Connection reset by peer'))
2026-04-19 17:45:11,536 [ERROR] Attempt 1 failed: ('Connection aborted.', ConnectionResetError(104, 'Connection reset by peer'))
2026-04-19 17:46:18,337 [ERROR] Attempt 1 failed: ('Connection aborted.', ConnectionResetError(104, 'Connection reset by peer'))
2026-04-19 17:46:30,584 [INFO] Checkpoint: 5600 done
2026-04-19 17:46:51,944 [ERROR] Attempt 1 failed: ('Connection aborted.', ConnectionResetError(104, 'Connection reset by peer'))
2026-04-19 17:47:14,139 [ERROR] Attempt 1 failed: ('Connection aborted.', ConnectionResetError(104, 'Connection reset by peer'))
2026-04-19 17:47:29,938 [ERROR] Attempt 1 failed: ('Connection aborted.', ConnectionResetError(104, 'Connection reset by peer'))
2026-04-19 17:48:15,139 [ERROR] Attempt 1 failed: ('Connection aborted.', ConnectionResetError(104, 'Connection reset by peer'))
2026-04-19 17:49:01,640 [ERROR] Attempt 1 failed: ('Connection aborted.', ConnectionResetError(104, 'Connection reset by peer'))
2026-04-19 17:49:13,840 [ERROR] Attempt 2 failed: ('Connection aborted.', ConnectionResetError(104, 'Connection reset by peer'))
2026-04-19 17:49:38,141 [ERROR] Attempt 1 failed: ('Connection aborted.', ConnectionResetError(104, 'Connection reset by peer'))
2026-04-19 17:50:03,744 [ERROR] Attempt 1 failed: ('Connection aborted.', ConnectionResetError(104, 'Connection reset by peer'))
2026-04-19 17:51:09,148 [ERROR] Attempt 1 failed: ('Connection aborted.', ConnectionResetError(104, 'Connection reset by peer'))
2026-04-19 17:51:14,700 [INFO] Checkpoint: 5650 done
2026-04-19 17:51:38,343 [ERROR] Attempt 1 failed: ('Connection aborted.', ConnectionResetError(104, 'Connection reset by peer'))
2026-04-19 17:52:00,343 [ERROR] Attempt 1 failed: ('Connection aborted.', ConnectionResetError(104, 'Connection reset by peer'))
2026-04-19 17:52:15,743 [ERROR] Attempt 1 failed: ('Connection aborted.', ConnectionResetError(104, 'Connection reset by peer'))
2026-04-19 17:52:48,445 [ERROR] Attempt 1 failed: ('Connection aborted.', ConnectionResetError(104, 'Connection reset by peer'))
2026-04-19 17:53:21,444 [ERROR] Attempt 1 failed: ('Connection aborted.', ConnectionResetError(104, 'Connection reset by peer'))
2026-04-19 17:54:03,044 [ERROR] Attempt 1 failed: ('Connection aborted.', ConnectionResetError(104, 'Connection reset by peer'))
2026-04-19 17:54:46,945 [ERROR] Attempt 1 failed: ('Connection aborted.', ConnectionResetError(104, 'Connection reset by peer'))
2026-04-19 17:55:29,847 [ERROR] Attempt 1 failed: ('Connection aborted.', ConnectionResetError(104, 'Connection reset by peer'))
2026-04-19 17:55:43,159 [INFO] Checkpoint: 5700 done
2026-04-19 17:55:53,245 [ERROR] Attempt 1 failed: ('Connection aborted.', ConnectionResetError(104, 'Connection reset by peer'))
2026-04-19 17:56:05,245 [ERROR] Attempt 2 failed: ('Connection aborted.', ConnectionResetError(104, 'Connection reset by peer'))
2026-04-19 17:56:19,245 [ERROR] Attempt 3 failed: ('Connection aborted.', ConnectionResetError(104, 'Connection reset by peer'))
2026-04-19 17:56:27,254 [ERROR] All retries exhausted — skipping.
2026-04-19 17:56:51,145 [ERROR] Attempt 1 failed: ('Connection aborted.', ConnectionResetError(104, 'Connection reset by peer'))
2026-04-19 17:57:23,247 [ERROR] Attempt 1 failed: ('Connection aborted.', ConnectionResetError(104, 'Connection reset by peer'))
2026-04-19 17:57:56,546 [ERROR] Attempt 1 failed: ('Connection aborted.', ConnectionResetError(104, 'Connection reset by peer'))
2026-04-19 17:58:08,546 [ERROR] Attempt 2 failed: ('Connection aborted.', ConnectionResetError(104, 'Connection reset by peer'))
2026-04-19 17:58:22,547 [ERROR] Attempt 3 failed: ('Connection aborted.', ConnectionResetError(104, 'Connection reset by peer'))
2026-04-19 17:58:30,551 [ERROR] All retries exhausted — skipping.
2026-04-19 17:58:40,646 [ERROR] Attempt 1 failed: ('Connection aborted.', ConnectionResetError(104, 'Connection reset by peer'))
2026-04-19 17:59:10,846 [ERROR] Attempt 1 failed: ('Connection aborted.', ConnectionResetError(104, 'Connection reset by peer'))
2026-04-19 17:59:53,946 [ERROR] Attempt 1 failed: ('Connection aborted.', ConnectionResetError(104, 'Connection reset by peer'))
2026-04-19 18:00:05,946 [ERROR] Attempt 2 failed: ('Connection aborted.', ConnectionResetError(104, 'Connection reset by peer'))
2026-04-19 18:00:23,347 [ERROR] Attempt 1 failed: ('Connection aborted.', ConnectionResetError(104, 'Connection reset by peer'))
2026-04-19 18:00:38,947 [ERROR] Attempt 1 failed: ('Connection aborted.', ConnectionResetError(104, 'Connection reset by peer'))
2026-04-19 18:00:50,946 [ERROR] Attempt 2 failed: ('Connection aborted.', ConnectionResetError(104, 'Connection reset by peer'))
2026-04-19 18:01:08,646 [ERROR] Attempt 1 failed: ('Connection aborted.', ConnectionResetError(104, 'Connection reset by peer'))
2026-04-19 18:01:20,646 [ERROR] Attempt 2 failed: ('Connection aborted.', ConnectionResetError(104, 'Connection reset by peer'))
2026-04-19 18:01:38,046 [ERROR] Attempt 1 failed: ('Connection aborted.', ConnectionResetError(104, 'Connection reset by peer'))
2026-04-19 18:01:54,147 [ERROR] Attempt 1 failed: ('Connection aborted.', ConnectionResetError(104, 'Connection reset by peer'))
2026-04-19 18:02:48,746 [ERROR] Attempt 1 failed: ('Connection aborted.', ConnectionResetError(104, 'Connection reset by peer'))
2026-04-19 18:02:54,198 [INFO] Checkpoint: 5750 done
2026-04-19 18:03:28,447 [ERROR] Attempt 1 failed: ('Connection aborted.', ConnectionResetError(104, 'Connection reset by peer'))
2026-04-19 18:03:40,449 [ERROR] Attempt 2 failed: ('Connection aborted.', ConnectionResetError(104, 'Connection reset by peer'))
2026-04-19 18:04:14,947 [ERROR] Attempt 1 failed: ('Connection aborted.', ConnectionResetError(104, 'Connection reset by peer'))
2026-04-19 18:04:34,047 [ERROR] Attempt 1 failed: ('Connection aborted.', ConnectionResetError(104, 'Connection reset by peer'))
2026-04-19 18:04:46,047 [ERROR] Attempt 2 failed: ('Connection aborted.', ConnectionResetError(104, 'Connection reset by peer'))
2026-04-19 18:05:03,746 [ERROR] Attempt 1 failed: ('Connection aborted.', ConnectionResetError(104, 'Connection reset by peer'))
2026-04-19 18:05:19,546 [ERROR] Attempt 1 failed: ('Connection aborted.', ConnectionResetError(104, 'Connection reset by peer'))
2026-04-19 18:05:48,146 [ERROR] Attempt 1 failed: ('Connection aborted.', ConnectionResetError(104, 'Connection reset by peer'))
2026-04-19 18:06:03,647 [ERROR] Attempt 1 failed: ('Connection aborted.', ConnectionResetError(104, 'Connection reset by peer'))
2026-04-19 18:06:22,447 [ERROR] Attempt 1 failed: ('Connection aborted.', ConnectionResetError(104, 'Connection reset by peer'))
2026-04-19 18:06:34,448 [ERROR] Attempt 2 failed: ('Connection aborted.', ConnectionResetError(104, 'Connection reset by peer'))
2026-04-19 18:07:05,247 [ERROR] Attempt 1 failed: ('Connection aborted.', ConnectionResetError(104, 'Connection reset by peer'))
2026-04-19 18:07:24,746 [ERROR] Attempt 1 failed: ('Connection aborted.', ConnectionResetError(104, 'Connection reset by peer'))
2026-04-19 18:07:40,248 [ERROR] Attempt 1 failed: ('Connection aborted.', ConnectionResetError(104, 'Connection reset by peer'))
2026-04-19 18:07:59,146 [ERROR] Attempt 1 failed: ('Connection aborted.', ConnectionResetError(104, 'Connection reset by peer'))
2026-04-19 18:08:14,547 [ERROR] Attempt 1 failed: ('Connection aborted.', ConnectionResetError(104, 'Connection reset by peer'))
2026-04-19 18:08:38,746 [ERROR] Attempt 1 failed: ('Connection aborted.', ConnectionResetError(104, 'Connection reset by peer'))
2026-04-19 18:08:53,946 [ERROR] Attempt 1 failed: ('Connection aborted.', ConnectionResetError(104, 'Connection reset by peer'))
2026-04-19 18:09:16,446 [ERROR] Attempt 1 failed: ('Connection aborted.', ConnectionResetError(104, 'Connection reset by peer'))
2026-04-19 18:09:44,047 [ERROR] Attempt 1 failed: ('Connection aborted.', ConnectionResetError(104, 'Connection reset by peer'))
2026-04-19 18:09:56,126 [INFO] Checkpoint: 5800 done
2026-04-19 18:10:46,047 [ERROR] Attempt 1 failed: ('Connection aborted.', ConnectionResetError(104, 'Connection reset by peer'))
2026-04-19 18:11:01,246 [ERROR] Attempt 1 failed: ('Connection aborted.', ConnectionResetError(104, 'Connection reset by peer'))
2026-04-19 18:11:23,145 [ERROR] Attempt 1 failed: ('Connection aborted.', ConnectionResetError(104, 'Connection reset by peer'))
2026-04-19 18:11:46,046 [ERROR] Attempt 1 failed: ('Connection aborted.', ConnectionResetError(104, 'Connection reset by peer'))
2026-04-19 18:11:58,045 [ERROR] Attempt 2 failed: ('Connection aborted.', ConnectionResetError(104, 'Connection reset by peer'))
2026-04-19 18:12:31,846 [ERROR] Attempt 1 failed: ('Connection aborted.', ConnectionResetError(104, 'Connection reset by peer'))
2026-04-19 18:13:09,545 [ERROR] Attempt 1 failed: ('Connection aborted.', ConnectionResetError(104, 'Connection reset by peer'))
2026-04-19 18:13:35,347 [ERROR] Attempt 1 failed: ('Connection aborted.', ConnectionResetError(104, 'Connection reset by peer'))
2026-04-19 18:14:10,946 [ERROR] Attempt 1 failed: ('Connection aborted.', ConnectionResetError(104, 'Connection reset by peer'))
2026-04-19 18:14:40,145 [ERROR] Attempt 1 failed: ('Connection aborted.', ConnectionResetError(104, 'Connection reset by peer'))
2026-04-19 18:14:49,091 [INFO] Checkpoint: 5850 done
2026-04-19 18:15:02,845 [ERROR] Attempt 1 failed: ('Connection aborted.', ConnectionResetError(104, 'Connection reset by peer'))
2026-04-19 18:15:14,845 [ERROR] Attempt 2 failed: ('Connection aborted.', ConnectionResetError(104, 'Connection reset by peer'))
2026-04-19 18:15:35,745 [ERROR] Attempt 1 failed: ('Connection aborted.', ConnectionResetError(104, 'Connection reset by peer'))
2026-04-19 18:16:46,146 [ERROR] Attempt 1 failed: ('Connection aborted.', ConnectionResetError(104, 'Connection reset by peer'))
2026-04-19 18:17:54,245 [ERROR] Attempt 1 failed: ('Connection aborted.', ConnectionResetError(104, 'Connection reset by peer'))
2026-04-19 18:18:14,045 [ERROR] Attempt 1 failed: ('Connection aborted.', ConnectionResetError(104, 'Connection reset by peer'))
2026-04-19 18:19:02,148 [INFO] Checkpoint: 5900 done
2026-04-19 18:19:12,244 [ERROR] Attempt 1 failed: ('Connection aborted.', ConnectionResetError(104, 'Connection reset by peer'))
2026-04-19 18:19:24,246 [ERROR] Attempt 2 failed: ('Connection aborted.', ConnectionResetError(104, 'Connection reset by peer'))
2026-04-19 18:19:38,244 [ERROR] Attempt 3 failed: ('Connection aborted.', ConnectionResetError(104, 'Connection reset by peer'))
2026-04-19 18:19:46,252 [ERROR] All retries exhausted — skipping.
2026-04-19 18:19:56,445 [ERROR] Attempt 1 failed: ('Connection aborted.', ConnectionResetError(104, 'Connection reset by peer'))
2026-04-19 18:20:53,146 [ERROR] Attempt 1 failed: ('Connection aborted.', ConnectionResetError(104, 'Connection reset by peer'))
2026-04-19 18:21:34,042 [ERROR] Attempt 1 failed: ('Connection aborted.', ConnectionResetError(104, 'Connection reset by peer'))
2026-04-19 18:21:50,041 [ERROR] Attempt 1 failed: ('Connection aborted.', ConnectionResetError(104, 'Connection reset by peer'))
2026-04-19 18:22:02,043 [ERROR] Attempt 2 failed: ('Connection aborted.', ConnectionResetError(104, 'Connection reset by peer'))
2026-04-19 18:22:30,240 [ERROR] Attempt 1 failed: ('Connection aborted.', ConnectionResetError(104, 'Connection reset by peer'))
2026-04-19 18:23:27,639 [ERROR] Attempt 1 failed: ('Connection aborted.', ConnectionResetError(104, 'Connection reset by peer'))
2026-04-19 18:23:50,040 [ERROR] Attempt 1 failed: ('Connection aborted.', ConnectionResetError(104, 'Connection reset by peer'))
2026-04-19 18:24:20,237 [ERROR] Attempt 1 failed: ('Connection aborted.', ConnectionResetError(104, 'Connection reset by peer'))
2026-04-19 18:24:28,962 [INFO] Checkpoint: 5950 done
2026-04-19 18:25:00,336 [ERROR] Attempt 1 failed: ('Connection aborted.', ConnectionResetError(104, 'Connection reset by peer'))
2026-04-19 18:25:12,336 [ERROR] Attempt 2 failed: ('Connection aborted.', ConnectionResetError(104, 'Connection reset by peer'))
2026-04-19 18:25:33,336 [ERROR] Attempt 1 failed: ('Connection aborted.', ConnectionResetError(104, 'Connection reset by peer'))
2026-04-19 18:25:58,335 [ERROR] Attempt 1 failed: ('Connection aborted.', ConnectionResetError(104, 'Connection reset by peer'))
2026-04-19 18:26:30,534 [ERROR] Attempt 1 failed: ('Connection aborted.', ConnectionResetError(104, 'Connection reset by peer'))
2026-04-19 18:27:01,634 [ERROR] Attempt 1 failed: ('Connection aborted.', ConnectionResetError(104, 'Connection reset by peer'))
2026-04-19 18:27:16,933 [ERROR] Attempt 1 failed: ('Connection aborted.', ConnectionResetError(104, 'Connection reset by peer'))
2026-04-19 18:27:42,833 [ERROR] Attempt 1 failed: ('Connection aborted.', ConnectionResetError(104, 'Connection reset by peer'))
2026-04-19 18:28:01,636 [ERROR] Attempt 1 failed: ('Connection aborted.', ConnectionResetError(104, 'Connection reset by peer'))
2026-04-19 18:28:17,033 [ERROR] Attempt 1 failed: ('Connection aborted.', ConnectionResetError(104, 'Connection reset by peer'))
2026-04-19 18:28:32,932 [ERROR] Attempt 1 failed: ('Connection aborted.', ConnectionResetError(104, 'Connection reset by peer'))
2026-04-19 18:28:52,832 [ERROR] Attempt 1 failed: ('Connection aborted.', ConnectionResetError(104, 'Connection reset by peer'))
2026-04-19 18:29:08,332 [ERROR] Attempt 1 failed: ('Connection aborted.', ConnectionResetError(104, 'Connection reset by peer'))
2026-04-19 18:29:27,833 [ERROR] Attempt 1 failed: ('Connection aborted.', ConnectionResetError(104, 'Connection reset by peer'))
2026-04-19 18:29:58,531 [ERROR] Attempt 1 failed: ('Connection aborted.', ConnectionResetError(104, 'Connection reset by peer'))
2026-04-19 18:30:20,230 [ERROR] Attempt 1 failed: ('Connection aborted.', ConnectionResetError(104, 'Connection reset by peer'))
2026-04-19 18:30:38,832 [ERROR] Attempt 1 failed: ('Connection aborted.', ConnectionResetError(104, 'Connection reset by peer'))
2026-04-19 18:31:01,031 [ERROR] Attempt 1 failed: ('Connection aborted.', ConnectionResetError(104, 'Connection reset by peer'))
2026-04-19 18:31:06,591 [INFO] Checkpoint: 6000 done
2026-04-19 18:31:29,329 [ERROR] Attempt 1 failed: ('Connection aborted.', ConnectionResetError(104, 'Connection reset by peer'))
2026-04-19 18:31:41,329 [ERROR] Attempt 2 failed: ('Connection aborted.', ConnectionResetError(104, 'Connection reset by peer'))
2026-04-19 18:31:55,629 [ERROR] Attempt 3 failed: ('Connection aborted.', ConnectionResetError(104, 'Connection reset by peer'))
2026-04-19 18:32:03,637 [ERROR] All retries exhausted — skipping.
2026-04-19 18:32:54,728 [ERROR] Attempt 1 failed: ('Connection aborted.', ConnectionResetError(104, 'Connection reset by peer'))
2026-04-19 18:33:17,528 [ERROR] Attempt 1 failed: ('Connection aborted.', ConnectionResetError(104, 'Connection reset by peer'))
2026-04-19 18:33:39,028 [ERROR] Attempt 1 failed: ('Connection aborted.', ConnectionResetError(104, 'Connection reset by peer'))
2026-04-19 18:35:16,527 [ERROR] Attempt 1 failed: ('Connection aborted.', ConnectionResetError(104, 'Connection reset by peer'))
2026-04-19 18:35:32,226 [ERROR] Attempt 1 failed: ('Connection aborted.', ConnectionResetError(104, 'Connection reset by peer'))
2026-04-19 18:35:40,316 [INFO] Checkpoint: 6050 done
2026-04-19 18:35:53,727 [ERROR] Attempt 1 failed: ('Connection aborted.', ConnectionResetError(104, 'Connection reset by peer'))
2026-04-19 18:36:12,728 [ERROR] Attempt 1 failed: ('Connection aborted.', ConnectionResetError(104, 'Connection reset by peer'))
2026-04-19 18:36:37,325 [ERROR] Attempt 1 failed: ('Connection aborted.', ConnectionResetError(104, 'Connection reset by peer'))
2026-04-19 18:36:52,526 [ERROR] Attempt 1 failed: ('Connection aborted.', ConnectionResetError(104, 'Connection reset by peer'))
2026-04-19 18:37:25,525 [ERROR] Attempt 1 failed: ('Connection aborted.', ConnectionResetError(104, 'Connection reset by peer'))
2026-04-19 18:37:41,425 [ERROR] Attempt 1 failed: ('Connection aborted.', ConnectionResetError(104, 'Connection reset by peer'))
2026-04-19 18:38:05,625 [ERROR] Attempt 1 failed: ('Connection aborted.', ConnectionResetError(104, 'Connection reset by peer'))
2026-04-19 18:39:00,124 [ERROR] Attempt 1 failed: ('Connection aborted.', ConnectionResetError(104, 'Connection reset by peer'))
2026-04-19 18:39:22,523 [ERROR] Attempt 1 failed: ('Connection aborted.', ConnectionResetError(104, 'Connection reset by peer'))
2026-04-19 18:40:09,223 [ERROR] Attempt 1 failed: ('Connection aborted.', ConnectionResetError(104, 'Connection reset by peer'))
2026-04-19 18:40:28,023 [ERROR] Attempt 1 failed: ('Connection aborted.', ConnectionResetError(104, 'Connection reset by peer'))
2026-04-19 18:40:44,744 [INFO] Checkpoint: 6100 done
2026-04-19 18:41:01,622 [ERROR] Attempt 1 failed: ('Connection aborted.', ConnectionResetError(104, 'Connection reset by peer'))
2026-04-19 18:41:36,223 [ERROR] Attempt 1 failed: ('Connection aborted.', ConnectionResetError(104, 'Connection reset by peer'))
2026-04-19 18:41:52,324 [ERROR] Attempt 1 failed: ('Connection aborted.', ConnectionResetError(104, 'Connection reset by peer'))
2026-04-19 18:42:04,322 [ERROR] Attempt 2 failed: ('Connection aborted.', ConnectionResetError(104, 'Connection reset by peer'))
2026-04-19 18:42:43,322 [ERROR] Attempt 1 failed: ('Connection aborted.', ConnectionResetError(104, 'Connection reset by peer'))
2026-04-19 18:43:06,021 [ERROR] Attempt 1 failed: ('Connection aborted.', ConnectionResetError(104, 'Connection reset by peer'))
2026-04-19 18:43:21,421 [ERROR] Attempt 1 failed: ('Connection aborted.', ConnectionResetError(104, 'Connection reset by peer'))
2026-04-19 18:43:40,422 [ERROR] Attempt 1 failed: ('Connection aborted.', ConnectionResetError(104, 'Connection reset by peer'))
2026-04-19 18:43:52,423 [ERROR] Attempt 2 failed: ('Connection aborted.', ConnectionResetError(104, 'Connection reset by peer'))
2026-04-19 18:44:13,524 [ERROR] Attempt 1 failed: ('Connection aborted.', ConnectionResetError(104, 'Connection reset by peer'))
2026-04-19 18:44:28,920 [ERROR] Attempt 1 failed: ('Connection aborted.', ConnectionResetError(104, 'Connection reset by peer'))
2026-04-19 18:44:57,820 [ERROR] Attempt 1 failed: ('Connection aborted.', ConnectionResetError(104, 'Connection reset by peer'))
2026-04-19 18:45:44,119 [ERROR] Attempt 1 failed: ('Connection aborted.', ConnectionResetError(104, 'Connection reset by peer'))
2026-04-19 18:46:12,919 [ERROR] Attempt 1 failed: ('Connection aborted.', ConnectionResetError(104, 'Connection reset by peer'))
2026-04-19 18:46:24,920 [ERROR] Attempt 2 failed: ('Connection aborted.', ConnectionResetError(104, 'Connection reset by peer'))
2026-04-19 18:46:38,919 [ERROR] Attempt 3 failed: ('Connection aborted.', ConnectionResetError(104, 'Connection reset by peer'))
2026-04-19 18:46:46,924 [ERROR] All retries exhausted — skipping.
2026-04-19 18:47:00,214 [INFO] Checkpoint: 6150 done
2026-04-19 18:47:13,319 [ERROR] Attempt 1 failed: ('Connection aborted.', ConnectionResetError(104, 'Connection reset by peer'))
2026-04-19 18:47:45,018 [ERROR] Attempt 1 failed: ('Connection aborted.', ConnectionResetError(104, 'Connection reset by peer'))
2026-04-19 18:48:00,719 [ERROR] Attempt 1 failed: ('Connection aborted.', ConnectionResetError(104, 'Connection reset by peer'))
2026-04-19 18:48:26,818 [ERROR] Attempt 1 failed: ('Connection aborted.', ConnectionResetError(104, 'Connection reset by peer'))
2026-04-19 18:48:38,817 [ERROR] Attempt 2 failed: ('Connection aborted.', ConnectionResetError(104, 'Connection reset by peer'))
2026-04-19 18:49:16,617 [ERROR] Attempt 1 failed: ('Connection aborted.', ConnectionResetError(104, 'Connection reset by peer'))
2026-04-19 18:49:48,917 [ERROR] Attempt 1 failed: ('Connection aborted.', ConnectionResetError(104, 'Connection reset by peer'))
2026-04-19 18:50:25,916 [ERROR] Attempt 1 failed: ('Connection aborted.', ConnectionResetError(104, 'Connection reset by peer'))
2026-04-19 18:50:56,016 [ERROR] Attempt 1 failed: ('Connection aborted.', ConnectionResetError(104, 'Connection reset by peer'))
2026-04-19 18:51:08,316 [ERROR] Attempt 2 failed: ('Connection aborted.', ConnectionResetError(104, 'Connection reset by peer'))
2026-04-19 18:51:39,517 [ERROR] Attempt 1 failed: ('Connection aborted.', ConnectionResetError(104, 'Connection reset by peer'))
2026-04-19 18:51:51,517 [ERROR] Attempt 2 failed: ('Connection aborted.', ConnectionResetError(104, 'Connection reset by peer'))
2026-04-19 18:52:09,216 [ERROR] Attempt 1 failed: ('Connection aborted.', ConnectionResetError(104, 'Connection reset by peer'))
2026-04-19 18:52:35,315 [ERROR] Attempt 1 failed: ('Connection aborted.', ConnectionResetError(104, 'Connection reset by peer'))
2026-04-19 18:52:47,319 [ERROR] Attempt 2 failed: ('Connection aborted.', ConnectionResetError(104, 'Connection reset by peer'))
2026-04-19 18:53:04,083 [INFO] Checkpoint: 6200 done
2026-04-19 18:54:05,814 [ERROR] Attempt 1 failed: ('Connection aborted.', ConnectionResetError(104, 'Connection reset by peer'))
2026-04-19 18:54:31,215 [ERROR] Attempt 1 failed: ('Connection aborted.', ConnectionResetError(104, 'Connection reset by peer'))
2026-04-19 18:54:46,114 [ERROR] Attempt 1 failed: ('Connection aborted.', ConnectionResetError(104, 'Connection reset by peer'))
2026-04-19 18:54:58,115 [ERROR] Attempt 2 failed: ('Connection aborted.', ConnectionResetError(104, 'Connection reset by peer'))
2026-04-19 18:55:19,215 [ERROR] Attempt 1 failed: ('Connection aborted.', ConnectionResetError(104, 'Connection reset by peer'))
2026-04-19 18:55:48,415 [ERROR] Attempt 1 failed: ('Connection aborted.', ConnectionResetError(104, 'Connection reset by peer'))
2026-04-19 18:56:17,014 [ERROR] Attempt 1 failed: ('Connection aborted.', ConnectionResetError(104, 'Connection reset by peer'))
2026-04-19 18:57:19,641 [INFO] Checkpoint: 6250 done
2026-04-19 18:57:36,617 [ERROR] Attempt 1 failed: ('Connection aborted.', ConnectionResetError(104, 'Connection reset by peer'))
2026-04-19 18:57:48,614 [ERROR] Attempt 2 failed: ('Connection aborted.', ConnectionResetError(104, 'Connection reset by peer'))
2026-04-19 18:58:06,614 [ERROR] Attempt 1 failed: ('Connection aborted.', ConnectionResetError(104, 'Connection reset by peer'))
2026-04-19 18:59:03,014 [ERROR] Attempt 1 failed: ('Connection aborted.', ConnectionResetError(104, 'Connection reset by peer'))
2026-04-19 18:59:15,015 [ERROR] Attempt 2 failed: ('Connection aborted.', ConnectionResetError(104, 'Connection reset by peer'))
2026-04-19 18:59:49,913 [ERROR] Attempt 1 failed: ('Connection aborted.', ConnectionResetError(104, 'Connection reset by peer'))
2026-04-19 19:00:19,813 [ERROR] Attempt 1 failed: ('Connection aborted.', ConnectionResetError(104, 'Connection reset by peer'))
2026-04-19 19:00:41,715 [ERROR] Attempt 1 failed: ('Connection aborted.', ConnectionResetError(104, 'Connection reset by peer'))
2026-04-19 19:01:10,713 [ERROR] Attempt 1 failed: ('Connection aborted.', ConnectionResetError(104, 'Connection reset by peer'))
2026-04-19 19:01:47,413 [ERROR] Attempt 1 failed: ('Connection aborted.', ConnectionResetError(104, 'Connection reset by peer'))
2026-04-19 19:02:23,113 [ERROR] Attempt 1 failed: ('Connection aborted.', ConnectionResetError(104, 'Connection reset by peer'))
2026-04-19 19:02:28,418 [INFO] Checkpoint: 6300 done
2026-04-19 19:02:52,814 [ERROR] Attempt 1 failed: ('Connection aborted.', ConnectionResetError(104, 'Connection reset by peer'))
2026-04-19 19:03:04,817 [ERROR] Attempt 2 failed: ('Connection aborted.', ConnectionResetError(104, 'Connection reset by peer'))
2026-04-19 19:03:37,912 [ERROR] Attempt 1 failed: ('Connection aborted.', ConnectionResetError(104, 'Connection reset by peer'))
2026-04-19 19:04:13,214 [ERROR] Attempt 1 failed: ('Connection aborted.', ConnectionResetError(104, 'Connection reset by peer'))
2026-04-19 19:04:25,213 [ERROR] Attempt 2 failed: ('Connection aborted.', ConnectionResetError(104, 'Connection reset by peer'))
2026-04-19 19:04:45,813 [ERROR] Attempt 1 failed: ('Connection aborted.', ConnectionResetError(104, 'Connection reset by peer'))
2026-04-19 19:04:58,012 [ERROR] Attempt 2 failed: ('Connection aborted.', ConnectionResetError(104, 'Connection reset by peer'))
2026-04-19 19:05:12,114 [ERROR] Attempt 3 failed: ('Connection aborted.', ConnectionResetError(104, 'Connection reset by peer'))
2026-04-19 19:05:20,122 [ERROR] All retries exhausted — skipping.
2026-04-19 19:05:56,612 [ERROR] Attempt 1 failed: ('Connection aborted.', ConnectionResetError(104, 'Connection reset by peer'))
2026-04-19 19:06:08,814 [ERROR] Attempt 2 failed: ('Connection aborted.', ConnectionResetError(104, 'Connection reset by peer'))
2026-04-19 19:06:22,811 [ERROR] Attempt 3 failed: ('Connection aborted.', ConnectionResetError(104, 'Connection reset by peer'))
2026-04-19 19:06:30,819 [ERROR] All retries exhausted — skipping.
2026-04-19 19:06:40,911 [ERROR] Attempt 1 failed: ('Connection aborted.', ConnectionResetError(104, 'Connection reset by peer'))
2026-04-19 19:06:56,611 [ERROR] Attempt 1 failed: ('Connection aborted.', ConnectionResetError(104, 'Connection reset by peer'))
2026-04-19 19:08:07,085 [INFO] Checkpoint: 6350 done
2026-04-19 19:08:24,013 [ERROR] Attempt 1 failed: ('Connection aborted.', ConnectionResetError(104, 'Connection reset by peer'))
2026-04-19 19:09:00,311 [ERROR] Attempt 1 failed: ('Connection aborted.', ConnectionResetError(104, 'Connection reset by peer'))
2026-04-19 19:09:12,310 [ERROR] Attempt 2 failed: ('Connection aborted.', ConnectionResetError(104, 'Connection reset by peer'))
2026-04-19 19:09:29,910 [ERROR] Attempt 1 failed: ('Connection aborted.', ConnectionResetError(104, 'Connection reset by peer'))
2026-04-19 19:09:51,711 [ERROR] Attempt 1 failed: ('Connection aborted.', ConnectionResetError(104, 'Connection reset by peer'))
2026-04-19 19:10:10,610 [ERROR] Attempt 1 failed: ('Connection aborted.', ConnectionResetError(104, 'Connection reset by peer'))
2026-04-19 19:10:22,612 [ERROR] Attempt 2 failed: ('Connection aborted.', ConnectionResetError(104, 'Connection reset by peer'))
2026-04-19 19:10:50,409 [ERROR] Attempt 1 failed: ('Connection aborted.', ConnectionResetError(104, 'Connection reset by peer'))
2026-04-19 19:12:34,512 [ERROR] Attempt 1 failed: ('Connection aborted.', ConnectionResetError(104, 'Connection reset by peer'))
2026-04-19 19:12:54,390 [INFO] Checkpoint: 6400 done
2026-04-19 19:13:04,508 [ERROR] Attempt 1 failed: ('Connection aborted.', ConnectionResetError(104, 'Connection reset by peer'))
2026-04-19 19:13:20,008 [ERROR] Attempt 1 failed: ('Connection aborted.', ConnectionResetError(104, 'Connection reset by peer'))
2026-04-19 19:14:00,808 [ERROR] Attempt 1 failed: ('Connection aborted.', ConnectionResetError(104, 'Connection reset by peer'))
2026-04-19 19:14:22,109 [ERROR] Attempt 1 failed: ('Connection aborted.', ConnectionResetError(104, 'Connection reset by peer'))
2026-04-19 19:14:55,108 [ERROR] Attempt 1 failed: ('Connection aborted.', ConnectionResetError(104, 'Connection reset by peer'))
2026-04-19 19:15:30,608 [ERROR] Attempt 1 failed: ('Connection aborted.', ConnectionResetError(104, 'Connection reset by peer'))
2026-04-19 19:16:00,107 [ERROR] Attempt 1 failed: ('Connection aborted.', ConnectionResetError(104, 'Connection reset by peer'))
2026-04-19 19:16:22,507 [ERROR] Attempt 1 failed: ('Connection aborted.', ConnectionResetError(104, 'Connection reset by peer'))
2026-04-19 19:17:18,906 [ERROR] Attempt 1 failed: ('Connection aborted.', ConnectionResetError(104, 'Connection reset by peer'))
2026-04-19 19:17:30,907 [ERROR] Attempt 2 failed: ('Connection aborted.', ConnectionResetError(104, 'Connection reset by peer'))
2026-04-19 19:17:51,806 [ERROR] Attempt 1 failed: ('Connection aborted.', ConnectionResetError(104, 'Connection reset by peer'))
2026-04-19 19:18:04,007 [ERROR] Attempt 2 failed: ('Connection aborted.', ConnectionResetError(104, 'Connection reset by peer'))
2026-04-19 19:18:14,516 [INFO] Checkpoint: 6450 done
2026-04-19 19:18:27,706 [ERROR] Attempt 1 failed: ('Connection aborted.', ConnectionResetError(104, 'Connection reset by peer'))
2026-04-19 19:18:39,708 [ERROR] Attempt 2 failed: ('Connection aborted.', ConnectionResetError(104, 'Connection reset by peer'))
2026-04-19 19:19:14,206 [ERROR] Attempt 1 failed: ('Connection aborted.', ConnectionResetError(104, 'Connection reset by peer'))
2026-04-19 19:19:26,306 [ERROR] Attempt 2 failed: ('Connection aborted.', ConnectionResetError(104, 'Connection reset by peer'))
2026-04-19 19:20:02,906 [ERROR] Attempt 1 failed: ('Connection aborted.', ConnectionResetError(104, 'Connection reset by peer'))
2026-04-19 19:20:18,305 [ERROR] Attempt 1 failed: ('Connection aborted.', ConnectionResetError(104, 'Connection reset by peer'))
2026-04-19 19:20:51,205 [ERROR] Attempt 1 failed: ('Connection aborted.', ConnectionResetError(104, 'Connection reset by peer'))
2026-04-19 19:21:06,204 [ERROR] Attempt 1 failed: ('Connection aborted.', ConnectionResetError(104, 'Connection reset by peer'))
2026-04-19 19:21:21,704 [ERROR] Attempt 1 failed: ('Connection aborted.', ConnectionResetError(104, 'Connection reset by peer'))
2026-04-19 19:21:36,905 [ERROR] Attempt 1 failed: ('Connection aborted.', ConnectionResetError(104, 'Connection reset by peer'))
2026-04-19 19:21:59,304 [ERROR] Attempt 1 failed: ('Connection aborted.', ConnectionResetError(104, 'Connection reset by peer'))
2026-04-19 19:22:18,105 [ERROR] Attempt 1 failed: ('Connection aborted.', ConnectionResetError(104, 'Connection reset by peer'))
2026-04-19 19:22:43,704 [ERROR] Attempt 1 failed: ('Connection aborted.', ConnectionResetError(104, 'Connection reset by peer'))
2026-04-19 19:22:55,704 [ERROR] Attempt 2 failed: ('Connection aborted.', ConnectionResetError(104, 'Connection reset by peer'))
2026-04-19 19:23:13,508 [ERROR] Attempt 1 failed: ('Connection aborted.', ConnectionResetError(104, 'Connection reset by peer'))
2026-04-19 19:23:39,304 [ERROR] Attempt 1 failed: ('Connection aborted.', ConnectionResetError(104, 'Connection reset by peer'))
2026-04-19 19:23:57,710 [ERROR] Attempt 1 failed: ('Connection aborted.', ConnectionResetError(104, 'Connection reset by peer'))
2026-04-19 19:24:34,054 [INFO] Checkpoint: 6500 done
2026-04-19 19:24:54,103 [ERROR] Attempt 1 failed: ('Connection aborted.', ConnectionResetError(104, 'Connection reset by peer'))
2026-04-19 19:25:30,104 [ERROR] Attempt 1 failed: ('Connection aborted.', ConnectionResetError(104, 'Connection reset by peer'))
2026-04-19 19:25:45,703 [ERROR] Attempt 1 failed: ('Connection aborted.', ConnectionResetError(104, 'Connection reset by peer'))
2026-04-19 19:26:12,002 [ERROR] Attempt 1 failed: ('Connection aborted.', ConnectionResetError(104, 'Connection reset by peer'))
2026-04-19 19:26:30,002 [ERROR] Attempt 1 failed: ('Connection aborted.', ConnectionResetError(104, 'Connection reset by peer'))
2026-04-19 19:26:59,803 [ERROR] Attempt 1 failed: ('Connection aborted.', ConnectionResetError(104, 'Connection reset by peer'))
2026-04-19 19:27:11,804 [ERROR] Attempt 2 failed: ('Connection aborted.', ConnectionResetError(104, 'Connection reset by peer'))
2026-04-19 19:27:32,301 [ERROR] Attempt 1 failed: ('Connection aborted.', ConnectionResetError(104, 'Connection reset by peer'))
2026-04-19 19:27:44,302 [ERROR] Attempt 2 failed: ('Connection aborted.', ConnectionResetError(104, 'Connection reset by peer'))
2026-04-19 19:28:02,103 [ERROR] Attempt 1 failed: ('Connection aborted.', ConnectionResetError(104, 'Connection reset by peer'))
2026-04-19 19:28:25,202 [ERROR] Attempt 1 failed: ('Connection aborted.', ConnectionResetError(104, 'Connection reset by peer'))
2026-04-19 19:28:51,003 [ERROR] Attempt 1 failed: ('Connection aborted.', ConnectionResetError(104, 'Connection reset by peer'))
2026-04-19 19:29:33,501 [ERROR] Attempt 1 failed: ('Connection aborted.', ConnectionResetError(104, 'Connection reset by peer'))
2026-04-19 19:29:59,302 [ERROR] Attempt 1 failed: ('Connection aborted.', ConnectionResetError(104, 'Connection reset by peer'))
2026-04-19 19:30:11,501 [ERROR] Attempt 2 failed: ('Connection aborted.', ConnectionResetError(104, 'Connection reset by peer'))
2026-04-19 19:30:33,079 [INFO] Checkpoint: 6550 done
2026-04-19 19:31:21,704 [ERROR] Attempt 1 failed: ('Connection aborted.', ConnectionResetError(104, 'Connection reset by peer'))
2026-04-19 19:32:26,801 [ERROR] Attempt 1 failed: ('Connection aborted.', ConnectionResetError(104, 'Connection reset by peer'))
2026-04-19 19:32:48,601 [ERROR] Attempt 1 failed: ('Connection aborted.', ConnectionResetError(104, 'Connection reset by peer'))
2026-04-19 19:33:58,884 [INFO] Checkpoint: 6600 done
2026-04-19 19:34:33,001 [ERROR] Attempt 1 failed: ('Connection aborted.', ConnectionResetError(104, 'Connection reset by peer'))
2026-04-19 19:35:06,801 [ERROR] Attempt 1 failed: ('Connection aborted.', ConnectionResetError(104, 'Connection reset by peer'))
2026-04-19 19:36:24,901 [ERROR] Attempt 1 failed: ('Connection aborted.', ConnectionResetError(104, 'Connection reset by peer'))
2026-04-19 19:36:40,301 [ERROR] Attempt 1 failed: ('Connection aborted.', ConnectionResetError(104, 'Connection reset by peer'))
2026-04-19 19:36:59,401 [ERROR] Attempt 1 failed: ('Connection aborted.', ConnectionResetError(104, 'Connection reset by peer'))
2026-04-19 19:37:15,303 [ERROR] Attempt 1 failed: ('Connection aborted.', ConnectionResetError(104, 'Connection reset by peer'))
2026-04-19 19:37:27,301 [ERROR] Attempt 2 failed: ('Connection aborted.', ConnectionResetError(104, 'Connection reset by peer'))
2026-04-19 19:37:41,605 [ERROR] Attempt 3 failed: ('Connection aborted.', ConnectionResetError(104, 'Connection reset by peer'))
2026-04-19 19:37:49,613 [ERROR] All retries exhausted — skipping.
2026-04-19 19:37:59,800 [ERROR] Attempt 1 failed: ('Connection aborted.', ConnectionResetError(104, 'Connection reset by peer'))
2026-04-19 19:38:48,802 [ERROR] Attempt 1 failed: ('Connection aborted.', ConnectionResetError(104, 'Connection reset by peer'))
2026-04-19 19:38:54,019 [INFO] Checkpoint: 6650 done
2026-04-19 19:39:31,200 [ERROR] Attempt 1 failed: ('Connection aborted.', ConnectionResetError(104, 'Connection reset by peer'))
2026-04-19 19:39:57,399 [ERROR] Attempt 1 failed: ('Connection aborted.', ConnectionResetError(104, 'Connection reset by peer'))
2026-04-19 19:40:16,301 [ERROR] Attempt 1 failed: ('Connection aborted.', ConnectionResetError(104, 'Connection reset by peer'))
2026-04-19 19:40:31,599 [ERROR] Attempt 1 failed: ('Connection aborted.', ConnectionResetError(104, 'Connection reset by peer'))
2026-04-19 19:40:50,307 [ERROR] Attempt 1 failed: ('Connection aborted.', ConnectionResetError(104, 'Connection reset by peer'))
2026-04-19 19:41:05,506 [ERROR] Attempt 1 failed: ('Connection aborted.', ConnectionResetError(104, 'Connection reset by peer'))
2026-04-19 19:41:31,001 [ERROR] Attempt 1 failed: ('Connection aborted.', ConnectionResetError(104, 'Connection reset by peer'))
2026-04-19 19:41:53,000 [ERROR] Attempt 1 failed: ('Connection aborted.', ConnectionResetError(104, 'Connection reset by peer'))
2026-04-19 19:42:49,501 [ERROR] Attempt 1 failed: ('Connection aborted.', ConnectionResetError(104, 'Connection reset by peer'))
2026-04-19 19:43:11,799 [ERROR] Attempt 1 failed: ('Connection aborted.', ConnectionResetError(104, 'Connection reset by peer'))
2026-04-19 19:43:45,100 [INFO] Checkpoint: 6700 done
2026-04-19 19:44:05,199 [ERROR] Attempt 1 failed: ('Connection aborted.', ConnectionResetError(104, 'Connection reset by peer'))
2026-04-19 19:44:20,998 [ERROR] Attempt 1 failed: ('Connection aborted.', ConnectionResetError(104, 'Connection reset by peer'))
2026-04-19 19:44:32,998 [ERROR] Attempt 2 failed: ('Connection aborted.', ConnectionResetError(104, 'Connection reset by peer'))
2026-04-19 19:45:01,101 [ERROR] Attempt 1 failed: ('Connection aborted.', ConnectionResetError(104, 'Connection reset by peer'))
2026-04-19 19:46:01,798 [ERROR] Attempt 1 failed: ('Connection aborted.', ConnectionResetError(104, 'Connection reset by peer'))
2026-04-19 19:46:25,597 [ERROR] Attempt 1 failed: ('Connection aborted.', ConnectionResetError(104, 'Connection reset by peer'))
2026-04-19 19:46:48,597 [ERROR] Attempt 1 failed: ('Connection aborted.', ConnectionResetError(104, 'Connection reset by peer'))
2026-04-19 19:47:27,602 [ERROR] Attempt 1 failed: ('Connection aborted.', ConnectionResetError(104, 'Connection reset by peer'))
2026-04-19 19:47:39,703 [ERROR] Attempt 2 failed: ('Connection aborted.', ConnectionResetError(104, 'Connection reset by peer'))
2026-04-19 19:48:26,483 [INFO] Checkpoint: 6750 done
2026-04-19 19:48:36,601 [ERROR] Attempt 1 failed: ('Connection aborted.', ConnectionResetError(104, 'Connection reset by peer'))
2026-04-19 19:48:58,698 [ERROR] Attempt 1 failed: ('Connection aborted.', ConnectionResetError(104, 'Connection reset by peer'))
2026-04-19 19:49:10,700 [ERROR] Attempt 2 failed: ('Connection aborted.', ConnectionResetError(104, 'Connection reset by peer'))
2026-04-19 19:49:31,696 [ERROR] Attempt 1 failed: ('Connection aborted.', ConnectionResetError(104, 'Connection reset by peer'))
2026-04-19 19:50:00,599 [ERROR] Attempt 1 failed: ('Connection aborted.', ConnectionResetError(104, 'Connection reset by peer'))
2026-04-19 19:50:12,596 [ERROR] Attempt 2 failed: ('Connection aborted.', ConnectionResetError(104, 'Connection reset by peer'))
2026-04-19 19:50:26,796 [ERROR] Attempt 3 failed: ('Connection aborted.', ConnectionResetError(104, 'Connection reset by peer'))
2026-04-19 19:50:34,797 [ERROR] All retries exhausted — skipping.
2026-04-19 19:51:01,298 [ERROR] Attempt 1 failed: ('Connection aborted.', ConnectionResetError(104, 'Connection reset by peer'))
2026-04-19 19:51:31,995 [ERROR] Attempt 1 failed: ('Connection aborted.', ConnectionResetError(104, 'Connection reset by peer'))
2026-04-19 19:51:50,896 [ERROR] Attempt 1 failed: ('Connection aborted.', ConnectionResetError(104, 'Connection reset by peer'))
2026-04-19 19:52:12,395 [ERROR] Attempt 1 failed: ('Connection aborted.', ConnectionResetError(104, 'Connection reset by peer'))
2026-04-19 19:52:41,395 [ERROR] Attempt 1 failed: ('Connection aborted.', ConnectionResetError(104, 'Connection reset by peer'))
2026-04-19 19:52:56,697 [ERROR] Attempt 1 failed: ('Connection aborted.', ConnectionResetError(104, 'Connection reset by peer'))
2026-04-19 19:53:12,395 [ERROR] Attempt 1 failed: ('Connection aborted.', ConnectionResetError(104, 'Connection reset by peer'))
2026-04-19 19:53:24,395 [ERROR] Attempt 2 failed: ('Connection aborted.', ConnectionResetError(104, 'Connection reset by peer'))
2026-04-19 19:54:07,696 [ERROR] Attempt 1 failed: ('Connection aborted.', ConnectionResetError(104, 'Connection reset by peer'))
2026-04-19 19:54:29,896 [ERROR] Attempt 1 failed: ('Connection aborted.', ConnectionResetError(104, 'Connection reset by peer'))
2026-04-19 19:54:48,787 [INFO] Checkpoint: 6800 done
2026-04-19 19:56:02,894 [ERROR] Attempt 1 failed: ('Connection aborted.', ConnectionResetError(104, 'Connection reset by peer'))
2026-04-19 19:56:18,498 [ERROR] Attempt 1 failed: ('Connection aborted.', ConnectionResetError(104, 'Connection reset by peer'))
2026-04-19 19:56:40,693 [ERROR] Attempt 1 failed: ('Connection aborted.', ConnectionResetError(104, 'Connection reset by peer'))
2026-04-19 19:57:23,295 [ERROR] Attempt 1 failed: ('Connection aborted.', ConnectionResetError(104, 'Connection reset by peer'))
2026-04-19 19:58:00,496 [ERROR] Attempt 1 failed: ('Connection aborted.', ConnectionResetError(104, 'Connection reset by peer'))
2026-04-19 19:58:37,092 [ERROR] Attempt 1 failed: ('Connection aborted.', ConnectionResetError(104, 'Connection reset by peer'))
2026-04-19 19:58:53,293 [INFO] Checkpoint: 6850 done
2026-04-19 19:59:07,094 [ERROR] Attempt 1 failed: ('Connection aborted.', ConnectionResetError(104, 'Connection reset by peer'))
2026-04-19 19:59:32,992 [ERROR] Attempt 1 failed: ('Connection aborted.', ConnectionResetError(104, 'Connection reset by peer'))
2026-04-19 19:59:45,000 [ERROR] Attempt 2 failed: ('Connection aborted.', ConnectionResetError(104, 'Connection reset by peer'))
2026-04-19 19:59:59,695 [ERROR] Attempt 3 failed: ('Connection aborted.', ConnectionResetError(104, 'Connection reset by peer'))
2026-04-19 20:00:07,700 [ERROR] All retries exhausted — skipping.
2026-04-19 20:00:21,193 [ERROR] Attempt 1 failed: ('Connection aborted.', ConnectionResetError(104, 'Connection reset by peer'))
2026-04-19 20:00:45,992 [ERROR] Attempt 1 failed: ('Connection aborted.', ConnectionResetError(104, 'Connection reset by peer'))
2026-04-19 20:00:57,996 [ERROR] Attempt 2 failed: ('Connection aborted.', ConnectionResetError(104, 'Connection reset by peer'))
2026-04-19 20:01:15,491 [ERROR] Attempt 1 failed: ('Connection aborted.', ConnectionResetError(104, 'Connection reset by peer'))
2026-04-19 20:01:34,591 [ERROR] Attempt 1 failed: ('Connection aborted.', ConnectionResetError(104, 'Connection reset by peer'))
2026-04-19 20:02:08,091 [ERROR] Attempt 1 failed: ('Connection aborted.', ConnectionResetError(104, 'Connection reset by peer'))
2026-04-19 20:02:24,495 [ERROR] Attempt 1 failed: ('Connection aborted.', ConnectionResetError(104, 'Connection reset by peer'))
2026-04-19 20:02:52,594 [ERROR] Attempt 1 failed: ('Connection aborted.', ConnectionResetError(104, 'Connection reset by peer'))
2026-04-19 20:03:08,190 [ERROR] Attempt 1 failed: ('Connection aborted.', ConnectionResetError(104, 'Connection reset by peer'))
2026-04-19 20:03:43,391 [ERROR] Attempt 1 failed: ('Connection aborted.', ConnectionResetError(104, 'Connection reset by peer'))
2026-04-19 20:03:55,390 [ERROR] Attempt 2 failed: ('Connection aborted.', ConnectionResetError(104, 'Connection reset by peer'))
2026-04-19 20:04:22,991 [ERROR] Attempt 1 failed: ('Connection aborted.', ConnectionResetError(104, 'Connection reset by peer'))
2026-04-19 20:04:35,490 [ERROR] Attempt 2 failed: ('Connection aborted.', ConnectionResetError(104, 'Connection reset by peer'))
2026-04-19 20:05:06,491 [ERROR] Attempt 1 failed: ('Connection aborted.', ConnectionResetError(104, 'Connection reset by peer'))
2026-04-19 20:05:21,790 [ERROR] Attempt 1 failed: ('Connection aborted.', ConnectionResetError(104, 'Connection reset by peer'))
2026-04-19 20:05:37,589 [ERROR] Attempt 1 failed: ('Connection aborted.', ConnectionResetError(104, 'Connection reset by peer'))
2026-04-19 20:05:49,689 [ERROR] Attempt 2 failed: ('Connection aborted.', ConnectionResetError(104, 'Connection reset by peer'))
2026-04-19 20:06:07,290 [ERROR] Attempt 1 failed: ('Connection aborted.', ConnectionResetError(104, 'Connection reset by peer'))
2026-04-19 20:06:23,156 [INFO] Checkpoint: 6900 done
2026-04-19 20:06:36,192 [ERROR] Attempt 1 failed: ('Connection aborted.', ConnectionResetError(104, 'Connection reset by peer'))
2026-04-19 20:07:12,889 [ERROR] Attempt 1 failed: ('Connection aborted.', ConnectionResetError(104, 'Connection reset by peer'))
2026-04-19 20:07:31,490 [ERROR] Attempt 1 failed: ('Connection aborted.', ConnectionResetError(104, 'Connection reset by peer'))
2026-04-19 20:07:50,989 [ERROR] Attempt 1 failed: ('Connection aborted.', ConnectionResetError(104, 'Connection reset by peer'))
2026-04-19 20:08:13,388 [ERROR] Attempt 1 failed: ('Connection aborted.', ConnectionResetError(104, 'Connection reset by peer'))
2026-04-19 20:09:40,891 [ERROR] Attempt 1 failed: ('Connection aborted.', ConnectionResetError(104, 'Connection reset by peer'))
2026-04-19 20:10:00,188 [ERROR] Attempt 1 failed: ('Connection aborted.', ConnectionResetError(104, 'Connection reset by peer'))
2026-04-19 20:10:38,820 [INFO] Checkpoint: 6950 done
2026-04-19 20:11:02,189 [ERROR] Attempt 1 failed: ('Connection aborted.', ConnectionResetError(104, 'Connection reset by peer'))
2026-04-19 20:11:27,887 [ERROR] Attempt 1 failed: ('Connection aborted.', ConnectionResetError(104, 'Connection reset by peer'))
2026-04-19 20:11:39,887 [ERROR] Attempt 2 failed: ('Connection aborted.', ConnectionResetError(104, 'Connection reset by peer'))
2026-04-19 20:12:10,886 [ERROR] Attempt 1 failed: ('Connection aborted.', ConnectionResetError(104, 'Connection reset by peer'))
2026-04-19 20:12:54,486 [ERROR] Attempt 1 failed: ('Connection aborted.', ConnectionResetError(104, 'Connection reset by peer'))
2026-04-19 20:13:49,094 [ERROR] Attempt 1 failed: ('Connection aborted.', ConnectionResetError(104, 'Connection reset by peer'))
2026-04-19 20:14:01,187 [ERROR] Attempt 2 failed: ('Connection aborted.', ConnectionResetError(104, 'Connection reset by peer'))
2026-04-19 20:14:53,790 [ERROR] Attempt 1 failed: ('Connection aborted.', ConnectionResetError(104, 'Connection reset by peer'))
2026-04-19 20:15:13,424 [INFO] Checkpoint: 7000 done
2026-04-19 20:16:35,684 [ERROR] Attempt 1 failed: ('Connection aborted.', ConnectionResetError(104, 'Connection reset by peer'))
2026-04-19 20:16:53,984 [ERROR] Attempt 1 failed: ('Connection aborted.', ConnectionResetError(104, 'Connection reset by peer'))
2026-04-19 20:17:12,988 [ERROR] Attempt 1 failed: ('Connection aborted.', ConnectionResetError(104, 'Connection reset by peer'))
2026-04-19 20:17:29,084 [ERROR] Attempt 1 failed: ('Connection aborted.', ConnectionResetError(104, 'Connection reset by peer'))
2026-04-19 20:17:44,683 [ERROR] Attempt 1 failed: ('Connection aborted.', ConnectionResetError(104, 'Connection reset by peer'))
2026-04-19 20:18:13,084 [ERROR] Attempt 1 failed: ('Connection aborted.', ConnectionResetError(104, 'Connection reset by peer'))
2026-04-19 20:18:28,583 [ERROR] Attempt 1 failed: ('Connection aborted.', ConnectionResetError(104, 'Connection reset by peer'))
2026-04-19 20:18:47,590 [ERROR] Attempt 1 failed: ('Connection aborted.', ConnectionResetError(104, 'Connection reset by peer'))
2026-04-19 20:19:39,589 [ERROR] Attempt 1 failed: ('Connection aborted.', ConnectionResetError(104, 'Connection reset by peer'))
2026-04-19 20:19:52,061 [INFO] Checkpoint: 7050 done
2026-04-19 20:20:19,186 [ERROR] Attempt 1 failed: ('Connection aborted.', ConnectionResetError(104, 'Connection reset by peer'))
2026-04-19 20:20:34,782 [ERROR] Attempt 1 failed: ('Connection aborted.', ConnectionResetError(104, 'Connection reset by peer'))
2026-04-19 20:20:50,082 [ERROR] Attempt 1 failed: ('Connection aborted.', ConnectionResetError(104, 'Connection reset by peer'))
2026-04-19 20:21:02,181 [ERROR] Attempt 2 failed: ('Connection aborted.', ConnectionResetError(104, 'Connection reset by peer'))
2026-04-19 20:21:16,182 [ERROR] Attempt 3 failed: ('Connection aborted.', ConnectionResetError(104, 'Connection reset by peer'))
2026-04-19 20:21:24,190 [ERROR] All retries exhausted — skipping.
2026-04-19 20:21:43,883 [ERROR] Attempt 1 failed: ('Connection aborted.', ConnectionResetError(104, 'Connection reset by peer'))
2026-04-19 20:22:17,082 [ERROR] Attempt 1 failed: ('Connection aborted.', ConnectionResetError(104, 'Connection reset by peer'))
2026-04-19 20:22:53,081 [ERROR] Attempt 1 failed: ('Connection aborted.', ConnectionResetError(104, 'Connection reset by peer'))
2026-04-19 20:23:39,188 [ERROR] Attempt 1 failed: ('Connection aborted.', ConnectionResetError(104, 'Connection reset by peer'))
2026-04-19 20:24:01,584 [ERROR] Attempt 1 failed: ('Connection aborted.', ConnectionResetError(104, 'Connection reset by peer'))
2026-04-19 20:24:26,981 [ERROR] Attempt 1 failed: ('Connection aborted.', ConnectionResetError(104, 'Connection reset by peer'))
2026-04-19 20:25:01,718 [INFO] Checkpoint: 7100 done
2026-04-19 20:25:15,482 [ERROR] Attempt 1 failed: ('Connection aborted.', ConnectionResetError(104, 'Connection reset by peer'))
2026-04-19 20:25:48,281 [ERROR] Attempt 1 failed: ('Connection aborted.', ConnectionResetError(104, 'Connection reset by peer'))
2026-04-19 20:26:18,084 [ERROR] Attempt 1 failed: ('Connection aborted.', ConnectionResetError(104, 'Connection reset by peer'))
2026-04-19 20:26:51,179 [ERROR] Attempt 1 failed: ('Connection aborted.', ConnectionResetError(104, 'Connection reset by peer'))
2026-04-19 20:27:30,182 [ERROR] Attempt 1 failed: ('Connection aborted.', ConnectionResetError(104, 'Connection reset by peer'))
2026-04-19 20:27:42,178 [ERROR] Attempt 2 failed: ('Connection aborted.', ConnectionResetError(104, 'Connection reset by peer'))
2026-04-19 20:29:06,983 [ERROR] Attempt 1 failed: ('Connection aborted.', ConnectionResetError(104, 'Connection reset by peer'))
2026-04-19 20:29:19,730 [INFO] Checkpoint: 7150 done
2026-04-19 20:29:53,378 [ERROR] Attempt 1 failed: ('Connection aborted.', ConnectionResetError(104, 'Connection reset by peer'))
2026-04-19 20:30:53,277 [ERROR] Attempt 1 failed: ('Connection aborted.', ConnectionResetError(104, 'Connection reset by peer'))
2026-04-19 20:31:08,877 [ERROR] Attempt 1 failed: ('Connection aborted.', ConnectionResetError(104, 'Connection reset by peer'))
2026-04-19 20:31:24,080 [ERROR] Attempt 1 failed: ('Connection aborted.', ConnectionResetError(104, 'Connection reset by peer'))
2026-04-19 20:31:36,079 [ERROR] Attempt 2 failed: ('Connection aborted.', ConnectionResetError(104, 'Connection reset by peer'))
2026-04-19 20:31:50,077 [ERROR] Attempt 3 failed: ('Connection aborted.', ConnectionResetError(104, 'Connection reset by peer'))
2026-04-19 20:31:58,084 [ERROR] All retries exhausted — skipping.
2026-04-19 20:32:08,276 [ERROR] Attempt 1 failed: ('Connection aborted.', ConnectionResetError(104, 'Connection reset by peer'))
2026-04-19 20:32:20,480 [ERROR] Attempt 2 failed: ('Connection aborted.', ConnectionResetError(104, 'Connection reset by peer'))
2026-04-19 20:32:34,576 [ERROR] Attempt 3 failed: ('Connection aborted.', ConnectionResetError(104, 'Connection reset by peer'))
2026-04-19 20:32:42,584 [ERROR] All retries exhausted — skipping.
2026-04-19 20:34:11,275 [ERROR] Attempt 1 failed: ('Connection aborted.', ConnectionResetError(104, 'Connection reset by peer'))
2026-04-19 20:34:20,736 [INFO] Checkpoint: 7200 done
2026-04-19 20:34:47,976 [ERROR] Attempt 1 failed: ('Connection aborted.', ConnectionResetError(104, 'Connection reset by peer'))
2026-04-19 20:35:09,776 [ERROR] Attempt 1 failed: ('Connection aborted.', ConnectionResetError(104, 'Connection reset by peer'))
2026-04-19 20:35:29,077 [ERROR] Attempt 1 failed: ('Connection aborted.', ConnectionResetError(104, 'Connection reset by peer'))
2026-04-19 20:35:41,074 [ERROR] Attempt 2 failed: ('Connection aborted.', ConnectionResetError(104, 'Connection reset by peer'))
2026-04-19 20:35:55,074 [ERROR] Attempt 3 failed: ('Connection aborted.', ConnectionResetError(104, 'Connection reset by peer'))
2026-04-19 20:36:03,077 [ERROR] All retries exhausted — skipping.
2026-04-19 20:36:40,975 [ERROR] Attempt 1 failed: ('Connection aborted.', ConnectionResetError(104, 'Connection reset by peer'))
2026-04-19 20:36:53,078 [ERROR] Attempt 2 failed: ('Connection aborted.', ConnectionResetError(104, 'Connection reset by peer'))
2026-04-19 20:37:27,282 [ERROR] Attempt 1 failed: ('Connection aborted.', ConnectionResetError(104, 'Connection reset by peer'))
2026-04-19 20:37:58,974 [ERROR] Attempt 1 failed: ('Connection aborted.', ConnectionResetError(104, 'Connection reset by peer'))
2026-04-19 20:38:28,177 [ERROR] Attempt 1 failed: ('Connection aborted.', ConnectionResetError(104, 'Connection reset by peer'))
2026-04-19 20:38:53,775 [ERROR] Attempt 1 failed: ('Connection aborted.', ConnectionResetError(104, 'Connection reset by peer'))
2026-04-19 20:39:33,674 [ERROR] Attempt 1 failed: ('Connection aborted.', ConnectionResetError(104, 'Connection reset by peer'))
2026-04-19 20:39:42,057 [INFO] Checkpoint: 7250 done
2026-04-19 20:39:52,175 [ERROR] Attempt 1 failed: ('Connection aborted.', ConnectionResetError(104, 'Connection reset by peer'))
2026-04-19 20:40:10,976 [ERROR] Attempt 1 failed: ('Connection aborted.', ConnectionResetError(104, 'Connection reset by peer'))
2026-04-19 20:40:23,075 [ERROR] Attempt 2 failed: ('Connection aborted.', ConnectionResetError(104, 'Connection reset by peer'))
2026-04-19 20:41:07,777 [ERROR] Attempt 1 failed: ('Connection aborted.', ConnectionResetError(104, 'Connection reset by peer'))
2026-04-19 20:41:28,976 [ERROR] Attempt 1 failed: ('Connection aborted.', ConnectionResetError(104, 'Connection reset by peer'))
2026-04-19 20:41:44,178 [ERROR] Attempt 1 failed: ('Connection aborted.', ConnectionResetError(104, 'Connection reset by peer'))
2026-04-19 20:42:06,682 [ERROR] Attempt 1 failed: ('Connection aborted.', ConnectionResetError(104, 'Connection reset by peer'))
2026-04-19 20:42:35,675 [ERROR] Attempt 1 failed: ('Connection aborted.', ConnectionResetError(104, 'Connection reset by peer'))
2026-04-19 20:42:54,279 [ERROR] Attempt 1 failed: ('Connection aborted.', ConnectionResetError(104, 'Connection reset by peer'))
2026-04-19 20:43:30,484 [ERROR] Attempt 1 failed: ('Connection aborted.', ConnectionResetError(104, 'Connection reset by peer'))
2026-04-19 20:43:51,977 [ERROR] Attempt 1 failed: ('Connection aborted.', ConnectionResetError(104, 'Connection reset by peer'))
2026-04-19 20:44:04,074 [ERROR] Attempt 2 failed: ('Connection aborted.', ConnectionResetError(104, 'Connection reset by peer'))
2026-04-19 20:44:38,876 [ERROR] Attempt 1 failed: ('Connection aborted.', ConnectionResetError(104, 'Connection reset by peer'))
2026-04-19 20:44:50,878 [ERROR] Attempt 2 failed: ('Connection aborted.', ConnectionResetError(104, 'Connection reset by peer'))
2026-04-19 20:45:08,281 [ERROR] Attempt 1 failed: ('Connection aborted.', ConnectionResetError(104, 'Connection reset by peer'))
2026-04-19 20:45:40,776 [ERROR] Attempt 1 failed: ('Connection aborted.', ConnectionResetError(104, 'Connection reset by peer'))
2026-04-19 20:45:56,283 [ERROR] Attempt 1 failed: ('Connection aborted.', ConnectionResetError(104, 'Connection reset by peer'))
2026-04-19 20:46:01,575 [INFO] Checkpoint: 7300 done
2026-04-19 20:46:15,084 [ERROR] Attempt 1 failed: ('Connection aborted.', ConnectionResetError(104, 'Connection reset by peer'))
2026-04-19 20:46:34,082 [ERROR] Attempt 1 failed: ('Connection aborted.', ConnectionResetError(104, 'Connection reset by peer'))
2026-04-19 20:46:49,674 [ERROR] Attempt 1 failed: ('Connection aborted.', ConnectionResetError(104, 'Connection reset by peer'))
2026-04-19 20:47:54,974 [ERROR] Attempt 1 failed: ('Connection aborted.', ConnectionResetError(104, 'Connection reset by peer'))
2026-04-19 20:48:13,975 [ERROR] Attempt 1 failed: ('Connection aborted.', ConnectionResetError(104, 'Connection reset by peer'))
2026-04-19 20:48:43,675 [ERROR] Attempt 1 failed: ('Connection aborted.', ConnectionResetError(104, 'Connection reset by peer'))
2026-04-19 20:48:59,373 [ERROR] Attempt 1 failed: ('Connection aborted.', ConnectionResetError(104, 'Connection reset by peer'))
2026-04-19 20:49:15,073 [ERROR] Attempt 1 failed: ('Connection aborted.', ConnectionResetError(104, 'Connection reset by peer'))
2026-04-19 20:50:15,774 [ERROR] Attempt 1 failed: ('Connection aborted.', ConnectionResetError(104, 'Connection reset by peer'))
2026-04-19 20:50:34,473 [ERROR] Attempt 1 failed: ('Connection aborted.', ConnectionResetError(104, 'Connection reset by peer'))
2026-04-19 20:50:56,876 [ERROR] Attempt 1 failed: ('Connection aborted.', ConnectionResetError(104, 'Connection reset by peer'))
2026-04-19 20:51:05,670 [INFO] Checkpoint: 7350 done
2026-04-19 20:51:22,181 [ERROR] Attempt 1 failed: ('Connection aborted.', ConnectionResetError(104, 'Connection reset by peer'))
2026-04-19 20:51:37,773 [ERROR] Attempt 1 failed: ('Connection aborted.', ConnectionResetError(104, 'Connection reset by peer'))
2026-04-19 20:52:10,575 [ERROR] Attempt 1 failed: ('Connection aborted.', ConnectionResetError(104, 'Connection reset by peer'))
2026-04-19 20:53:09,273 [ERROR] Attempt 1 failed: ('Connection aborted.', ConnectionResetError(104, 'Connection reset by peer'))
2026-04-19 20:53:21,272 [ERROR] Attempt 2 failed: ('Connection aborted.', ConnectionResetError(104, 'Connection reset by peer'))
2026-04-19 20:53:51,672 [ERROR] Attempt 1 failed: ('Connection aborted.', ConnectionResetError(104, 'Connection reset by peer'))
2026-04-19 20:54:13,672 [ERROR] Attempt 1 failed: ('Connection aborted.', ConnectionResetError(104, 'Connection reset by peer'))
2026-04-19 20:54:52,072 [ERROR] Attempt 1 failed: ('Connection aborted.', ConnectionResetError(104, 'Connection reset by peer'))
2026-04-19 20:55:10,772 [ERROR] Attempt 1 failed: ('Connection aborted.', ConnectionResetError(104, 'Connection reset by peer'))
2026-04-19 20:55:29,672 [ERROR] Attempt 1 failed: ('Connection aborted.', ConnectionResetError(104, 'Connection reset by peer'))
2026-04-19 20:55:41,874 [ERROR] Attempt 2 failed: ('Connection aborted.', ConnectionResetError(104, 'Connection reset by peer'))
2026-04-19 20:56:16,872 [ERROR] Attempt 1 failed: ('Connection aborted.', ConnectionResetError(104, 'Connection reset by peer'))
2026-04-19 20:56:21,819 [INFO] Checkpoint: 7400 done
2026-04-19 20:56:31,881 [ERROR] Attempt 1 failed: ('Connection aborted.', ConnectionResetError(104, 'Connection reset by peer'))
2026-04-19 20:56:54,471 [ERROR] Attempt 1 failed: ('Connection aborted.', ConnectionResetError(104, 'Connection reset by peer'))
2026-04-19 20:57:40,576 [ERROR] Attempt 1 failed: ('Connection aborted.', ConnectionResetError(104, 'Connection reset by peer'))
2026-04-19 20:58:44,671 [ERROR] Attempt 1 failed: ('Connection aborted.', ConnectionResetError(104, 'Connection reset by peer'))
2026-04-19 20:59:07,174 [ERROR] Attempt 1 failed: ('Connection aborted.', ConnectionResetError(104, 'Connection reset by peer'))
2026-04-19 20:59:19,174 [ERROR] Attempt 2 failed: ('Connection aborted.', ConnectionResetError(104, 'Connection reset by peer'))
2026-04-19 21:00:03,579 [ERROR] Attempt 1 failed: ('Connection aborted.', ConnectionResetError(104, 'Connection reset by peer'))
2026-04-19 21:00:38,325 [INFO] Checkpoint: 7450 done
2026-04-19 21:00:54,672 [ERROR] Attempt 1 failed: ('Connection aborted.', ConnectionResetError(104, 'Connection reset by peer'))
2026-04-19 21:02:09,969 [ERROR] Attempt 1 failed: ('Connection aborted.', ConnectionResetError(104, 'Connection reset by peer'))
2026-04-19 21:02:32,170 [ERROR] Attempt 1 failed: ('Connection aborted.', ConnectionResetError(104, 'Connection reset by peer'))
2026-04-19 21:02:44,171 [ERROR] Attempt 2 failed: ('Connection aborted.', ConnectionResetError(104, 'Connection reset by peer'))
2026-04-19 21:03:13,371 [ERROR] Attempt 1 failed: ('Connection aborted.', ConnectionResetError(104, 'Connection reset by peer'))
2026-04-19 21:03:32,469 [ERROR] Attempt 1 failed: ('Connection aborted.', ConnectionResetError(104, 'Connection reset by peer'))
2026-04-19 21:03:57,974 [ERROR] Attempt 1 failed: ('Connection aborted.', ConnectionResetError(104, 'Connection reset by peer'))
2026-04-19 21:04:10,072 [ERROR] Attempt 2 failed: ('Connection aborted.', ConnectionResetError(104, 'Connection reset by peer'))
2026-04-19 21:04:45,376 [ERROR] Attempt 1 failed: ('Connection aborted.', ConnectionResetError(104, 'Connection reset by peer'))
2026-04-19 21:04:57,477 [ERROR] Attempt 2 failed: ('Connection aborted.', ConnectionResetError(104, 'Connection reset by peer'))
2026-04-19 21:05:36,711 [INFO] Checkpoint: 7500 done
2026-04-19 21:05:46,771 [ERROR] Attempt 1 failed: ('Connection aborted.', ConnectionResetError(104, 'Connection reset by peer'))
2026-04-19 21:05:58,768 [ERROR] Attempt 2 failed: ('Connection aborted.', ConnectionResetError(104, 'Connection reset by peer'))
2026-04-19 21:06:30,169 [ERROR] Attempt 1 failed: ('Connection aborted.', ConnectionResetError(104, 'Connection reset by peer'))
2026-04-19 21:06:52,470 [ERROR] Attempt 1 failed: ('Connection aborted.', ConnectionResetError(104, 'Connection reset by peer'))
2026-04-19 21:07:04,470 [ERROR] Attempt 2 failed: ('Connection aborted.', ConnectionResetError(104, 'Connection reset by peer'))
2026-04-19 21:07:38,871 [ERROR] Attempt 1 failed: ('Connection aborted.', ConnectionResetError(104, 'Connection reset by peer'))
2026-04-19 21:08:17,171 [ERROR] Attempt 1 failed: ('Connection aborted.', ConnectionResetError(104, 'Connection reset by peer'))
2026-04-19 21:08:38,768 [ERROR] Attempt 1 failed: ('Connection aborted.', ConnectionResetError(104, 'Connection reset by peer'))
2026-04-19 21:08:54,067 [ERROR] Attempt 1 failed: ('Connection aborted.', ConnectionResetError(104, 'Connection reset by peer'))
2026-04-19 21:09:09,667 [ERROR] Attempt 1 failed: ('Connection aborted.', ConnectionResetError(104, 'Connection reset by peer'))
2026-04-19 21:09:24,869 [ERROR] Attempt 1 failed: ('Connection aborted.', ConnectionResetError(104, 'Connection reset by peer'))
2026-04-19 21:10:45,469 [ERROR] Attempt 1 failed: ('Connection aborted.', ConnectionResetError(104, 'Connection reset by peer'))
2026-04-19 21:10:53,915 [INFO] Checkpoint: 7550 done
2026-04-19 21:11:14,069 [ERROR] Attempt 1 failed: ('Connection aborted.', ConnectionResetError(104, 'Connection reset by peer'))
2026-04-19 21:11:26,065 [ERROR] Attempt 2 failed: ('Connection aborted.', ConnectionResetError(104, 'Connection reset by peer'))
2026-04-19 21:11:57,366 [ERROR] Attempt 1 failed: ('Connection aborted.', ConnectionResetError(104, 'Connection reset by peer'))
2026-04-19 21:12:09,366 [ERROR] Attempt 2 failed: ('Connection aborted.', ConnectionResetError(104, 'Connection reset by peer'))
2026-04-19 21:12:23,365 [ERROR] Attempt 3 failed: ('Connection aborted.', ConnectionResetError(104, 'Connection reset by peer'))
2026-04-19 21:12:31,372 [ERROR] All retries exhausted — skipping.
2026-04-19 21:12:41,570 [ERROR] Attempt 1 failed: ('Connection aborted.', ConnectionResetError(104, 'Connection reset by peer'))
2026-04-19 21:13:50,163 [ERROR] Attempt 1 failed: ('Connection aborted.', ConnectionResetError(104, 'Connection reset by peer'))
2026-04-19 21:15:01,461 [ERROR] Attempt 1 failed: ('Connection aborted.', ConnectionResetError(104, 'Connection reset by peer'))
2026-04-19 21:15:27,214 [INFO] Checkpoint: 7600 done
2026-04-19 21:16:02,661 [ERROR] Attempt 1 failed: ('Connection aborted.', ConnectionResetError(104, 'Connection reset by peer'))
2026-04-19 21:16:14,660 [ERROR] Attempt 2 failed: ('Connection aborted.', ConnectionResetError(104, 'Connection reset by peer'))
2026-04-19 21:16:35,865 [ERROR] Attempt 1 failed: ('Connection aborted.', ConnectionResetError(104, 'Connection reset by peer'))
2026-04-19 21:17:12,068 [ERROR] Attempt 1 failed: ('Connection aborted.', ConnectionResetError(104, 'Connection reset by peer'))
2026-04-19 21:17:51,159 [ERROR] Attempt 1 failed: ('Connection aborted.', ConnectionResetError(104, 'Connection reset by peer'))
2026-04-19 21:18:29,858 [ERROR] Attempt 1 failed: ('Connection aborted.', ConnectionResetError(104, 'Connection reset by peer'))
2026-04-19 21:19:37,363 [ERROR] Attempt 1 failed: ('Connection aborted.', ConnectionResetError(104, 'Connection reset by peer'))
2026-04-19 21:19:42,505 [INFO] Checkpoint: 7650 done
2026-04-19 21:19:56,261 [ERROR] Attempt 1 failed: ('Connection aborted.', ConnectionResetError(104, 'Connection reset by peer'))
2026-04-19 21:20:11,459 [ERROR] Attempt 1 failed: ('Connection aborted.', ConnectionResetError(104, 'Connection reset by peer'))
2026-04-19 21:21:13,761 [ERROR] Attempt 1 failed: ('Connection aborted.', ConnectionResetError(104, 'Connection reset by peer'))
2026-04-19 21:21:25,859 [ERROR] Attempt 2 failed: ('Connection aborted.', ConnectionResetError(104, 'Connection reset by peer'))
2026-04-19 21:21:43,257 [ERROR] Attempt 1 failed: ('Connection aborted.', ConnectionResetError(104, 'Connection reset by peer'))
2026-04-19 21:22:12,356 [ERROR] Attempt 1 failed: ('Connection aborted.', ConnectionResetError(104, 'Connection reset by peer'))
2026-04-19 21:22:30,564 [ERROR] Attempt 1 failed: ('Connection aborted.', ConnectionResetError(104, 'Connection reset by peer'))
2026-04-19 21:22:49,058 [ERROR] Attempt 1 failed: ('Connection aborted.', ConnectionResetError(104, 'Connection reset by peer'))
2026-04-19 21:23:07,655 [ERROR] Attempt 1 failed: ('Connection aborted.', ConnectionResetError(104, 'Connection reset by peer'))
2026-04-19 21:23:53,456 [ERROR] Attempt 1 failed: ('Connection aborted.', ConnectionResetError(104, 'Connection reset by peer'))
2026-04-19 21:24:23,058 [ERROR] Attempt 1 failed: ('Connection aborted.', ConnectionResetError(104, 'Connection reset by peer'))
2026-04-19 21:24:45,322 [INFO] Checkpoint: 7700 done
2026-04-19 21:24:55,462 [ERROR] Attempt 1 failed: ('Connection aborted.', ConnectionResetError(104, 'Connection reset by peer'))
2026-04-19 21:25:43,462 [ERROR] Attempt 1 failed: ('Connection aborted.', ConnectionResetError(104, 'Connection reset by peer'))
2026-04-19 21:26:08,758 [ERROR] Attempt 1 failed: ('Connection aborted.', ConnectionResetError(104, 'Connection reset by peer'))
2026-04-19 21:26:20,852 [ERROR] Attempt 2 failed: ('Connection aborted.', ConnectionResetError(104, 'Connection reset by peer'))
2026-04-19 21:26:58,352 [ERROR] Attempt 1 failed: ('Connection aborted.', ConnectionResetError(104, 'Connection reset by peer'))
2026-04-19 21:27:30,652 [ERROR] Attempt 1 failed: ('Connection aborted.', ConnectionResetError(104, 'Connection reset by peer'))
2026-04-19 21:27:42,653 [ERROR] Attempt 2 failed: ('Connection aborted.', ConnectionResetError(104, 'Connection reset by peer'))
2026-04-19 21:28:13,553 [ERROR] Attempt 1 failed: ('Connection aborted.', ConnectionResetError(104, 'Connection reset by peer'))
2026-04-19 21:28:25,555 [ERROR] Attempt 2 failed: ('Connection aborted.', ConnectionResetError(104, 'Connection reset by peer'))
2026-04-19 21:29:24,351 [ERROR] Attempt 1 failed: ('Connection aborted.', ConnectionResetError(104, 'Connection reset by peer'))
2026-04-19 21:29:42,451 [ERROR] Attempt 1 failed: ('Connection aborted.', ConnectionResetError(104, 'Connection reset by peer'))
2026-04-19 21:29:54,455 [ERROR] Attempt 2 failed: ('Connection aborted.', ConnectionResetError(104, 'Connection reset by peer'))
2026-04-19 21:30:12,350 [ERROR] Attempt 1 failed: ('Connection aborted.', ConnectionResetError(104, 'Connection reset by peer'))
2026-04-19 21:30:27,550 [ERROR] Attempt 1 failed: ('Connection aborted.', ConnectionResetError(104, 'Connection reset by peer'))
2026-04-19 21:30:33,199 [INFO] Checkpoint: 7750 done
2026-04-19 21:30:43,250 [ERROR] Attempt 1 failed: ('Connection aborted.', ConnectionResetError(104, 'Connection reset by peer'))
2026-04-19 21:31:02,050 [ERROR] Attempt 1 failed: ('Connection aborted.', ConnectionResetError(104, 'Connection reset by peer'))
2026-04-19 21:31:37,852 [ERROR] Attempt 1 failed: ('Connection aborted.', ConnectionResetError(104, 'Connection reset by peer'))
2026-04-19 21:32:11,153 [ERROR] Attempt 1 failed: ('Connection aborted.', ConnectionResetError(104, 'Connection reset by peer'))
2026-04-19 21:32:40,051 [ERROR] Attempt 1 failed: ('Connection aborted.', ConnectionResetError(104, 'Connection reset by peer'))
2026-04-19 21:33:28,952 [ERROR] Attempt 1 failed: ('Connection aborted.', ConnectionResetError(104, 'Connection reset by peer'))
2026-04-19 21:34:05,048 [ERROR] Attempt 1 failed: ('Connection aborted.', ConnectionResetError(104, 'Connection reset by peer'))
2026-04-19 21:34:34,049 [ERROR] Attempt 1 failed: ('Connection aborted.', ConnectionResetError(104, 'Connection reset by peer'))
2026-04-19 21:35:00,214 [INFO] Checkpoint: 7800 done
2026-04-19 21:35:19,548 [ERROR] Attempt 1 failed: ('Connection aborted.', ConnectionResetError(104, 'Connection reset by peer'))
2026-04-19 21:35:34,848 [ERROR] Attempt 1 failed: ('Connection aborted.', ConnectionResetError(104, 'Connection reset by peer'))
2026-04-19 21:35:53,452 [ERROR] Attempt 1 failed: ('Connection aborted.', ConnectionResetError(104, 'Connection reset by peer'))
2026-04-19 21:36:08,647 [ERROR] Attempt 1 failed: ('Connection aborted.', ConnectionResetError(104, 'Connection reset by peer'))
2026-04-19 21:36:24,048 [ERROR] Attempt 1 failed: ('Connection aborted.', ConnectionResetError(104, 'Connection reset by peer'))
2026-04-19 21:36:39,647 [ERROR] Attempt 1 failed: ('Connection aborted.', ConnectionResetError(104, 'Connection reset by peer'))
2026-04-19 21:37:21,146 [ERROR] Attempt 1 failed: ('Connection aborted.', ConnectionResetError(104, 'Connection reset by peer'))
2026-04-19 21:37:36,846 [ERROR] Attempt 1 failed: ('Connection aborted.', ConnectionResetError(104, 'Connection reset by peer'))
2026-04-19 21:37:55,646 [ERROR] Attempt 1 failed: ('Connection aborted.', ConnectionResetError(104, 'Connection reset by peer'))
2026-04-19 21:38:07,648 [ERROR] Attempt 2 failed: ('Connection aborted.', ConnectionResetError(104, 'Connection reset by peer'))
2026-04-19 21:38:24,846 [ERROR] Attempt 1 failed: ('Connection aborted.', ConnectionResetError(104, 'Connection reset by peer'))
2026-04-19 21:38:43,649 [ERROR] Attempt 1 failed: ('Connection aborted.', ConnectionResetError(104, 'Connection reset by peer'))
2026-04-19 21:39:30,151 [ERROR] Attempt 1 failed: ('Connection aborted.', ConnectionResetError(104, 'Connection reset by peer'))
2026-04-19 21:39:42,345 [ERROR] Attempt 2 failed: ('Connection aborted.', ConnectionResetError(104, 'Connection reset by peer'))
2026-04-19 21:40:39,945 [ERROR] Attempt 1 failed: ('Connection aborted.', ConnectionResetError(104, 'Connection reset by peer'))
2026-04-19 21:40:51,897 [INFO] Checkpoint: 7850 done
2026-04-19 21:41:08,751 [ERROR] Attempt 1 failed: ('Connection aborted.', ConnectionResetError(104, 'Connection reset by peer'))
2026-04-19 21:41:24,146 [ERROR] Attempt 1 failed: ('Connection aborted.', ConnectionResetError(104, 'Connection reset by peer'))
2026-04-19 21:41:39,945 [ERROR] Attempt 1 failed: ('Connection aborted.', ConnectionResetError(104, 'Connection reset by peer'))
2026-04-19 21:42:22,444 [ERROR] Attempt 1 failed: ('Connection aborted.', ConnectionResetError(104, 'Connection reset by peer'))
2026-04-19 21:43:16,548 [ERROR] Attempt 1 failed: ('Connection aborted.', ConnectionResetError(104, 'Connection reset by peer'))
2026-04-19 21:44:02,945 [ERROR] Attempt 1 failed: ('Connection aborted.', ConnectionResetError(104, 'Connection reset by peer'))
2026-04-19 21:44:21,343 [ERROR] Attempt 1 failed: ('Connection aborted.', ConnectionResetError(104, 'Connection reset by peer'))
2026-04-19 21:44:46,943 [ERROR] Attempt 1 failed: ('Connection aborted.', ConnectionResetError(104, 'Connection reset by peer'))
2026-04-19 21:45:13,443 [ERROR] Attempt 1 failed: ('Connection aborted.', ConnectionResetError(104, 'Connection reset by peer'))
2026-04-19 21:45:28,748 [ERROR] Attempt 1 failed: ('Connection aborted.', ConnectionResetError(104, 'Connection reset by peer'))
2026-04-19 21:45:44,246 [ERROR] Attempt 1 failed: ('Connection aborted.', ConnectionResetError(104, 'Connection reset by peer'))
2026-04-19 21:45:56,247 [ERROR] Attempt 2 failed: ('Connection aborted.', ConnectionResetError(104, 'Connection reset by peer'))
2026-04-19 21:46:10,644 [ERROR] Attempt 3 failed: ('Connection aborted.', ConnectionResetError(104, 'Connection reset by peer'))
2026-04-19 21:46:18,648 [ERROR] All retries exhausted — skipping.
2026-04-19 21:46:28,742 [ERROR] Attempt 1 failed: ('Connection aborted.', ConnectionResetError(104, 'Connection reset by peer'))
2026-04-19 21:46:37,712 [INFO] Checkpoint: 7900 done
2026-04-19 21:46:51,151 [ERROR] Attempt 1 failed: ('Connection aborted.', ConnectionResetError(104, 'Connection reset by peer'))
2026-04-19 21:47:03,242 [ERROR] Attempt 2 failed: ('Connection aborted.', ConnectionResetError(104, 'Connection reset by peer'))
2026-04-19 21:47:31,042 [ERROR] Attempt 1 failed: ('Connection aborted.', ConnectionResetError(104, 'Connection reset by peer'))
2026-04-19 21:48:00,141 [ERROR] Attempt 1 failed: ('Connection aborted.', ConnectionResetError(104, 'Connection reset by peer'))
2026-04-19 21:48:12,142 [ERROR] Attempt 2 failed: ('Connection aborted.', ConnectionResetError(104, 'Connection reset by peer'))
2026-04-19 21:48:30,146 [ERROR] Attempt 1 failed: ('Connection aborted.', ConnectionResetError(104, 'Connection reset by peer'))
2026-04-19 21:49:20,242 [ERROR] Attempt 1 failed: ('Connection aborted.', ConnectionResetError(104, 'Connection reset by peer'))
2026-04-19 21:49:56,249 [ERROR] Attempt 1 failed: ('Connection aborted.', ConnectionResetError(104, 'Connection reset by peer'))
2026-04-19 21:50:08,341 [ERROR] Attempt 2 failed: ('Connection aborted.', ConnectionResetError(104, 'Connection reset by peer'))
2026-04-19 21:50:53,740 [ERROR] Attempt 1 failed: ('Connection aborted.', ConnectionResetError(104, 'Connection reset by peer'))
2026-04-19 21:51:05,744 [ERROR] Attempt 2 failed: ('Connection aborted.', ConnectionResetError(104, 'Connection reset by peer'))
2026-04-19 21:51:49,371 [INFO] Checkpoint: 7950 done
2026-04-19 21:52:02,840 [ERROR] Attempt 1 failed: ('Connection aborted.', ConnectionResetError(104, 'Connection reset by peer'))
2026-04-19 21:52:28,840 [ERROR] Attempt 1 failed: ('Connection aborted.', ConnectionResetError(104, 'Connection reset by peer'))
2026-04-19 21:52:44,341 [ERROR] Attempt 1 failed: ('Connection aborted.', ConnectionResetError(104, 'Connection reset by peer'))
2026-04-19 21:52:59,448 [ERROR] Attempt 1 failed: ('Connection aborted.', ConnectionResetError(104, 'Connection reset by peer'))
2026-04-19 21:53:41,541 [ERROR] Attempt 1 failed: ('Connection aborted.', ConnectionResetError(104, 'Connection reset by peer'))
2026-04-19 21:53:56,939 [ERROR] Attempt 1 failed: ('Connection aborted.', ConnectionResetError(104, 'Connection reset by peer'))
2026-04-19 21:54:12,345 [ERROR] Attempt 1 failed: ('Connection aborted.', ConnectionResetError(104, 'Connection reset by peer'))
2026-04-19 21:54:24,439 [ERROR] Attempt 2 failed: ('Connection aborted.', ConnectionResetError(104, 'Connection reset by peer'))
2026-04-19 21:54:48,747 [ERROR] Attempt 1 failed: ('Connection aborted.', ConnectionResetError(104, 'Connection reset by peer'))
2026-04-19 21:55:14,940 [ERROR] Attempt 1 failed: ('Connection aborted.', ConnectionResetError(104, 'Connection reset by peer'))
2026-04-19 21:55:54,735 [INFO] Done. 7985 captions → data/generated/gemma_captions_charades.json
