2026-03-16 20:59:39,827 [INFO] Starting: dataset=charades method=luv max_videos=5
2026-03-16 20:59:39,827 [INFO] Streaming HuggingFaceM4/charades — no full download needed
2026-03-16 21:01:05,296 [INFO] Starting: dataset=charades method=luv max_videos=5
2026-03-16 21:01:05,296 [INFO] Streaming HuggingFaceM4/charades — no full download needed
2026-03-16 21:01:05,296 [ERROR] `trust_remote_code` is not supported anymore.
Please check that the Hugging Face dataset 'HuggingFaceM4/charades' isn't based on a loading script and remove `trust_remote_code`.
If the dataset is based on a loading script, please ask the dataset author to remove it and convert it to a standard format like Parquet.
2026-03-16 21:02:34,652 [INFO] Starting: dataset=charades method=luv max_videos=5
2026-03-16 21:02:34,652 [INFO] Streaming HuggingFaceM4/charades — no full download needed
2026-03-16 21:02:45,549 [ERROR] Error on sample 0: a bytes-like object is required, not 'str'
2026-03-16 21:02:45,551 [ERROR] Error on sample 0: a bytes-like object is required, not 'str'
2026-03-16 21:02:45,552 [ERROR] Error on sample 0: a bytes-like object is required, not 'str'
2026-03-16 21:02:45,553 [ERROR] Error on sample 0: a bytes-like object is required, not 'str'
2026-03-16 21:02:45,555 [ERROR] Error on sample 0: a bytes-like object is required, not 'str'
2026-03-16 21:02:45,556 [ERROR] Error on sample 0: a bytes-like object is required, not 'str'
2026-03-16 21:02:45,557 [ERROR] Error on sample 0: a bytes-like object is required, not 'str'
2026-03-16 21:02:45,558 [ERROR] Error on sample 0: a bytes-like object is required, not 'str'
2026-03-16 21:02:45,560 [ERROR] Error on sample 0: a bytes-like object is required, not 'str'
2026-03-16 21:02:45,561 [ERROR] Error on sample 0: a bytes-like object is required, not 'str'
2026-03-16 21:02:45,562 [ERROR] Error on sample 0: a bytes-like object is required, not 'str'
2026-03-16 21:02:45,563 [ERROR] Error on sample 0: a bytes-like object is required, not 'str'
2026-03-16 21:02:45,565 [ERROR] Error on sample 0: a bytes-like object is required, not 'str'
2026-03-16 21:02:45,566 [ERROR] Error on sample 0: a bytes-like object is required, not 'str'
2026-03-16 21:02:45,567 [ERROR] Error on sample 0: a bytes-like object is required, not 'str'
2026-03-16 21:02:45,568 [ERROR] Error on sample 0: a bytes-like object is required, not 'str'
2026-03-16 21:02:45,570 [ERROR] Error on sample 0: a bytes-like object is required, not 'str'
2026-03-16 21:02:45,571 [ERROR] Error on sample 0: a bytes-like object is required, not 'str'
2026-03-16 21:02:45,572 [ERROR] Error on sample 0: a bytes-like object is required, not 'str'
2026-03-16 21:02:45,573 [ERROR] Error on sample 0: a bytes-like object is required, not 'str'
2026-03-16 21:02:45,575 [ERROR] Error on sample 0: a bytes-like object is required, not 'str'
2026-03-16 21:02:45,576 [ERROR] Error on sample 0: a bytes-like object is required, not 'str'
2026-03-16 21:02:45,577 [ERROR] Error on sample 0: a bytes-like object is required, not 'str'
2026-03-16 21:02:45,578 [ERROR] Error on sample 0: a bytes-like object is required, not 'str'
2026-03-16 21:02:45,580 [ERROR] Error on sample 0: a bytes-like object is required, not 'str'
2026-03-16 21:02:45,581 [ERROR] Error on sample 0: a bytes-like object is required, not 'str'
2026-03-16 21:02:45,582 [ERROR] Error on sample 0: a bytes-like object is required, not 'str'
2026-03-16 21:02:45,583 [ERROR] Error on sample 0: a bytes-like object is required, not 'str'
2026-03-16 21:02:45,585 [ERROR] Error on sample 0: a bytes-like object is required, not 'str'
2026-03-16 21:02:45,586 [ERROR] Error on sample 0: a bytes-like object is required, not 'str'
2026-03-16 21:02:45,587 [ERROR] Error on sample 0: a bytes-like object is required, not 'str'
2026-03-16 21:02:45,588 [ERROR] Error on sample 0: a bytes-like object is required, not 'str'
2026-03-16 21:02:45,589 [ERROR] Error on sample 0: a bytes-like object is required, not 'str'
2026-03-16 21:02:45,591 [ERROR] Error on sample 0: a bytes-like object is required, not 'str'
2026-03-16 21:02:45,592 [ERROR] Error on sample 0: a bytes-like object is required, not 'str'
2026-03-16 21:02:45,593 [ERROR] Error on sample 0: a bytes-like object is required, not 'str'
2026-03-16 21:02:45,594 [ERROR] Error on sample 0: a bytes-like object is required, not 'str'
2026-03-16 21:02:45,596 [ERROR] Error on sample 0: a bytes-like object is required, not 'str'
2026-03-16 21:02:45,597 [ERROR] Error on sample 0: a bytes-like object is required, not 'str'
2026-03-16 21:02:45,598 [ERROR] Error on sample 0: a bytes-like object is required, not 'str'
2026-03-16 21:02:45,599 [ERROR] Error on sample 0: a bytes-like object is required, not 'str'
2026-03-16 21:02:45,601 [ERROR] Error on sample 0: a bytes-like object is required, not 'str'
2026-03-16 21:02:45,602 [ERROR] Error on sample 0: a bytes-like object is required, not 'str'
2026-03-16 21:02:45,603 [ERROR] Error on sample 0: a bytes-like object is required, not 'str'
2026-03-16 21:02:45,604 [ERROR] Error on sample 0: a bytes-like object is required, not 'str'
2026-03-16 21:02:45,605 [ERROR] Error on sample 0: a bytes-like object is required, not 'str'
2026-03-16 21:02:45,606 [ERROR] Error on sample 0: a bytes-like object is required, not 'str'
2026-03-16 21:02:45,607 [ERROR] Error on sample 0: a bytes-like object is required, not 'str'
2026-03-16 21:02:45,608 [ERROR] Error on sample 0: a bytes-like object is required, not 'str'
2026-03-16 21:02:45,608 [ERROR] Error on sample 0: a bytes-like object is required, not 'str'
2026-03-16 21:02:45,609 [ERROR] Error on sample 0: a bytes-like object is required, not 'str'
2026-03-16 21:02:45,610 [ERROR] Error on sample 0: a bytes-like object is required, not 'str'
2026-03-16 21:02:45,610 [ERROR] Error on sample 0: a bytes-like object is required, not 'str'
2026-03-16 21:02:45,611 [ERROR] Error on sample 0: a bytes-like object is required, not 'str'
2026-03-16 21:02:45,612 [ERROR] Error on sample 0: a bytes-like object is required, not 'str'
2026-03-16 21:02:45,613 [ERROR] Error on sample 0: a bytes-like object is required, not 'str'
2026-03-16 21:02:45,613 [ERROR] Error on sample 0: a bytes-like object is required, not 'str'
2026-03-16 21:02:45,614 [ERROR] Error on sample 0: a bytes-like object is required, not 'str'
2026-03-16 21:02:45,615 [ERROR] Error on sample 0: a bytes-like object is required, not 'str'
2026-03-16 21:02:45,615 [ERROR] Error on sample 0: a bytes-like object is required, not 'str'
2026-03-16 21:02:45,616 [ERROR] Error on sample 0: a bytes-like object is required, not 'str'
2026-03-16 21:02:45,617 [ERROR] Error on sample 0: a bytes-like object is required, not 'str'
2026-03-16 21:02:45,617 [ERROR] Error on sample 0: a bytes-like object is required, not 'str'
2026-03-16 21:02:45,618 [ERROR] Error on sample 0: a bytes-like object is required, not 'str'
2026-03-16 21:02:45,619 [ERROR] Error on sample 0: a bytes-like object is required, not 'str'
2026-03-16 21:02:45,620 [ERROR] Error on sample 0: a bytes-like object is required, not 'str'
2026-03-16 21:02:45,620 [ERROR] Error on sample 0: a bytes-like object is required, not 'str'
2026-03-16 21:02:45,621 [ERROR] Error on sample 0: a bytes-like object is required, not 'str'
2026-03-16 21:02:45,622 [ERROR] Error on sample 0: a bytes-like object is required, not 'str'
2026-03-16 21:02:45,622 [ERROR] Error on sample 0: a bytes-like object is required, not 'str'
2026-03-16 21:02:45,623 [ERROR] Error on sample 0: a bytes-like object is required, not 'str'
2026-03-16 21:02:45,624 [ERROR] Error on sample 0: a bytes-like object is required, not 'str'
2026-03-16 21:02:45,624 [ERROR] Error on sample 0: a bytes-like object is required, not 'str'
2026-03-16 21:02:45,625 [ERROR] Error on sample 0: a bytes-like object is required, not 'str'
2026-03-16 21:02:45,626 [ERROR] Error on sample 0: a bytes-like object is required, not 'str'
2026-03-16 21:02:45,627 [ERROR] Error on sample 0: a bytes-like object is required, not 'str'
2026-03-16 21:02:45,627 [ERROR] Error on sample 0: a bytes-like object is required, not 'str'
2026-03-16 21:02:45,628 [ERROR] Error on sample 0: a bytes-like object is required, not 'str'
2026-03-16 21:02:45,629 [ERROR] Error on sample 0: a bytes-like object is required, not 'str'
2026-03-16 21:02:45,629 [ERROR] Error on sample 0: a bytes-like object is required, not 'str'
2026-03-16 21:02:45,630 [ERROR] Error on sample 0: a bytes-like object is required, not 'str'
2026-03-16 21:02:45,631 [ERROR] Error on sample 0: a bytes-like object is required, not 'str'
2026-03-16 21:02:45,631 [ERROR] Error on sample 0: a bytes-like object is required, not 'str'
2026-03-16 21:02:45,632 [ERROR] Error on sample 0: a bytes-like object is required, not 'str'
2026-03-16 21:02:45,633 [ERROR] Error on sample 0: a bytes-like object is required, not 'str'
2026-03-16 21:02:45,634 [ERROR] Error on sample 0: a bytes-like object is required, not 'str'
2026-03-16 21:02:45,635 [ERROR] Error on sample 0: a bytes-like object is required, not 'str'
2026-03-16 21:02:45,635 [ERROR] Error on sample 0: a bytes-like object is required, not 'str'
2026-03-16 21:02:45,636 [ERROR] Error on sample 0: a bytes-like object is required, not 'str'
2026-03-16 21:02:45,637 [ERROR] Error on sample 0: a bytes-like object is required, not 'str'
2026-03-16 21:02:45,638 [ERROR] Error on sample 0: a bytes-like object is required, not 'str'
2026-03-16 21:02:45,638 [ERROR] Error on sample 0: a bytes-like object is required, not 'str'
2026-03-16 21:02:45,639 [ERROR] Error on sample 0: a bytes-like object is required, not 'str'
2026-03-16 21:02:45,640 [ERROR] Error on sample 0: a bytes-like object is required, not 'str'
2026-03-16 21:02:45,640 [ERROR] Error on sample 0: a bytes-like object is required, not 'str'
2026-03-16 21:02:45,641 [ERROR] Error on sample 0: a bytes-like object is required, not 'str'
2026-03-16 21:02:45,642 [ERROR] Error on sample 0: a bytes-like object is required, not 'str'
2026-03-16 21:02:45,642 [ERROR] Error on sample 0: a bytes-like object is required, not 'str'
2026-03-16 21:02:45,643 [ERROR] Error on sample 0: a bytes-like object is required, not 'str'
2026-03-16 21:02:45,644 [ERROR] Error on sample 0: a bytes-like object is required, not 'str'
2026-03-16 21:02:45,645 [ERROR] Error on sample 0: a bytes-like object is required, not 'str'
2026-03-16 21:02:45,645 [ERROR] Error on sample 0: a bytes-like object is required, not 'str'
2026-03-16 21:02:45,646 [ERROR] Error on sample 0: a bytes-like object is required, not 'str'
2026-03-16 21:02:45,647 [ERROR] Error on sample 0: a bytes-like object is required, not 'str'
2026-03-16 21:02:45,647 [ERROR] Error on sample 0: a bytes-like object is required, not 'str'
2026-03-16 21:02:45,648 [ERROR] Error on sample 0: a bytes-like object is required, not 'str'
2026-03-16 21:02:45,649 [ERROR] Error on sample 0: a bytes-like object is required, not 'str'
2026-03-16 21:02:45,649 [ERROR] Error on sample 0: a bytes-like object is required, not 'str'
2026-03-16 21:02:45,650 [ERROR] Error on sample 0: a bytes-like object is required, not 'str'
2026-03-16 21:02:45,651 [ERROR] Error on sample 0: a bytes-like object is required, not 'str'
2026-03-16 21:02:45,652 [ERROR] Error on sample 0: a bytes-like object is required, not 'str'
2026-03-16 21:02:45,652 [ERROR] Error on sample 0: a bytes-like object is required, not 'str'
2026-03-16 21:02:45,653 [ERROR] Error on sample 0: a bytes-like object is required, not 'str'
2026-03-16 21:02:45,654 [ERROR] Error on sample 0: a bytes-like object is required, not 'str'
2026-03-16 21:02:45,655 [ERROR] Error on sample 0: a bytes-like object is required, not 'str'
2026-03-16 21:02:45,655 [ERROR] Error on sample 0: a bytes-like object is required, not 'str'
2026-03-16 21:02:45,656 [ERROR] Error on sample 0: a bytes-like object is required, not 'str'
2026-03-16 21:02:45,657 [ERROR] Error on sample 0: a bytes-like object is required, not 'str'
2026-03-16 21:02:45,657 [ERROR] Error on sample 0: a bytes-like object is required, not 'str'
2026-03-16 21:02:45,658 [ERROR] Error on sample 0: a bytes-like object is required, not 'str'
2026-03-16 21:02:45,659 [ERROR] Error on sample 0: a bytes-like object is required, not 'str'
2026-03-16 21:02:45,659 [ERROR] Error on sample 0: a bytes-like object is required, not 'str'
2026-03-16 21:02:45,660 [ERROR] Error on sample 0: a bytes-like object is required, not 'str'
2026-03-16 21:02:45,661 [ERROR] Error on sample 0: a bytes-like object is required, not 'str'
2026-03-16 21:02:45,662 [ERROR] Error on sample 0: a bytes-like object is required, not 'str'
2026-03-16 21:02:45,662 [ERROR] Error on sample 0: a bytes-like object is required, not 'str'
2026-03-16 21:02:45,663 [ERROR] Error on sample 0: a bytes-like object is required, not 'str'
2026-03-16 21:02:45,664 [ERROR] Error on sample 0: a bytes-like object is required, not 'str'
2026-03-16 21:02:45,664 [ERROR] Error on sample 0: a bytes-like object is required, not 'str'
2026-03-16 21:02:45,665 [ERROR] Error on sample 0: a bytes-like object is required, not 'str'
2026-03-16 21:02:45,666 [ERROR] Error on sample 0: a bytes-like object is required, not 'str'
2026-03-16 21:02:45,667 [ERROR] Error on sample 0: a bytes-like object is required, not 'str'
2026-03-16 21:02:45,667 [ERROR] Error on sample 0: a bytes-like object is required, not 'str'
2026-03-16 21:02:45,668 [ERROR] Error on sample 0: a bytes-like object is required, not 'str'
2026-03-16 21:02:45,669 [ERROR] Error on sample 0: a bytes-like object is required, not 'str'
2026-03-16 21:02:45,669 [ERROR] Error on sample 0: a bytes-like object is required, not 'str'
2026-03-16 21:02:45,670 [ERROR] Error on sample 0: a bytes-like object is required, not 'str'
2026-03-16 21:02:45,671 [ERROR] Error on sample 0: a bytes-like object is required, not 'str'
2026-03-16 21:02:45,671 [ERROR] Error on sample 0: a bytes-like object is required, not 'str'
2026-03-16 21:02:45,672 [ERROR] Error on sample 0: a bytes-like object is required, not 'str'
2026-03-16 21:02:45,673 [ERROR] Error on sample 0: a bytes-like object is required, not 'str'
2026-03-16 21:02:45,674 [ERROR] Error on sample 0: a bytes-like object is required, not 'str'
2026-03-16 21:02:45,674 [ERROR] Error on sample 0: a bytes-like object is required, not 'str'
2026-03-16 21:02:45,675 [ERROR] Error on sample 0: a bytes-like object is required, not 'str'
2026-03-16 21:02:45,676 [ERROR] Error on sample 0: a bytes-like object is required, not 'str'
2026-03-16 21:02:45,676 [ERROR] Error on sample 0: a bytes-like object is required, not 'str'
2026-03-16 21:02:45,677 [ERROR] Error on sample 0: a bytes-like object is required, not 'str'
2026-03-16 21:02:45,678 [ERROR] Error on sample 0: a bytes-like object is required, not 'str'
2026-03-16 21:02:45,678 [ERROR] Error on sample 0: a bytes-like object is required, not 'str'
2026-03-16 21:02:45,679 [ERROR] Error on sample 0: a bytes-like object is required, not 'str'
2026-03-16 21:02:45,680 [ERROR] Error on sample 0: a bytes-like object is required, not 'str'
2026-03-16 21:02:45,680 [ERROR] Error on sample 0: a bytes-like object is required, not 'str'
2026-03-16 21:02:45,681 [ERROR] Error on sample 0: a bytes-like object is required, not 'str'
2026-03-16 21:02:45,682 [ERROR] Error on sample 0: a bytes-like object is required, not 'str'
2026-03-16 21:02:45,682 [ERROR] Error on sample 0: a bytes-like object is required, not 'str'
2026-03-16 21:02:45,683 [ERROR] Error on sample 0: a bytes-like object is required, not 'str'
2026-03-16 21:02:45,684 [ERROR] Error on sample 0: a bytes-like object is required, not 'str'
2026-03-16 21:02:45,684 [ERROR] Error on sample 0: a bytes-like object is required, not 'str'
2026-03-16 21:02:45,685 [ERROR] Error on sample 0: a bytes-like object is required, not 'str'
2026-03-16 21:02:45,686 [ERROR] Error on sample 0: a bytes-like object is required, not 'str'
2026-03-16 21:02:45,687 [ERROR] Error on sample 0: a bytes-like object is required, not 'str'
2026-03-16 21:02:45,687 [ERROR] Error on sample 0: a bytes-like object is required, not 'str'
2026-03-16 21:02:45,688 [ERROR] Error on sample 0: a bytes-like object is required, not 'str'
2026-03-16 21:02:45,689 [ERROR] Error on sample 0: a bytes-like object is required, not 'str'
2026-03-16 21:02:45,689 [ERROR] Error on sample 0: a bytes-like object is required, not 'str'
2026-03-16 21:02:45,690 [ERROR] Error on sample 0: a bytes-like object is required, not 'str'
2026-03-16 21:02:45,691 [ERROR] Error on sample 0: a bytes-like object is required, not 'str'
2026-03-16 21:02:45,691 [ERROR] Error on sample 0: a bytes-like object is required, not 'str'
2026-03-16 21:02:45,692 [ERROR] Error on sample 0: a bytes-like object is required, not 'str'
2026-03-16 21:02:45,693 [ERROR] Error on sample 0: a bytes-like object is required, not 'str'
2026-03-16 21:02:45,693 [ERROR] Error on sample 0: a bytes-like object is required, not 'str'
2026-03-16 21:02:45,694 [ERROR] Error on sample 0: a bytes-like object is required, not 'str'
2026-03-16 21:02:45,695 [ERROR] Error on sample 0: a bytes-like object is required, not 'str'
2026-03-16 21:02:45,695 [ERROR] Error on sample 0: a bytes-like object is required, not 'str'
2026-03-16 21:02:45,696 [ERROR] Error on sample 0: a bytes-like object is required, not 'str'
2026-03-16 21:02:45,697 [ERROR] Error on sample 0: a bytes-like object is required, not 'str'
2026-03-16 21:02:45,698 [ERROR] Error on sample 0: a bytes-like object is required, not 'str'
2026-03-16 21:02:45,698 [ERROR] Error on sample 0: a bytes-like object is required, not 'str'
2026-03-16 21:02:45,699 [ERROR] Error on sample 0: a bytes-like object is required, not 'str'
2026-03-16 21:02:45,700 [ERROR] Error on sample 0: a bytes-like object is required, not 'str'
2026-03-16 21:02:45,700 [ERROR] Error on sample 0: a bytes-like object is required, not 'str'
2026-03-16 21:02:45,701 [ERROR] Error on sample 0: a bytes-like object is required, not 'str'
2026-03-16 21:02:45,702 [ERROR] Error on sample 0: a bytes-like object is required, not 'str'
2026-03-16 21:02:45,702 [ERROR] Error on sample 0: a bytes-like object is required, not 'str'
2026-03-16 21:02:45,703 [ERROR] Error on sample 0: a bytes-like object is required, not 'str'
2026-03-16 21:02:45,704 [ERROR] Error on sample 0: a bytes-like object is required, not 'str'
2026-03-16 21:02:45,704 [ERROR] Error on sample 0: a bytes-like object is required, not 'str'
2026-03-16 21:02:45,705 [ERROR] Error on sample 0: a bytes-like object is required, not 'str'
2026-03-16 21:02:45,706 [ERROR] Error on sample 0: a bytes-like object is required, not 'str'
2026-03-16 21:02:45,707 [ERROR] Error on sample 0: a bytes-like object is required, not 'str'
2026-03-16 21:02:45,707 [ERROR] Error on sample 0: a bytes-like object is required, not 'str'
2026-03-16 21:02:45,708 [ERROR] Error on sample 0: a bytes-like object is required, not 'str'
2026-03-16 21:02:45,709 [ERROR] Error on sample 0: a bytes-like object is required, not 'str'
2026-03-16 21:02:45,709 [ERROR] Error on sample 0: a bytes-like object is required, not 'str'
2026-03-16 21:02:45,710 [ERROR] Error on sample 0: a bytes-like object is required, not 'str'
2026-03-16 21:02:45,711 [ERROR] Error on sample 0: a bytes-like object is required, not 'str'
2026-03-16 21:02:45,711 [ERROR] Error on sample 0: a bytes-like object is required, not 'str'
2026-03-16 21:02:45,712 [ERROR] Error on sample 0: a bytes-like object is required, not 'str'
2026-03-16 21:02:45,713 [ERROR] Error on sample 0: a bytes-like object is required, not 'str'
2026-03-16 21:02:45,714 [ERROR] Error on sample 0: a bytes-like object is required, not 'str'
2026-03-16 21:02:45,714 [ERROR] Error on sample 0: a bytes-like object is required, not 'str'
2026-03-16 21:02:45,715 [ERROR] Error on sample 0: a bytes-like object is required, not 'str'
2026-03-16 21:02:45,716 [ERROR] Error on sample 0: a bytes-like object is required, not 'str'
2026-03-16 21:02:45,716 [ERROR] Error on sample 0: a bytes-like object is required, not 'str'
2026-03-16 21:02:45,717 [ERROR] Error on sample 0: a bytes-like object is required, not 'str'
2026-03-16 21:02:45,718 [ERROR] Error on sample 0: a bytes-like object is required, not 'str'
2026-03-16 21:02:45,718 [ERROR] Error on sample 0: a bytes-like object is required, not 'str'
2026-03-16 21:02:45,719 [ERROR] Error on sample 0: a bytes-like object is required, not 'str'
2026-03-16 21:02:45,720 [ERROR] Error on sample 0: a bytes-like object is required, not 'str'
2026-03-16 21:02:45,721 [ERROR] Error on sample 0: a bytes-like object is required, not 'str'
2026-03-16 21:02:45,721 [ERROR] Error on sample 0: a bytes-like object is required, not 'str'
2026-03-16 21:02:45,722 [ERROR] Error on sample 0: a bytes-like object is required, not 'str'
2026-03-16 21:02:45,723 [ERROR] Error on sample 0: a bytes-like object is required, not 'str'
2026-03-16 21:02:45,723 [ERROR] Error on sample 0: a bytes-like object is required, not 'str'
2026-03-16 21:02:45,724 [ERROR] Error on sample 0: a bytes-like object is required, not 'str'
2026-03-16 21:02:45,725 [ERROR] Error on sample 0: a bytes-like object is required, not 'str'
2026-03-16 21:02:45,726 [ERROR] Error on sample 0: a bytes-like object is required, not 'str'
2026-03-16 21:02:45,726 [ERROR] Error on sample 0: a bytes-like object is required, not 'str'
2026-03-16 21:02:45,727 [ERROR] Error on sample 0: a bytes-like object is required, not 'str'
2026-03-16 21:02:45,728 [ERROR] Error on sample 0: a bytes-like object is required, not 'str'
2026-03-16 21:02:45,728 [ERROR] Error on sample 0: a bytes-like object is required, not 'str'
2026-03-16 21:02:45,729 [ERROR] Error on sample 0: a bytes-like object is required, not 'str'
2026-03-16 21:02:45,730 [ERROR] Error on sample 0: a bytes-like object is required, not 'str'
2026-03-16 21:02:45,731 [ERROR] Error on sample 0: a bytes-like object is required, not 'str'
2026-03-16 21:02:45,731 [ERROR] Error on sample 0: a bytes-like object is required, not 'str'
2026-03-16 21:02:45,732 [ERROR] Error on sample 0: a bytes-like object is required, not 'str'
2026-03-16 21:02:45,733 [ERROR] Error on sample 0: a bytes-like object is required, not 'str'
2026-03-16 21:02:45,733 [ERROR] Error on sample 0: a bytes-like object is required, not 'str'
2026-03-16 21:02:45,734 [ERROR] Error on sample 0: a bytes-like object is required, not 'str'
2026-03-16 21:02:45,735 [ERROR] Error on sample 0: a bytes-like object is required, not 'str'
2026-03-16 21:02:45,736 [ERROR] Error on sample 0: a bytes-like object is required, not 'str'
2026-03-16 21:02:45,736 [ERROR] Error on sample 0: a bytes-like object is required, not 'str'
2026-03-16 21:02:45,737 [ERROR] Error on sample 0: a bytes-like object is required, not 'str'
2026-03-16 21:02:45,738 [ERROR] Error on sample 0: a bytes-like object is required, not 'str'
2026-03-16 21:02:45,738 [ERROR] Error on sample 0: a bytes-like object is required, not 'str'
2026-03-16 21:02:45,739 [ERROR] Error on sample 0: a bytes-like object is required, not 'str'
2026-03-16 21:02:45,740 [ERROR] Error on sample 0: a bytes-like object is required, not 'str'
2026-03-16 21:02:45,741 [ERROR] Error on sample 0: a bytes-like object is required, not 'str'
2026-03-16 21:02:45,741 [ERROR] Error on sample 0: a bytes-like object is required, not 'str'
2026-03-16 21:02:45,742 [ERROR] Error on sample 0: a bytes-like object is required, not 'str'
2026-03-16 21:02:45,743 [ERROR] Error on sample 0: a bytes-like object is required, not 'str'
2026-03-16 21:02:45,743 [ERROR] Error on sample 0: a bytes-like object is required, not 'str'
2026-03-16 21:02:45,744 [ERROR] Error on sample 0: a bytes-like object is required, not 'str'
2026-03-16 21:02:45,745 [ERROR] Error on sample 0: a bytes-like object is required, not 'str'
2026-03-16 21:02:45,746 [ERROR] Error on sample 0: a bytes-like object is required, not 'str'
2026-03-16 21:02:45,746 [ERROR] Error on sample 0: a bytes-like object is required, not 'str'
2026-03-16 21:02:45,747 [ERROR] Error on sample 0: a bytes-like object is required, not 'str'
2026-03-16 21:02:45,748 [ERROR] Error on sample 0: a bytes-like object is required, not 'str'
2026-03-16 21:02:45,748 [ERROR] Error on sample 0: a bytes-like object is required, not 'str'
2026-03-16 21:02:45,749 [ERROR] Error on sample 0: a bytes-like object is required, not 'str'
2026-03-16 21:02:45,750 [ERROR] Error on sample 0: a bytes-like object is required, not 'str'
2026-03-16 21:02:45,751 [ERROR] Error on sample 0: a bytes-like object is required, not 'str'
2026-03-16 21:02:45,751 [ERROR] Error on sample 0: a bytes-like object is required, not 'str'
2026-03-16 21:02:45,752 [ERROR] Error on sample 0: a bytes-like object is required, not 'str'
2026-03-16 21:02:45,753 [ERROR] Error on sample 0: a bytes-like object is required, not 'str'
2026-03-16 21:02:45,754 [ERROR] Error on sample 0: a bytes-like object is required, not 'str'
2026-03-16 21:02:45,754 [ERROR] Error on sample 0: a bytes-like object is required, not 'str'
2026-03-16 21:02:45,755 [ERROR] Error on sample 0: a bytes-like object is required, not 'str'
2026-03-16 21:02:45,756 [ERROR] Error on sample 0: a bytes-like object is required, not 'str'
2026-03-16 21:02:45,756 [ERROR] Error on sample 0: a bytes-like object is required, not 'str'
2026-03-16 21:02:45,757 [ERROR] Error on sample 0: a bytes-like object is required, not 'str'
2026-03-16 21:02:45,758 [ERROR] Error on sample 0: a bytes-like object is required, not 'str'
2026-03-16 21:02:45,759 [ERROR] Error on sample 0: a bytes-like object is required, not 'str'
2026-03-16 21:02:45,759 [ERROR] Error on sample 0: a bytes-like object is required, not 'str'
2026-03-16 21:02:45,760 [ERROR] Error on sample 0: a bytes-like object is required, not 'str'
2026-03-16 21:02:45,761 [ERROR] Error on sample 0: a bytes-like object is required, not 'str'
2026-03-16 21:02:45,761 [ERROR] Error on sample 0: a bytes-like object is required, not 'str'
2026-03-16 21:02:45,762 [ERROR] Error on sample 0: a bytes-like object is required, not 'str'
2026-03-16 21:02:45,763 [ERROR] Error on sample 0: a bytes-like object is required, not 'str'
2026-03-16 21:02:45,764 [ERROR] Error on sample 0: a bytes-like object is required, not 'str'
2026-03-16 21:02:45,764 [ERROR] Error on sample 0: a bytes-like object is required, not 'str'
2026-03-16 21:02:45,765 [ERROR] Error on sample 0: a bytes-like object is required, not 'str'
2026-03-16 21:02:45,766 [ERROR] Error on sample 0: a bytes-like object is required, not 'str'
2026-03-16 21:02:45,766 [ERROR] Error on sample 0: a bytes-like object is required, not 'str'
2026-03-16 21:02:45,767 [ERROR] Error on sample 0: a bytes-like object is required, not 'str'
2026-03-16 21:02:45,768 [ERROR] Error on sample 0: a bytes-like object is required, not 'str'
2026-03-16 21:02:45,769 [ERROR] Error on sample 0: a bytes-like object is required, not 'str'
2026-03-16 21:02:45,769 [ERROR] Error on sample 0: a bytes-like object is required, not 'str'
2026-03-16 21:02:45,770 [ERROR] Error on sample 0: a bytes-like object is required, not 'str'
2026-03-16 21:02:45,771 [ERROR] Error on sample 0: a bytes-like object is required, not 'str'
2026-03-16 21:02:45,771 [ERROR] Error on sample 0: a bytes-like object is required, not 'str'
2026-03-16 21:02:45,772 [ERROR] Error on sample 0: a bytes-like object is required, not 'str'
2026-03-16 21:02:45,773 [ERROR] Error on sample 0: a bytes-like object is required, not 'str'
2026-03-16 21:02:45,774 [ERROR] Error on sample 0: a bytes-like object is required, not 'str'
2026-03-16 21:02:45,775 [ERROR] Error on sample 0: a bytes-like object is required, not 'str'
2026-03-16 21:02:45,775 [ERROR] Error on sample 0: a bytes-like object is required, not 'str'
2026-03-16 21:02:45,776 [ERROR] Error on sample 0: a bytes-like object is required, not 'str'
2026-03-16 21:02:45,777 [ERROR] Error on sample 0: a bytes-like object is required, not 'str'
2026-03-16 21:02:45,777 [ERROR] Error on sample 0: a bytes-like object is required, not 'str'
2026-03-16 21:02:45,778 [ERROR] Error on sample 0: a bytes-like object is required, not 'str'
2026-03-16 21:02:45,779 [ERROR] Error on sample 0: a bytes-like object is required, not 'str'
2026-03-16 21:02:45,780 [ERROR] Error on sample 0: a bytes-like object is required, not 'str'
2026-03-16 21:02:45,780 [ERROR] Error on sample 0: a bytes-like object is required, not 'str'
2026-03-16 21:02:45,781 [ERROR] Error on sample 0: a bytes-like object is required, not 'str'
2026-03-16 21:02:45,782 [ERROR] Error on sample 0: a bytes-like object is required, not 'str'
2026-03-16 21:02:45,782 [ERROR] Error on sample 0: a bytes-like object is required, not 'str'
2026-03-16 21:02:45,783 [ERROR] Error on sample 0: a bytes-like object is required, not 'str'
2026-03-16 21:02:45,784 [ERROR] Error on sample 0: a bytes-like object is required, not 'str'
2026-03-16 21:02:45,785 [ERROR] Error on sample 0: a bytes-like object is required, not 'str'
2026-03-16 21:02:45,785 [ERROR] Error on sample 0: a bytes-like object is required, not 'str'
2026-03-16 21:02:45,786 [ERROR] Error on sample 0: a bytes-like object is required, not 'str'
2026-03-16 21:02:45,787 [ERROR] Error on sample 0: a bytes-like object is required, not 'str'
2026-03-16 21:02:45,787 [ERROR] Error on sample 0: a bytes-like object is required, not 'str'
2026-03-16 21:02:45,788 [ERROR] Error on sample 0: a bytes-like object is required, not 'str'
2026-03-16 21:02:45,789 [ERROR] Error on sample 0: a bytes-like object is required, not 'str'
2026-03-16 21:02:45,789 [ERROR] Error on sample 0: a bytes-like object is required, not 'str'
2026-03-16 21:02:45,790 [ERROR] Error on sample 0: a bytes-like object is required, not 'str'
2026-03-16 21:02:45,791 [ERROR] Error on sample 0: a bytes-like object is required, not 'str'
2026-03-16 21:02:45,792 [ERROR] Error on sample 0: a bytes-like object is required, not 'str'
2026-03-16 21:02:45,792 [ERROR] Error on sample 0: a bytes-like object is required, not 'str'
2026-03-16 21:02:45,793 [ERROR] Error on sample 0: a bytes-like object is required, not 'str'
2026-03-16 21:02:45,794 [ERROR] Error on sample 0: a bytes-like object is required, not 'str'
2026-03-16 21:02:45,794 [ERROR] Error on sample 0: a bytes-like object is required, not 'str'
2026-03-16 21:02:45,795 [ERROR] Error on sample 0: a bytes-like object is required, not 'str'
2026-03-16 21:02:45,796 [ERROR] Error on sample 0: a bytes-like object is required, not 'str'
2026-03-16 21:02:45,797 [ERROR] Error on sample 0: a bytes-like object is required, not 'str'
2026-03-16 21:02:45,797 [ERROR] Error on sample 0: a bytes-like object is required, not 'str'
2026-03-16 21:02:45,798 [ERROR] Error on sample 0: a bytes-like object is required, not 'str'
2026-03-16 21:02:45,799 [ERROR] Error on sample 0: a bytes-like object is required, not 'str'
2026-03-16 21:02:45,799 [ERROR] Error on sample 0: a bytes-like object is required, not 'str'
2026-03-16 21:02:45,800 [ERROR] Error on sample 0: a bytes-like object is required, not 'str'
2026-03-16 21:02:45,801 [ERROR] Error on sample 0: a bytes-like object is required, not 'str'
2026-03-16 21:02:45,802 [ERROR] Error on sample 0: a bytes-like object is required, not 'str'
2026-03-16 21:02:45,802 [ERROR] Error on sample 0: a bytes-like object is required, not 'str'
2026-03-16 21:02:45,803 [ERROR] Error on sample 0: a bytes-like object is required, not 'str'
2026-03-16 21:02:45,804 [ERROR] Error on sample 0: a bytes-like object is required, not 'str'
2026-03-16 21:02:45,804 [ERROR] Error on sample 0: a bytes-like object is required, not 'str'
2026-03-16 21:02:45,805 [ERROR] Error on sample 0: a bytes-like object is required, not 'str'
2026-03-16 21:02:45,806 [ERROR] Error on sample 0: a bytes-like object is required, not 'str'
2026-03-16 21:02:45,807 [ERROR] Error on sample 0: a bytes-like object is required, not 'str'
2026-03-16 21:02:45,807 [ERROR] Error on sample 0: a bytes-like object is required, not 'str'
2026-03-16 21:02:45,808 [ERROR] Error on sample 0: a bytes-like object is required, not 'str'
2026-03-16 21:02:45,809 [ERROR] Error on sample 0: a bytes-like object is required, not 'str'
2026-03-16 21:02:45,809 [ERROR] Error on sample 0: a bytes-like object is required, not 'str'
2026-03-16 21:02:45,810 [ERROR] Error on sample 0: a bytes-like object is required, not 'str'
2026-03-16 21:02:45,811 [ERROR] Error on sample 0: a bytes-like object is required, not 'str'
2026-03-16 21:02:45,812 [ERROR] Error on sample 0: a bytes-like object is required, not 'str'
2026-03-16 21:02:45,812 [ERROR] Error on sample 0: a bytes-like object is required, not 'str'
2026-03-16 21:02:45,813 [ERROR] Error on sample 0: a bytes-like object is required, not 'str'
2026-03-16 21:02:45,814 [ERROR] Error on sample 0: a bytes-like object is required, not 'str'
2026-03-16 21:02:45,814 [ERROR] Error on sample 0: a bytes-like object is required, not 'str'
2026-03-16 21:02:45,815 [ERROR] Error on sample 0: a bytes-like object is required, not 'str'
2026-03-16 21:02:45,816 [ERROR] Error on sample 0: a bytes-like object is required, not 'str'
2026-03-16 21:02:45,816 [ERROR] Error on sample 0: a bytes-like object is required, not 'str'
2026-03-16 21:02:45,817 [ERROR] Error on sample 0: a bytes-like object is required, not 'str'
2026-03-16 21:02:45,818 [ERROR] Error on sample 0: a bytes-like object is required, not 'str'
2026-03-16 21:02:45,819 [ERROR] Error on sample 0: a bytes-like object is required, not 'str'
2026-03-16 21:02:45,819 [ERROR] Error on sample 0: a bytes-like object is required, not 'str'
2026-03-16 21:02:45,820 [ERROR] Error on sample 0: a bytes-like object is required, not 'str'
2026-03-16 21:02:45,821 [ERROR] Error on sample 0: a bytes-like object is required, not 'str'
2026-03-16 21:02:45,822 [ERROR] Error on sample 0: a bytes-like object is required, not 'str'
2026-03-16 21:02:45,822 [ERROR] Error on sample 0: a bytes-like object is required, not 'str'
2026-03-16 21:02:45,823 [ERROR] Error on sample 0: a bytes-like object is required, not 'str'
2026-03-16 21:02:45,824 [ERROR] Error on sample 0: a bytes-like object is required, not 'str'
2026-03-16 21:02:45,824 [ERROR] Error on sample 0: a bytes-like object is required, not 'str'
2026-03-16 21:02:45,825 [ERROR] Error on sample 0: a bytes-like object is required, not 'str'
2026-03-16 21:02:45,826 [ERROR] Error on sample 0: a bytes-like object is required, not 'str'
2026-03-16 21:02:45,826 [ERROR] Error on sample 0: a bytes-like object is required, not 'str'
2026-03-16 21:02:45,827 [ERROR] Error on sample 0: a bytes-like object is required, not 'str'
2026-03-16 21:02:45,828 [ERROR] Error on sample 0: a bytes-like object is required, not 'str'
2026-03-16 21:02:45,829 [ERROR] Error on sample 0: a bytes-like object is required, not 'str'
2026-03-16 21:02:45,829 [ERROR] Error on sample 0: a bytes-like object is required, not 'str'
2026-03-16 21:02:45,830 [ERROR] Error on sample 0: a bytes-like object is required, not 'str'
2026-03-16 21:02:45,831 [ERROR] Error on sample 0: a bytes-like object is required, not 'str'
2026-03-16 21:02:45,831 [ERROR] Error on sample 0: a bytes-like object is required, not 'str'
2026-03-16 21:02:45,832 [ERROR] Error on sample 0: a bytes-like object is required, not 'str'
2026-03-16 21:02:45,833 [ERROR] Error on sample 0: a bytes-like object is required, not 'str'
2026-03-16 21:02:45,834 [ERROR] Error on sample 0: a bytes-like object is required, not 'str'
2026-03-16 21:02:45,834 [ERROR] Error on sample 0: a bytes-like object is required, not 'str'
2026-03-16 21:02:45,835 [ERROR] Error on sample 0: a bytes-like object is required, not 'str'
2026-03-16 21:02:45,836 [ERROR] Error on sample 0: a bytes-like object is required, not 'str'
2026-03-16 21:02:45,836 [ERROR] Error on sample 0: a bytes-like object is required, not 'str'
2026-03-16 21:02:45,837 [ERROR] Error on sample 0: a bytes-like object is required, not 'str'
2026-03-16 21:02:45,838 [ERROR] Error on sample 0: a bytes-like object is required, not 'str'
2026-03-16 21:02:45,839 [ERROR] Error on sample 0: a bytes-like object is required, not 'str'
2026-03-16 21:02:45,839 [ERROR] Error on sample 0: a bytes-like object is required, not 'str'
2026-03-16 21:02:45,840 [ERROR] Error on sample 0: a bytes-like object is required, not 'str'
2026-03-16 21:02:45,841 [ERROR] Error on sample 0: a bytes-like object is required, not 'str'
2026-03-16 21:02:45,841 [ERROR] Error on sample 0: a bytes-like object is required, not 'str'
2026-03-16 21:02:45,842 [ERROR] Error on sample 0: a bytes-like object is required, not 'str'
2026-03-16 21:02:45,843 [ERROR] Error on sample 0: a bytes-like object is required, not 'str'
2026-03-16 21:02:45,844 [ERROR] Error on sample 0: a bytes-like object is required, not 'str'
2026-03-16 21:02:45,844 [ERROR] Error on sample 0: a bytes-like object is required, not 'str'
2026-03-16 21:02:45,845 [ERROR] Error on sample 0: a bytes-like object is required, not 'str'
2026-03-16 21:02:45,846 [ERROR] Error on sample 0: a bytes-like object is required, not 'str'
2026-03-16 21:02:45,846 [ERROR] Error on sample 0: a bytes-like object is required, not 'str'
2026-03-16 21:02:45,847 [ERROR] Error on sample 0: a bytes-like object is required, not 'str'
2026-03-16 21:02:45,848 [ERROR] Error on sample 0: a bytes-like object is required, not 'str'
2026-03-16 21:02:45,849 [ERROR] Error on sample 0: a bytes-like object is required, not 'str'
2026-03-16 21:02:45,849 [ERROR] Error on sample 0: a bytes-like object is required, not 'str'
2026-03-16 21:02:45,850 [ERROR] Error on sample 0: a bytes-like object is required, not 'str'
2026-03-16 21:02:45,851 [ERROR] Error on sample 0: a bytes-like object is required, not 'str'
2026-03-16 21:02:45,852 [ERROR] Error on sample 0: a bytes-like object is required, not 'str'
2026-03-16 21:02:45,852 [ERROR] Error on sample 0: a bytes-like object is required, not 'str'
2026-03-16 21:02:45,853 [ERROR] Error on sample 0: a bytes-like object is required, not 'str'
2026-03-16 21:02:45,854 [ERROR] Error on sample 0: a bytes-like object is required, not 'str'
2026-03-16 21:02:45,854 [ERROR] Error on sample 0: a bytes-like object is required, not 'str'
2026-03-16 21:02:45,855 [ERROR] Error on sample 0: a bytes-like object is required, not 'str'
2026-03-16 21:02:45,856 [ERROR] Error on sample 0: a bytes-like object is required, not 'str'
2026-03-16 21:02:45,857 [ERROR] Error on sample 0: a bytes-like object is required, not 'str'
2026-03-16 21:02:45,857 [ERROR] Error on sample 0: a bytes-like object is required, not 'str'
2026-03-16 21:02:45,858 [ERROR] Error on sample 0: a bytes-like object is required, not 'str'
2026-03-16 21:02:45,859 [ERROR] Error on sample 0: a bytes-like object is required, not 'str'
2026-03-16 21:02:45,860 [ERROR] Error on sample 0: a bytes-like object is required, not 'str'
2026-03-16 21:02:45,860 [ERROR] Error on sample 0: a bytes-like object is required, not 'str'
2026-03-16 21:02:45,861 [ERROR] Error on sample 0: a bytes-like object is required, not 'str'
2026-03-16 21:02:45,862 [ERROR] Error on sample 0: a bytes-like object is required, not 'str'
2026-03-16 21:02:45,862 [ERROR] Error on sample 0: a bytes-like object is required, not 'str'
2026-03-16 21:02:45,863 [ERROR] Error on sample 0: a bytes-like object is required, not 'str'
2026-03-16 21:02:45,864 [ERROR] Error on sample 0: a bytes-like object is required, not 'str'
2026-03-16 21:02:45,865 [ERROR] Error on sample 0: a bytes-like object is required, not 'str'
2026-03-16 21:02:45,865 [ERROR] Error on sample 0: a bytes-like object is required, not 'str'
2026-03-16 21:02:45,866 [ERROR] Error on sample 0: a bytes-like object is required, not 'str'
2026-03-16 21:02:45,867 [ERROR] Error on sample 0: a bytes-like object is required, not 'str'
2026-03-16 21:02:45,867 [ERROR] Error on sample 0: a bytes-like object is required, not 'str'
2026-03-16 21:02:45,868 [ERROR] Error on sample 0: a bytes-like object is required, not 'str'
2026-03-16 21:02:45,869 [ERROR] Error on sample 0: a bytes-like object is required, not 'str'
2026-03-16 21:02:45,870 [ERROR] Error on sample 0: a bytes-like object is required, not 'str'
2026-03-16 21:02:45,870 [ERROR] Error on sample 0: a bytes-like object is required, not 'str'
2026-03-16 21:02:45,871 [ERROR] Error on sample 0: a bytes-like object is required, not 'str'
2026-03-16 21:02:45,872 [ERROR] Error on sample 0: a bytes-like object is required, not 'str'
2026-03-16 21:02:45,872 [ERROR] Error on sample 0: a bytes-like object is required, not 'str'
2026-03-16 21:02:45,873 [ERROR] Error on sample 0: a bytes-like object is required, not 'str'
2026-03-16 21:02:45,874 [ERROR] Error on sample 0: a bytes-like object is required, not 'str'
2026-03-16 21:02:45,875 [ERROR] Error on sample 0: a bytes-like object is required, not 'str'
2026-03-16 21:02:45,875 [ERROR] Error on sample 0: a bytes-like object is required, not 'str'
2026-03-16 21:02:45,876 [ERROR] Error on sample 0: a bytes-like object is required, not 'str'
2026-03-16 21:02:45,877 [ERROR] Error on sample 0: a bytes-like object is required, not 'str'
2026-03-16 21:02:45,877 [ERROR] Error on sample 0: a bytes-like object is required, not 'str'
2026-03-16 21:02:45,878 [ERROR] Error on sample 0: a bytes-like object is required, not 'str'
2026-03-16 21:02:45,879 [ERROR] Error on sample 0: a bytes-like object is required, not 'str'
2026-03-16 21:02:45,880 [ERROR] Error on sample 0: a bytes-like object is required, not 'str'
2026-03-16 21:02:45,880 [ERROR] Error on sample 0: a bytes-like object is required, not 'str'
2026-03-16 21:02:45,881 [ERROR] Error on sample 0: a bytes-like object is required, not 'str'
2026-03-16 21:02:45,882 [ERROR] Error on sample 0: a bytes-like object is required, not 'str'
2026-03-16 21:02:45,882 [ERROR] Error on sample 0: a bytes-like object is required, not 'str'
2026-03-16 21:02:45,883 [ERROR] Error on sample 0: a bytes-like object is required, not 'str'
2026-03-16 21:02:45,884 [ERROR] Error on sample 0: a bytes-like object is required, not 'str'
2026-03-16 21:02:45,884 [ERROR] Error on sample 0: a bytes-like object is required, not 'str'
2026-03-16 21:02:45,885 [ERROR] Error on sample 0: a bytes-like object is required, not 'str'
2026-03-16 21:02:45,886 [ERROR] Error on sample 0: a bytes-like object is required, not 'str'
2026-03-16 21:02:45,887 [ERROR] Error on sample 0: a bytes-like object is required, not 'str'
2026-03-16 21:02:45,887 [ERROR] Error on sample 0: a bytes-like object is required, not 'str'
2026-03-16 21:02:45,888 [ERROR] Error on sample 0: a bytes-like object is required, not 'str'
2026-03-16 21:02:45,889 [ERROR] Error on sample 0: a bytes-like object is required, not 'str'
2026-03-16 21:02:45,889 [ERROR] Error on sample 0: a bytes-like object is required, not 'str'
2026-03-16 21:02:45,890 [ERROR] Error on sample 0: a bytes-like object is required, not 'str'
2026-03-16 21:02:45,891 [ERROR] Error on sample 0: a bytes-like object is required, not 'str'
2026-03-16 21:02:45,892 [ERROR] Error on sample 0: a bytes-like object is required, not 'str'
2026-03-16 21:02:45,892 [ERROR] Error on sample 0: a bytes-like object is required, not 'str'
2026-03-16 21:02:45,893 [ERROR] Error on sample 0: a bytes-like object is required, not 'str'
2026-03-16 21:02:45,894 [ERROR] Error on sample 0: a bytes-like object is required, not 'str'
2026-03-16 21:02:45,894 [ERROR] Error on sample 0: a bytes-like object is required, not 'str'
2026-03-16 21:02:45,895 [ERROR] Error on sample 0: a bytes-like object is required, not 'str'
2026-03-16 21:02:45,896 [ERROR] Error on sample 0: a bytes-like object is required, not 'str'
2026-03-16 21:02:45,897 [ERROR] Error on sample 0: a bytes-like object is required, not 'str'
2026-03-16 21:02:45,897 [ERROR] Error on sample 0: a bytes-like object is required, not 'str'
2026-03-16 21:02:45,898 [ERROR] Error on sample 0: a bytes-like object is required, not 'str'
2026-03-16 21:02:45,899 [ERROR] Error on sample 0: a bytes-like object is required, not 'str'
2026-03-16 21:02:45,899 [ERROR] Error on sample 0: a bytes-like object is required, not 'str'
2026-03-16 21:02:45,900 [ERROR] Error on sample 0: a bytes-like object is required, not 'str'
2026-03-16 21:02:45,901 [ERROR] Error on sample 0: a bytes-like object is required, not 'str'
2026-03-16 21:02:45,902 [ERROR] Error on sample 0: a bytes-like object is required, not 'str'
2026-03-16 21:02:45,902 [ERROR] Error on sample 0: a bytes-like object is required, not 'str'
2026-03-16 21:02:45,903 [ERROR] Error on sample 0: a bytes-like object is required, not 'str'
2026-03-16 21:02:45,904 [ERROR] Error on sample 0: a bytes-like object is required, not 'str'
2026-03-16 21:02:45,904 [ERROR] Error on sample 0: a bytes-like object is required, not 'str'
2026-03-16 21:02:45,905 [ERROR] Error on sample 0: a bytes-like object is required, not 'str'
2026-03-16 21:02:45,906 [ERROR] Error on sample 0: a bytes-like object is required, not 'str'
2026-03-16 21:02:45,907 [ERROR] Error on sample 0: a bytes-like object is required, not 'str'
2026-03-16 21:02:45,907 [ERROR] Error on sample 0: a bytes-like object is required, not 'str'
2026-03-16 21:02:45,908 [ERROR] Error on sample 0: a bytes-like object is required, not 'str'
2026-03-16 21:02:45,909 [ERROR] Error on sample 0: a bytes-like object is required, not 'str'
2026-03-16 21:02:45,909 [ERROR] Error on sample 0: a bytes-like object is required, not 'str'
2026-03-16 21:02:45,910 [ERROR] Error on sample 0: a bytes-like object is required, not 'str'
2026-03-16 21:02:45,911 [ERROR] Error on sample 0: a bytes-like object is required, not 'str'
2026-03-16 21:02:45,912 [ERROR] Error on sample 0: a bytes-like object is required, not 'str'
2026-03-16 21:02:45,912 [ERROR] Error on sample 0: a bytes-like object is required, not 'str'
2026-03-16 21:02:45,913 [ERROR] Error on sample 0: a bytes-like object is required, not 'str'
2026-03-16 21:02:45,914 [ERROR] Error on sample 0: a bytes-like object is required, not 'str'
2026-03-16 21:02:45,914 [ERROR] Error on sample 0: a bytes-like object is required, not 'str'
2026-03-16 21:02:45,915 [ERROR] Error on sample 0: a bytes-like object is required, not 'str'
2026-03-16 21:02:45,916 [ERROR] Error on sample 0: a bytes-like object is required, not 'str'
2026-03-16 21:02:45,917 [ERROR] Error on sample 0: a bytes-like object is required, not 'str'
2026-03-16 21:02:45,917 [ERROR] Error on sample 0: a bytes-like object is required, not 'str'
2026-03-16 21:02:45,918 [ERROR] Error on sample 0: a bytes-like object is required, not 'str'
2026-03-16 21:02:45,919 [ERROR] Error on sample 0: a bytes-like object is required, not 'str'
2026-03-16 21:02:45,919 [ERROR] Error on sample 0: a bytes-like object is required, not 'str'
2026-03-16 21:02:45,920 [ERROR] Error on sample 0: a bytes-like object is required, not 'str'
2026-03-16 21:02:45,921 [ERROR] Error on sample 0: a bytes-like object is required, not 'str'
2026-03-16 21:02:45,921 [ERROR] Error on sample 0: a bytes-like object is required, not 'str'
2026-03-16 21:02:45,922 [ERROR] Error on sample 0: a bytes-like object is required, not 'str'
2026-03-16 21:02:45,923 [ERROR] Error on sample 0: a bytes-like object is required, not 'str'
2026-03-16 21:02:45,924 [ERROR] Error on sample 0: a bytes-like object is required, not 'str'
2026-03-16 21:02:45,924 [ERROR] Error on sample 0: a bytes-like object is required, not 'str'
2026-03-16 21:02:45,925 [ERROR] Error on sample 0: a bytes-like object is required, not 'str'
2026-03-16 21:02:45,926 [ERROR] Error on sample 0: a bytes-like object is required, not 'str'
2026-03-16 21:02:45,926 [ERROR] Error on sample 0: a bytes-like object is required, not 'str'
2026-03-16 21:02:45,927 [ERROR] Error on sample 0: a bytes-like object is required, not 'str'
2026-03-16 21:02:45,928 [ERROR] Error on sample 0: a bytes-like object is required, not 'str'
2026-03-16 21:02:45,929 [ERROR] Error on sample 0: a bytes-like object is required, not 'str'
2026-03-16 21:02:45,929 [ERROR] Error on sample 0: a bytes-like object is required, not 'str'
2026-03-16 21:02:45,930 [ERROR] Error on sample 0: a bytes-like object is required, not 'str'
2026-03-16 21:02:45,931 [ERROR] Error on sample 0: a bytes-like object is required, not 'str'
2026-03-16 21:02:45,931 [ERROR] Error on sample 0: a bytes-like object is required, not 'str'
2026-03-16 21:02:45,932 [ERROR] Error on sample 0: a bytes-like object is required, not 'str'
2026-03-16 21:02:45,933 [ERROR] Error on sample 0: a bytes-like object is required, not 'str'
2026-03-16 21:02:45,933 [ERROR] Error on sample 0: a bytes-like object is required, not 'str'
2026-03-16 21:02:45,934 [ERROR] Error on sample 0: a bytes-like object is required, not 'str'
2026-03-16 21:02:45,935 [ERROR] Error on sample 0: a bytes-like object is required, not 'str'
2026-03-16 21:02:45,936 [ERROR] Error on sample 0: a bytes-like object is required, not 'str'
2026-03-16 21:02:45,936 [ERROR] Error on sample 0: a bytes-like object is required, not 'str'
2026-03-16 21:02:45,937 [ERROR] Error on sample 0: a bytes-like object is required, not 'str'
2026-03-16 21:02:45,938 [ERROR] Error on sample 0: a bytes-like object is required, not 'str'
2026-03-16 21:02:45,939 [ERROR] Error on sample 0: a bytes-like object is required, not 'str'
2026-03-16 21:02:45,939 [ERROR] Error on sample 0: a bytes-like object is required, not 'str'
2026-03-16 21:02:45,940 [ERROR] Error on sample 0: a bytes-like object is required, not 'str'
2026-03-16 21:02:45,941 [ERROR] Error on sample 0: a bytes-like object is required, not 'str'
2026-03-16 21:02:45,941 [ERROR] Error on sample 0: a bytes-like object is required, not 'str'
2026-03-16 21:02:45,942 [ERROR] Error on sample 0: a bytes-like object is required, not 'str'
2026-03-16 21:02:45,943 [ERROR] Error on sample 0: a bytes-like object is required, not 'str'
2026-03-16 21:02:45,943 [ERROR] Error on sample 0: a bytes-like object is required, not 'str'
2026-03-16 21:02:45,944 [ERROR] Error on sample 0: a bytes-like object is required, not 'str'
2026-03-16 21:02:45,945 [ERROR] Error on sample 0: a bytes-like object is required, not 'str'
2026-03-16 21:02:45,946 [ERROR] Error on sample 0: a bytes-like object is required, not 'str'
2026-03-16 21:02:45,946 [ERROR] Error on sample 0: a bytes-like object is required, not 'str'
2026-03-16 21:02:45,947 [ERROR] Error on sample 0: a bytes-like object is required, not 'str'
2026-03-16 21:02:45,948 [ERROR] Error on sample 0: a bytes-like object is required, not 'str'
2026-03-16 21:02:45,948 [ERROR] Error on sample 0: a bytes-like object is required, not 'str'
2026-03-16 21:02:45,949 [ERROR] Error on sample 0: a bytes-like object is required, not 'str'
2026-03-16 21:02:45,950 [ERROR] Error on sample 0: a bytes-like object is required, not 'str'
2026-03-16 21:02:45,951 [ERROR] Error on sample 0: a bytes-like object is required, not 'str'
2026-03-16 21:02:45,951 [ERROR] Error on sample 0: a bytes-like object is required, not 'str'
2026-03-16 21:02:45,952 [ERROR] Error on sample 0: a bytes-like object is required, not 'str'
2026-03-16 21:02:45,953 [ERROR] Error on sample 0: a bytes-like object is required, not 'str'
2026-03-16 21:02:45,953 [ERROR] Error on sample 0: a bytes-like object is required, not 'str'
2026-03-16 21:02:45,954 [ERROR] Error on sample 0: a bytes-like object is required, not 'str'
2026-03-16 21:02:45,955 [ERROR] Error on sample 0: a bytes-like object is required, not 'str'
2026-03-16 21:02:45,956 [ERROR] Error on sample 0: a bytes-like object is required, not 'str'
2026-03-16 21:02:45,956 [ERROR] Error on sample 0: a bytes-like object is required, not 'str'
2026-03-16 21:02:45,957 [ERROR] Error on sample 0: a bytes-like object is required, not 'str'
2026-03-16 21:02:45,958 [ERROR] Error on sample 0: a bytes-like object is required, not 'str'
2026-03-16 21:02:45,958 [ERROR] Error on sample 0: a bytes-like object is required, not 'str'
2026-03-16 21:02:45,959 [ERROR] Error on sample 0: a bytes-like object is required, not 'str'
2026-03-16 21:02:45,960 [ERROR] Error on sample 0: a bytes-like object is required, not 'str'
2026-03-16 21:02:45,961 [ERROR] Error on sample 0: a bytes-like object is required, not 'str'
2026-03-16 21:02:45,961 [ERROR] Error on sample 0: a bytes-like object is required, not 'str'
2026-03-16 21:02:45,962 [ERROR] Error on sample 0: a bytes-like object is required, not 'str'
2026-03-16 21:02:45,963 [ERROR] Error on sample 0: a bytes-like object is required, not 'str'
2026-03-16 21:02:45,963 [ERROR] Error on sample 0: a bytes-like object is required, not 'str'
2026-03-16 21:02:45,964 [ERROR] Error on sample 0: a bytes-like object is required, not 'str'
2026-03-16 21:02:45,965 [ERROR] Error on sample 0: a bytes-like object is required, not 'str'
2026-03-16 21:02:45,965 [ERROR] Error on sample 0: a bytes-like object is required, not 'str'
2026-03-16 21:02:45,966 [ERROR] Error on sample 0: a bytes-like object is required, not 'str'
2026-03-16 21:02:45,967 [ERROR] Error on sample 0: a bytes-like object is required, not 'str'
2026-03-16 21:02:45,968 [ERROR] Error on sample 0: a bytes-like object is required, not 'str'
2026-03-16 21:02:45,968 [ERROR] Error on sample 0: a bytes-like object is required, not 'str'
2026-03-16 21:02:45,969 [ERROR] Error on sample 0: a bytes-like object is required, not 'str'
2026-03-16 21:02:45,970 [ERROR] Error on sample 0: a bytes-like object is required, not 'str'
2026-03-16 21:02:45,970 [ERROR] Error on sample 0: a bytes-like object is required, not 'str'
2026-03-16 21:02:45,971 [ERROR] Error on sample 0: a bytes-like object is required, not 'str'
2026-03-16 21:02:45,972 [ERROR] Error on sample 0: a bytes-like object is required, not 'str'
2026-03-16 21:02:45,972 [ERROR] Error on sample 0: a bytes-like object is required, not 'str'
2026-03-16 21:02:45,973 [ERROR] Error on sample 0: a bytes-like object is required, not 'str'
2026-03-16 21:02:45,974 [ERROR] Error on sample 0: a bytes-like object is required, not 'str'
2026-03-16 21:02:45,975 [ERROR] Error on sample 0: a bytes-like object is required, not 'str'
2026-03-16 21:02:45,975 [ERROR] Error on sample 0: a bytes-like object is required, not 'str'
2026-03-16 21:02:45,976 [ERROR] Error on sample 0: a bytes-like object is required, not 'str'
2026-03-16 21:02:45,977 [ERROR] Error on sample 0: a bytes-like object is required, not 'str'
2026-03-16 21:02:45,978 [ERROR] Error on sample 0: a bytes-like object is required, not 'str'
2026-03-16 21:02:45,978 [ERROR] Error on sample 0: a bytes-like object is required, not 'str'
2026-03-16 21:02:45,979 [ERROR] Error on sample 0: a bytes-like object is required, not 'str'
2026-03-16 21:02:45,980 [ERROR] Error on sample 0: a bytes-like object is required, not 'str'
2026-03-16 21:02:45,980 [ERROR] Error on sample 0: a bytes-like object is required, not 'str'
2026-03-16 21:02:45,981 [ERROR] Error on sample 0: a bytes-like object is required, not 'str'
2026-03-16 21:02:45,982 [ERROR] Error on sample 0: a bytes-like object is required, not 'str'
2026-03-16 21:02:45,982 [ERROR] Error on sample 0: a bytes-like object is required, not 'str'
2026-03-16 21:02:45,983 [ERROR] Error on sample 0: a bytes-like object is required, not 'str'
2026-03-16 21:02:45,984 [ERROR] Error on sample 0: a bytes-like object is required, not 'str'
2026-03-16 21:02:45,985 [ERROR] Error on sample 0: a bytes-like object is required, not 'str'
2026-03-16 21:02:45,985 [ERROR] Error on sample 0: a bytes-like object is required, not 'str'
2026-03-16 21:02:45,986 [ERROR] Error on sample 0: a bytes-like object is required, not 'str'
2026-03-16 21:02:45,987 [ERROR] Error on sample 0: a bytes-like object is required, not 'str'
2026-03-16 21:02:45,987 [ERROR] Error on sample 0: a bytes-like object is required, not 'str'
2026-03-16 21:02:45,988 [ERROR] Error on sample 0: a bytes-like object is required, not 'str'
2026-03-16 21:02:45,989 [ERROR] Error on sample 0: a bytes-like object is required, not 'str'
2026-03-16 21:02:45,990 [ERROR] Error on sample 0: a bytes-like object is required, not 'str'
2026-03-16 21:02:45,990 [ERROR] Error on sample 0: a bytes-like object is required, not 'str'
2026-03-16 21:02:45,991 [ERROR] Error on sample 0: a bytes-like object is required, not 'str'
2026-03-16 21:02:45,992 [ERROR] Error on sample 0: a bytes-like object is required, not 'str'
2026-03-16 21:02:45,992 [ERROR] Error on sample 0: a bytes-like object is required, not 'str'
2026-03-16 21:02:45,993 [ERROR] Error on sample 0: a bytes-like object is required, not 'str'
2026-03-16 21:02:45,994 [ERROR] Error on sample 0: a bytes-like object is required, not 'str'
2026-03-16 21:02:45,995 [ERROR] Error on sample 0: a bytes-like object is required, not 'str'
2026-03-16 21:02:45,995 [ERROR] Error on sample 0: a bytes-like object is required, not 'str'
2026-03-16 21:02:45,996 [ERROR] Error on sample 0: a bytes-like object is required, not 'str'
2026-03-16 21:02:45,997 [ERROR] Error on sample 0: a bytes-like object is required, not 'str'
2026-03-16 21:02:45,997 [ERROR] Error on sample 0: a bytes-like object is required, not 'str'
2026-03-16 21:02:45,998 [ERROR] Error on sample 0: a bytes-like object is required, not 'str'
2026-03-16 21:02:45,999 [ERROR] Error on sample 0: a bytes-like object is required, not 'str'
2026-03-16 21:02:46,000 [ERROR] Error on sample 0: a bytes-like object is required, not 'str'
2026-03-16 21:02:46,000 [ERROR] Error on sample 0: a bytes-like object is required, not 'str'
2026-03-16 21:02:46,001 [ERROR] Error on sample 0: a bytes-like object is required, not 'str'
2026-03-16 21:02:46,002 [ERROR] Error on sample 0: a bytes-like object is required, not 'str'
2026-03-16 21:02:46,002 [ERROR] Error on sample 0: a bytes-like object is required, not 'str'
2026-03-16 21:02:46,003 [ERROR] Error on sample 0: a bytes-like object is required, not 'str'
2026-03-16 21:02:46,004 [ERROR] Error on sample 0: a bytes-like object is required, not 'str'
2026-03-16 21:02:46,005 [ERROR] Error on sample 0: a bytes-like object is required, not 'str'
2026-03-16 21:02:46,005 [ERROR] Error on sample 0: a bytes-like object is required, not 'str'
2026-03-16 21:02:46,006 [ERROR] Error on sample 0: a bytes-like object is required, not 'str'
2026-03-16 21:02:46,007 [ERROR] Error on sample 0: a bytes-like object is required, not 'str'
2026-03-16 21:02:46,007 [ERROR] Error on sample 0: a bytes-like object is required, not 'str'
2026-03-16 21:02:46,008 [ERROR] Error on sample 0: a bytes-like object is required, not 'str'
2026-03-16 21:02:46,009 [ERROR] Error on sample 0: a bytes-like object is required, not 'str'
2026-03-16 21:02:46,010 [ERROR] Error on sample 0: a bytes-like object is required, not 'str'
2026-03-16 21:02:46,010 [ERROR] Error on sample 0: a bytes-like object is required, not 'str'
2026-03-16 21:02:46,011 [ERROR] Error on sample 0: a bytes-like object is required, not 'str'
2026-03-16 21:02:46,012 [ERROR] Error on sample 0: a bytes-like object is required, not 'str'
2026-03-16 21:02:46,012 [ERROR] Error on sample 0: a bytes-like object is required, not 'str'
2026-03-16 21:02:46,013 [ERROR] Error on sample 0: a bytes-like object is required, not 'str'
2026-03-16 21:02:46,014 [ERROR] Error on sample 0: a bytes-like object is required, not 'str'
2026-03-16 21:02:46,015 [ERROR] Error on sample 0: a bytes-like object is required, not 'str'
2026-03-16 21:02:46,015 [ERROR] Error on sample 0: a bytes-like object is required, not 'str'
2026-03-16 21:02:46,016 [ERROR] Error on sample 0: a bytes-like object is required, not 'str'
2026-03-16 21:02:46,017 [ERROR] Error on sample 0: a bytes-like object is required, not 'str'
2026-03-16 21:02:46,017 [ERROR] Error on sample 0: a bytes-like object is required, not 'str'
2026-03-16 21:02:46,018 [ERROR] Error on sample 0: a bytes-like object is required, not 'str'
2026-03-16 21:02:46,019 [ERROR] Error on sample 0: a bytes-like object is required, not 'str'
2026-03-16 21:02:46,019 [ERROR] Error on sample 0: a bytes-like object is required, not 'str'
2026-03-16 21:02:46,020 [ERROR] Error on sample 0: a bytes-like object is required, not 'str'
2026-03-16 21:02:46,021 [ERROR] Error on sample 0: a bytes-like object is required, not 'str'
2026-03-16 21:02:46,022 [ERROR] Error on sample 0: a bytes-like object is required, not 'str'
2026-03-16 21:02:46,022 [ERROR] Error on sample 0: a bytes-like object is required, not 'str'
2026-03-16 21:02:46,023 [ERROR] Error on sample 0: a bytes-like object is required, not 'str'
2026-03-16 21:02:46,024 [ERROR] Error on sample 0: a bytes-like object is required, not 'str'
2026-03-16 21:02:46,024 [ERROR] Error on sample 0: a bytes-like object is required, not 'str'
2026-03-16 21:02:46,025 [ERROR] Error on sample 0: a bytes-like object is required, not 'str'
2026-03-16 21:02:46,026 [ERROR] Error on sample 0: a bytes-like object is required, not 'str'
2026-03-16 21:02:46,027 [ERROR] Error on sample 0: a bytes-like object is required, not 'str'
2026-03-16 21:02:46,027 [ERROR] Error on sample 0: a bytes-like object is required, not 'str'
2026-03-16 21:02:46,028 [ERROR] Error on sample 0: a bytes-like object is required, not 'str'
2026-03-16 21:02:46,029 [ERROR] Error on sample 0: a bytes-like object is required, not 'str'
2026-03-16 21:02:46,029 [ERROR] Error on sample 0: a bytes-like object is required, not 'str'
2026-03-16 21:02:46,030 [ERROR] Error on sample 0: a bytes-like object is required, not 'str'
2026-03-16 21:02:46,031 [ERROR] Error on sample 0: a bytes-like object is required, not 'str'
2026-03-16 21:02:46,032 [ERROR] Error on sample 0: a bytes-like object is required, not 'str'
2026-03-16 21:02:46,032 [ERROR] Error on sample 0: a bytes-like object is required, not 'str'
2026-03-16 21:02:46,033 [ERROR] Error on sample 0: a bytes-like object is required, not 'str'
2026-03-16 21:02:46,034 [ERROR] Error on sample 0: a bytes-like object is required, not 'str'
2026-03-16 21:02:46,034 [ERROR] Error on sample 0: a bytes-like object is required, not 'str'
2026-03-16 21:02:46,035 [ERROR] Error on sample 0: a bytes-like object is required, not 'str'
2026-03-16 21:02:46,036 [ERROR] Error on sample 0: a bytes-like object is required, not 'str'
2026-03-16 21:02:46,037 [ERROR] Error on sample 0: a bytes-like object is required, not 'str'
2026-03-16 21:02:46,037 [ERROR] Error on sample 0: a bytes-like object is required, not 'str'
2026-03-16 21:02:46,038 [ERROR] Error on sample 0: a bytes-like object is required, not 'str'
2026-03-16 21:02:46,039 [ERROR] Error on sample 0: a bytes-like object is required, not 'str'
2026-03-16 21:02:46,039 [ERROR] Error on sample 0: a bytes-like object is required, not 'str'
2026-03-16 21:02:46,040 [ERROR] Error on sample 0: a bytes-like object is required, not 'str'
2026-03-16 21:02:46,041 [ERROR] Error on sample 0: a bytes-like object is required, not 'str'
2026-03-16 21:02:46,042 [ERROR] Error on sample 0: a bytes-like object is required, not 'str'
2026-03-16 21:02:46,042 [ERROR] Error on sample 0: a bytes-like object is required, not 'str'
2026-03-16 21:02:46,043 [ERROR] Error on sample 0: a bytes-like object is required, not 'str'
2026-03-16 21:02:46,044 [ERROR] Error on sample 0: a bytes-like object is required, not 'str'
2026-03-16 21:02:46,044 [ERROR] Error on sample 0: a bytes-like object is required, not 'str'
2026-03-16 21:02:46,045 [ERROR] Error on sample 0: a bytes-like object is required, not 'str'
2026-03-16 21:02:46,046 [ERROR] Error on sample 0: a bytes-like object is required, not 'str'
2026-03-16 21:02:46,047 [ERROR] Error on sample 0: a bytes-like object is required, not 'str'
2026-03-16 21:02:46,047 [ERROR] Error on sample 0: a bytes-like object is required, not 'str'
2026-03-16 21:02:46,048 [ERROR] Error on sample 0: a bytes-like object is required, not 'str'
2026-03-16 21:02:46,049 [ERROR] Error on sample 0: a bytes-like object is required, not 'str'
2026-03-16 21:02:46,049 [ERROR] Error on sample 0: a bytes-like object is required, not 'str'
2026-03-16 21:02:46,050 [ERROR] Error on sample 0: a bytes-like object is required, not 'str'
2026-03-16 21:02:46,051 [ERROR] Error on sample 0: a bytes-like object is required, not 'str'
2026-03-16 21:02:46,052 [ERROR] Error on sample 0: a bytes-like object is required, not 'str'
2026-03-16 21:02:46,052 [ERROR] Error on sample 0: a bytes-like object is required, not 'str'
2026-03-16 21:02:46,053 [ERROR] Error on sample 0: a bytes-like object is required, not 'str'
2026-03-16 21:02:46,054 [ERROR] Error on sample 0: a bytes-like object is required, not 'str'
2026-03-16 21:02:46,055 [ERROR] Error on sample 0: a bytes-like object is required, not 'str'
2026-03-16 21:02:46,055 [ERROR] Error on sample 0: a bytes-like object is required, not 'str'
2026-03-16 21:02:46,056 [ERROR] Error on sample 0: a bytes-like object is required, not 'str'
2026-03-16 21:02:46,057 [ERROR] Error on sample 0: a bytes-like object is required, not 'str'
2026-03-16 21:02:46,057 [ERROR] Error on sample 0: a bytes-like object is required, not 'str'
2026-03-16 21:02:46,058 [ERROR] Error on sample 0: a bytes-like object is required, not 'str'
2026-03-16 21:02:46,059 [ERROR] Error on sample 0: a bytes-like object is required, not 'str'
2026-03-16 21:02:46,060 [ERROR] Error on sample 0: a bytes-like object is required, not 'str'
2026-03-16 21:02:46,060 [ERROR] Error on sample 0: a bytes-like object is required, not 'str'
2026-03-16 21:02:46,061 [ERROR] Error on sample 0: a bytes-like object is required, not 'str'
2026-03-16 21:02:46,062 [ERROR] Error on sample 0: a bytes-like object is required, not 'str'
2026-03-16 21:02:46,062 [ERROR] Error on sample 0: a bytes-like object is required, not 'str'
2026-03-16 21:02:46,063 [ERROR] Error on sample 0: a bytes-like object is required, not 'str'
2026-03-16 21:02:46,064 [ERROR] Error on sample 0: a bytes-like object is required, not 'str'
2026-03-16 21:02:46,065 [ERROR] Error on sample 0: a bytes-like object is required, not 'str'
2026-03-16 21:02:46,065 [ERROR] Error on sample 0: a bytes-like object is required, not 'str'
2026-03-16 21:02:46,066 [ERROR] Error on sample 0: a bytes-like object is required, not 'str'
2026-03-16 21:02:46,067 [ERROR] Error on sample 0: a bytes-like object is required, not 'str'
2026-03-16 21:02:46,067 [ERROR] Error on sample 0: a bytes-like object is required, not 'str'
2026-03-16 21:02:46,068 [ERROR] Error on sample 0: a bytes-like object is required, not 'str'
2026-03-16 21:02:46,069 [ERROR] Error on sample 0: a bytes-like object is required, not 'str'
2026-03-16 21:02:46,070 [ERROR] Error on sample 0: a bytes-like object is required, not 'str'
2026-03-16 21:02:46,070 [ERROR] Error on sample 0: a bytes-like object is required, not 'str'
2026-03-16 21:02:46,071 [ERROR] Error on sample 0: a bytes-like object is required, not 'str'
2026-03-16 21:02:46,072 [ERROR] Error on sample 0: a bytes-like object is required, not 'str'
2026-03-16 21:02:46,072 [ERROR] Error on sample 0: a bytes-like object is required, not 'str'
2026-03-16 21:02:46,073 [ERROR] Error on sample 0: a bytes-like object is required, not 'str'
2026-03-16 21:02:46,074 [ERROR] Error on sample 0: a bytes-like object is required, not 'str'
2026-03-16 21:02:46,075 [ERROR] Error on sample 0: a bytes-like object is required, not 'str'
2026-03-16 21:02:46,075 [ERROR] Error on sample 0: a bytes-like object is required, not 'str'
2026-03-16 21:02:46,076 [ERROR] Error on sample 0: a bytes-like object is required, not 'str'
2026-03-16 21:02:46,077 [ERROR] Error on sample 0: a bytes-like object is required, not 'str'
2026-03-16 21:02:46,077 [ERROR] Error on sample 0: a bytes-like object is required, not 'str'
2026-03-16 21:02:46,078 [ERROR] Error on sample 0: a bytes-like object is required, not 'str'
2026-03-16 21:02:46,079 [ERROR] Error on sample 0: a bytes-like object is required, not 'str'
2026-03-16 21:02:46,080 [ERROR] Error on sample 0: a bytes-like object is required, not 'str'
2026-03-16 21:02:46,080 [ERROR] Error on sample 0: a bytes-like object is required, not 'str'
2026-03-16 21:02:46,081 [ERROR] Error on sample 0: a bytes-like object is required, not 'str'
2026-03-16 21:02:46,082 [ERROR] Error on sample 0: a bytes-like object is required, not 'str'
2026-03-16 21:02:46,082 [ERROR] Error on sample 0: a bytes-like object is required, not 'str'
2026-03-16 21:02:46,083 [ERROR] Error on sample 0: a bytes-like object is required, not 'str'
2026-03-16 21:02:46,084 [ERROR] Error on sample 0: a bytes-like object is required, not 'str'
2026-03-16 21:02:46,085 [ERROR] Error on sample 0: a bytes-like object is required, not 'str'
2026-03-16 21:02:46,085 [ERROR] Error on sample 0: a bytes-like object is required, not 'str'
2026-03-16 21:02:46,086 [ERROR] Error on sample 0: a bytes-like object is required, not 'str'
2026-03-16 21:02:46,087 [ERROR] Error on sample 0: a bytes-like object is required, not 'str'
2026-03-16 21:02:46,087 [ERROR] Error on sample 0: a bytes-like object is required, not 'str'
2026-03-16 21:02:46,088 [ERROR] Error on sample 0: a bytes-like object is required, not 'str'
2026-03-16 21:02:46,089 [ERROR] Error on sample 0: a bytes-like object is required, not 'str'
2026-03-16 21:02:46,089 [ERROR] Error on sample 0: a bytes-like object is required, not 'str'
2026-03-16 21:02:46,090 [ERROR] Error on sample 0: a bytes-like object is required, not 'str'
2026-03-16 21:02:46,091 [ERROR] Error on sample 0: a bytes-like object is required, not 'str'
2026-03-16 21:02:46,092 [ERROR] Error on sample 0: a bytes-like object is required, not 'str'
2026-03-16 21:02:46,092 [ERROR] Error on sample 0: a bytes-like object is required, not 'str'
2026-03-16 21:02:46,093 [ERROR] Error on sample 0: a bytes-like object is required, not 'str'
2026-03-16 21:02:46,094 [ERROR] Error on sample 0: a bytes-like object is required, not 'str'
2026-03-16 21:02:46,094 [ERROR] Error on sample 0: a bytes-like object is required, not 'str'
2026-03-16 21:02:46,095 [ERROR] Error on sample 0: a bytes-like object is required, not 'str'
2026-03-16 21:02:46,096 [ERROR] Error on sample 0: a bytes-like object is required, not 'str'
2026-03-16 21:02:46,097 [ERROR] Error on sample 0: a bytes-like object is required, not 'str'
2026-03-16 21:02:46,097 [ERROR] Error on sample 0: a bytes-like object is required, not 'str'
2026-03-16 21:02:46,098 [ERROR] Error on sample 0: a bytes-like object is required, not 'str'
2026-03-16 21:02:46,099 [ERROR] Error on sample 0: a bytes-like object is required, not 'str'
2026-03-16 21:02:46,099 [ERROR] Error on sample 0: a bytes-like object is required, not 'str'
2026-03-16 21:02:46,100 [ERROR] Error on sample 0: a bytes-like object is required, not 'str'
2026-03-16 21:02:46,101 [ERROR] Error on sample 0: a bytes-like object is required, not 'str'
2026-03-16 21:02:46,101 [ERROR] Error on sample 0: a bytes-like object is required, not 'str'
2026-03-16 21:02:46,102 [ERROR] Error on sample 0: a bytes-like object is required, not 'str'
2026-03-16 21:02:46,103 [ERROR] Error on sample 0: a bytes-like object is required, not 'str'
2026-03-16 21:02:46,104 [ERROR] Error on sample 0: a bytes-like object is required, not 'str'
2026-03-16 21:02:46,104 [ERROR] Error on sample 0: a bytes-like object is required, not 'str'
2026-03-16 21:02:46,105 [ERROR] Error on sample 0: a bytes-like object is required, not 'str'
2026-03-16 21:02:46,106 [ERROR] Error on sample 0: a bytes-like object is required, not 'str'
2026-03-16 21:02:46,106 [ERROR] Error on sample 0: a bytes-like object is required, not 'str'
2026-03-16 21:02:46,107 [ERROR] Error on sample 0: a bytes-like object is required, not 'str'
2026-03-16 21:02:46,108 [ERROR] Error on sample 0: a bytes-like object is required, not 'str'
2026-03-16 21:02:46,109 [ERROR] Error on sample 0: a bytes-like object is required, not 'str'
2026-03-16 21:02:46,109 [ERROR] Error on sample 0: a bytes-like object is required, not 'str'
2026-03-16 21:02:46,110 [ERROR] Error on sample 0: a bytes-like object is required, not 'str'
2026-03-16 21:02:46,111 [ERROR] Error on sample 0: a bytes-like object is required, not 'str'
2026-03-16 21:02:46,111 [ERROR] Error on sample 0: a bytes-like object is required, not 'str'
2026-03-16 21:02:46,112 [ERROR] Error on sample 0: a bytes-like object is required, not 'str'
2026-03-16 21:02:46,113 [ERROR] Error on sample 0: a bytes-like object is required, not 'str'
2026-03-16 21:02:46,114 [ERROR] Error on sample 0: a bytes-like object is required, not 'str'
2026-03-16 21:02:46,114 [ERROR] Error on sample 0: a bytes-like object is required, not 'str'
2026-03-16 21:02:46,115 [ERROR] Error on sample 0: a bytes-like object is required, not 'str'
2026-03-16 21:02:46,116 [ERROR] Error on sample 0: a bytes-like object is required, not 'str'
2026-03-16 21:02:46,116 [ERROR] Error on sample 0: a bytes-like object is required, not 'str'
2026-03-16 21:02:46,117 [ERROR] Error on sample 0: a bytes-like object is required, not 'str'
2026-03-16 21:02:46,118 [ERROR] Error on sample 0: a bytes-like object is required, not 'str'
2026-03-16 21:02:46,118 [ERROR] Error on sample 0: a bytes-like object is required, not 'str'
2026-03-16 21:02:46,119 [ERROR] Error on sample 0: a bytes-like object is required, not 'str'
2026-03-16 21:02:46,120 [ERROR] Error on sample 0: a bytes-like object is required, not 'str'
2026-03-16 21:02:46,121 [ERROR] Error on sample 0: a bytes-like object is required, not 'str'
2026-03-16 21:02:46,121 [ERROR] Error on sample 0: a bytes-like object is required, not 'str'
2026-03-16 21:02:46,122 [ERROR] Error on sample 0: a bytes-like object is required, not 'str'
2026-03-16 21:02:46,123 [ERROR] Error on sample 0: a bytes-like object is required, not 'str'
2026-03-16 21:02:46,123 [ERROR] Error on sample 0: a bytes-like object is required, not 'str'
2026-03-16 21:02:46,124 [ERROR] Error on sample 0: a bytes-like object is required, not 'str'
2026-03-16 21:02:46,125 [ERROR] Error on sample 0: a bytes-like object is required, not 'str'
2026-03-16 21:02:46,126 [ERROR] Error on sample 0: a bytes-like object is required, not 'str'
2026-03-16 21:02:46,126 [ERROR] Error on sample 0: a bytes-like object is required, not 'str'
2026-03-16 21:02:46,127 [ERROR] Error on sample 0: a bytes-like object is required, not 'str'
2026-03-16 21:02:46,128 [ERROR] Error on sample 0: a bytes-like object is required, not 'str'
2026-03-16 21:02:46,128 [ERROR] Error on sample 0: a bytes-like object is required, not 'str'
2026-03-16 21:02:46,129 [ERROR] Error on sample 0: a bytes-like object is required, not 'str'
2026-03-16 21:02:46,130 [ERROR] Error on sample 0: a bytes-like object is required, not 'str'
2026-03-16 21:02:46,131 [ERROR] Error on sample 0: a bytes-like object is required, not 'str'
2026-03-16 21:02:46,131 [ERROR] Error on sample 0: a bytes-like object is required, not 'str'
2026-03-16 21:02:46,132 [ERROR] Error on sample 0: a bytes-like object is required, not 'str'
2026-03-16 21:02:46,133 [ERROR] Error on sample 0: a bytes-like object is required, not 'str'
2026-03-16 21:02:46,133 [ERROR] Error on sample 0: a bytes-like object is required, not 'str'
2026-03-16 21:02:46,134 [ERROR] Error on sample 0: a bytes-like object is required, not 'str'
2026-03-16 21:02:46,135 [ERROR] Error on sample 0: a bytes-like object is required, not 'str'
2026-03-16 21:02:46,135 [ERROR] Error on sample 0: a bytes-like object is required, not 'str'
2026-03-16 21:02:46,136 [ERROR] Error on sample 0: a bytes-like object is required, not 'str'
2026-03-16 21:02:46,137 [ERROR] Error on sample 0: a bytes-like object is required, not 'str'
2026-03-16 21:02:46,138 [ERROR] Error on sample 0: a bytes-like object is required, not 'str'
2026-03-16 21:02:46,138 [ERROR] Error on sample 0: a bytes-like object is required, not 'str'
2026-03-16 21:02:46,139 [ERROR] Error on sample 0: a bytes-like object is required, not 'str'
2026-03-16 21:02:46,140 [ERROR] Error on sample 0: a bytes-like object is required, not 'str'
2026-03-16 21:02:46,140 [ERROR] Error on sample 0: a bytes-like object is required, not 'str'
2026-03-16 21:02:46,141 [ERROR] Error on sample 0: a bytes-like object is required, not 'str'
2026-03-16 21:02:46,142 [ERROR] Error on sample 0: a bytes-like object is required, not 'str'
2026-03-16 21:02:46,143 [ERROR] Error on sample 0: a bytes-like object is required, not 'str'
2026-03-16 21:02:46,143 [ERROR] Error on sample 0: a bytes-like object is required, not 'str'
2026-03-16 21:02:46,144 [ERROR] Error on sample 0: a bytes-like object is required, not 'str'
2026-03-16 21:02:46,145 [ERROR] Error on sample 0: a bytes-like object is required, not 'str'
2026-03-16 21:02:46,145 [ERROR] Error on sample 0: a bytes-like object is required, not 'str'
2026-03-16 21:02:46,146 [ERROR] Error on sample 0: a bytes-like object is required, not 'str'
2026-03-16 21:02:46,147 [ERROR] Error on sample 0: a bytes-like object is required, not 'str'
2026-03-16 21:02:46,148 [ERROR] Error on sample 0: a bytes-like object is required, not 'str'
2026-03-16 21:02:46,148 [ERROR] Error on sample 0: a bytes-like object is required, not 'str'
2026-03-16 21:02:46,149 [ERROR] Error on sample 0: a bytes-like object is required, not 'str'
2026-03-16 21:02:46,150 [ERROR] Error on sample 0: a bytes-like object is required, not 'str'
2026-03-16 21:02:46,150 [ERROR] Error on sample 0: a bytes-like object is required, not 'str'
2026-03-16 21:02:46,151 [ERROR] Error on sample 0: a bytes-like object is required, not 'str'
2026-03-16 21:02:46,152 [ERROR] Error on sample 0: a bytes-like object is required, not 'str'
2026-03-16 21:02:46,153 [ERROR] Error on sample 0: a bytes-like object is required, not 'str'
2026-03-16 21:02:46,153 [ERROR] Error on sample 0: a bytes-like object is required, not 'str'
2026-03-16 21:02:46,154 [ERROR] Error on sample 0: a bytes-like object is required, not 'str'
2026-03-16 21:02:46,155 [ERROR] Error on sample 0: a bytes-like object is required, not 'str'
2026-03-16 21:02:46,155 [ERROR] Error on sample 0: a bytes-like object is required, not 'str'
2026-03-16 21:02:46,156 [ERROR] Error on sample 0: a bytes-like object is required, not 'str'
2026-03-16 21:02:46,157 [ERROR] Error on sample 0: a bytes-like object is required, not 'str'
2026-03-16 21:02:46,158 [ERROR] Error on sample 0: a bytes-like object is required, not 'str'
2026-03-16 21:02:46,158 [ERROR] Error on sample 0: a bytes-like object is required, not 'str'
2026-03-16 21:02:46,159 [ERROR] Error on sample 0: a bytes-like object is required, not 'str'
2026-03-16 21:02:46,160 [ERROR] Error on sample 0: a bytes-like object is required, not 'str'
2026-03-16 21:02:46,160 [ERROR] Error on sample 0: a bytes-like object is required, not 'str'
2026-03-16 21:02:46,161 [ERROR] Error on sample 0: a bytes-like object is required, not 'str'
2026-03-16 21:02:46,162 [ERROR] Error on sample 0: a bytes-like object is required, not 'str'
2026-03-16 21:02:46,163 [ERROR] Error on sample 0: a bytes-like object is required, not 'str'
2026-03-16 21:02:46,163 [ERROR] Error on sample 0: a bytes-like object is required, not 'str'
2026-03-16 21:02:46,164 [ERROR] Error on sample 0: a bytes-like object is required, not 'str'
2026-03-16 21:02:46,165 [ERROR] Error on sample 0: a bytes-like object is required, not 'str'
2026-03-16 21:02:46,165 [ERROR] Error on sample 0: a bytes-like object is required, not 'str'
2026-03-16 21:02:46,166 [ERROR] Error on sample 0: a bytes-like object is required, not 'str'
2026-03-16 21:02:46,167 [ERROR] Error on sample 0: a bytes-like object is required, not 'str'
2026-03-16 21:02:46,168 [ERROR] Error on sample 0: a bytes-like object is required, not 'str'
2026-03-16 21:02:46,168 [ERROR] Error on sample 0: a bytes-like object is required, not 'str'
2026-03-16 21:02:46,169 [ERROR] Error on sample 0: a bytes-like object is required, not 'str'
2026-03-16 21:02:46,170 [ERROR] Error on sample 0: a bytes-like object is required, not 'str'
2026-03-16 21:02:46,170 [ERROR] Error on sample 0: a bytes-like object is required, not 'str'
2026-03-16 21:02:46,171 [ERROR] Error on sample 0: a bytes-like object is required, not 'str'
2026-03-16 21:02:46,172 [ERROR] Error on sample 0: a bytes-like object is required, not 'str'
2026-03-16 21:02:46,173 [ERROR] Error on sample 0: a bytes-like object is required, not 'str'
2026-03-16 21:02:46,173 [ERROR] Error on sample 0: a bytes-like object is required, not 'str'
2026-03-16 21:02:46,174 [ERROR] Error on sample 0: a bytes-like object is required, not 'str'
2026-03-16 21:02:46,175 [ERROR] Error on sample 0: a bytes-like object is required, not 'str'
2026-03-16 21:02:46,175 [ERROR] Error on sample 0: a bytes-like object is required, not 'str'
2026-03-16 21:02:46,176 [ERROR] Error on sample 0: a bytes-like object is required, not 'str'
2026-03-16 21:02:46,177 [ERROR] Error on sample 0: a bytes-like object is required, not 'str'
2026-03-16 21:02:46,177 [ERROR] Error on sample 0: a bytes-like object is required, not 'str'
2026-03-16 21:02:46,178 [ERROR] Error on sample 0: a bytes-like object is required, not 'str'
2026-03-16 21:02:46,179 [ERROR] Error on sample 0: a bytes-like object is required, not 'str'
2026-03-16 21:02:46,180 [ERROR] Error on sample 0: a bytes-like object is required, not 'str'
2026-03-16 21:02:46,180 [ERROR] Error on sample 0: a bytes-like object is required, not 'str'
2026-03-16 21:02:46,181 [ERROR] Error on sample 0: a bytes-like object is required, not 'str'
2026-03-16 21:02:46,182 [ERROR] Error on sample 0: a bytes-like object is required, not 'str'
2026-03-16 21:02:46,182 [ERROR] Error on sample 0: a bytes-like object is required, not 'str'
2026-03-16 21:02:46,183 [ERROR] Error on sample 0: a bytes-like object is required, not 'str'
2026-03-16 21:02:46,184 [ERROR] Error on sample 0: a bytes-like object is required, not 'str'
2026-03-16 21:02:46,185 [ERROR] Error on sample 0: a bytes-like object is required, not 'str'
2026-03-16 21:02:46,185 [ERROR] Error on sample 0: a bytes-like object is required, not 'str'
2026-03-16 21:02:46,186 [ERROR] Error on sample 0: a bytes-like object is required, not 'str'
2026-03-16 21:02:46,187 [ERROR] Error on sample 0: a bytes-like object is required, not 'str'
2026-03-16 21:02:46,187 [ERROR] Error on sample 0: a bytes-like object is required, not 'str'
2026-03-16 21:02:46,188 [ERROR] Error on sample 0: a bytes-like object is required, not 'str'
2026-03-16 21:02:46,189 [ERROR] Error on sample 0: a bytes-like object is required, not 'str'
2026-03-16 21:02:46,190 [ERROR] Error on sample 0: a bytes-like object is required, not 'str'
2026-03-16 21:02:46,190 [ERROR] Error on sample 0: a bytes-like object is required, not 'str'
2026-03-16 21:02:46,191 [ERROR] Error on sample 0: a bytes-like object is required, not 'str'
2026-03-16 21:02:46,192 [ERROR] Error on sample 0: a bytes-like object is required, not 'str'
2026-03-16 21:02:46,192 [ERROR] Error on sample 0: a bytes-like object is required, not 'str'
2026-03-16 21:02:46,193 [ERROR] Error on sample 0: a bytes-like object is required, not 'str'
2026-03-16 21:02:46,194 [ERROR] Error on sample 0: a bytes-like object is required, not 'str'
2026-03-16 21:02:46,194 [ERROR] Error on sample 0: a bytes-like object is required, not 'str'
2026-03-16 21:02:46,195 [ERROR] Error on sample 0: a bytes-like object is required, not 'str'
2026-03-16 21:02:46,196 [ERROR] Error on sample 0: a bytes-like object is required, not 'str'
2026-03-16 21:02:46,197 [ERROR] Error on sample 0: a bytes-like object is required, not 'str'
2026-03-16 21:02:46,197 [ERROR] Error on sample 0: a bytes-like object is required, not 'str'
2026-03-16 21:02:46,198 [ERROR] Error on sample 0: a bytes-like object is required, not 'str'
2026-03-16 21:02:46,199 [ERROR] Error on sample 0: a bytes-like object is required, not 'str'
2026-03-16 21:02:46,199 [ERROR] Error on sample 0: a bytes-like object is required, not 'str'
2026-03-16 21:02:46,200 [ERROR] Error on sample 0: a bytes-like object is required, not 'str'
2026-03-16 21:02:46,201 [ERROR] Error on sample 0: a bytes-like object is required, not 'str'
2026-03-16 21:02:46,202 [ERROR] Error on sample 0: a bytes-like object is required, not 'str'
2026-03-16 21:02:46,202 [ERROR] Error on sample 0: a bytes-like object is required, not 'str'
2026-03-16 21:02:46,203 [ERROR] Error on sample 0: a bytes-like object is required, not 'str'
2026-03-16 21:02:46,204 [ERROR] Error on sample 0: a bytes-like object is required, not 'str'
2026-03-16 21:02:46,204 [ERROR] Error on sample 0: a bytes-like object is required, not 'str'
2026-03-16 21:02:46,205 [ERROR] Error on sample 0: a bytes-like object is required, not 'str'
2026-03-16 21:02:46,206 [ERROR] Error on sample 0: a bytes-like object is required, not 'str'
2026-03-16 21:02:46,207 [ERROR] Error on sample 0: a bytes-like object is required, not 'str'
2026-03-16 21:02:46,207 [ERROR] Error on sample 0: a bytes-like object is required, not 'str'
2026-03-16 21:02:46,208 [ERROR] Error on sample 0: a bytes-like object is required, not 'str'
2026-03-16 21:02:46,209 [ERROR] Error on sample 0: a bytes-like object is required, not 'str'
2026-03-16 21:02:46,209 [ERROR] Error on sample 0: a bytes-like object is required, not 'str'
2026-03-16 21:02:46,210 [ERROR] Error on sample 0: a bytes-like object is required, not 'str'
2026-03-16 21:02:46,211 [ERROR] Error on sample 0: a bytes-like object is required, not 'str'
2026-03-16 21:02:46,212 [ERROR] Error on sample 0: a bytes-like object is required, not 'str'
2026-03-16 21:02:46,212 [ERROR] Error on sample 0: a bytes-like object is required, not 'str'
2026-03-16 21:02:46,213 [ERROR] Error on sample 0: a bytes-like object is required, not 'str'
2026-03-16 21:02:46,214 [ERROR] Error on sample 0: a bytes-like object is required, not 'str'
2026-03-16 21:02:46,214 [ERROR] Error on sample 0: a bytes-like object is required, not 'str'
2026-03-16 21:02:46,215 [ERROR] Error on sample 0: a bytes-like object is required, not 'str'
2026-03-16 21:02:46,216 [ERROR] Error on sample 0: a bytes-like object is required, not 'str'
2026-03-16 21:02:46,216 [ERROR] Error on sample 0: a bytes-like object is required, not 'str'
2026-03-16 21:02:46,217 [ERROR] Error on sample 0: a bytes-like object is required, not 'str'
2026-03-16 21:02:46,218 [ERROR] Error on sample 0: a bytes-like object is required, not 'str'
2026-03-16 21:02:46,219 [ERROR] Error on sample 0: a bytes-like object is required, not 'str'
2026-03-16 21:02:46,219 [ERROR] Error on sample 0: a bytes-like object is required, not 'str'
2026-03-16 21:02:46,220 [ERROR] Error on sample 0: a bytes-like object is required, not 'str'
2026-03-16 21:02:46,221 [ERROR] Error on sample 0: a bytes-like object is required, not 'str'
2026-03-16 21:02:46,221 [ERROR] Error on sample 0: a bytes-like object is required, not 'str'
2026-03-16 21:02:46,222 [ERROR] Error on sample 0: a bytes-like object is required, not 'str'
2026-03-16 21:02:46,223 [ERROR] Error on sample 0: a bytes-like object is required, not 'str'
2026-03-16 21:02:46,224 [ERROR] Error on sample 0: a bytes-like object is required, not 'str'
2026-03-16 21:02:46,224 [ERROR] Error on sample 0: a bytes-like object is required, not 'str'
2026-03-16 21:02:46,225 [ERROR] Error on sample 0: a bytes-like object is required, not 'str'
2026-03-16 21:02:46,226 [ERROR] Error on sample 0: a bytes-like object is required, not 'str'
2026-03-16 21:02:46,226 [ERROR] Error on sample 0: a bytes-like object is required, not 'str'
2026-03-16 21:02:46,227 [ERROR] Error on sample 0: a bytes-like object is required, not 'str'
2026-03-16 21:02:46,228 [ERROR] Error on sample 0: a bytes-like object is required, not 'str'
2026-03-16 21:02:46,229 [ERROR] Error on sample 0: a bytes-like object is required, not 'str'
2026-03-16 21:02:46,229 [ERROR] Error on sample 0: a bytes-like object is required, not 'str'
2026-03-16 21:02:46,230 [ERROR] Error on sample 0: a bytes-like object is required, not 'str'
2026-03-16 21:02:46,231 [ERROR] Error on sample 0: a bytes-like object is required, not 'str'
2026-03-16 21:02:46,231 [ERROR] Error on sample 0: a bytes-like object is required, not 'str'
2026-03-16 21:02:46,232 [ERROR] Error on sample 0: a bytes-like object is required, not 'str'
2026-03-16 21:02:46,233 [ERROR] Error on sample 0: a bytes-like object is required, not 'str'
2026-03-16 21:02:46,234 [ERROR] Error on sample 0: a bytes-like object is required, not 'str'
2026-03-16 21:02:46,234 [ERROR] Error on sample 0: a bytes-like object is required, not 'str'
2026-03-16 21:02:46,235 [ERROR] Error on sample 0: a bytes-like object is required, not 'str'
2026-03-16 21:02:46,236 [ERROR] Error on sample 0: a bytes-like object is required, not 'str'
2026-03-16 21:02:46,236 [ERROR] Error on sample 0: a bytes-like object is required, not 'str'
2026-03-16 21:02:46,237 [ERROR] Error on sample 0: a bytes-like object is required, not 'str'
2026-03-16 21:02:46,238 [ERROR] Error on sample 0: a bytes-like object is required, not 'str'
2026-03-16 21:02:46,238 [ERROR] Error on sample 0: a bytes-like object is required, not 'str'
2026-03-16 21:02:46,239 [ERROR] Error on sample 0: a bytes-like object is required, not 'str'
2026-03-16 21:02:46,240 [ERROR] Error on sample 0: a bytes-like object is required, not 'str'
2026-03-16 21:02:46,241 [ERROR] Error on sample 0: a bytes-like object is required, not 'str'
2026-03-16 21:02:46,241 [ERROR] Error on sample 0: a bytes-like object is required, not 'str'
2026-03-16 21:02:46,242 [ERROR] Error on sample 0: a bytes-like object is required, not 'str'
2026-03-16 21:02:46,243 [ERROR] Error on sample 0: a bytes-like object is required, not 'str'
2026-03-16 21:02:46,243 [ERROR] Error on sample 0: a bytes-like object is required, not 'str'
2026-03-16 21:02:46,244 [ERROR] Error on sample 0: a bytes-like object is required, not 'str'
2026-03-16 21:02:46,245 [ERROR] Error on sample 0: a bytes-like object is required, not 'str'
2026-03-16 21:02:46,246 [ERROR] Error on sample 0: a bytes-like object is required, not 'str'
2026-03-16 21:02:46,246 [ERROR] Error on sample 0: a bytes-like object is required, not 'str'
2026-03-16 21:02:46,247 [ERROR] Error on sample 0: a bytes-like object is required, not 'str'
2026-03-16 21:02:46,248 [ERROR] Error on sample 0: a bytes-like object is required, not 'str'
2026-03-16 21:02:46,248 [ERROR] Error on sample 0: a bytes-like object is required, not 'str'
2026-03-16 21:02:46,249 [ERROR] Error on sample 0: a bytes-like object is required, not 'str'
2026-03-16 21:02:46,250 [ERROR] Error on sample 0: a bytes-like object is required, not 'str'
2026-03-16 21:02:46,251 [ERROR] Error on sample 0: a bytes-like object is required, not 'str'
2026-03-16 21:02:46,251 [ERROR] Error on sample 0: a bytes-like object is required, not 'str'
2026-03-16 21:02:46,252 [ERROR] Error on sample 0: a bytes-like object is required, not 'str'
2026-03-16 21:02:46,253 [ERROR] Error on sample 0: a bytes-like object is required, not 'str'
2026-03-16 21:02:46,254 [ERROR] Error on sample 0: a bytes-like object is required, not 'str'
2026-03-16 21:02:46,254 [ERROR] Error on sample 0: a bytes-like object is required, not 'str'
2026-03-16 21:02:46,255 [ERROR] Error on sample 0: a bytes-like object is required, not 'str'
2026-03-16 21:02:46,256 [ERROR] Error on sample 0: a bytes-like object is required, not 'str'
2026-03-16 21:02:46,256 [ERROR] Error on sample 0: a bytes-like object is required, not 'str'
2026-03-16 21:02:46,257 [ERROR] Error on sample 0: a bytes-like object is required, not 'str'
2026-03-16 21:02:46,258 [ERROR] Error on sample 0: a bytes-like object is required, not 'str'
2026-03-16 21:02:46,259 [ERROR] Error on sample 0: a bytes-like object is required, not 'str'
2026-03-16 21:02:46,259 [ERROR] Error on sample 0: a bytes-like object is required, not 'str'
2026-03-16 21:02:46,260 [ERROR] Error on sample 0: a bytes-like object is required, not 'str'
2026-03-16 21:02:46,261 [ERROR] Error on sample 0: a bytes-like object is required, not 'str'
2026-03-16 21:02:46,261 [ERROR] Error on sample 0: a bytes-like object is required, not 'str'
2026-03-16 21:02:46,262 [ERROR] Error on sample 0: a bytes-like object is required, not 'str'
2026-03-16 21:02:46,263 [ERROR] Error on sample 0: a bytes-like object is required, not 'str'
2026-03-16 21:02:46,264 [ERROR] Error on sample 0: a bytes-like object is required, not 'str'
2026-03-16 21:02:46,264 [ERROR] Error on sample 0: a bytes-like object is required, not 'str'
2026-03-16 21:02:46,265 [ERROR] Error on sample 0: a bytes-like object is required, not 'str'
2026-03-16 21:02:46,266 [ERROR] Error on sample 0: a bytes-like object is required, not 'str'
2026-03-16 21:02:46,266 [ERROR] Error on sample 0: a bytes-like object is required, not 'str'
2026-03-16 21:02:46,267 [ERROR] Error on sample 0: a bytes-like object is required, not 'str'
2026-03-16 21:02:46,268 [ERROR] Error on sample 0: a bytes-like object is required, not 'str'
2026-03-16 21:02:46,269 [ERROR] Error on sample 0: a bytes-like object is required, not 'str'
2026-03-16 21:02:46,269 [ERROR] Error on sample 0: a bytes-like object is required, not 'str'
2026-03-16 21:02:46,270 [ERROR] Error on sample 0: a bytes-like object is required, not 'str'
2026-03-16 21:02:46,271 [ERROR] Error on sample 0: a bytes-like object is required, not 'str'
2026-03-16 21:02:46,271 [ERROR] Error on sample 0: a bytes-like object is required, not 'str'
2026-03-16 21:02:46,272 [ERROR] Error on sample 0: a bytes-like object is required, not 'str'
2026-03-16 21:02:46,273 [ERROR] Error on sample 0: a bytes-like object is required, not 'str'
2026-03-16 21:02:46,274 [ERROR] Error on sample 0: a bytes-like object is required, not 'str'
2026-03-16 21:02:46,274 [ERROR] Error on sample 0: a bytes-like object is required, not 'str'
2026-03-16 21:02:46,275 [ERROR] Error on sample 0: a bytes-like object is required, not 'str'
2026-03-16 21:02:46,276 [ERROR] Error on sample 0: a bytes-like object is required, not 'str'
2026-03-16 21:02:46,276 [ERROR] Error on sample 0: a bytes-like object is required, not 'str'
2026-03-16 21:02:46,277 [ERROR] Error on sample 0: a bytes-like object is required, not 'str'
2026-03-16 21:02:46,278 [ERROR] Error on sample 0: a bytes-like object is required, not 'str'
2026-03-16 21:02:46,279 [ERROR] Error on sample 0: a bytes-like object is required, not 'str'
2026-03-16 21:02:46,279 [ERROR] Error on sample 0: a bytes-like object is required, not 'str'
2026-03-16 21:02:46,280 [ERROR] Error on sample 0: a bytes-like object is required, not 'str'
2026-03-16 21:02:46,281 [ERROR] Error on sample 0: a bytes-like object is required, not 'str'
2026-03-16 21:02:46,282 [ERROR] Error on sample 0: a bytes-like object is required, not 'str'
2026-03-16 21:02:46,283 [ERROR] Error on sample 0: a bytes-like object is required, not 'str'
2026-03-16 21:02:46,283 [ERROR] Error on sample 0: a bytes-like object is required, not 'str'
2026-03-16 21:02:46,284 [ERROR] Error on sample 0: a bytes-like object is required, not 'str'
2026-03-16 21:02:46,285 [ERROR] Error on sample 0: a bytes-like object is required, not 'str'
2026-03-16 21:02:46,286 [ERROR] Error on sample 0: a bytes-like object is required, not 'str'
2026-03-16 21:02:46,286 [ERROR] Error on sample 0: a bytes-like object is required, not 'str'
2026-03-16 21:02:46,287 [ERROR] Error on sample 0: a bytes-like object is required, not 'str'
2026-03-16 21:02:46,288 [ERROR] Error on sample 0: a bytes-like object is required, not 'str'
2026-03-16 21:02:46,288 [ERROR] Error on sample 0: a bytes-like object is required, not 'str'
2026-03-16 21:02:46,289 [ERROR] Error on sample 0: a bytes-like object is required, not 'str'
2026-03-16 21:02:46,290 [ERROR] Error on sample 0: a bytes-like object is required, not 'str'
2026-03-16 21:02:46,290 [ERROR] Error on sample 0: a bytes-like object is required, not 'str'
2026-03-16 21:02:46,291 [ERROR] Error on sample 0: a bytes-like object is required, not 'str'
2026-03-16 21:02:46,292 [ERROR] Error on sample 0: a bytes-like object is required, not 'str'
2026-03-16 21:02:46,293 [ERROR] Error on sample 0: a bytes-like object is required, not 'str'
2026-03-16 21:02:46,293 [ERROR] Error on sample 0: a bytes-like object is required, not 'str'
2026-03-16 21:02:46,294 [ERROR] Error on sample 0: a bytes-like object is required, not 'str'
2026-03-16 21:02:46,295 [ERROR] Error on sample 0: a bytes-like object is required, not 'str'
2026-03-16 21:02:46,296 [ERROR] Error on sample 0: a bytes-like object is required, not 'str'
2026-03-16 21:02:46,296 [ERROR] Error on sample 0: a bytes-like object is required, not 'str'
2026-03-16 21:02:46,297 [ERROR] Error on sample 0: a bytes-like object is required, not 'str'
2026-03-16 21:02:46,298 [ERROR] Error on sample 0: a bytes-like object is required, not 'str'
2026-03-16 21:02:46,298 [ERROR] Error on sample 0: a bytes-like object is required, not 'str'
2026-03-16 21:02:46,299 [ERROR] Error on sample 0: a bytes-like object is required, not 'str'
2026-03-16 21:02:46,300 [ERROR] Error on sample 0: a bytes-like object is required, not 'str'
2026-03-16 21:02:46,300 [ERROR] Error on sample 0: a bytes-like object is required, not 'str'
2026-03-16 21:02:46,301 [ERROR] Error on sample 0: a bytes-like object is required, not 'str'
2026-03-16 21:02:46,302 [ERROR] Error on sample 0: a bytes-like object is required, not 'str'
2026-03-16 21:02:46,303 [ERROR] Error on sample 0: a bytes-like object is required, not 'str'
2026-03-16 21:02:46,303 [ERROR] Error on sample 0: a bytes-like object is required, not 'str'
2026-03-16 21:02:46,304 [ERROR] Error on sample 0: a bytes-like object is required, not 'str'
2026-03-16 21:02:46,305 [ERROR] Error on sample 0: a bytes-like object is required, not 'str'
2026-03-16 21:02:46,305 [ERROR] Error on sample 0: a bytes-like object is required, not 'str'
2026-03-16 21:02:46,306 [ERROR] Error on sample 0: a bytes-like object is required, not 'str'
2026-03-16 21:02:46,307 [ERROR] Error on sample 0: a bytes-like object is required, not 'str'
2026-03-16 21:02:46,308 [ERROR] Error on sample 0: a bytes-like object is required, not 'str'
2026-03-16 21:02:46,308 [ERROR] Error on sample 0: a bytes-like object is required, not 'str'
2026-03-16 21:02:46,309 [ERROR] Error on sample 0: a bytes-like object is required, not 'str'
2026-03-16 21:02:46,310 [ERROR] Error on sample 0: a bytes-like object is required, not 'str'
2026-03-16 21:02:46,310 [ERROR] Error on sample 0: a bytes-like object is required, not 'str'
2026-03-16 21:02:46,311 [ERROR] Error on sample 0: a bytes-like object is required, not 'str'
2026-03-16 21:02:46,312 [ERROR] Error on sample 0: a bytes-like object is required, not 'str'
2026-03-16 21:02:46,312 [ERROR] Error on sample 0: a bytes-like object is required, not 'str'
2026-03-16 21:02:46,313 [ERROR] Error on sample 0: a bytes-like object is required, not 'str'
2026-03-16 21:02:46,314 [ERROR] Error on sample 0: a bytes-like object is required, not 'str'
2026-03-16 21:02:46,314 [ERROR] Error on sample 0: a bytes-like object is required, not 'str'
2026-03-16 21:02:46,315 [ERROR] Error on sample 0: a bytes-like object is required, not 'str'
2026-03-16 21:02:46,316 [ERROR] Error on sample 0: a bytes-like object is required, not 'str'
2026-03-16 21:02:46,317 [ERROR] Error on sample 0: a bytes-like object is required, not 'str'
2026-03-16 21:02:46,317 [ERROR] Error on sample 0: a bytes-like object is required, not 'str'
2026-03-16 21:02:46,319 [ERROR] Error on sample 0: a bytes-like object is required, not 'str'
2026-03-16 21:02:46,320 [ERROR] Error on sample 0: a bytes-like object is required, not 'str'
2026-03-16 21:02:46,320 [ERROR] Error on sample 0: a bytes-like object is required, not 'str'
2026-03-16 21:02:46,321 [ERROR] Error on sample 0: a bytes-like object is required, not 'str'
2026-03-16 21:02:46,322 [ERROR] Error on sample 0: a bytes-like object is required, not 'str'
2026-03-16 21:02:46,323 [ERROR] Error on sample 0: a bytes-like object is required, not 'str'
2026-03-16 21:02:46,323 [ERROR] Error on sample 0: a bytes-like object is required, not 'str'
2026-03-16 21:02:46,324 [ERROR] Error on sample 0: a bytes-like object is required, not 'str'
2026-03-16 21:02:46,325 [ERROR] Error on sample 0: a bytes-like object is required, not 'str'
2026-03-16 21:02:46,325 [ERROR] Error on sample 0: a bytes-like object is required, not 'str'
2026-03-16 21:02:46,326 [ERROR] Error on sample 0: a bytes-like object is required, not 'str'
2026-03-16 21:02:46,327 [ERROR] Error on sample 0: a bytes-like object is required, not 'str'
2026-03-16 21:02:46,328 [ERROR] Error on sample 0: a bytes-like object is required, not 'str'
2026-03-16 21:02:46,328 [ERROR] Error on sample 0: a bytes-like object is required, not 'str'
2026-03-16 21:02:46,329 [ERROR] Error on sample 0: a bytes-like object is required, not 'str'
2026-03-16 21:02:46,330 [ERROR] Error on sample 0: a bytes-like object is required, not 'str'
2026-03-16 21:02:46,330 [ERROR] Error on sample 0: a bytes-like object is required, not 'str'
2026-03-16 21:02:46,331 [ERROR] Error on sample 0: a bytes-like object is required, not 'str'
2026-03-16 21:02:46,332 [ERROR] Error on sample 0: a bytes-like object is required, not 'str'
2026-03-16 21:02:46,332 [ERROR] Error on sample 0: a bytes-like object is required, not 'str'
2026-03-16 21:02:46,333 [ERROR] Error on sample 0: a bytes-like object is required, not 'str'
2026-03-16 21:02:46,334 [ERROR] Error on sample 0: a bytes-like object is required, not 'str'
2026-03-16 21:02:46,335 [ERROR] Error on sample 0: a bytes-like object is required, not 'str'
2026-03-16 21:02:46,335 [ERROR] Error on sample 0: a bytes-like object is required, not 'str'
2026-03-16 21:02:46,336 [ERROR] Error on sample 0: a bytes-like object is required, not 'str'
2026-03-16 21:02:46,337 [ERROR] Error on sample 0: a bytes-like object is required, not 'str'
2026-03-16 21:02:46,337 [ERROR] Error on sample 0: a bytes-like object is required, not 'str'
2026-03-16 21:02:46,338 [ERROR] Error on sample 0: a bytes-like object is required, not 'str'
2026-03-16 21:02:46,339 [ERROR] Error on sample 0: a bytes-like object is required, not 'str'
2026-03-16 21:02:46,339 [ERROR] Error on sample 0: a bytes-like object is required, not 'str'
2026-03-16 21:02:46,340 [ERROR] Error on sample 0: a bytes-like object is required, not 'str'
2026-03-16 21:02:46,341 [ERROR] Error on sample 0: a bytes-like object is required, not 'str'
2026-03-16 21:02:46,342 [ERROR] Error on sample 0: a bytes-like object is required, not 'str'
2026-03-16 21:02:46,342 [ERROR] Error on sample 0: a bytes-like object is required, not 'str'
2026-03-16 21:02:46,343 [ERROR] Error on sample 0: a bytes-like object is required, not 'str'
2026-03-16 21:02:46,344 [ERROR] Error on sample 0: a bytes-like object is required, not 'str'
2026-03-16 21:02:46,345 [ERROR] Error on sample 0: a bytes-like object is required, not 'str'
2026-03-16 21:02:46,345 [ERROR] Error on sample 0: a bytes-like object is required, not 'str'
2026-03-16 21:02:46,346 [ERROR] Error on sample 0: a bytes-like object is required, not 'str'
2026-03-16 21:02:46,347 [ERROR] Error on sample 0: a bytes-like object is required, not 'str'
2026-03-16 21:02:46,347 [ERROR] Error on sample 0: a bytes-like object is required, not 'str'
2026-03-16 21:02:46,348 [ERROR] Error on sample 0: a bytes-like object is required, not 'str'
2026-03-16 21:02:46,349 [ERROR] Error on sample 0: a bytes-like object is required, not 'str'
2026-03-16 21:02:46,350 [ERROR] Error on sample 0: a bytes-like object is required, not 'str'
2026-03-16 21:02:46,350 [ERROR] Error on sample 0: a bytes-like object is required, not 'str'
2026-03-16 21:02:46,351 [ERROR] Error on sample 0: a bytes-like object is required, not 'str'
2026-03-16 21:02:46,352 [ERROR] Error on sample 0: a bytes-like object is required, not 'str'
2026-03-16 21:02:46,352 [ERROR] Error on sample 0: a bytes-like object is required, not 'str'
2026-03-16 21:02:46,353 [ERROR] Error on sample 0: a bytes-like object is required, not 'str'
2026-03-16 21:02:46,354 [ERROR] Error on sample 0: a bytes-like object is required, not 'str'
2026-03-16 21:02:46,355 [ERROR] Error on sample 0: a bytes-like object is required, not 'str'
2026-03-16 21:02:46,355 [ERROR] Error on sample 0: a bytes-like object is required, not 'str'
2026-03-16 21:02:46,356 [ERROR] Error on sample 0: a bytes-like object is required, not 'str'
2026-03-16 21:02:46,357 [ERROR] Error on sample 0: a bytes-like object is required, not 'str'
2026-03-16 21:02:46,357 [ERROR] Error on sample 0: a bytes-like object is required, not 'str'
2026-03-16 21:02:46,358 [ERROR] Error on sample 0: a bytes-like object is required, not 'str'
2026-03-16 21:02:46,359 [ERROR] Error on sample 0: a bytes-like object is required, not 'str'
2026-03-16 21:02:46,360 [ERROR] Error on sample 0: a bytes-like object is required, not 'str'
2026-03-16 21:02:46,360 [ERROR] Error on sample 0: a bytes-like object is required, not 'str'
2026-03-16 21:02:46,361 [ERROR] Error on sample 0: a bytes-like object is required, not 'str'
2026-03-16 21:02:46,362 [ERROR] Error on sample 0: a bytes-like object is required, not 'str'
2026-03-16 21:02:46,362 [ERROR] Error on sample 0: a bytes-like object is required, not 'str'
2026-03-16 21:02:46,363 [ERROR] Error on sample 0: a bytes-like object is required, not 'str'
2026-03-16 21:02:46,364 [ERROR] Error on sample 0: a bytes-like object is required, not 'str'
2026-03-16 21:02:46,364 [ERROR] Error on sample 0: a bytes-like object is required, not 'str'
2026-03-16 21:02:46,365 [ERROR] Error on sample 0: a bytes-like object is required, not 'str'
2026-03-16 21:02:46,366 [ERROR] Error on sample 0: a bytes-like object is required, not 'str'
2026-03-16 21:02:46,367 [ERROR] Error on sample 0: a bytes-like object is required, not 'str'
2026-03-16 21:02:46,367 [ERROR] Error on sample 0: a bytes-like object is required, not 'str'
2026-03-16 21:02:46,368 [ERROR] Error on sample 0: a bytes-like object is required, not 'str'
2026-03-16 21:02:46,369 [ERROR] Error on sample 0: a bytes-like object is required, not 'str'
2026-03-16 21:02:46,369 [ERROR] Error on sample 0: a bytes-like object is required, not 'str'
2026-03-16 21:02:46,370 [ERROR] Error on sample 0: a bytes-like object is required, not 'str'
2026-03-16 21:02:46,371 [ERROR] Error on sample 0: a bytes-like object is required, not 'str'
2026-03-16 21:02:46,371 [ERROR] Error on sample 0: a bytes-like object is required, not 'str'
2026-03-16 21:02:46,372 [ERROR] Error on sample 0: a bytes-like object is required, not 'str'
2026-03-16 21:02:46,373 [ERROR] Error on sample 0: a bytes-like object is required, not 'str'
2026-03-16 21:02:46,374 [ERROR] Error on sample 0: a bytes-like object is required, not 'str'
2026-03-16 21:02:46,374 [ERROR] Error on sample 0: a bytes-like object is required, not 'str'
2026-03-16 21:02:46,375 [ERROR] Error on sample 0: a bytes-like object is required, not 'str'
2026-03-16 21:02:46,376 [ERROR] Error on sample 0: a bytes-like object is required, not 'str'
2026-03-16 21:02:46,376 [ERROR] Error on sample 0: a bytes-like object is required, not 'str'
2026-03-16 21:02:46,377 [ERROR] Error on sample 0: a bytes-like object is required, not 'str'
2026-03-16 21:02:46,378 [ERROR] Error on sample 0: a bytes-like object is required, not 'str'
2026-03-16 21:02:46,378 [ERROR] Error on sample 0: a bytes-like object is required, not 'str'
2026-03-16 21:02:46,379 [ERROR] Error on sample 0: a bytes-like object is required, not 'str'
2026-03-16 21:02:46,380 [ERROR] Error on sample 0: a bytes-like object is required, not 'str'
2026-03-16 21:02:46,380 [ERROR] Error on sample 0: a bytes-like object is required, not 'str'
2026-03-16 21:02:46,381 [ERROR] Error on sample 0: a bytes-like object is required, not 'str'
2026-03-16 21:02:46,382 [ERROR] Error on sample 0: a bytes-like object is required, not 'str'
2026-03-16 21:02:46,383 [ERROR] Error on sample 0: a bytes-like object is required, not 'str'
2026-03-16 21:02:46,383 [ERROR] Error on sample 0: a bytes-like object is required, not 'str'
2026-03-16 21:02:46,384 [ERROR] Error on sample 0: a bytes-like object is required, not 'str'
2026-03-16 21:02:46,385 [ERROR] Error on sample 0: a bytes-like object is required, not 'str'
2026-03-16 21:02:46,385 [ERROR] Error on sample 0: a bytes-like object is required, not 'str'
2026-03-16 21:02:46,386 [ERROR] Error on sample 0: a bytes-like object is required, not 'str'
2026-03-16 21:02:46,387 [ERROR] Error on sample 0: a bytes-like object is required, not 'str'
2026-03-16 21:02:46,387 [ERROR] Error on sample 0: a bytes-like object is required, not 'str'
2026-03-16 21:02:46,388 [ERROR] Error on sample 0: a bytes-like object is required, not 'str'
2026-03-16 21:02:46,389 [ERROR] Error on sample 0: a bytes-like object is required, not 'str'
2026-03-16 21:02:46,389 [ERROR] Error on sample 0: a bytes-like object is required, not 'str'
2026-03-16 21:02:46,390 [ERROR] Error on sample 0: a bytes-like object is required, not 'str'
2026-03-16 21:02:46,391 [ERROR] Error on sample 0: a bytes-like object is required, not 'str'
2026-03-16 21:02:46,392 [ERROR] Error on sample 0: a bytes-like object is required, not 'str'
2026-03-16 21:02:46,392 [ERROR] Error on sample 0: a bytes-like object is required, not 'str'
2026-03-16 21:02:46,393 [ERROR] Error on sample 0: a bytes-like object is required, not 'str'
2026-03-16 21:02:46,394 [ERROR] Error on sample 0: a bytes-like object is required, not 'str'
2026-03-16 21:02:46,394 [ERROR] Error on sample 0: a bytes-like object is required, not 'str'
2026-03-16 21:02:46,395 [ERROR] Error on sample 0: a bytes-like object is required, not 'str'
2026-03-16 21:02:46,396 [ERROR] Error on sample 0: a bytes-like object is required, not 'str'
2026-03-16 21:02:46,396 [ERROR] Error on sample 0: a bytes-like object is required, not 'str'
2026-03-16 21:02:46,397 [ERROR] Error on sample 0: a bytes-like object is required, not 'str'
2026-03-16 21:02:46,398 [ERROR] Error on sample 0: a bytes-like object is required, not 'str'
2026-03-16 21:02:46,398 [ERROR] Error on sample 0: a bytes-like object is required, not 'str'
2026-03-16 21:02:46,399 [ERROR] Error on sample 0: a bytes-like object is required, not 'str'
2026-03-16 21:02:46,400 [ERROR] Error on sample 0: a bytes-like object is required, not 'str'
2026-03-16 21:02:46,400 [ERROR] Error on sample 0: a bytes-like object is required, not 'str'
2026-03-16 21:02:46,401 [ERROR] Error on sample 0: a bytes-like object is required, not 'str'
2026-03-16 21:02:46,402 [ERROR] Error on sample 0: a bytes-like object is required, not 'str'
2026-03-16 21:02:46,403 [ERROR] Error on sample 0: a bytes-like object is required, not 'str'
2026-03-16 21:02:46,403 [ERROR] Error on sample 0: a bytes-like object is required, not 'str'
2026-03-16 21:02:46,404 [ERROR] Error on sample 0: a bytes-like object is required, not 'str'
2026-03-16 21:02:46,405 [ERROR] Error on sample 0: a bytes-like object is required, not 'str'
2026-03-16 21:02:46,405 [ERROR] Error on sample 0: a bytes-like object is required, not 'str'
2026-03-16 21:02:46,406 [ERROR] Error on sample 0: a bytes-like object is required, not 'str'
2026-03-16 21:02:46,407 [ERROR] Error on sample 0: a bytes-like object is required, not 'str'
2026-03-16 21:02:46,407 [ERROR] Error on sample 0: a bytes-like object is required, not 'str'
2026-03-16 21:02:46,408 [ERROR] Error on sample 0: a bytes-like object is required, not 'str'
2026-03-16 21:02:46,409 [ERROR] Error on sample 0: a bytes-like object is required, not 'str'
2026-03-16 21:02:46,410 [ERROR] Error on sample 0: a bytes-like object is required, not 'str'
2026-03-16 21:02:46,410 [ERROR] Error on sample 0: a bytes-like object is required, not 'str'
2026-03-16 21:02:46,411 [ERROR] Error on sample 0: a bytes-like object is required, not 'str'
2026-03-16 21:02:46,412 [ERROR] Error on sample 0: a bytes-like object is required, not 'str'
2026-03-16 21:02:46,412 [ERROR] Error on sample 0: a bytes-like object is required, not 'str'
2026-03-16 21:02:46,413 [ERROR] Error on sample 0: a bytes-like object is required, not 'str'
2026-03-16 21:02:46,414 [ERROR] Error on sample 0: a bytes-like object is required, not 'str'
2026-03-16 21:02:46,414 [ERROR] Error on sample 0: a bytes-like object is required, not 'str'
2026-03-16 21:02:46,415 [ERROR] Error on sample 0: a bytes-like object is required, not 'str'
2026-03-16 21:02:46,416 [ERROR] Error on sample 0: a bytes-like object is required, not 'str'
2026-03-16 21:02:46,416 [ERROR] Error on sample 0: a bytes-like object is required, not 'str'
2026-03-16 21:02:46,417 [ERROR] Error on sample 0: a bytes-like object is required, not 'str'
2026-03-16 21:02:46,418 [ERROR] Error on sample 0: a bytes-like object is required, not 'str'
2026-03-16 21:02:46,419 [ERROR] Error on sample 0: a bytes-like object is required, not 'str'
2026-03-16 21:02:46,419 [ERROR] Error on sample 0: a bytes-like object is required, not 'str'
2026-03-16 21:02:46,420 [ERROR] Error on sample 0: a bytes-like object is required, not 'str'
2026-03-16 21:02:46,421 [ERROR] Error on sample 0: a bytes-like object is required, not 'str'
2026-03-16 21:02:46,421 [ERROR] Error on sample 0: a bytes-like object is required, not 'str'
2026-03-16 21:02:46,422 [ERROR] Error on sample 0: a bytes-like object is required, not 'str'
2026-03-16 21:02:46,423 [ERROR] Error on sample 0: a bytes-like object is required, not 'str'
2026-03-16 21:02:46,423 [ERROR] Error on sample 0: a bytes-like object is required, not 'str'
2026-03-16 21:02:46,424 [ERROR] Error on sample 0: a bytes-like object is required, not 'str'
2026-03-16 21:02:46,425 [ERROR] Error on sample 0: a bytes-like object is required, not 'str'
2026-03-16 21:02:46,426 [ERROR] Error on sample 0: a bytes-like object is required, not 'str'
2026-03-16 21:02:46,426 [ERROR] Error on sample 0: a bytes-like object is required, not 'str'
2026-03-16 21:02:46,427 [ERROR] Error on sample 0: a bytes-like object is required, not 'str'
2026-03-16 21:02:46,428 [ERROR] Error on sample 0: a bytes-like object is required, not 'str'
2026-03-16 21:02:46,428 [ERROR] Error on sample 0: a bytes-like object is required, not 'str'
2026-03-16 21:02:46,429 [ERROR] Error on sample 0: a bytes-like object is required, not 'str'
2026-03-16 21:02:46,430 [ERROR] Error on sample 0: a bytes-like object is required, not 'str'
2026-03-16 21:02:46,430 [ERROR] Error on sample 0: a bytes-like object is required, not 'str'
2026-03-16 21:02:46,431 [ERROR] Error on sample 0: a bytes-like object is required, not 'str'
2026-03-16 21:02:46,432 [ERROR] Error on sample 0: a bytes-like object is required, not 'str'
2026-03-16 21:02:46,432 [ERROR] Error on sample 0: a bytes-like object is required, not 'str'
2026-03-16 21:02:46,433 [ERROR] Error on sample 0: a bytes-like object is required, not 'str'
2026-03-16 21:02:46,434 [ERROR] Error on sample 0: a bytes-like object is required, not 'str'
2026-03-16 21:02:46,435 [ERROR] Error on sample 0: a bytes-like object is required, not 'str'
2026-03-16 21:02:46,435 [ERROR] Error on sample 0: a bytes-like object is required, not 'str'
2026-03-16 21:02:46,436 [ERROR] Error on sample 0: a bytes-like object is required, not 'str'
2026-03-16 21:02:46,437 [ERROR] Error on sample 0: a bytes-like object is required, not 'str'
2026-03-16 21:02:46,437 [ERROR] Error on sample 0: a bytes-like object is required, not 'str'
2026-03-16 21:02:46,438 [ERROR] Error on sample 0: a bytes-like object is required, not 'str'
2026-03-16 21:02:46,439 [ERROR] Error on sample 0: a bytes-like object is required, not 'str'
2026-03-16 21:02:46,439 [ERROR] Error on sample 0: a bytes-like object is required, not 'str'
2026-03-16 21:02:46,440 [ERROR] Error on sample 0: a bytes-like object is required, not 'str'
2026-03-16 21:02:46,441 [ERROR] Error on sample 0: a bytes-like object is required, not 'str'
2026-03-16 21:02:46,441 [ERROR] Error on sample 0: a bytes-like object is required, not 'str'
2026-03-16 21:02:46,442 [ERROR] Error on sample 0: a bytes-like object is required, not 'str'
2026-03-16 21:02:46,443 [ERROR] Error on sample 0: a bytes-like object is required, not 'str'
2026-03-16 21:02:46,443 [ERROR] Error on sample 0: a bytes-like object is required, not 'str'
2026-03-16 21:02:46,444 [ERROR] Error on sample 0: a bytes-like object is required, not 'str'
2026-03-16 21:02:46,445 [ERROR] Error on sample 0: a bytes-like object is required, not 'str'
2026-03-16 21:02:46,446 [ERROR] Error on sample 0: a bytes-like object is required, not 'str'
2026-03-16 21:02:46,446 [ERROR] Error on sample 0: a bytes-like object is required, not 'str'
2026-03-16 21:02:46,447 [ERROR] Error on sample 0: a bytes-like object is required, not 'str'
2026-03-16 21:02:46,448 [ERROR] Error on sample 0: a bytes-like object is required, not 'str'
2026-03-16 21:02:46,448 [ERROR] Error on sample 0: a bytes-like object is required, not 'str'
2026-03-16 21:02:46,449 [ERROR] Error on sample 0: a bytes-like object is required, not 'str'
2026-03-16 21:02:46,450 [ERROR] Error on sample 0: a bytes-like object is required, not 'str'
2026-03-16 21:02:46,450 [ERROR] Error on sample 0: a bytes-like object is required, not 'str'
2026-03-16 21:02:46,451 [ERROR] Error on sample 0: a bytes-like object is required, not 'str'
2026-03-16 21:02:46,452 [ERROR] Error on sample 0: a bytes-like object is required, not 'str'
2026-03-16 21:02:46,453 [ERROR] Error on sample 0: a bytes-like object is required, not 'str'
2026-03-16 21:02:46,453 [ERROR] Error on sample 0: a bytes-like object is required, not 'str'
2026-03-16 21:02:46,454 [ERROR] Error on sample 0: a bytes-like object is required, not 'str'
2026-03-16 21:02:46,455 [ERROR] Error on sample 0: a bytes-like object is required, not 'str'
2026-03-16 21:02:46,455 [ERROR] Error on sample 0: a bytes-like object is required, not 'str'
2026-03-16 21:02:46,456 [ERROR] Error on sample 0: a bytes-like object is required, not 'str'
2026-03-16 21:02:46,457 [ERROR] Error on sample 0: a bytes-like object is required, not 'str'
2026-03-16 21:02:46,457 [ERROR] Error on sample 0: a bytes-like object is required, not 'str'
2026-03-16 21:02:46,458 [ERROR] Error on sample 0: a bytes-like object is required, not 'str'
2026-03-16 21:02:46,459 [ERROR] Error on sample 0: a bytes-like object is required, not 'str'
2026-03-16 21:02:46,459 [ERROR] Error on sample 0: a bytes-like object is required, not 'str'
2026-03-16 21:02:46,460 [ERROR] Error on sample 0: a bytes-like object is required, not 'str'
2026-03-16 21:02:46,461 [ERROR] Error on sample 0: a bytes-like object is required, not 'str'
2026-03-16 21:02:46,461 [ERROR] Error on sample 0: a bytes-like object is required, not 'str'
2026-03-16 21:02:46,462 [ERROR] Error on sample 0: a bytes-like object is required, not 'str'
2026-03-16 21:02:46,463 [ERROR] Error on sample 0: a bytes-like object is required, not 'str'
2026-03-16 21:02:46,464 [ERROR] Error on sample 0: a bytes-like object is required, not 'str'
2026-03-16 21:02:46,464 [ERROR] Error on sample 0: a bytes-like object is required, not 'str'
2026-03-16 21:02:46,465 [ERROR] Error on sample 0: a bytes-like object is required, not 'str'
2026-03-16 21:02:46,466 [ERROR] Error on sample 0: a bytes-like object is required, not 'str'
2026-03-16 21:02:46,466 [ERROR] Error on sample 0: a bytes-like object is required, not 'str'
2026-03-16 21:02:46,467 [ERROR] Error on sample 0: a bytes-like object is required, not 'str'
2026-03-16 21:02:46,468 [ERROR] Error on sample 0: a bytes-like object is required, not 'str'
2026-03-16 21:02:46,468 [ERROR] Error on sample 0: a bytes-like object is required, not 'str'
2026-03-16 21:02:46,469 [ERROR] Error on sample 0: a bytes-like object is required, not 'str'
2026-03-16 21:02:46,470 [ERROR] Error on sample 0: a bytes-like object is required, not 'str'
2026-03-16 21:02:46,470 [ERROR] Error on sample 0: a bytes-like object is required, not 'str'
2026-03-16 21:02:46,471 [ERROR] Error on sample 0: a bytes-like object is required, not 'str'
2026-03-16 21:02:46,472 [ERROR] Error on sample 0: a bytes-like object is required, not 'str'
2026-03-16 21:02:46,472 [ERROR] Error on sample 0: a bytes-like object is required, not 'str'
2026-03-16 21:02:46,473 [ERROR] Error on sample 0: a bytes-like object is required, not 'str'
2026-03-16 21:02:46,474 [ERROR] Error on sample 0: a bytes-like object is required, not 'str'
2026-03-16 21:02:46,474 [ERROR] Error on sample 0: a bytes-like object is required, not 'str'
2026-03-16 21:02:46,475 [ERROR] Error on sample 0: a bytes-like object is required, not 'str'
2026-03-16 21:02:46,476 [ERROR] Error on sample 0: a bytes-like object is required, not 'str'
2026-03-16 21:02:46,477 [ERROR] Error on sample 0: a bytes-like object is required, not 'str'
2026-03-16 21:02:46,477 [ERROR] Error on sample 0: a bytes-like object is required, not 'str'
2026-03-16 21:02:46,478 [ERROR] Error on sample 0: a bytes-like object is required, not 'str'
2026-03-16 21:02:46,479 [ERROR] Error on sample 0: a bytes-like object is required, not 'str'
2026-03-16 21:02:46,479 [ERROR] Error on sample 0: a bytes-like object is required, not 'str'
2026-03-16 21:02:46,480 [ERROR] Error on sample 0: a bytes-like object is required, not 'str'
2026-03-16 21:02:46,481 [ERROR] Error on sample 0: a bytes-like object is required, not 'str'
2026-03-16 21:02:46,481 [ERROR] Error on sample 0: a bytes-like object is required, not 'str'
2026-03-16 21:02:46,482 [ERROR] Error on sample 0: a bytes-like object is required, not 'str'
2026-03-16 21:02:46,483 [ERROR] Error on sample 0: a bytes-like object is required, not 'str'
2026-03-16 21:02:46,483 [ERROR] Error on sample 0: a bytes-like object is required, not 'str'
2026-03-16 21:02:46,484 [ERROR] Error on sample 0: a bytes-like object is required, not 'str'
2026-03-16 21:02:46,485 [ERROR] Error on sample 0: a bytes-like object is required, not 'str'
2026-03-16 21:02:46,486 [ERROR] Error on sample 0: a bytes-like object is required, not 'str'
2026-03-16 21:02:46,486 [ERROR] Error on sample 0: a bytes-like object is required, not 'str'
2026-03-16 21:02:46,487 [ERROR] Error on sample 0: a bytes-like object is required, not 'str'
2026-03-16 21:02:46,488 [ERROR] Error on sample 0: a bytes-like object is required, not 'str'
2026-03-16 21:02:46,488 [ERROR] Error on sample 0: a bytes-like object is required, not 'str'
2026-03-16 21:02:46,489 [ERROR] Error on sample 0: a bytes-like object is required, not 'str'
2026-03-16 21:02:46,490 [ERROR] Error on sample 0: a bytes-like object is required, not 'str'
2026-03-16 21:02:46,490 [ERROR] Error on sample 0: a bytes-like object is required, not 'str'
2026-03-16 21:02:46,491 [ERROR] Error on sample 0: a bytes-like object is required, not 'str'
2026-03-16 21:02:46,492 [ERROR] Error on sample 0: a bytes-like object is required, not 'str'
2026-03-16 21:02:46,492 [ERROR] Error on sample 0: a bytes-like object is required, not 'str'
2026-03-16 21:02:46,493 [ERROR] Error on sample 0: a bytes-like object is required, not 'str'
2026-03-16 21:02:46,494 [ERROR] Error on sample 0: a bytes-like object is required, not 'str'
2026-03-16 21:02:46,495 [ERROR] Error on sample 0: a bytes-like object is required, not 'str'
2026-03-16 21:02:46,495 [ERROR] Error on sample 0: a bytes-like object is required, not 'str'
2026-03-16 21:02:46,496 [ERROR] Error on sample 0: a bytes-like object is required, not 'str'
2026-03-16 21:02:46,497 [ERROR] Error on sample 0: a bytes-like object is required, not 'str'
2026-03-16 21:02:46,497 [ERROR] Error on sample 0: a bytes-like object is required, not 'str'
2026-03-16 21:02:46,498 [ERROR] Error on sample 0: a bytes-like object is required, not 'str'
2026-03-16 21:02:46,499 [ERROR] Error on sample 0: a bytes-like object is required, not 'str'
2026-03-16 21:02:46,499 [ERROR] Error on sample 0: a bytes-like object is required, not 'str'
2026-03-16 21:02:46,500 [ERROR] Error on sample 0: a bytes-like object is required, not 'str'
2026-03-16 21:02:46,501 [ERROR] Error on sample 0: a bytes-like object is required, not 'str'
2026-03-16 21:02:46,502 [ERROR] Error on sample 0: a bytes-like object is required, not 'str'
2026-03-16 21:02:46,502 [ERROR] Error on sample 0: a bytes-like object is required, not 'str'
2026-03-16 21:02:46,503 [ERROR] Error on sample 0: a bytes-like object is required, not 'str'
2026-03-16 21:02:46,504 [ERROR] Error on sample 0: a bytes-like object is required, not 'str'
2026-03-16 21:02:46,504 [ERROR] Error on sample 0: a bytes-like object is required, not 'str'
2026-03-16 21:02:46,505 [ERROR] Error on sample 0: a bytes-like object is required, not 'str'
2026-03-16 21:02:46,506 [ERROR] Error on sample 0: a bytes-like object is required, not 'str'
2026-03-16 21:02:46,506 [ERROR] Error on sample 0: a bytes-like object is required, not 'str'
2026-03-16 21:02:46,507 [ERROR] Error on sample 0: a bytes-like object is required, not 'str'
2026-03-16 21:02:46,508 [ERROR] Error on sample 0: a bytes-like object is required, not 'str'
2026-03-16 21:02:46,508 [ERROR] Error on sample 0: a bytes-like object is required, not 'str'
2026-03-16 21:02:46,509 [ERROR] Error on sample 0: a bytes-like object is required, not 'str'
2026-03-16 21:02:46,510 [ERROR] Error on sample 0: a bytes-like object is required, not 'str'
2026-03-16 21:02:46,510 [ERROR] Error on sample 0: a bytes-like object is required, not 'str'
2026-03-16 21:02:46,511 [ERROR] Error on sample 0: a bytes-like object is required, not 'str'
2026-03-16 21:02:46,512 [ERROR] Error on sample 0: a bytes-like object is required, not 'str'
2026-03-16 21:02:46,512 [ERROR] Error on sample 0: a bytes-like object is required, not 'str'
2026-03-16 21:02:46,513 [ERROR] Error on sample 0: a bytes-like object is required, not 'str'
2026-03-16 21:02:46,514 [ERROR] Error on sample 0: a bytes-like object is required, not 'str'
2026-03-16 21:02:46,515 [ERROR] Error on sample 0: a bytes-like object is required, not 'str'
2026-03-16 21:02:46,515 [ERROR] Error on sample 0: a bytes-like object is required, not 'str'
2026-03-16 21:02:46,516 [ERROR] Error on sample 0: a bytes-like object is required, not 'str'
2026-03-16 21:02:46,517 [ERROR] Error on sample 0: a bytes-like object is required, not 'str'
2026-03-16 21:02:46,517 [ERROR] Error on sample 0: a bytes-like object is required, not 'str'
2026-03-16 21:02:46,518 [ERROR] Error on sample 0: a bytes-like object is required, not 'str'
2026-03-16 21:02:46,519 [ERROR] Error on sample 0: a bytes-like object is required, not 'str'
2026-03-16 21:02:46,519 [ERROR] Error on sample 0: a bytes-like object is required, not 'str'
2026-03-16 21:02:46,520 [ERROR] Error on sample 0: a bytes-like object is required, not 'str'
2026-03-16 21:02:46,521 [ERROR] Error on sample 0: a bytes-like object is required, not 'str'
2026-03-16 21:02:46,521 [ERROR] Error on sample 0: a bytes-like object is required, not 'str'
2026-03-16 21:02:46,522 [ERROR] Error on sample 0: a bytes-like object is required, not 'str'
2026-03-16 21:02:46,523 [ERROR] Error on sample 0: a bytes-like object is required, not 'str'
2026-03-16 21:02:46,523 [ERROR] Error on sample 0: a bytes-like object is required, not 'str'
2026-03-16 21:02:46,524 [ERROR] Error on sample 0: a bytes-like object is required, not 'str'
2026-03-16 21:02:46,525 [ERROR] Error on sample 0: a bytes-like object is required, not 'str'
2026-03-16 21:02:46,525 [ERROR] Error on sample 0: a bytes-like object is required, not 'str'
2026-03-16 21:02:46,526 [ERROR] Error on sample 0: a bytes-like object is required, not 'str'
2026-03-16 21:02:46,527 [ERROR] Error on sample 0: a bytes-like object is required, not 'str'
2026-03-16 21:02:46,528 [ERROR] Error on sample 0: a bytes-like object is required, not 'str'
2026-03-16 21:02:46,528 [ERROR] Error on sample 0: a bytes-like object is required, not 'str'
2026-03-16 21:02:46,529 [ERROR] Error on sample 0: a bytes-like object is required, not 'str'
2026-03-16 21:02:46,530 [ERROR] Error on sample 0: a bytes-like object is required, not 'str'
2026-03-16 21:02:46,530 [ERROR] Error on sample 0: a bytes-like object is required, not 'str'
2026-03-16 21:02:46,531 [ERROR] Error on sample 0: a bytes-like object is required, not 'str'
2026-03-16 21:02:46,532 [ERROR] Error on sample 0: a bytes-like object is required, not 'str'
2026-03-16 21:02:46,532 [ERROR] Error on sample 0: a bytes-like object is required, not 'str'
2026-03-16 21:02:46,533 [ERROR] Error on sample 0: a bytes-like object is required, not 'str'
2026-03-16 21:02:46,534 [ERROR] Error on sample 0: a bytes-like object is required, not 'str'
2026-03-16 21:02:46,534 [ERROR] Error on sample 0: a bytes-like object is required, not 'str'
2026-03-16 21:02:46,535 [ERROR] Error on sample 0: a bytes-like object is required, not 'str'
2026-03-16 21:02:46,536 [ERROR] Error on sample 0: a bytes-like object is required, not 'str'
2026-03-16 21:02:46,536 [ERROR] Error on sample 0: a bytes-like object is required, not 'str'
2026-03-16 21:02:46,537 [ERROR] Error on sample 0: a bytes-like object is required, not 'str'
2026-03-16 21:02:46,538 [ERROR] Error on sample 0: a bytes-like object is required, not 'str'
2026-03-16 21:02:46,539 [ERROR] Error on sample 0: a bytes-like object is required, not 'str'
2026-03-16 21:02:46,539 [ERROR] Error on sample 0: a bytes-like object is required, not 'str'
2026-03-16 21:02:46,540 [ERROR] Error on sample 0: a bytes-like object is required, not 'str'
2026-03-16 21:02:46,541 [ERROR] Error on sample 0: a bytes-like object is required, not 'str'
2026-03-16 21:02:46,541 [ERROR] Error on sample 0: a bytes-like object is required, not 'str'
2026-03-16 21:02:46,542 [ERROR] Error on sample 0: a bytes-like object is required, not 'str'
2026-03-16 21:02:46,543 [ERROR] Error on sample 0: a bytes-like object is required, not 'str'
2026-03-16 21:02:46,543 [ERROR] Error on sample 0: a bytes-like object is required, not 'str'
2026-03-16 21:02:46,544 [ERROR] Error on sample 0: a bytes-like object is required, not 'str'
2026-03-16 21:02:46,545 [ERROR] Error on sample 0: a bytes-like object is required, not 'str'
2026-03-16 21:02:46,545 [ERROR] Error on sample 0: a bytes-like object is required, not 'str'
2026-03-16 21:02:46,546 [ERROR] Error on sample 0: a bytes-like object is required, not 'str'
2026-03-16 21:02:46,547 [ERROR] Error on sample 0: a bytes-like object is required, not 'str'
2026-03-16 21:02:46,547 [ERROR] Error on sample 0: a bytes-like object is required, not 'str'
2026-03-16 21:02:46,548 [ERROR] Error on sample 0: a bytes-like object is required, not 'str'
2026-03-16 21:02:46,549 [ERROR] Error on sample 0: a bytes-like object is required, not 'str'
2026-03-16 21:02:46,550 [ERROR] Error on sample 0: a bytes-like object is required, not 'str'
2026-03-16 21:02:46,550 [ERROR] Error on sample 0: a bytes-like object is required, not 'str'
2026-03-16 21:02:46,551 [ERROR] Error on sample 0: a bytes-like object is required, not 'str'
2026-03-16 21:02:46,552 [ERROR] Error on sample 0: a bytes-like object is required, not 'str'
2026-03-16 21:02:46,552 [ERROR] Error on sample 0: a bytes-like object is required, not 'str'
2026-03-16 21:02:46,553 [ERROR] Error on sample 0: a bytes-like object is required, not 'str'
2026-03-16 21:02:46,554 [ERROR] Error on sample 0: a bytes-like object is required, not 'str'
2026-03-16 21:02:46,554 [ERROR] Error on sample 0: a bytes-like object is required, not 'str'
2026-03-16 21:02:46,555 [ERROR] Error on sample 0: a bytes-like object is required, not 'str'
2026-03-16 21:02:46,556 [ERROR] Error on sample 0: a bytes-like object is required, not 'str'
2026-03-16 21:02:46,557 [ERROR] Error on sample 0: a bytes-like object is required, not 'str'
2026-03-16 21:02:46,557 [ERROR] Error on sample 0: a bytes-like object is required, not 'str'
2026-03-16 21:02:46,558 [ERROR] Error on sample 0: a bytes-like object is required, not 'str'
2026-03-16 21:02:46,559 [ERROR] Error on sample 0: a bytes-like object is required, not 'str'
2026-03-16 21:02:46,559 [ERROR] Error on sample 0: a bytes-like object is required, not 'str'
2026-03-16 21:02:46,560 [ERROR] Error on sample 0: a bytes-like object is required, not 'str'
2026-03-16 21:02:46,561 [ERROR] Error on sample 0: a bytes-like object is required, not 'str'
2026-03-16 21:02:46,561 [ERROR] Error on sample 0: a bytes-like object is required, not 'str'
2026-03-16 21:02:46,562 [ERROR] Error on sample 0: a bytes-like object is required, not 'str'
2026-03-16 21:02:46,563 [ERROR] Error on sample 0: a bytes-like object is required, not 'str'
2026-03-16 21:02:46,563 [ERROR] Error on sample 0: a bytes-like object is required, not 'str'
2026-03-16 21:02:46,564 [ERROR] Error on sample 0: a bytes-like object is required, not 'str'
2026-03-16 21:02:46,565 [ERROR] Error on sample 0: a bytes-like object is required, not 'str'
2026-03-16 21:02:46,565 [ERROR] Error on sample 0: a bytes-like object is required, not 'str'
2026-03-16 21:02:46,566 [ERROR] Error on sample 0: a bytes-like object is required, not 'str'
2026-03-16 21:02:46,567 [ERROR] Error on sample 0: a bytes-like object is required, not 'str'
2026-03-16 21:02:46,568 [ERROR] Error on sample 0: a bytes-like object is required, not 'str'
2026-03-16 21:02:46,568 [ERROR] Error on sample 0: a bytes-like object is required, not 'str'
2026-03-16 21:02:46,569 [ERROR] Error on sample 0: a bytes-like object is required, not 'str'
2026-03-16 21:02:46,570 [ERROR] Error on sample 0: a bytes-like object is required, not 'str'
2026-03-16 21:02:46,570 [ERROR] Error on sample 0: a bytes-like object is required, not 'str'
2026-03-16 21:02:46,571 [ERROR] Error on sample 0: a bytes-like object is required, not 'str'
2026-03-16 21:02:46,572 [ERROR] Error on sample 0: a bytes-like object is required, not 'str'
2026-03-16 21:02:46,572 [ERROR] Error on sample 0: a bytes-like object is required, not 'str'
2026-03-16 21:02:46,573 [ERROR] Error on sample 0: a bytes-like object is required, not 'str'
2026-03-16 21:02:46,574 [ERROR] Error on sample 0: a bytes-like object is required, not 'str'
2026-03-16 21:02:46,574 [ERROR] Error on sample 0: a bytes-like object is required, not 'str'
2026-03-16 21:02:46,575 [ERROR] Error on sample 0: a bytes-like object is required, not 'str'
2026-03-16 21:02:46,576 [ERROR] Error on sample 0: a bytes-like object is required, not 'str'
2026-03-16 21:02:46,576 [ERROR] Error on sample 0: a bytes-like object is required, not 'str'
2026-03-16 21:02:46,577 [ERROR] Error on sample 0: a bytes-like object is required, not 'str'
2026-03-16 21:02:46,578 [ERROR] Error on sample 0: a bytes-like object is required, not 'str'
2026-03-16 21:02:46,578 [ERROR] Error on sample 0: a bytes-like object is required, not 'str'
2026-03-16 21:02:46,579 [ERROR] Error on sample 0: a bytes-like object is required, not 'str'
2026-03-16 21:02:46,580 [ERROR] Error on sample 0: a bytes-like object is required, not 'str'
2026-03-16 21:02:46,581 [ERROR] Error on sample 0: a bytes-like object is required, not 'str'
2026-03-16 21:02:46,581 [ERROR] Error on sample 0: a bytes-like object is required, not 'str'
2026-03-16 21:02:46,582 [ERROR] Error on sample 0: a bytes-like object is required, not 'str'
2026-03-16 21:02:46,583 [ERROR] Error on sample 0: a bytes-like object is required, not 'str'
2026-03-16 21:02:46,583 [ERROR] Error on sample 0: a bytes-like object is required, not 'str'
2026-03-16 21:02:46,584 [ERROR] Error on sample 0: a bytes-like object is required, not 'str'
2026-03-16 21:02:46,585 [ERROR] Error on sample 0: a bytes-like object is required, not 'str'
2026-03-16 21:02:46,585 [ERROR] Error on sample 0: a bytes-like object is required, not 'str'
2026-03-16 21:02:46,586 [ERROR] Error on sample 0: a bytes-like object is required, not 'str'
2026-03-16 21:02:46,587 [ERROR] Error on sample 0: a bytes-like object is required, not 'str'
2026-03-16 21:02:46,588 [ERROR] Error on sample 0: a bytes-like object is required, not 'str'
2026-03-16 21:02:46,588 [ERROR] Error on sample 0: a bytes-like object is required, not 'str'
2026-03-16 21:02:46,589 [ERROR] Error on sample 0: a bytes-like object is required, not 'str'
2026-03-16 21:02:46,590 [ERROR] Error on sample 0: a bytes-like object is required, not 'str'
2026-03-16 21:02:46,590 [ERROR] Error on sample 0: a bytes-like object is required, not 'str'
2026-03-16 21:02:46,591 [ERROR] Error on sample 0: a bytes-like object is required, not 'str'
2026-03-16 21:02:46,592 [ERROR] Error on sample 0: a bytes-like object is required, not 'str'
2026-03-16 21:02:46,592 [ERROR] Error on sample 0: a bytes-like object is required, not 'str'
2026-03-16 21:02:46,593 [ERROR] Error on sample 0: a bytes-like object is required, not 'str'
2026-03-16 21:02:46,594 [ERROR] Error on sample 0: a bytes-like object is required, not 'str'
2026-03-16 21:02:46,595 [ERROR] Error on sample 0: a bytes-like object is required, not 'str'
2026-03-16 21:02:46,595 [ERROR] Error on sample 0: a bytes-like object is required, not 'str'
2026-03-16 21:02:46,596 [ERROR] Error on sample 0: a bytes-like object is required, not 'str'
2026-03-16 21:02:46,597 [ERROR] Error on sample 0: a bytes-like object is required, not 'str'
2026-03-16 21:02:46,597 [ERROR] Error on sample 0: a bytes-like object is required, not 'str'
2026-03-16 21:02:46,598 [ERROR] Error on sample 0: a bytes-like object is required, not 'str'
2026-03-16 21:02:46,599 [ERROR] Error on sample 0: a bytes-like object is required, not 'str'
2026-03-16 21:02:46,599 [ERROR] Error on sample 0: a bytes-like object is required, not 'str'
2026-03-16 21:02:46,600 [ERROR] Error on sample 0: a bytes-like object is required, not 'str'
2026-03-16 21:02:46,601 [ERROR] Error on sample 0: a bytes-like object is required, not 'str'
2026-03-16 21:02:46,601 [ERROR] Error on sample 0: a bytes-like object is required, not 'str'
2026-03-16 21:02:46,602 [ERROR] Error on sample 0: a bytes-like object is required, not 'str'
2026-03-16 21:02:46,603 [ERROR] Error on sample 0: a bytes-like object is required, not 'str'
2026-03-16 21:02:46,604 [ERROR] Error on sample 0: a bytes-like object is required, not 'str'
2026-03-16 21:02:46,604 [ERROR] Error on sample 0: a bytes-like object is required, not 'str'
2026-03-16 21:02:46,605 [ERROR] Error on sample 0: a bytes-like object is required, not 'str'
2026-03-16 21:02:46,606 [ERROR] Error on sample 0: a bytes-like object is required, not 'str'
2026-03-16 21:02:46,606 [ERROR] Error on sample 0: a bytes-like object is required, not 'str'
2026-03-16 21:02:46,607 [ERROR] Error on sample 0: a bytes-like object is required, not 'str'
2026-03-16 21:02:46,608 [ERROR] Error on sample 0: a bytes-like object is required, not 'str'
2026-03-16 21:02:46,608 [ERROR] Error on sample 0: a bytes-like object is required, not 'str'
2026-03-16 21:02:46,609 [ERROR] Error on sample 0: a bytes-like object is required, not 'str'
2026-03-16 21:02:46,610 [ERROR] Error on sample 0: a bytes-like object is required, not 'str'
2026-03-16 21:02:46,610 [ERROR] Error on sample 0: a bytes-like object is required, not 'str'
2026-03-16 21:02:46,611 [ERROR] Error on sample 0: a bytes-like object is required, not 'str'
2026-03-16 21:02:46,612 [ERROR] Error on sample 0: a bytes-like object is required, not 'str'
2026-03-16 21:02:46,612 [ERROR] Error on sample 0: a bytes-like object is required, not 'str'
2026-03-16 21:02:46,613 [ERROR] Error on sample 0: a bytes-like object is required, not 'str'
2026-03-16 21:02:46,614 [ERROR] Error on sample 0: a bytes-like object is required, not 'str'
2026-03-16 21:02:46,614 [ERROR] Error on sample 0: a bytes-like object is required, not 'str'
2026-03-16 21:02:46,615 [ERROR] Error on sample 0: a bytes-like object is required, not 'str'
2026-03-16 21:02:46,616 [ERROR] Error on sample 0: a bytes-like object is required, not 'str'
2026-03-16 21:02:46,617 [ERROR] Error on sample 0: a bytes-like object is required, not 'str'
2026-03-16 21:02:46,617 [ERROR] Error on sample 0: a bytes-like object is required, not 'str'
2026-03-16 21:02:46,618 [ERROR] Error on sample 0: a bytes-like object is required, not 'str'
2026-03-16 21:02:46,619 [ERROR] Error on sample 0: a bytes-like object is required, not 'str'
2026-03-16 21:02:46,619 [ERROR] Error on sample 0: a bytes-like object is required, not 'str'
2026-03-16 21:02:46,620 [ERROR] Error on sample 0: a bytes-like object is required, not 'str'
2026-03-16 21:02:46,621 [ERROR] Error on sample 0: a bytes-like object is required, not 'str'
2026-03-16 21:02:46,621 [ERROR] Error on sample 0: a bytes-like object is required, not 'str'
2026-03-16 21:02:46,622 [ERROR] Error on sample 0: a bytes-like object is required, not 'str'
2026-03-16 21:02:46,623 [ERROR] Error on sample 0: a bytes-like object is required, not 'str'
2026-03-16 21:02:46,623 [ERROR] Error on sample 0: a bytes-like object is required, not 'str'
2026-03-16 21:02:46,624 [ERROR] Error on sample 0: a bytes-like object is required, not 'str'
2026-03-16 21:02:46,625 [ERROR] Error on sample 0: a bytes-like object is required, not 'str'
2026-03-16 21:02:46,625 [ERROR] Error on sample 0: a bytes-like object is required, not 'str'
2026-03-16 21:02:46,626 [ERROR] Error on sample 0: a bytes-like object is required, not 'str'
2026-03-16 21:02:46,627 [ERROR] Error on sample 0: a bytes-like object is required, not 'str'
2026-03-16 21:02:46,628 [ERROR] Error on sample 0: a bytes-like object is required, not 'str'
2026-03-16 21:02:46,628 [ERROR] Error on sample 0: a bytes-like object is required, not 'str'
2026-03-16 21:02:46,629 [ERROR] Error on sample 0: a bytes-like object is required, not 'str'
2026-03-16 21:02:46,630 [ERROR] Error on sample 0: a bytes-like object is required, not 'str'
2026-03-16 21:02:46,630 [ERROR] Error on sample 0: a bytes-like object is required, not 'str'
2026-03-16 21:02:46,631 [ERROR] Error on sample 0: a bytes-like object is required, not 'str'
2026-03-16 21:02:46,632 [ERROR] Error on sample 0: a bytes-like object is required, not 'str'
2026-03-16 21:02:46,632 [ERROR] Error on sample 0: a bytes-like object is required, not 'str'
2026-03-16 21:02:46,633 [ERROR] Error on sample 0: a bytes-like object is required, not 'str'
2026-03-16 21:02:46,634 [ERROR] Error on sample 0: a bytes-like object is required, not 'str'
2026-03-16 21:02:46,634 [ERROR] Error on sample 0: a bytes-like object is required, not 'str'
2026-03-16 21:02:46,635 [ERROR] Error on sample 0: a bytes-like object is required, not 'str'
2026-03-16 21:02:46,636 [ERROR] Error on sample 0: a bytes-like object is required, not 'str'
2026-03-16 21:02:46,636 [ERROR] Error on sample 0: a bytes-like object is required, not 'str'
2026-03-16 21:02:46,637 [ERROR] Error on sample 0: a bytes-like object is required, not 'str'
2026-03-16 21:02:46,638 [ERROR] Error on sample 0: a bytes-like object is required, not 'str'
2026-03-16 21:02:46,638 [ERROR] Error on sample 0: a bytes-like object is required, not 'str'
2026-03-16 21:02:46,639 [ERROR] Error on sample 0: a bytes-like object is required, not 'str'
2026-03-16 21:02:46,640 [ERROR] Error on sample 0: a bytes-like object is required, not 'str'
2026-03-16 21:02:46,641 [ERROR] Error on sample 0: a bytes-like object is required, not 'str'
2026-03-16 21:02:46,641 [ERROR] Error on sample 0: a bytes-like object is required, not 'str'
2026-03-16 21:02:46,642 [ERROR] Error on sample 0: a bytes-like object is required, not 'str'
2026-03-16 21:02:46,643 [ERROR] Error on sample 0: a bytes-like object is required, not 'str'
2026-03-16 21:02:46,643 [ERROR] Error on sample 0: a bytes-like object is required, not 'str'
2026-03-16 21:02:46,644 [ERROR] Error on sample 0: a bytes-like object is required, not 'str'
2026-03-16 21:02:46,645 [ERROR] Error on sample 0: a bytes-like object is required, not 'str'
2026-03-16 21:02:46,645 [ERROR] Error on sample 0: a bytes-like object is required, not 'str'
2026-03-16 21:02:46,646 [ERROR] Error on sample 0: a bytes-like object is required, not 'str'
2026-03-16 21:02:46,647 [ERROR] Error on sample 0: a bytes-like object is required, not 'str'
2026-03-16 21:02:46,647 [ERROR] Error on sample 0: a bytes-like object is required, not 'str'
2026-03-16 21:02:46,648 [ERROR] Error on sample 0: a bytes-like object is required, not 'str'
2026-03-16 21:02:46,649 [ERROR] Error on sample 0: a bytes-like object is required, not 'str'
2026-03-16 21:02:46,649 [ERROR] Error on sample 0: a bytes-like object is required, not 'str'
2026-03-16 21:02:46,650 [ERROR] Error on sample 0: a bytes-like object is required, not 'str'
2026-03-16 21:02:46,651 [ERROR] Error on sample 0: a bytes-like object is required, not 'str'
2026-03-16 21:02:46,651 [ERROR] Error on sample 0: a bytes-like object is required, not 'str'
2026-03-16 21:02:46,652 [ERROR] Error on sample 0: a bytes-like object is required, not 'str'
2026-03-16 21:02:46,653 [ERROR] Error on sample 0: a bytes-like object is required, not 'str'
2026-03-16 21:02:46,654 [ERROR] Error on sample 0: a bytes-like object is required, not 'str'
2026-03-16 21:02:46,654 [ERROR] Error on sample 0: a bytes-like object is required, not 'str'
2026-03-16 21:02:46,655 [ERROR] Error on sample 0: a bytes-like object is required, not 'str'
2026-03-16 21:02:46,656 [ERROR] Error on sample 0: a bytes-like object is required, not 'str'
2026-03-16 21:02:46,656 [ERROR] Error on sample 0: a bytes-like object is required, not 'str'
2026-03-16 21:02:46,657 [ERROR] Error on sample 0: a bytes-like object is required, not 'str'
2026-03-16 21:02:46,658 [ERROR] Error on sample 0: a bytes-like object is required, not 'str'
2026-03-16 21:02:46,658 [ERROR] Error on sample 0: a bytes-like object is required, not 'str'
2026-03-16 21:02:46,659 [ERROR] Error on sample 0: a bytes-like object is required, not 'str'
2026-03-16 21:02:46,660 [ERROR] Error on sample 0: a bytes-like object is required, not 'str'
2026-03-16 21:02:46,661 [ERROR] Error on sample 0: a bytes-like object is required, not 'str'
2026-03-16 21:02:46,661 [ERROR] Error on sample 0: a bytes-like object is required, not 'str'
2026-03-16 21:02:46,662 [ERROR] Error on sample 0: a bytes-like object is required, not 'str'
2026-03-16 21:02:46,663 [ERROR] Error on sample 0: a bytes-like object is required, not 'str'
2026-03-16 21:02:46,663 [ERROR] Error on sample 0: a bytes-like object is required, not 'str'
2026-03-16 21:02:46,664 [ERROR] Error on sample 0: a bytes-like object is required, not 'str'
2026-03-16 21:02:46,665 [ERROR] Error on sample 0: a bytes-like object is required, not 'str'
2026-03-16 21:02:46,665 [ERROR] Error on sample 0: a bytes-like object is required, not 'str'
2026-03-16 21:02:46,666 [ERROR] Error on sample 0: a bytes-like object is required, not 'str'
2026-03-16 21:02:46,667 [ERROR] Error on sample 0: a bytes-like object is required, not 'str'
2026-03-16 21:02:46,668 [ERROR] Error on sample 0: a bytes-like object is required, not 'str'
2026-03-16 21:02:46,668 [ERROR] Error on sample 0: a bytes-like object is required, not 'str'
2026-03-16 21:02:46,669 [ERROR] Error on sample 0: a bytes-like object is required, not 'str'
2026-03-16 21:02:46,670 [ERROR] Error on sample 0: a bytes-like object is required, not 'str'
2026-03-16 21:02:46,670 [ERROR] Error on sample 0: a bytes-like object is required, not 'str'
2026-03-16 21:02:46,671 [ERROR] Error on sample 0: a bytes-like object is required, not 'str'
2026-03-16 21:02:46,672 [ERROR] Error on sample 0: a bytes-like object is required, not 'str'
2026-03-16 21:02:46,672 [ERROR] Error on sample 0: a bytes-like object is required, not 'str'
2026-03-16 21:02:46,673 [ERROR] Error on sample 0: a bytes-like object is required, not 'str'
2026-03-16 21:02:46,674 [ERROR] Error on sample 0: a bytes-like object is required, not 'str'
2026-03-16 21:02:46,675 [ERROR] Error on sample 0: a bytes-like object is required, not 'str'
2026-03-16 21:02:46,675 [ERROR] Error on sample 0: a bytes-like object is required, not 'str'
2026-03-16 21:02:46,676 [ERROR] Error on sample 0: a bytes-like object is required, not 'str'
2026-03-16 21:02:46,677 [ERROR] Error on sample 0: a bytes-like object is required, not 'str'
2026-03-16 21:02:46,677 [ERROR] Error on sample 0: a bytes-like object is required, not 'str'
2026-03-16 21:02:46,678 [ERROR] Error on sample 0: a bytes-like object is required, not 'str'
2026-03-16 21:02:46,679 [ERROR] Error on sample 0: a bytes-like object is required, not 'str'
2026-03-16 21:02:46,679 [ERROR] Error on sample 0: a bytes-like object is required, not 'str'
2026-03-16 21:02:46,680 [ERROR] Error on sample 0: a bytes-like object is required, not 'str'
2026-03-16 21:02:46,681 [ERROR] Error on sample 0: a bytes-like object is required, not 'str'
2026-03-16 21:02:46,681 [ERROR] Error on sample 0: a bytes-like object is required, not 'str'
2026-03-16 21:02:46,682 [ERROR] Error on sample 0: a bytes-like object is required, not 'str'
2026-03-16 21:02:46,683 [ERROR] Error on sample 0: a bytes-like object is required, not 'str'
2026-03-16 21:02:46,683 [ERROR] Error on sample 0: a bytes-like object is required, not 'str'
2026-03-16 21:02:46,684 [ERROR] Error on sample 0: a bytes-like object is required, not 'str'
2026-03-16 21:02:46,685 [ERROR] Error on sample 0: a bytes-like object is required, not 'str'
2026-03-16 21:02:46,686 [ERROR] Error on sample 0: a bytes-like object is required, not 'str'
2026-03-16 21:02:46,686 [ERROR] Error on sample 0: a bytes-like object is required, not 'str'
2026-03-16 21:02:46,687 [ERROR] Error on sample 0: a bytes-like object is required, not 'str'
2026-03-16 21:02:46,688 [ERROR] Error on sample 0: a bytes-like object is required, not 'str'
2026-03-16 21:02:46,688 [ERROR] Error on sample 0: a bytes-like object is required, not 'str'
2026-03-16 21:02:46,689 [ERROR] Error on sample 0: a bytes-like object is required, not 'str'
2026-03-16 21:02:46,690 [ERROR] Error on sample 0: a bytes-like object is required, not 'str'
2026-03-16 21:02:46,690 [ERROR] Error on sample 0: a bytes-like object is required, not 'str'
2026-03-16 21:02:46,691 [ERROR] Error on sample 0: a bytes-like object is required, not 'str'
2026-03-16 21:02:46,692 [ERROR] Error on sample 0: a bytes-like object is required, not 'str'
2026-03-16 21:02:46,692 [ERROR] Error on sample 0: a bytes-like object is required, not 'str'
2026-03-16 21:02:46,693 [ERROR] Error on sample 0: a bytes-like object is required, not 'str'
2026-03-16 21:02:46,694 [ERROR] Error on sample 0: a bytes-like object is required, not 'str'
2026-03-16 21:02:46,694 [ERROR] Error on sample 0: a bytes-like object is required, not 'str'
2026-03-16 21:02:46,695 [ERROR] Error on sample 0: a bytes-like object is required, not 'str'
2026-03-16 21:02:46,696 [ERROR] Error on sample 0: a bytes-like object is required, not 'str'
2026-03-16 21:02:46,697 [ERROR] Error on sample 0: a bytes-like object is required, not 'str'
2026-03-16 21:02:46,697 [ERROR] Error on sample 0: a bytes-like object is required, not 'str'
2026-03-16 21:02:46,698 [ERROR] Error on sample 0: a bytes-like object is required, not 'str'
2026-03-16 21:02:46,699 [ERROR] Error on sample 0: a bytes-like object is required, not 'str'
2026-03-16 21:02:46,699 [ERROR] Error on sample 0: a bytes-like object is required, not 'str'
2026-03-16 21:02:46,700 [ERROR] Error on sample 0: a bytes-like object is required, not 'str'
2026-03-16 21:02:46,701 [ERROR] Error on sample 0: a bytes-like object is required, not 'str'
2026-03-16 21:02:46,701 [ERROR] Error on sample 0: a bytes-like object is required, not 'str'
2026-03-16 21:02:46,702 [ERROR] Error on sample 0: a bytes-like object is required, not 'str'
2026-03-16 21:02:46,703 [ERROR] Error on sample 0: a bytes-like object is required, not 'str'
2026-03-16 21:02:46,703 [ERROR] Error on sample 0: a bytes-like object is required, not 'str'
2026-03-16 21:02:46,704 [ERROR] Error on sample 0: a bytes-like object is required, not 'str'
2026-03-16 21:02:46,705 [ERROR] Error on sample 0: a bytes-like object is required, not 'str'
2026-03-16 21:02:46,705 [ERROR] Error on sample 0: a bytes-like object is required, not 'str'
2026-03-16 21:02:46,706 [ERROR] Error on sample 0: a bytes-like object is required, not 'str'
2026-03-16 21:02:46,707 [ERROR] Error on sample 0: a bytes-like object is required, not 'str'
2026-03-16 21:02:46,708 [ERROR] Error on sample 0: a bytes-like object is required, not 'str'
2026-03-16 21:02:46,708 [ERROR] Error on sample 0: a bytes-like object is required, not 'str'
2026-03-16 21:02:46,709 [ERROR] Error on sample 0: a bytes-like object is required, not 'str'
2026-03-16 21:02:46,710 [ERROR] Error on sample 0: a bytes-like object is required, not 'str'
2026-03-16 21:02:46,710 [ERROR] Error on sample 0: a bytes-like object is required, not 'str'
2026-03-16 21:02:46,711 [ERROR] Error on sample 0: a bytes-like object is required, not 'str'
2026-03-16 21:02:46,712 [ERROR] Error on sample 0: a bytes-like object is required, not 'str'
2026-03-16 21:02:46,712 [ERROR] Error on sample 0: a bytes-like object is required, not 'str'
2026-03-16 21:02:46,713 [ERROR] Error on sample 0: a bytes-like object is required, not 'str'
2026-03-16 21:02:46,714 [ERROR] Error on sample 0: a bytes-like object is required, not 'str'
2026-03-16 21:02:46,714 [ERROR] Error on sample 0: a bytes-like object is required, not 'str'
2026-03-16 21:02:46,715 [ERROR] Error on sample 0: a bytes-like object is required, not 'str'
2026-03-16 21:02:46,716 [ERROR] Error on sample 0: a bytes-like object is required, not 'str'
2026-03-16 21:02:46,716 [ERROR] Error on sample 0: a bytes-like object is required, not 'str'
2026-03-16 21:02:46,717 [ERROR] Error on sample 0: a bytes-like object is required, not 'str'
2026-03-16 21:02:46,718 [ERROR] Error on sample 0: a bytes-like object is required, not 'str'
2026-03-16 21:02:46,719 [ERROR] Error on sample 0: a bytes-like object is required, not 'str'
2026-03-16 21:02:46,719 [ERROR] Error on sample 0: a bytes-like object is required, not 'str'
2026-03-16 21:02:46,720 [ERROR] Error on sample 0: a bytes-like object is required, not 'str'
2026-03-16 21:02:46,721 [ERROR] Error on sample 0: a bytes-like object is required, not 'str'
2026-03-16 21:02:46,721 [ERROR] Error on sample 0: a bytes-like object is required, not 'str'
2026-03-16 21:02:46,722 [ERROR] Error on sample 0: a bytes-like object is required, not 'str'
2026-03-16 21:02:46,723 [ERROR] Error on sample 0: a bytes-like object is required, not 'str'
2026-03-16 21:02:46,723 [ERROR] Error on sample 0: a bytes-like object is required, not 'str'
2026-03-16 21:02:46,724 [ERROR] Error on sample 0: a bytes-like object is required, not 'str'
2026-03-16 21:02:46,725 [ERROR] Error on sample 0: a bytes-like object is required, not 'str'
2026-03-16 21:02:46,725 [ERROR] Error on sample 0: a bytes-like object is required, not 'str'
2026-03-16 21:02:46,726 [ERROR] Error on sample 0: a bytes-like object is required, not 'str'
2026-03-16 21:02:46,727 [ERROR] Error on sample 0: a bytes-like object is required, not 'str'
2026-03-16 21:02:46,728 [ERROR] Error on sample 0: a bytes-like object is required, not 'str'
2026-03-16 21:02:46,728 [ERROR] Error on sample 0: a bytes-like object is required, not 'str'
2026-03-16 21:02:46,729 [ERROR] Error on sample 0: a bytes-like object is required, not 'str'
2026-03-16 21:02:46,730 [ERROR] Error on sample 0: a bytes-like object is required, not 'str'
2026-03-16 21:02:46,730 [ERROR] Error on sample 0: a bytes-like object is required, not 'str'
2026-03-16 21:02:46,731 [ERROR] Error on sample 0: a bytes-like object is required, not 'str'
2026-03-16 21:02:46,732 [ERROR] Error on sample 0: a bytes-like object is required, not 'str'
2026-03-16 21:02:46,732 [ERROR] Error on sample 0: a bytes-like object is required, not 'str'
2026-03-16 21:02:46,733 [ERROR] Error on sample 0: a bytes-like object is required, not 'str'
2026-03-16 21:02:46,734 [ERROR] Error on sample 0: a bytes-like object is required, not 'str'
2026-03-16 21:02:46,735 [ERROR] Error on sample 0: a bytes-like object is required, not 'str'
2026-03-16 21:02:46,735 [ERROR] Error on sample 0: a bytes-like object is required, not 'str'
2026-03-16 21:02:46,736 [ERROR] Error on sample 0: a bytes-like object is required, not 'str'
2026-03-16 21:02:46,737 [ERROR] Error on sample 0: a bytes-like object is required, not 'str'
2026-03-16 21:02:46,737 [ERROR] Error on sample 0: a bytes-like object is required, not 'str'
2026-03-16 21:02:46,738 [ERROR] Error on sample 0: a bytes-like object is required, not 'str'
2026-03-16 21:02:46,739 [ERROR] Error on sample 0: a bytes-like object is required, not 'str'
2026-03-16 21:02:46,739 [ERROR] Error on sample 0: a bytes-like object is required, not 'str'
2026-03-16 21:02:46,740 [ERROR] Error on sample 0: a bytes-like object is required, not 'str'
2026-03-16 21:02:46,741 [ERROR] Error on sample 0: a bytes-like object is required, not 'str'
2026-03-16 21:02:46,741 [ERROR] Error on sample 0: a bytes-like object is required, not 'str'
2026-03-16 21:02:46,742 [ERROR] Error on sample 0: a bytes-like object is required, not 'str'
2026-03-16 21:02:46,743 [ERROR] Error on sample 0: a bytes-like object is required, not 'str'
2026-03-16 21:02:46,743 [ERROR] Error on sample 0: a bytes-like object is required, not 'str'
2026-03-16 21:02:46,744 [ERROR] Error on sample 0: a bytes-like object is required, not 'str'
2026-03-16 21:02:46,745 [ERROR] Error on sample 0: a bytes-like object is required, not 'str'
2026-03-16 21:02:46,746 [ERROR] Error on sample 0: a bytes-like object is required, not 'str'
2026-03-16 21:02:46,746 [ERROR] Error on sample 0: a bytes-like object is required, not 'str'
2026-03-16 21:02:46,747 [ERROR] Error on sample 0: a bytes-like object is required, not 'str'
2026-03-16 21:02:46,748 [ERROR] Error on sample 0: a bytes-like object is required, not 'str'
2026-03-16 21:02:46,749 [ERROR] Error on sample 0: a bytes-like object is required, not 'str'
2026-03-16 21:02:46,750 [ERROR] Error on sample 0: a bytes-like object is required, not 'str'
2026-03-16 21:02:46,750 [ERROR] Error on sample 0: a bytes-like object is required, not 'str'
2026-03-16 21:02:46,751 [ERROR] Error on sample 0: a bytes-like object is required, not 'str'
2026-03-16 21:02:46,752 [ERROR] Error on sample 0: a bytes-like object is required, not 'str'
2026-03-16 21:02:46,752 [ERROR] Error on sample 0: a bytes-like object is required, not 'str'
2026-03-16 21:02:46,753 [ERROR] Error on sample 0: a bytes-like object is required, not 'str'
2026-03-16 21:02:46,754 [ERROR] Error on sample 0: a bytes-like object is required, not 'str'
2026-03-16 21:02:46,754 [ERROR] Error on sample 0: a bytes-like object is required, not 'str'
2026-03-16 21:02:46,755 [ERROR] Error on sample 0: a bytes-like object is required, not 'str'
2026-03-16 21:02:46,756 [ERROR] Error on sample 0: a bytes-like object is required, not 'str'
2026-03-16 21:02:46,756 [ERROR] Error on sample 0: a bytes-like object is required, not 'str'
2026-03-16 21:02:46,757 [ERROR] Error on sample 0: a bytes-like object is required, not 'str'
2026-03-16 21:02:46,758 [ERROR] Error on sample 0: a bytes-like object is required, not 'str'
2026-03-16 21:02:46,759 [ERROR] Error on sample 0: a bytes-like object is required, not 'str'
2026-03-16 21:02:46,759 [ERROR] Error on sample 0: a bytes-like object is required, not 'str'
2026-03-16 21:02:46,760 [ERROR] Error on sample 0: a bytes-like object is required, not 'str'
2026-03-16 21:02:46,761 [ERROR] Error on sample 0: a bytes-like object is required, not 'str'
2026-03-16 21:02:46,761 [ERROR] Error on sample 0: a bytes-like object is required, not 'str'
2026-03-16 21:02:46,762 [ERROR] Error on sample 0: a bytes-like object is required, not 'str'
2026-03-16 21:02:46,763 [ERROR] Error on sample 0: a bytes-like object is required, not 'str'
2026-03-16 21:02:46,763 [ERROR] Error on sample 0: a bytes-like object is required, not 'str'
2026-03-16 21:02:46,764 [ERROR] Error on sample 0: a bytes-like object is required, not 'str'
2026-03-16 21:02:46,765 [ERROR] Error on sample 0: a bytes-like object is required, not 'str'
2026-03-16 21:02:46,766 [ERROR] Error on sample 0: a bytes-like object is required, not 'str'
2026-03-16 21:02:46,766 [ERROR] Error on sample 0: a bytes-like object is required, not 'str'
2026-03-16 21:02:46,767 [ERROR] Error on sample 0: a bytes-like object is required, not 'str'
2026-03-16 21:02:46,768 [ERROR] Error on sample 0: a bytes-like object is required, not 'str'
2026-03-16 21:02:46,768 [ERROR] Error on sample 0: a bytes-like object is required, not 'str'
2026-03-16 21:02:46,769 [ERROR] Error on sample 0: a bytes-like object is required, not 'str'
2026-03-16 21:02:46,770 [ERROR] Error on sample 0: a bytes-like object is required, not 'str'
2026-03-16 21:02:46,770 [ERROR] Error on sample 0: a bytes-like object is required, not 'str'
2026-03-16 21:02:46,771 [ERROR] Error on sample 0: a bytes-like object is required, not 'str'
2026-03-16 21:02:46,772 [ERROR] Error on sample 0: a bytes-like object is required, not 'str'
2026-03-16 21:02:46,772 [ERROR] Error on sample 0: a bytes-like object is required, not 'str'
2026-03-16 21:02:46,773 [ERROR] Error on sample 0: a bytes-like object is required, not 'str'
2026-03-16 21:02:46,774 [ERROR] Error on sample 0: a bytes-like object is required, not 'str'
2026-03-16 21:02:46,774 [ERROR] Error on sample 0: a bytes-like object is required, not 'str'
2026-03-16 21:02:46,775 [ERROR] Error on sample 0: a bytes-like object is required, not 'str'
2026-03-16 21:02:46,776 [ERROR] Error on sample 0: a bytes-like object is required, not 'str'
2026-03-16 21:02:46,777 [ERROR] Error on sample 0: a bytes-like object is required, not 'str'
2026-03-16 21:02:46,777 [ERROR] Error on sample 0: a bytes-like object is required, not 'str'
2026-03-16 21:02:46,778 [ERROR] Error on sample 0: a bytes-like object is required, not 'str'
2026-03-16 21:02:46,779 [ERROR] Error on sample 0: a bytes-like object is required, not 'str'
2026-03-16 21:02:46,779 [ERROR] Error on sample 0: a bytes-like object is required, not 'str'
2026-03-16 21:02:46,780 [ERROR] Error on sample 0: a bytes-like object is required, not 'str'
2026-03-16 21:02:46,781 [ERROR] Error on sample 0: a bytes-like object is required, not 'str'
2026-03-16 21:02:46,781 [ERROR] Error on sample 0: a bytes-like object is required, not 'str'
2026-03-16 21:02:46,782 [ERROR] Error on sample 0: a bytes-like object is required, not 'str'
2026-03-16 21:02:46,783 [ERROR] Error on sample 0: a bytes-like object is required, not 'str'
2026-03-16 21:02:46,783 [ERROR] Error on sample 0: a bytes-like object is required, not 'str'
2026-03-16 21:02:46,784 [ERROR] Error on sample 0: a bytes-like object is required, not 'str'
2026-03-16 21:02:46,785 [ERROR] Error on sample 0: a bytes-like object is required, not 'str'
2026-03-16 21:02:46,785 [ERROR] Error on sample 0: a bytes-like object is required, not 'str'
2026-03-16 21:02:46,786 [ERROR] Error on sample 0: a bytes-like object is required, not 'str'
2026-03-16 21:02:46,787 [ERROR] Error on sample 0: a bytes-like object is required, not 'str'
2026-03-16 21:02:46,788 [ERROR] Error on sample 0: a bytes-like object is required, not 'str'
2026-03-16 21:02:46,788 [ERROR] Error on sample 0: a bytes-like object is required, not 'str'
2026-03-16 21:02:46,789 [ERROR] Error on sample 0: a bytes-like object is required, not 'str'
2026-03-16 21:02:46,790 [ERROR] Error on sample 0: a bytes-like object is required, not 'str'
2026-03-16 21:02:46,790 [ERROR] Error on sample 0: a bytes-like object is required, not 'str'
2026-03-16 21:02:46,791 [ERROR] Error on sample 0: a bytes-like object is required, not 'str'
2026-03-16 21:02:46,792 [ERROR] Error on sample 0: a bytes-like object is required, not 'str'
2026-03-16 21:02:46,792 [ERROR] Error on sample 0: a bytes-like object is required, not 'str'
2026-03-16 21:02:46,793 [ERROR] Error on sample 0: a bytes-like object is required, not 'str'
2026-03-16 21:02:46,794 [ERROR] Error on sample 0: a bytes-like object is required, not 'str'
2026-03-16 21:02:46,794 [ERROR] Error on sample 0: a bytes-like object is required, not 'str'
2026-03-16 21:02:46,796 [ERROR] Error on sample 0: a bytes-like object is required, not 'str'
2026-03-16 21:02:46,798 [ERROR] Error on sample 0: a bytes-like object is required, not 'str'
2026-03-16 21:02:46,799 [ERROR] Error on sample 0: a bytes-like object is required, not 'str'
2026-03-16 21:02:46,799 [ERROR] Error on sample 0: a bytes-like object is required, not 'str'
2026-03-16 21:02:46,800 [ERROR] Error on sample 0: a bytes-like object is required, not 'str'
2026-03-16 21:02:46,801 [ERROR] Error on sample 0: a bytes-like object is required, not 'str'
2026-03-16 21:02:46,801 [ERROR] Error on sample 0: a bytes-like object is required, not 'str'
2026-03-16 21:02:46,802 [ERROR] Error on sample 0: a bytes-like object is required, not 'str'
2026-03-16 21:02:46,803 [ERROR] Error on sample 0: a bytes-like object is required, not 'str'
2026-03-16 21:02:46,803 [ERROR] Error on sample 0: a bytes-like object is required, not 'str'
2026-03-16 21:02:46,804 [ERROR] Error on sample 0: a bytes-like object is required, not 'str'
2026-03-16 21:02:46,805 [ERROR] Error on sample 0: a bytes-like object is required, not 'str'
2026-03-16 21:02:46,805 [ERROR] Error on sample 0: a bytes-like object is required, not 'str'
2026-03-16 21:02:46,806 [ERROR] Error on sample 0: a bytes-like object is required, not 'str'
2026-03-16 21:02:46,807 [ERROR] Error on sample 0: a bytes-like object is required, not 'str'
2026-03-16 21:02:46,807 [ERROR] Error on sample 0: a bytes-like object is required, not 'str'
2026-03-16 21:02:46,808 [ERROR] Error on sample 0: a bytes-like object is required, not 'str'
2026-03-16 21:02:46,809 [ERROR] Error on sample 0: a bytes-like object is required, not 'str'
2026-03-16 21:02:46,809 [ERROR] Error on sample 0: a bytes-like object is required, not 'str'
2026-03-16 21:02:46,810 [ERROR] Error on sample 0: a bytes-like object is required, not 'str'
2026-03-16 21:02:46,811 [ERROR] Error on sample 0: a bytes-like object is required, not 'str'
2026-03-16 21:02:46,811 [ERROR] Error on sample 0: a bytes-like object is required, not 'str'
2026-03-16 21:02:46,812 [ERROR] Error on sample 0: a bytes-like object is required, not 'str'
2026-03-16 21:02:46,813 [ERROR] Error on sample 0: a bytes-like object is required, not 'str'
2026-03-16 21:02:46,814 [ERROR] Error on sample 0: a bytes-like object is required, not 'str'
2026-03-16 21:02:46,814 [ERROR] Error on sample 0: a bytes-like object is required, not 'str'
2026-03-16 21:02:46,815 [ERROR] Error on sample 0: a bytes-like object is required, not 'str'
2026-03-16 21:02:46,816 [ERROR] Error on sample 0: a bytes-like object is required, not 'str'
2026-03-16 21:02:46,816 [ERROR] Error on sample 0: a bytes-like object is required, not 'str'
2026-03-16 21:02:46,817 [ERROR] Error on sample 0: a bytes-like object is required, not 'str'
2026-03-16 21:02:46,818 [ERROR] Error on sample 0: a bytes-like object is required, not 'str'
2026-03-16 21:02:46,818 [ERROR] Error on sample 0: a bytes-like object is required, not 'str'
2026-03-16 21:02:46,819 [ERROR] Error on sample 0: a bytes-like object is required, not 'str'
2026-03-16 21:02:46,820 [ERROR] Error on sample 0: a bytes-like object is required, not 'str'
2026-03-16 21:02:46,820 [ERROR] Error on sample 0: a bytes-like object is required, not 'str'
2026-03-16 21:02:46,821 [ERROR] Error on sample 0: a bytes-like object is required, not 'str'
2026-03-16 21:02:46,822 [ERROR] Error on sample 0: a bytes-like object is required, not 'str'
2026-03-16 21:02:46,822 [ERROR] Error on sample 0: a bytes-like object is required, not 'str'
2026-03-16 21:02:46,823 [ERROR] Error on sample 0: a bytes-like object is required, not 'str'
2026-03-16 21:02:46,824 [ERROR] Error on sample 0: a bytes-like object is required, not 'str'
2026-03-16 21:02:46,824 [ERROR] Error on sample 0: a bytes-like object is required, not 'str'
2026-03-16 21:02:46,825 [ERROR] Error on sample 0: a bytes-like object is required, not 'str'
2026-03-16 21:02:46,826 [ERROR] Error on sample 0: a bytes-like object is required, not 'str'
2026-03-16 21:02:46,827 [ERROR] Error on sample 0: a bytes-like object is required, not 'str'
2026-03-16 21:02:46,827 [ERROR] Error on sample 0: a bytes-like object is required, not 'str'
2026-03-16 21:02:46,828 [ERROR] Error on sample 0: a bytes-like object is required, not 'str'
2026-03-16 21:02:46,829 [ERROR] Error on sample 0: a bytes-like object is required, not 'str'
2026-03-16 21:02:46,829 [ERROR] Error on sample 0: a bytes-like object is required, not 'str'
2026-03-16 21:02:46,830 [ERROR] Error on sample 0: a bytes-like object is required, not 'str'
2026-03-16 21:02:46,831 [ERROR] Error on sample 0: a bytes-like object is required, not 'str'
2026-03-16 21:02:46,831 [ERROR] Error on sample 0: a bytes-like object is required, not 'str'
2026-03-16 21:02:46,832 [ERROR] Error on sample 0: a bytes-like object is required, not 'str'
2026-03-16 21:02:46,833 [ERROR] Error on sample 0: a bytes-like object is required, not 'str'
2026-03-16 21:02:46,833 [ERROR] Error on sample 0: a bytes-like object is required, not 'str'
2026-03-16 21:02:46,834 [ERROR] Error on sample 0: a bytes-like object is required, not 'str'
2026-03-16 21:02:46,835 [ERROR] Error on sample 0: a bytes-like object is required, not 'str'
2026-03-16 21:02:46,835 [ERROR] Error on sample 0: a bytes-like object is required, not 'str'
2026-03-16 21:02:46,836 [ERROR] Error on sample 0: a bytes-like object is required, not 'str'
2026-03-16 21:02:46,837 [ERROR] Error on sample 0: a bytes-like object is required, not 'str'
2026-03-16 21:02:46,837 [ERROR] Error on sample 0: a bytes-like object is required, not 'str'
2026-03-16 21:02:46,838 [ERROR] Error on sample 0: a bytes-like object is required, not 'str'
2026-03-16 21:02:46,839 [ERROR] Error on sample 0: a bytes-like object is required, not 'str'
2026-03-16 21:02:46,839 [ERROR] Error on sample 0: a bytes-like object is required, not 'str'
2026-03-16 21:02:46,840 [ERROR] Error on sample 0: a bytes-like object is required, not 'str'
2026-03-16 21:02:46,841 [ERROR] Error on sample 0: a bytes-like object is required, not 'str'
2026-03-16 21:02:46,841 [ERROR] Error on sample 0: a bytes-like object is required, not 'str'
2026-03-16 21:02:46,842 [ERROR] Error on sample 0: a bytes-like object is required, not 'str'
2026-03-16 21:02:46,843 [ERROR] Error on sample 0: a bytes-like object is required, not 'str'
2026-03-16 21:02:46,844 [ERROR] Error on sample 0: a bytes-like object is required, not 'str'
2026-03-16 21:02:46,844 [ERROR] Error on sample 0: a bytes-like object is required, not 'str'
2026-03-16 21:02:46,845 [ERROR] Error on sample 0: a bytes-like object is required, not 'str'
2026-03-16 21:02:46,846 [ERROR] Error on sample 0: a bytes-like object is required, not 'str'
2026-03-16 21:02:46,846 [ERROR] Error on sample 0: a bytes-like object is required, not 'str'
2026-03-16 21:02:46,847 [ERROR] Error on sample 0: a bytes-like object is required, not 'str'
2026-03-16 21:02:46,848 [ERROR] Error on sample 0: a bytes-like object is required, not 'str'
2026-03-16 21:02:46,848 [ERROR] Error on sample 0: a bytes-like object is required, not 'str'
2026-03-16 21:02:46,849 [ERROR] Error on sample 0: a bytes-like object is required, not 'str'
2026-03-16 21:02:46,850 [ERROR] Error on sample 0: a bytes-like object is required, not 'str'
2026-03-16 21:02:46,850 [ERROR] Error on sample 0: a bytes-like object is required, not 'str'
2026-03-16 21:02:46,851 [ERROR] Error on sample 0: a bytes-like object is required, not 'str'
2026-03-16 21:02:46,852 [ERROR] Error on sample 0: a bytes-like object is required, not 'str'
2026-03-16 21:02:46,853 [ERROR] Error on sample 0: a bytes-like object is required, not 'str'
2026-03-16 21:02:46,853 [ERROR] Error on sample 0: a bytes-like object is required, not 'str'
2026-03-16 21:02:46,854 [ERROR] Error on sample 0: a bytes-like object is required, not 'str'
2026-03-16 21:02:46,855 [ERROR] Error on sample 0: a bytes-like object is required, not 'str'
2026-03-16 21:02:46,855 [ERROR] Error on sample 0: a bytes-like object is required, not 'str'
2026-03-16 21:02:46,856 [ERROR] Error on sample 0: a bytes-like object is required, not 'str'
2026-03-16 21:02:46,857 [ERROR] Error on sample 0: a bytes-like object is required, not 'str'
2026-03-16 21:02:46,857 [ERROR] Error on sample 0: a bytes-like object is required, not 'str'
2026-03-16 21:02:46,858 [ERROR] Error on sample 0: a bytes-like object is required, not 'str'
2026-03-16 21:02:46,859 [ERROR] Error on sample 0: a bytes-like object is required, not 'str'
2026-03-16 21:02:46,860 [ERROR] Error on sample 0: a bytes-like object is required, not 'str'
2026-03-16 21:02:46,860 [ERROR] Error on sample 0: a bytes-like object is required, not 'str'
2026-03-16 21:02:46,861 [ERROR] Error on sample 0: a bytes-like object is required, not 'str'
2026-03-16 21:02:46,862 [ERROR] Error on sample 0: a bytes-like object is required, not 'str'
2026-03-16 21:02:46,862 [ERROR] Error on sample 0: a bytes-like object is required, not 'str'
2026-03-16 21:02:46,863 [ERROR] Error on sample 0: a bytes-like object is required, not 'str'
2026-03-16 21:02:46,864 [ERROR] Error on sample 0: a bytes-like object is required, not 'str'
2026-03-16 21:02:46,864 [ERROR] Error on sample 0: a bytes-like object is required, not 'str'
2026-03-16 21:02:46,865 [ERROR] Error on sample 0: a bytes-like object is required, not 'str'
2026-03-16 21:02:46,866 [ERROR] Error on sample 0: a bytes-like object is required, not 'str'
2026-03-16 21:02:46,867 [ERROR] Error on sample 0: a bytes-like object is required, not 'str'
2026-03-16 21:02:46,867 [ERROR] Error on sample 0: a bytes-like object is required, not 'str'
2026-03-16 21:02:46,868 [ERROR] Error on sample 0: a bytes-like object is required, not 'str'
2026-03-16 21:02:46,869 [ERROR] Error on sample 0: a bytes-like object is required, not 'str'
2026-03-16 21:02:46,869 [ERROR] Error on sample 0: a bytes-like object is required, not 'str'
2026-03-16 21:02:46,870 [ERROR] Error on sample 0: a bytes-like object is required, not 'str'
2026-03-16 21:02:46,871 [ERROR] Error on sample 0: a bytes-like object is required, not 'str'
2026-03-16 21:02:46,871 [ERROR] Error on sample 0: a bytes-like object is required, not 'str'
2026-03-16 21:02:46,872 [ERROR] Error on sample 0: a bytes-like object is required, not 'str'
2026-03-16 21:02:46,873 [ERROR] Error on sample 0: a bytes-like object is required, not 'str'
2026-03-16 21:02:46,874 [ERROR] Error on sample 0: a bytes-like object is required, not 'str'
2026-03-16 21:02:46,874 [ERROR] Error on sample 0: a bytes-like object is required, not 'str'
2026-03-16 21:02:46,875 [ERROR] Error on sample 0: a bytes-like object is required, not 'str'
2026-03-16 21:02:46,876 [ERROR] Error on sample 0: a bytes-like object is required, not 'str'
2026-03-16 21:02:46,876 [ERROR] Error on sample 0: a bytes-like object is required, not 'str'
2026-03-16 21:02:46,877 [ERROR] Error on sample 0: a bytes-like object is required, not 'str'
2026-03-16 21:02:46,878 [ERROR] Error on sample 0: a bytes-like object is required, not 'str'
2026-03-16 21:02:46,878 [ERROR] Error on sample 0: a bytes-like object is required, not 'str'
2026-03-16 21:02:46,879 [ERROR] Error on sample 0: a bytes-like object is required, not 'str'
2026-03-16 21:02:46,880 [ERROR] Error on sample 0: a bytes-like object is required, not 'str'
2026-03-16 21:02:46,880 [ERROR] Error on sample 0: a bytes-like object is required, not 'str'
2026-03-16 21:02:46,881 [ERROR] Error on sample 0: a bytes-like object is required, not 'str'
2026-03-16 21:02:46,882 [ERROR] Error on sample 0: a bytes-like object is required, not 'str'
2026-03-16 21:02:46,882 [ERROR] Error on sample 0: a bytes-like object is required, not 'str'
2026-03-16 21:02:46,883 [ERROR] Error on sample 0: a bytes-like object is required, not 'str'
2026-03-16 21:02:46,884 [ERROR] Error on sample 0: a bytes-like object is required, not 'str'
2026-03-16 21:02:46,885 [ERROR] Error on sample 0: a bytes-like object is required, not 'str'
2026-03-16 21:02:46,885 [ERROR] Error on sample 0: a bytes-like object is required, not 'str'
2026-03-16 21:02:46,886 [ERROR] Error on sample 0: a bytes-like object is required, not 'str'
2026-03-16 21:02:46,887 [ERROR] Error on sample 0: a bytes-like object is required, not 'str'
2026-03-16 21:02:46,887 [ERROR] Error on sample 0: a bytes-like object is required, not 'str'
2026-03-16 21:02:46,888 [ERROR] Error on sample 0: a bytes-like object is required, not 'str'
2026-03-16 21:02:46,889 [ERROR] Error on sample 0: a bytes-like object is required, not 'str'
2026-03-16 21:02:46,889 [ERROR] Error on sample 0: a bytes-like object is required, not 'str'
2026-03-16 21:02:46,890 [ERROR] Error on sample 0: a bytes-like object is required, not 'str'
2026-03-16 21:02:46,891 [ERROR] Error on sample 0: a bytes-like object is required, not 'str'
2026-03-16 21:02:46,891 [ERROR] Error on sample 0: a bytes-like object is required, not 'str'
2026-03-16 21:02:46,892 [ERROR] Error on sample 0: a bytes-like object is required, not 'str'
2026-03-16 21:02:46,893 [ERROR] Error on sample 0: a bytes-like object is required, not 'str'
2026-03-16 21:02:46,893 [ERROR] Error on sample 0: a bytes-like object is required, not 'str'
2026-03-16 21:02:46,894 [ERROR] Error on sample 0: a bytes-like object is required, not 'str'
2026-03-16 21:02:46,895 [ERROR] Error on sample 0: a bytes-like object is required, not 'str'
2026-03-16 21:02:46,896 [ERROR] Error on sample 0: a bytes-like object is required, not 'str'
2026-03-16 21:02:46,896 [ERROR] Error on sample 0: a bytes-like object is required, not 'str'
2026-03-16 21:02:46,897 [ERROR] Error on sample 0: a bytes-like object is required, not 'str'
2026-03-16 21:02:46,898 [ERROR] Error on sample 0: a bytes-like object is required, not 'str'
2026-03-16 21:02:46,898 [ERROR] Error on sample 0: a bytes-like object is required, not 'str'
2026-03-16 21:02:46,899 [ERROR] Error on sample 0: a bytes-like object is required, not 'str'
2026-03-16 21:02:46,900 [ERROR] Error on sample 0: a bytes-like object is required, not 'str'
2026-03-16 21:02:46,900 [ERROR] Error on sample 0: a bytes-like object is required, not 'str'
2026-03-16 21:02:46,901 [ERROR] Error on sample 0: a bytes-like object is required, not 'str'
2026-03-16 21:02:46,902 [ERROR] Error on sample 0: a bytes-like object is required, not 'str'
2026-03-16 21:02:46,902 [ERROR] Error on sample 0: a bytes-like object is required, not 'str'
2026-03-16 21:02:46,903 [ERROR] Error on sample 0: a bytes-like object is required, not 'str'
2026-03-16 21:02:46,904 [ERROR] Error on sample 0: a bytes-like object is required, not 'str'
2026-03-16 21:02:46,905 [ERROR] Error on sample 0: a bytes-like object is required, not 'str'
2026-03-16 21:02:46,905 [ERROR] Error on sample 0: a bytes-like object is required, not 'str'
2026-03-16 21:02:46,906 [ERROR] Error on sample 0: a bytes-like object is required, not 'str'
2026-03-16 21:02:46,907 [ERROR] Error on sample 0: a bytes-like object is required, not 'str'
2026-03-16 21:02:46,909 [ERROR] Error on sample 0: a bytes-like object is required, not 'str'
2026-03-16 21:02:46,910 [ERROR] Error on sample 0: a bytes-like object is required, not 'str'
2026-03-16 21:02:46,910 [ERROR] Error on sample 0: a bytes-like object is required, not 'str'
2026-03-16 21:02:46,911 [ERROR] Error on sample 0: a bytes-like object is required, not 'str'
2026-03-16 21:02:46,912 [ERROR] Error on sample 0: a bytes-like object is required, not 'str'
2026-03-16 21:02:46,913 [ERROR] Error on sample 0: a bytes-like object is required, not 'str'
2026-03-16 21:02:46,913 [ERROR] Error on sample 0: a bytes-like object is required, not 'str'
2026-03-16 21:02:46,914 [ERROR] Error on sample 0: a bytes-like object is required, not 'str'
2026-03-16 21:02:46,915 [ERROR] Error on sample 0: a bytes-like object is required, not 'str'
2026-03-16 21:02:46,915 [ERROR] Error on sample 0: a bytes-like object is required, not 'str'
2026-03-16 21:02:46,916 [ERROR] Error on sample 0: a bytes-like object is required, not 'str'
2026-03-16 21:02:46,917 [ERROR] Error on sample 0: a bytes-like object is required, not 'str'
2026-03-16 21:02:46,917 [ERROR] Error on sample 0: a bytes-like object is required, not 'str'
2026-03-16 21:02:46,918 [ERROR] Error on sample 0: a bytes-like object is required, not 'str'
2026-03-16 21:02:46,919 [ERROR] Error on sample 0: a bytes-like object is required, not 'str'
2026-03-16 21:02:46,919 [ERROR] Error on sample 0: a bytes-like object is required, not 'str'
2026-03-16 21:02:46,920 [ERROR] Error on sample 0: a bytes-like object is required, not 'str'
2026-03-16 21:02:46,921 [ERROR] Error on sample 0: a bytes-like object is required, not 'str'
2026-03-16 21:02:46,922 [ERROR] Error on sample 0: a bytes-like object is required, not 'str'
2026-03-16 21:02:46,922 [ERROR] Error on sample 0: a bytes-like object is required, not 'str'
2026-03-16 21:02:46,923 [ERROR] Error on sample 0: a bytes-like object is required, not 'str'
2026-03-16 21:02:46,924 [ERROR] Error on sample 0: a bytes-like object is required, not 'str'
2026-03-16 21:02:46,924 [ERROR] Error on sample 0: a bytes-like object is required, not 'str'
2026-03-16 21:02:46,925 [ERROR] Error on sample 0: a bytes-like object is required, not 'str'
2026-03-16 21:02:46,926 [ERROR] Error on sample 0: a bytes-like object is required, not 'str'
2026-03-16 21:02:46,926 [ERROR] Error on sample 0: a bytes-like object is required, not 'str'
2026-03-16 21:02:46,927 [ERROR] Error on sample 0: a bytes-like object is required, not 'str'
2026-03-16 21:02:46,928 [ERROR] Error on sample 0: a bytes-like object is required, not 'str'
2026-03-16 21:02:46,929 [ERROR] Error on sample 0: a bytes-like object is required, not 'str'
2026-03-16 21:02:46,929 [ERROR] Error on sample 0: a bytes-like object is required, not 'str'
2026-03-16 21:02:46,930 [ERROR] Error on sample 0: a bytes-like object is required, not 'str'
2026-03-16 21:02:46,931 [ERROR] Error on sample 0: a bytes-like object is required, not 'str'
2026-03-16 21:02:46,931 [ERROR] Error on sample 0: a bytes-like object is required, not 'str'
2026-03-16 21:02:46,932 [ERROR] Error on sample 0: a bytes-like object is required, not 'str'
2026-03-16 21:02:46,933 [ERROR] Error on sample 0: a bytes-like object is required, not 'str'
2026-03-16 21:02:46,933 [ERROR] Error on sample 0: a bytes-like object is required, not 'str'
2026-03-16 21:02:46,934 [ERROR] Error on sample 0: a bytes-like object is required, not 'str'
2026-03-16 21:02:46,935 [ERROR] Error on sample 0: a bytes-like object is required, not 'str'
2026-03-16 21:02:46,935 [ERROR] Error on sample 0: a bytes-like object is required, not 'str'
2026-03-16 21:02:46,936 [ERROR] Error on sample 0: a bytes-like object is required, not 'str'
2026-03-16 21:02:46,937 [ERROR] Error on sample 0: a bytes-like object is required, not 'str'
2026-03-16 21:02:46,937 [ERROR] Error on sample 0: a bytes-like object is required, not 'str'
2026-03-16 21:02:46,938 [ERROR] Error on sample 0: a bytes-like object is required, not 'str'
2026-03-16 21:02:46,939 [ERROR] Error on sample 0: a bytes-like object is required, not 'str'
2026-03-16 21:02:46,940 [ERROR] Error on sample 0: a bytes-like object is required, not 'str'
2026-03-16 21:02:46,940 [ERROR] Error on sample 0: a bytes-like object is required, not 'str'
2026-03-16 21:02:46,941 [ERROR] Error on sample 0: a bytes-like object is required, not 'str'
2026-03-16 21:02:46,942 [ERROR] Error on sample 0: a bytes-like object is required, not 'str'
2026-03-16 21:02:46,942 [ERROR] Error on sample 0: a bytes-like object is required, not 'str'
2026-03-16 21:02:46,943 [ERROR] Error on sample 0: a bytes-like object is required, not 'str'
2026-03-16 21:02:46,944 [ERROR] Error on sample 0: a bytes-like object is required, not 'str'
2026-03-16 21:02:46,944 [ERROR] Error on sample 0: a bytes-like object is required, not 'str'
2026-03-16 21:02:46,945 [ERROR] Error on sample 0: a bytes-like object is required, not 'str'
2026-03-16 21:02:46,946 [ERROR] Error on sample 0: a bytes-like object is required, not 'str'
2026-03-16 21:02:46,946 [ERROR] Error on sample 0: a bytes-like object is required, not 'str'
2026-03-16 21:02:46,947 [ERROR] Error on sample 0: a bytes-like object is required, not 'str'
2026-03-16 21:02:46,948 [ERROR] Error on sample 0: a bytes-like object is required, not 'str'
2026-03-16 21:02:46,949 [ERROR] Error on sample 0: a bytes-like object is required, not 'str'
2026-03-16 21:02:46,949 [ERROR] Error on sample 0: a bytes-like object is required, not 'str'
2026-03-16 21:02:46,950 [ERROR] Error on sample 0: a bytes-like object is required, not 'str'
2026-03-16 21:02:46,951 [ERROR] Error on sample 0: a bytes-like object is required, not 'str'
2026-03-16 21:02:46,951 [ERROR] Error on sample 0: a bytes-like object is required, not 'str'
2026-03-16 21:02:46,952 [ERROR] Error on sample 0: a bytes-like object is required, not 'str'
2026-03-16 21:02:46,953 [ERROR] Error on sample 0: a bytes-like object is required, not 'str'
2026-03-16 21:02:46,953 [ERROR] Error on sample 0: a bytes-like object is required, not 'str'
2026-03-16 21:02:46,954 [ERROR] Error on sample 0: a bytes-like object is required, not 'str'
2026-03-16 21:02:46,955 [ERROR] Error on sample 0: a bytes-like object is required, not 'str'
2026-03-16 21:02:46,956 [ERROR] Error on sample 0: a bytes-like object is required, not 'str'
2026-03-16 21:02:46,956 [ERROR] Error on sample 0: a bytes-like object is required, not 'str'
2026-03-16 21:02:46,957 [ERROR] Error on sample 0: a bytes-like object is required, not 'str'
2026-03-16 21:02:46,958 [ERROR] Error on sample 0: a bytes-like object is required, not 'str'
2026-03-16 21:02:46,958 [ERROR] Error on sample 0: a bytes-like object is required, not 'str'
2026-03-16 21:02:46,959 [ERROR] Error on sample 0: a bytes-like object is required, not 'str'
2026-03-16 21:02:46,960 [ERROR] Error on sample 0: a bytes-like object is required, not 'str'
2026-03-16 21:02:46,960 [ERROR] Error on sample 0: a bytes-like object is required, not 'str'
2026-03-16 21:02:46,961 [ERROR] Error on sample 0: a bytes-like object is required, not 'str'
2026-03-16 21:02:46,962 [ERROR] Error on sample 0: a bytes-like object is required, not 'str'
2026-03-16 21:02:46,962 [ERROR] Error on sample 0: a bytes-like object is required, not 'str'
2026-03-16 21:02:46,963 [ERROR] Error on sample 0: a bytes-like object is required, not 'str'
2026-03-16 21:02:46,964 [ERROR] Error on sample 0: a bytes-like object is required, not 'str'
2026-03-16 21:02:46,965 [ERROR] Error on sample 0: a bytes-like object is required, not 'str'
2026-03-16 21:02:46,965 [ERROR] Error on sample 0: a bytes-like object is required, not 'str'
2026-03-16 21:02:46,966 [ERROR] Error on sample 0: a bytes-like object is required, not 'str'
2026-03-16 21:02:46,967 [ERROR] Error on sample 0: a bytes-like object is required, not 'str'
2026-03-16 21:02:46,967 [ERROR] Error on sample 0: a bytes-like object is required, not 'str'
2026-03-16 21:02:46,968 [ERROR] Error on sample 0: a bytes-like object is required, not 'str'
2026-03-16 21:02:46,969 [ERROR] Error on sample 0: a bytes-like object is required, not 'str'
2026-03-16 21:02:46,969 [ERROR] Error on sample 0: a bytes-like object is required, not 'str'
2026-03-16 21:02:46,970 [ERROR] Error on sample 0: a bytes-like object is required, not 'str'
2026-03-16 21:02:46,971 [ERROR] Error on sample 0: a bytes-like object is required, not 'str'
2026-03-16 21:02:46,972 [ERROR] Error on sample 0: a bytes-like object is required, not 'str'
2026-03-16 21:02:46,972 [ERROR] Error on sample 0: a bytes-like object is required, not 'str'
2026-03-16 21:02:46,973 [ERROR] Error on sample 0: a bytes-like object is required, not 'str'
2026-03-16 21:02:46,974 [ERROR] Error on sample 0: a bytes-like object is required, not 'str'
2026-03-16 21:02:46,974 [ERROR] Error on sample 0: a bytes-like object is required, not 'str'
2026-03-16 21:02:46,975 [ERROR] Error on sample 0: a bytes-like object is required, not 'str'
2026-03-16 21:02:46,976 [ERROR] Error on sample 0: a bytes-like object is required, not 'str'
2026-03-16 21:02:46,976 [ERROR] Error on sample 0: a bytes-like object is required, not 'str'
2026-03-16 21:02:46,977 [ERROR] Error on sample 0: a bytes-like object is required, not 'str'
2026-03-16 21:02:46,978 [ERROR] Error on sample 0: a bytes-like object is required, not 'str'
2026-03-16 21:02:46,978 [ERROR] Error on sample 0: a bytes-like object is required, not 'str'
2026-03-16 21:02:46,979 [ERROR] Error on sample 0: a bytes-like object is required, not 'str'
2026-03-16 21:02:46,980 [ERROR] Error on sample 0: a bytes-like object is required, not 'str'
2026-03-16 21:02:46,980 [ERROR] Error on sample 0: a bytes-like object is required, not 'str'
2026-03-16 21:02:46,981 [ERROR] Error on sample 0: a bytes-like object is required, not 'str'
2026-03-16 21:02:46,982 [ERROR] Error on sample 0: a bytes-like object is required, not 'str'
2026-03-16 21:02:46,983 [ERROR] Error on sample 0: a bytes-like object is required, not 'str'
2026-03-16 21:02:46,983 [ERROR] Error on sample 0: a bytes-like object is required, not 'str'
2026-03-16 21:02:46,984 [ERROR] Error on sample 0: a bytes-like object is required, not 'str'
2026-03-16 21:02:46,985 [ERROR] Error on sample 0: a bytes-like object is required, not 'str'
2026-03-16 21:02:46,985 [ERROR] Error on sample 0: a bytes-like object is required, not 'str'
2026-03-16 21:02:46,986 [ERROR] Error on sample 0: a bytes-like object is required, not 'str'
2026-03-16 21:02:46,987 [ERROR] Error on sample 0: a bytes-like object is required, not 'str'
2026-03-16 21:02:46,987 [ERROR] Error on sample 0: a bytes-like object is required, not 'str'
2026-03-16 21:02:46,988 [ERROR] Error on sample 0: a bytes-like object is required, not 'str'
2026-03-16 21:02:46,989 [ERROR] Error on sample 0: a bytes-like object is required, not 'str'
2026-03-16 21:02:46,990 [ERROR] Error on sample 0: a bytes-like object is required, not 'str'
2026-03-16 21:02:46,990 [ERROR] Error on sample 0: a bytes-like object is required, not 'str'
2026-03-16 21:02:46,991 [ERROR] Error on sample 0: a bytes-like object is required, not 'str'
2026-03-16 21:02:46,992 [ERROR] Error on sample 0: a bytes-like object is required, not 'str'
2026-03-16 21:02:46,992 [ERROR] Error on sample 0: a bytes-like object is required, not 'str'
2026-03-16 21:02:46,993 [ERROR] Error on sample 0: a bytes-like object is required, not 'str'
2026-03-16 21:02:46,994 [ERROR] Error on sample 0: a bytes-like object is required, not 'str'
2026-03-16 21:02:46,994 [ERROR] Error on sample 0: a bytes-like object is required, not 'str'
2026-03-16 21:02:46,995 [ERROR] Error on sample 0: a bytes-like object is required, not 'str'
2026-03-16 21:02:46,996 [ERROR] Error on sample 0: a bytes-like object is required, not 'str'
2026-03-16 21:02:46,996 [ERROR] Error on sample 0: a bytes-like object is required, not 'str'
2026-03-16 21:02:46,997 [ERROR] Error on sample 0: a bytes-like object is required, not 'str'
2026-03-16 21:02:46,998 [ERROR] Error on sample 0: a bytes-like object is required, not 'str'
2026-03-16 21:02:46,999 [ERROR] Error on sample 0: a bytes-like object is required, not 'str'
2026-03-16 21:02:46,999 [ERROR] Error on sample 0: a bytes-like object is required, not 'str'
2026-03-16 21:02:47,000 [ERROR] Error on sample 0: a bytes-like object is required, not 'str'
2026-03-16 21:02:47,001 [ERROR] Error on sample 0: a bytes-like object is required, not 'str'
2026-03-16 21:02:47,001 [ERROR] Error on sample 0: a bytes-like object is required, not 'str'
2026-03-16 21:02:47,002 [ERROR] Error on sample 0: a bytes-like object is required, not 'str'
2026-03-16 21:02:47,003 [ERROR] Error on sample 0: a bytes-like object is required, not 'str'
2026-03-16 21:02:47,003 [ERROR] Error on sample 0: a bytes-like object is required, not 'str'
2026-03-16 21:02:47,004 [ERROR] Error on sample 0: a bytes-like object is required, not 'str'
2026-03-16 21:02:47,005 [ERROR] Error on sample 0: a bytes-like object is required, not 'str'
2026-03-16 21:02:47,006 [ERROR] Error on sample 0: a bytes-like object is required, not 'str'
2026-03-16 21:02:47,006 [ERROR] Error on sample 0: a bytes-like object is required, not 'str'
2026-03-16 21:02:47,007 [ERROR] Error on sample 0: a bytes-like object is required, not 'str'
2026-03-16 21:02:47,008 [ERROR] Error on sample 0: a bytes-like object is required, not 'str'
2026-03-16 21:02:47,008 [ERROR] Error on sample 0: a bytes-like object is required, not 'str'
2026-03-16 21:02:47,009 [ERROR] Error on sample 0: a bytes-like object is required, not 'str'
2026-03-16 21:02:47,010 [ERROR] Error on sample 0: a bytes-like object is required, not 'str'
2026-03-16 21:02:47,010 [ERROR] Error on sample 0: a bytes-like object is required, not 'str'
2026-03-16 21:02:47,011 [ERROR] Error on sample 0: a bytes-like object is required, not 'str'
2026-03-16 21:02:47,012 [ERROR] Error on sample 0: a bytes-like object is required, not 'str'
2026-03-16 21:02:47,012 [ERROR] Error on sample 0: a bytes-like object is required, not 'str'
2026-03-16 21:02:47,013 [ERROR] Error on sample 0: a bytes-like object is required, not 'str'
2026-03-16 21:02:47,014 [ERROR] Error on sample 0: a bytes-like object is required, not 'str'
2026-03-16 21:02:47,014 [ERROR] Error on sample 0: a bytes-like object is required, not 'str'
2026-03-16 21:02:47,015 [ERROR] Error on sample 0: a bytes-like object is required, not 'str'
2026-03-16 21:02:47,016 [ERROR] Error on sample 0: a bytes-like object is required, not 'str'
2026-03-16 21:02:47,016 [ERROR] Error on sample 0: a bytes-like object is required, not 'str'
2026-03-16 21:02:47,017 [ERROR] Error on sample 0: a bytes-like object is required, not 'str'
2026-03-16 21:02:47,018 [ERROR] Error on sample 0: a bytes-like object is required, not 'str'
2026-03-16 21:02:47,018 [ERROR] Error on sample 0: a bytes-like object is required, not 'str'
2026-03-16 21:02:47,019 [ERROR] Error on sample 0: a bytes-like object is required, not 'str'
2026-03-16 21:02:47,020 [ERROR] Error on sample 0: a bytes-like object is required, not 'str'
2026-03-16 21:02:47,021 [ERROR] Error on sample 0: a bytes-like object is required, not 'str'
2026-03-16 21:02:47,022 [ERROR] Error on sample 0: a bytes-like object is required, not 'str'
2026-03-16 21:02:47,022 [ERROR] Error on sample 0: a bytes-like object is required, not 'str'
2026-03-16 21:02:47,023 [ERROR] Error on sample 0: a bytes-like object is required, not 'str'
2026-03-16 21:02:47,024 [ERROR] Error on sample 0: a bytes-like object is required, not 'str'
2026-03-16 21:02:47,025 [ERROR] Error on sample 0: a bytes-like object is required, not 'str'
2026-03-16 21:02:47,025 [ERROR] Error on sample 0: a bytes-like object is required, not 'str'
2026-03-16 21:02:47,026 [ERROR] Error on sample 0: a bytes-like object is required, not 'str'
2026-03-16 21:02:47,027 [ERROR] Error on sample 0: a bytes-like object is required, not 'str'
2026-03-16 21:02:47,028 [ERROR] Error on sample 0: a bytes-like object is required, not 'str'
2026-03-16 21:02:47,028 [ERROR] Error on sample 0: a bytes-like object is required, not 'str'
2026-03-16 21:02:47,029 [ERROR] Error on sample 0: a bytes-like object is required, not 'str'
2026-03-16 21:02:47,030 [ERROR] Error on sample 0: a bytes-like object is required, not 'str'
2026-03-16 21:02:47,030 [ERROR] Error on sample 0: a bytes-like object is required, not 'str'
2026-03-16 21:02:47,031 [ERROR] Error on sample 0: a bytes-like object is required, not 'str'
2026-03-16 21:02:47,032 [ERROR] Error on sample 0: a bytes-like object is required, not 'str'
2026-03-16 21:02:47,033 [ERROR] Error on sample 0: a bytes-like object is required, not 'str'
2026-03-16 21:02:47,033 [ERROR] Error on sample 0: a bytes-like object is required, not 'str'
2026-03-16 21:02:47,034 [ERROR] Error on sample 0: a bytes-like object is required, not 'str'
2026-03-16 21:02:47,035 [ERROR] Error on sample 0: a bytes-like object is required, not 'str'
2026-03-16 21:02:47,035 [ERROR] Error on sample 0: a bytes-like object is required, not 'str'
2026-03-16 21:02:47,036 [ERROR] Error on sample 0: a bytes-like object is required, not 'str'
2026-03-16 21:02:47,037 [ERROR] Error on sample 0: a bytes-like object is required, not 'str'
2026-03-16 21:02:47,038 [ERROR] Error on sample 0: a bytes-like object is required, not 'str'
2026-03-16 21:02:47,038 [ERROR] Error on sample 0: a bytes-like object is required, not 'str'
2026-03-16 21:02:47,039 [ERROR] Error on sample 0: a bytes-like object is required, not 'str'
2026-03-16 21:02:47,040 [ERROR] Error on sample 0: a bytes-like object is required, not 'str'
2026-03-16 21:02:47,040 [ERROR] Error on sample 0: a bytes-like object is required, not 'str'
2026-03-16 21:02:47,041 [ERROR] Error on sample 0: a bytes-like object is required, not 'str'
2026-03-16 21:02:47,042 [ERROR] Error on sample 0: a bytes-like object is required, not 'str'
2026-03-16 21:02:47,042 [ERROR] Error on sample 0: a bytes-like object is required, not 'str'
2026-03-16 21:02:47,043 [ERROR] Error on sample 0: a bytes-like object is required, not 'str'
2026-03-16 21:02:47,044 [ERROR] Error on sample 0: a bytes-like object is required, not 'str'
2026-03-16 21:02:47,045 [ERROR] Error on sample 0: a bytes-like object is required, not 'str'
2026-03-16 21:02:47,045 [ERROR] Error on sample 0: a bytes-like object is required, not 'str'
2026-03-16 21:02:47,046 [ERROR] Error on sample 0: a bytes-like object is required, not 'str'
2026-03-16 21:02:47,047 [ERROR] Error on sample 0: a bytes-like object is required, not 'str'
2026-03-16 21:02:47,047 [ERROR] Error on sample 0: a bytes-like object is required, not 'str'
2026-03-16 21:02:47,048 [ERROR] Error on sample 0: a bytes-like object is required, not 'str'
2026-03-16 21:02:47,049 [ERROR] Error on sample 0: a bytes-like object is required, not 'str'
2026-03-16 21:02:47,050 [ERROR] Error on sample 0: a bytes-like object is required, not 'str'
2026-03-16 21:02:47,050 [ERROR] Error on sample 0: a bytes-like object is required, not 'str'
2026-03-16 21:02:47,051 [ERROR] Error on sample 0: a bytes-like object is required, not 'str'
2026-03-16 21:02:47,052 [ERROR] Error on sample 0: a bytes-like object is required, not 'str'
2026-03-16 21:02:47,052 [ERROR] Error on sample 0: a bytes-like object is required, not 'str'
2026-03-16 21:02:47,053 [ERROR] Error on sample 0: a bytes-like object is required, not 'str'
2026-03-16 21:02:47,054 [ERROR] Error on sample 0: a bytes-like object is required, not 'str'
2026-03-16 21:02:47,054 [ERROR] Error on sample 0: a bytes-like object is required, not 'str'
2026-03-16 21:02:47,055 [ERROR] Error on sample 0: a bytes-like object is required, not 'str'
2026-03-16 21:02:47,056 [ERROR] Error on sample 0: a bytes-like object is required, not 'str'
2026-03-16 21:02:47,057 [ERROR] Error on sample 0: a bytes-like object is required, not 'str'
2026-03-16 21:02:47,057 [ERROR] Error on sample 0: a bytes-like object is required, not 'str'
2026-03-16 21:02:47,058 [ERROR] Error on sample 0: a bytes-like object is required, not 'str'
2026-03-16 21:02:47,059 [ERROR] Error on sample 0: a bytes-like object is required, not 'str'
2026-03-16 21:02:47,060 [ERROR] Error on sample 0: a bytes-like object is required, not 'str'
2026-03-16 21:02:47,061 [ERROR] Error on sample 0: a bytes-like object is required, not 'str'
2026-03-16 21:02:47,062 [ERROR] Error on sample 0: a bytes-like object is required, not 'str'
2026-03-16 21:02:47,063 [ERROR] Error on sample 0: a bytes-like object is required, not 'str'
2026-03-16 21:02:47,064 [ERROR] Error on sample 0: a bytes-like object is required, not 'str'
2026-03-16 21:02:47,065 [ERROR] Error on sample 0: a bytes-like object is required, not 'str'
2026-03-16 21:02:47,065 [ERROR] Error on sample 0: a bytes-like object is required, not 'str'
2026-03-16 21:02:47,066 [ERROR] Error on sample 0: a bytes-like object is required, not 'str'
2026-03-16 21:02:47,067 [ERROR] Error on sample 0: a bytes-like object is required, not 'str'
2026-03-16 21:02:47,067 [ERROR] Error on sample 0: a bytes-like object is required, not 'str'
2026-03-16 21:02:47,068 [ERROR] Error on sample 0: a bytes-like object is required, not 'str'
2026-03-16 21:02:47,069 [ERROR] Error on sample 0: a bytes-like object is required, not 'str'
2026-03-16 21:02:47,069 [ERROR] Error on sample 0: a bytes-like object is required, not 'str'
2026-03-16 21:02:47,070 [ERROR] Error on sample 0: a bytes-like object is required, not 'str'
2026-03-16 21:02:47,071 [ERROR] Error on sample 0: a bytes-like object is required, not 'str'
2026-03-16 21:02:47,071 [ERROR] Error on sample 0: a bytes-like object is required, not 'str'
2026-03-16 21:02:47,072 [ERROR] Error on sample 0: a bytes-like object is required, not 'str'
2026-03-16 21:02:47,073 [ERROR] Error on sample 0: a bytes-like object is required, not 'str'
2026-03-16 21:02:47,074 [ERROR] Error on sample 0: a bytes-like object is required, not 'str'
2026-03-16 21:02:47,074 [ERROR] Error on sample 0: a bytes-like object is required, not 'str'
2026-03-16 21:02:47,075 [ERROR] Error on sample 0: a bytes-like object is required, not 'str'
2026-03-16 21:02:47,076 [ERROR] Error on sample 0: a bytes-like object is required, not 'str'
2026-03-16 21:02:47,076 [ERROR] Error on sample 0: a bytes-like object is required, not 'str'
2026-03-16 21:02:47,077 [ERROR] Error on sample 0: a bytes-like object is required, not 'str'
2026-03-16 21:02:47,078 [ERROR] Error on sample 0: a bytes-like object is required, not 'str'
2026-03-16 21:02:47,079 [ERROR] Error on sample 0: a bytes-like object is required, not 'str'
2026-03-16 21:02:47,079 [ERROR] Error on sample 0: a bytes-like object is required, not 'str'
2026-03-16 21:02:47,080 [ERROR] Error on sample 0: a bytes-like object is required, not 'str'
2026-03-16 21:02:47,081 [ERROR] Error on sample 0: a bytes-like object is required, not 'str'
2026-03-16 21:02:47,081 [ERROR] Error on sample 0: a bytes-like object is required, not 'str'
2026-03-16 21:02:47,082 [ERROR] Error on sample 0: a bytes-like object is required, not 'str'
2026-03-16 21:02:47,083 [ERROR] Error on sample 0: a bytes-like object is required, not 'str'
2026-03-16 21:02:47,083 [ERROR] Error on sample 0: a bytes-like object is required, not 'str'
2026-03-16 21:02:47,084 [ERROR] Error on sample 0: a bytes-like object is required, not 'str'
2026-03-16 21:02:47,085 [ERROR] Error on sample 0: a bytes-like object is required, not 'str'
2026-03-16 21:02:47,085 [ERROR] Error on sample 0: a bytes-like object is required, not 'str'
2026-03-16 21:02:47,086 [ERROR] Error on sample 0: a bytes-like object is required, not 'str'
2026-03-16 21:02:47,087 [ERROR] Error on sample 0: a bytes-like object is required, not 'str'
2026-03-16 21:02:47,088 [ERROR] Error on sample 0: a bytes-like object is required, not 'str'
2026-03-16 21:02:47,088 [ERROR] Error on sample 0: a bytes-like object is required, not 'str'
2026-03-16 21:02:47,089 [ERROR] Error on sample 0: a bytes-like object is required, not 'str'
2026-03-16 21:02:47,090 [ERROR] Error on sample 0: a bytes-like object is required, not 'str'
2026-03-16 21:02:47,090 [ERROR] Error on sample 0: a bytes-like object is required, not 'str'
2026-03-16 21:02:47,091 [ERROR] Error on sample 0: a bytes-like object is required, not 'str'
2026-03-16 21:02:47,092 [ERROR] Error on sample 0: a bytes-like object is required, not 'str'
2026-03-16 21:02:47,092 [ERROR] Error on sample 0: a bytes-like object is required, not 'str'
2026-03-16 21:02:47,093 [ERROR] Error on sample 0: a bytes-like object is required, not 'str'
2026-03-16 21:02:47,094 [ERROR] Error on sample 0: a bytes-like object is required, not 'str'
2026-03-16 21:02:47,095 [ERROR] Error on sample 0: a bytes-like object is required, not 'str'
2026-03-16 21:02:47,095 [ERROR] Error on sample 0: a bytes-like object is required, not 'str'
2026-03-16 21:02:47,096 [ERROR] Error on sample 0: a bytes-like object is required, not 'str'
2026-03-16 21:02:47,097 [ERROR] Error on sample 0: a bytes-like object is required, not 'str'
2026-03-16 21:02:47,097 [ERROR] Error on sample 0: a bytes-like object is required, not 'str'
2026-03-16 21:02:47,098 [ERROR] Error on sample 0: a bytes-like object is required, not 'str'
2026-03-16 21:02:47,099 [ERROR] Error on sample 0: a bytes-like object is required, not 'str'
2026-03-16 21:02:47,099 [ERROR] Error on sample 0: a bytes-like object is required, not 'str'
2026-03-16 21:02:47,100 [ERROR] Error on sample 0: a bytes-like object is required, not 'str'
2026-03-16 21:02:47,101 [ERROR] Error on sample 0: a bytes-like object is required, not 'str'
2026-03-16 21:02:47,102 [ERROR] Error on sample 0: a bytes-like object is required, not 'str'
2026-03-16 21:02:47,102 [ERROR] Error on sample 0: a bytes-like object is required, not 'str'
2026-03-16 21:02:47,103 [ERROR] Error on sample 0: a bytes-like object is required, not 'str'
2026-03-16 21:02:47,104 [ERROR] Error on sample 0: a bytes-like object is required, not 'str'
2026-03-16 21:02:47,104 [ERROR] Error on sample 0: a bytes-like object is required, not 'str'
2026-03-16 21:02:47,105 [ERROR] Error on sample 0: a bytes-like object is required, not 'str'
2026-03-16 21:02:47,106 [ERROR] Error on sample 0: a bytes-like object is required, not 'str'
2026-03-16 21:02:47,106 [ERROR] Error on sample 0: a bytes-like object is required, not 'str'
2026-03-16 21:02:47,107 [ERROR] Error on sample 0: a bytes-like object is required, not 'str'
2026-03-16 21:02:47,108 [ERROR] Error on sample 0: a bytes-like object is required, not 'str'
2026-03-16 21:02:47,108 [ERROR] Error on sample 0: a bytes-like object is required, not 'str'
2026-03-16 21:02:47,109 [ERROR] Error on sample 0: a bytes-like object is required, not 'str'
2026-03-16 21:02:47,110 [ERROR] Error on sample 0: a bytes-like object is required, not 'str'
2026-03-16 21:02:47,111 [ERROR] Error on sample 0: a bytes-like object is required, not 'str'
2026-03-16 21:02:47,111 [ERROR] Error on sample 0: a bytes-like object is required, not 'str'
2026-03-16 21:02:47,112 [ERROR] Error on sample 0: a bytes-like object is required, not 'str'
2026-03-16 21:02:47,113 [ERROR] Error on sample 0: a bytes-like object is required, not 'str'
2026-03-16 21:02:47,113 [ERROR] Error on sample 0: a bytes-like object is required, not 'str'
2026-03-16 21:02:47,114 [ERROR] Error on sample 0: a bytes-like object is required, not 'str'
2026-03-16 21:02:47,115 [ERROR] Error on sample 0: a bytes-like object is required, not 'str'
2026-03-16 21:02:47,115 [ERROR] Error on sample 0: a bytes-like object is required, not 'str'
2026-03-16 21:02:47,116 [ERROR] Error on sample 0: a bytes-like object is required, not 'str'
2026-03-16 21:02:47,117 [ERROR] Error on sample 0: a bytes-like object is required, not 'str'
2026-03-16 21:02:47,117 [ERROR] Error on sample 0: a bytes-like object is required, not 'str'
2026-03-16 21:02:47,118 [ERROR] Error on sample 0: a bytes-like object is required, not 'str'
2026-03-16 21:02:47,119 [ERROR] Error on sample 0: a bytes-like object is required, not 'str'
2026-03-16 21:02:47,119 [ERROR] Error on sample 0: a bytes-like object is required, not 'str'
2026-03-16 21:02:47,120 [ERROR] Error on sample 0: a bytes-like object is required, not 'str'
2026-03-16 21:02:47,121 [ERROR] Error on sample 0: a bytes-like object is required, not 'str'
2026-03-16 21:02:47,121 [ERROR] Error on sample 0: a bytes-like object is required, not 'str'
2026-03-16 21:02:47,122 [ERROR] Error on sample 0: a bytes-like object is required, not 'str'
2026-03-16 21:02:47,123 [ERROR] Error on sample 0: a bytes-like object is required, not 'str'
2026-03-16 21:02:47,123 [ERROR] Error on sample 0: a bytes-like object is required, not 'str'
2026-03-16 21:02:47,124 [ERROR] Error on sample 0: a bytes-like object is required, not 'str'
2026-03-16 21:02:47,125 [ERROR] Error on sample 0: a bytes-like object is required, not 'str'
2026-03-16 21:02:47,125 [ERROR] Error on sample 0: a bytes-like object is required, not 'str'
2026-03-16 21:02:47,126 [ERROR] Error on sample 0: a bytes-like object is required, not 'str'
2026-03-16 21:02:47,127 [ERROR] Error on sample 0: a bytes-like object is required, not 'str'
2026-03-16 21:02:47,127 [ERROR] Error on sample 0: a bytes-like object is required, not 'str'
2026-03-16 21:02:47,128 [ERROR] Error on sample 0: a bytes-like object is required, not 'str'
2026-03-16 21:02:47,129 [ERROR] Error on sample 0: a bytes-like object is required, not 'str'
2026-03-16 21:02:47,130 [ERROR] Error on sample 0: a bytes-like object is required, not 'str'
2026-03-16 21:02:47,130 [ERROR] Error on sample 0: a bytes-like object is required, not 'str'
2026-03-16 21:02:47,131 [ERROR] Error on sample 0: a bytes-like object is required, not 'str'
2026-03-16 21:02:47,132 [ERROR] Error on sample 0: a bytes-like object is required, not 'str'
2026-03-16 21:02:47,132 [ERROR] Error on sample 0: a bytes-like object is required, not 'str'
2026-03-16 21:02:47,133 [ERROR] Error on sample 0: a bytes-like object is required, not 'str'
2026-03-16 21:02:47,134 [ERROR] Error on sample 0: a bytes-like object is required, not 'str'
2026-03-16 21:02:47,134 [ERROR] Error on sample 0: a bytes-like object is required, not 'str'
2026-03-16 21:02:47,135 [ERROR] Error on sample 0: a bytes-like object is required, not 'str'
2026-03-16 21:02:47,136 [ERROR] Error on sample 0: a bytes-like object is required, not 'str'
2026-03-16 21:02:47,136 [ERROR] Error on sample 0: a bytes-like object is required, not 'str'
2026-03-16 21:02:47,137 [ERROR] Error on sample 0: a bytes-like object is required, not 'str'
2026-03-16 21:02:47,138 [ERROR] Error on sample 0: a bytes-like object is required, not 'str'
2026-03-16 21:02:47,138 [ERROR] Error on sample 0: a bytes-like object is required, not 'str'
2026-03-16 21:02:47,139 [ERROR] Error on sample 0: a bytes-like object is required, not 'str'
2026-03-16 21:02:47,140 [ERROR] Error on sample 0: a bytes-like object is required, not 'str'
2026-03-16 21:02:47,141 [ERROR] Error on sample 0: a bytes-like object is required, not 'str'
2026-03-16 21:02:47,141 [ERROR] Error on sample 0: a bytes-like object is required, not 'str'
2026-03-16 21:02:47,142 [ERROR] Error on sample 0: a bytes-like object is required, not 'str'
2026-03-16 21:02:47,143 [ERROR] Error on sample 0: a bytes-like object is required, not 'str'
2026-03-16 21:02:47,143 [ERROR] Error on sample 0: a bytes-like object is required, not 'str'
2026-03-16 21:02:47,144 [ERROR] Error on sample 0: a bytes-like object is required, not 'str'
2026-03-16 21:02:47,145 [ERROR] Error on sample 0: a bytes-like object is required, not 'str'
2026-03-16 21:02:47,145 [ERROR] Error on sample 0: a bytes-like object is required, not 'str'
2026-03-16 21:02:47,146 [ERROR] Error on sample 0: a bytes-like object is required, not 'str'
2026-03-16 21:02:47,147 [ERROR] Error on sample 0: a bytes-like object is required, not 'str'
2026-03-16 21:02:47,148 [ERROR] Error on sample 0: a bytes-like object is required, not 'str'
2026-03-16 21:02:47,148 [ERROR] Error on sample 0: a bytes-like object is required, not 'str'
2026-03-16 21:02:47,149 [ERROR] Error on sample 0: a bytes-like object is required, not 'str'
2026-03-16 21:02:47,150 [ERROR] Error on sample 0: a bytes-like object is required, not 'str'
2026-03-16 21:02:47,150 [ERROR] Error on sample 0: a bytes-like object is required, not 'str'
2026-03-16 21:02:47,151 [ERROR] Error on sample 0: a bytes-like object is required, not 'str'
2026-03-16 21:02:47,152 [ERROR] Error on sample 0: a bytes-like object is required, not 'str'
2026-03-16 21:02:47,152 [ERROR] Error on sample 0: a bytes-like object is required, not 'str'
2026-03-16 21:02:47,153 [ERROR] Error on sample 0: a bytes-like object is required, not 'str'
2026-03-16 21:02:47,154 [ERROR] Error on sample 0: a bytes-like object is required, not 'str'
2026-03-16 21:02:47,155 [ERROR] Error on sample 0: a bytes-like object is required, not 'str'
2026-03-16 21:02:47,155 [ERROR] Error on sample 0: a bytes-like object is required, not 'str'
2026-03-16 21:02:47,156 [ERROR] Error on sample 0: a bytes-like object is required, not 'str'
2026-03-16 21:02:47,157 [ERROR] Error on sample 0: a bytes-like object is required, not 'str'
2026-03-16 21:02:47,157 [ERROR] Error on sample 0: a bytes-like object is required, not 'str'
2026-03-16 21:02:47,158 [ERROR] Error on sample 0: a bytes-like object is required, not 'str'
2026-03-16 21:02:47,159 [ERROR] Error on sample 0: a bytes-like object is required, not 'str'
2026-03-16 21:02:47,160 [ERROR] Error on sample 0: a bytes-like object is required, not 'str'
2026-03-16 21:02:47,160 [ERROR] Error on sample 0: a bytes-like object is required, not 'str'
2026-03-16 21:02:47,161 [ERROR] Error on sample 0: a bytes-like object is required, not 'str'
2026-03-16 21:02:47,162 [ERROR] Error on sample 0: a bytes-like object is required, not 'str'
2026-03-16 21:02:47,162 [ERROR] Error on sample 0: a bytes-like object is required, not 'str'
2026-03-16 21:02:47,163 [ERROR] Error on sample 0: a bytes-like object is required, not 'str'
2026-03-16 21:02:47,164 [ERROR] Error on sample 0: a bytes-like object is required, not 'str'
2026-03-16 21:02:47,164 [ERROR] Error on sample 0: a bytes-like object is required, not 'str'
2026-03-16 21:02:47,165 [ERROR] Error on sample 0: a bytes-like object is required, not 'str'
2026-03-16 21:02:47,166 [ERROR] Error on sample 0: a bytes-like object is required, not 'str'
2026-03-16 21:02:47,166 [ERROR] Error on sample 0: a bytes-like object is required, not 'str'
2026-03-16 21:02:47,167 [ERROR] Error on sample 0: a bytes-like object is required, not 'str'
2026-03-16 21:02:47,168 [ERROR] Error on sample 0: a bytes-like object is required, not 'str'
2026-03-16 21:02:47,169 [ERROR] Error on sample 0: a bytes-like object is required, not 'str'
2026-03-16 21:02:47,169 [ERROR] Error on sample 0: a bytes-like object is required, not 'str'
2026-03-16 21:02:47,170 [ERROR] Error on sample 0: a bytes-like object is required, not 'str'
2026-03-16 21:02:47,171 [ERROR] Error on sample 0: a bytes-like object is required, not 'str'
2026-03-16 21:02:47,171 [ERROR] Error on sample 0: a bytes-like object is required, not 'str'
2026-03-16 21:02:47,172 [ERROR] Error on sample 0: a bytes-like object is required, not 'str'
2026-03-16 21:02:47,173 [ERROR] Error on sample 0: a bytes-like object is required, not 'str'
2026-03-16 21:02:47,173 [ERROR] Error on sample 0: a bytes-like object is required, not 'str'
2026-03-16 21:02:47,174 [ERROR] Error on sample 0: a bytes-like object is required, not 'str'
2026-03-16 21:02:47,175 [ERROR] Error on sample 0: a bytes-like object is required, not 'str'
2026-03-16 21:02:47,176 [ERROR] Error on sample 0: a bytes-like object is required, not 'str'
2026-03-16 21:02:47,176 [ERROR] Error on sample 0: a bytes-like object is required, not 'str'
2026-03-16 21:02:47,177 [ERROR] Error on sample 0: a bytes-like object is required, not 'str'
2026-03-16 21:02:47,178 [ERROR] Error on sample 0: a bytes-like object is required, not 'str'
2026-03-16 21:02:47,178 [ERROR] Error on sample 0: a bytes-like object is required, not 'str'
2026-03-16 21:02:47,179 [ERROR] Error on sample 0: a bytes-like object is required, not 'str'
2026-03-16 21:02:47,180 [ERROR] Error on sample 0: a bytes-like object is required, not 'str'
2026-03-16 21:02:47,180 [ERROR] Error on sample 0: a bytes-like object is required, not 'str'
2026-03-16 21:02:47,181 [ERROR] Error on sample 0: a bytes-like object is required, not 'str'
2026-03-16 21:02:47,182 [ERROR] Error on sample 0: a bytes-like object is required, not 'str'
2026-03-16 21:02:47,182 [ERROR] Error on sample 0: a bytes-like object is required, not 'str'
2026-03-16 21:02:47,183 [ERROR] Error on sample 0: a bytes-like object is required, not 'str'
2026-03-16 21:02:47,184 [ERROR] Error on sample 0: a bytes-like object is required, not 'str'
2026-03-16 21:02:47,185 [ERROR] Error on sample 0: a bytes-like object is required, not 'str'
2026-03-16 21:02:47,185 [ERROR] Error on sample 0: a bytes-like object is required, not 'str'
2026-03-16 21:02:47,186 [ERROR] Error on sample 0: a bytes-like object is required, not 'str'
2026-03-16 21:02:47,187 [ERROR] Error on sample 0: a bytes-like object is required, not 'str'
2026-03-16 21:02:47,188 [ERROR] Error on sample 0: a bytes-like object is required, not 'str'
2026-03-16 21:02:47,189 [ERROR] Error on sample 0: a bytes-like object is required, not 'str'
2026-03-16 21:02:47,190 [ERROR] Error on sample 0: a bytes-like object is required, not 'str'
2026-03-16 21:02:47,191 [ERROR] Error on sample 0: a bytes-like object is required, not 'str'
2026-03-16 21:02:47,192 [ERROR] Error on sample 0: a bytes-like object is required, not 'str'
2026-03-16 21:02:47,193 [ERROR] Error on sample 0: a bytes-like object is required, not 'str'
2026-03-16 21:02:47,195 [ERROR] Error on sample 0: a bytes-like object is required, not 'str'
2026-03-16 21:02:47,196 [ERROR] Error on sample 0: a bytes-like object is required, not 'str'
2026-03-16 21:02:47,197 [ERROR] Error on sample 0: a bytes-like object is required, not 'str'
2026-03-16 21:02:47,198 [ERROR] Error on sample 0: a bytes-like object is required, not 'str'
2026-03-16 21:02:47,199 [ERROR] Error on sample 0: a bytes-like object is required, not 'str'
2026-03-16 21:02:47,200 [ERROR] Error on sample 0: a bytes-like object is required, not 'str'
2026-03-16 21:02:47,201 [ERROR] Error on sample 0: a bytes-like object is required, not 'str'
2026-03-16 21:02:47,203 [ERROR] Error on sample 0: a bytes-like object is required, not 'str'
2026-03-16 21:02:47,204 [ERROR] Error on sample 0: a bytes-like object is required, not 'str'
2026-03-16 21:02:47,205 [ERROR] Error on sample 0: a bytes-like object is required, not 'str'
2026-03-16 21:02:47,206 [ERROR] Error on sample 0: a bytes-like object is required, not 'str'
2026-03-16 21:02:47,207 [ERROR] Error on sample 0: a bytes-like object is required, not 'str'
2026-03-16 21:02:47,208 [ERROR] Error on sample 0: a bytes-like object is required, not 'str'
2026-03-16 21:02:47,209 [ERROR] Error on sample 0: a bytes-like object is required, not 'str'
2026-03-16 21:02:47,210 [ERROR] Error on sample 0: a bytes-like object is required, not 'str'
2026-03-16 21:02:47,211 [ERROR] Error on sample 0: a bytes-like object is required, not 'str'
2026-03-16 21:02:47,212 [ERROR] Error on sample 0: a bytes-like object is required, not 'str'
2026-03-16 21:02:47,213 [ERROR] Error on sample 0: a bytes-like object is required, not 'str'
2026-03-16 21:02:47,215 [ERROR] Error on sample 0: a bytes-like object is required, not 'str'
2026-03-16 21:02:47,216 [ERROR] Error on sample 0: a bytes-like object is required, not 'str'
2026-03-16 21:02:47,217 [ERROR] Error on sample 0: a bytes-like object is required, not 'str'
2026-03-16 21:02:47,218 [ERROR] Error on sample 0: a bytes-like object is required, not 'str'
2026-03-16 21:02:47,219 [ERROR] Error on sample 0: a bytes-like object is required, not 'str'
2026-03-16 21:02:47,220 [ERROR] Error on sample 0: a bytes-like object is required, not 'str'
2026-03-16 21:02:47,221 [ERROR] Error on sample 0: a bytes-like object is required, not 'str'
2026-03-16 21:02:47,222 [ERROR] Error on sample 0: a bytes-like object is required, not 'str'
2026-03-16 21:02:47,223 [ERROR] Error on sample 0: a bytes-like object is required, not 'str'
2026-03-16 21:02:47,224 [ERROR] Error on sample 0: a bytes-like object is required, not 'str'
2026-03-16 21:02:47,225 [ERROR] Error on sample 0: a bytes-like object is required, not 'str'
2026-03-16 21:02:47,226 [ERROR] Error on sample 0: a bytes-like object is required, not 'str'
2026-03-16 21:02:47,227 [ERROR] Error on sample 0: a bytes-like object is required, not 'str'
2026-03-16 21:02:47,228 [ERROR] Error on sample 0: a bytes-like object is required, not 'str'
2026-03-16 21:02:47,229 [ERROR] Error on sample 0: a bytes-like object is required, not 'str'
2026-03-16 21:02:47,229 [ERROR] Error on sample 0: a bytes-like object is required, not 'str'
2026-03-16 21:02:47,230 [ERROR] Error on sample 0: a bytes-like object is required, not 'str'
2026-03-16 21:02:47,231 [ERROR] Error on sample 0: a bytes-like object is required, not 'str'
2026-03-16 21:02:47,231 [ERROR] Error on sample 0: a bytes-like object is required, not 'str'
2026-03-16 21:02:47,232 [ERROR] Error on sample 0: a bytes-like object is required, not 'str'
2026-03-16 21:02:47,233 [ERROR] Error on sample 0: a bytes-like object is required, not 'str'
2026-03-16 21:02:47,233 [ERROR] Error on sample 0: a bytes-like object is required, not 'str'
2026-03-16 21:02:47,234 [ERROR] Error on sample 0: a bytes-like object is required, not 'str'
2026-03-16 21:02:47,235 [ERROR] Error on sample 0: a bytes-like object is required, not 'str'
2026-03-16 21:02:47,235 [ERROR] Error on sample 0: a bytes-like object is required, not 'str'
2026-03-16 21:02:47,236 [ERROR] Error on sample 0: a bytes-like object is required, not 'str'
2026-03-16 21:02:47,237 [ERROR] Error on sample 0: a bytes-like object is required, not 'str'
2026-03-16 21:02:47,237 [ERROR] Error on sample 0: a bytes-like object is required, not 'str'
2026-03-16 21:02:47,238 [ERROR] Error on sample 0: a bytes-like object is required, not 'str'
2026-03-16 21:02:47,239 [ERROR] Error on sample 0: a bytes-like object is required, not 'str'
2026-03-16 21:02:47,239 [ERROR] Error on sample 0: a bytes-like object is required, not 'str'
2026-03-16 21:02:47,240 [ERROR] Error on sample 0: a bytes-like object is required, not 'str'
2026-03-16 21:02:47,241 [ERROR] Error on sample 0: a bytes-like object is required, not 'str'
2026-03-16 21:02:47,242 [ERROR] Error on sample 0: a bytes-like object is required, not 'str'
2026-03-16 21:02:47,242 [ERROR] Error on sample 0: a bytes-like object is required, not 'str'
2026-03-16 21:02:47,243 [ERROR] Error on sample 0: a bytes-like object is required, not 'str'
2026-03-16 21:02:47,243 [ERROR] Error on sample 0: a bytes-like object is required, not 'str'
2026-03-16 21:02:47,244 [ERROR] Error on sample 0: a bytes-like object is required, not 'str'
2026-03-16 21:02:47,245 [ERROR] Error on sample 0: a bytes-like object is required, not 'str'
2026-03-16 21:02:47,246 [ERROR] Error on sample 0: a bytes-like object is required, not 'str'
2026-03-16 21:02:47,246 [ERROR] Error on sample 0: a bytes-like object is required, not 'str'
2026-03-16 21:02:47,247 [ERROR] Error on sample 0: a bytes-like object is required, not 'str'
2026-03-16 21:02:47,248 [ERROR] Error on sample 0: a bytes-like object is required, not 'str'
2026-03-16 21:02:47,248 [ERROR] Error on sample 0: a bytes-like object is required, not 'str'
2026-03-16 21:02:47,249 [ERROR] Error on sample 0: a bytes-like object is required, not 'str'
2026-03-16 21:02:47,250 [ERROR] Error on sample 0: a bytes-like object is required, not 'str'
2026-03-16 21:02:47,250 [ERROR] Error on sample 0: a bytes-like object is required, not 'str'
2026-03-16 21:02:47,251 [ERROR] Error on sample 0: a bytes-like object is required, not 'str'
2026-03-16 21:02:47,252 [ERROR] Error on sample 0: a bytes-like object is required, not 'str'
2026-03-16 21:02:47,252 [ERROR] Error on sample 0: a bytes-like object is required, not 'str'
2026-03-16 21:02:47,253 [ERROR] Error on sample 0: a bytes-like object is required, not 'str'
2026-03-16 21:02:47,254 [ERROR] Error on sample 0: a bytes-like object is required, not 'str'
2026-03-16 21:02:47,254 [ERROR] Error on sample 0: a bytes-like object is required, not 'str'
2026-03-16 21:02:47,255 [ERROR] Error on sample 0: a bytes-like object is required, not 'str'
2026-03-16 21:02:47,256 [ERROR] Error on sample 0: a bytes-like object is required, not 'str'
2026-03-16 21:02:47,256 [ERROR] Error on sample 0: a bytes-like object is required, not 'str'
2026-03-16 21:02:47,257 [ERROR] Error on sample 0: a bytes-like object is required, not 'str'
2026-03-16 21:02:47,258 [ERROR] Error on sample 0: a bytes-like object is required, not 'str'
2026-03-16 21:02:47,258 [ERROR] Error on sample 0: a bytes-like object is required, not 'str'
2026-03-16 21:02:47,259 [ERROR] Error on sample 0: a bytes-like object is required, not 'str'
2026-03-16 21:02:47,260 [ERROR] Error on sample 0: a bytes-like object is required, not 'str'
2026-03-16 21:02:47,261 [ERROR] Error on sample 0: a bytes-like object is required, not 'str'
2026-03-16 21:02:47,261 [ERROR] Error on sample 0: a bytes-like object is required, not 'str'
2026-03-16 21:02:47,262 [ERROR] Error on sample 0: a bytes-like object is required, not 'str'
2026-03-16 21:02:47,263 [ERROR] Error on sample 0: a bytes-like object is required, not 'str'
2026-03-16 21:02:47,263 [ERROR] Error on sample 0: a bytes-like object is required, not 'str'
2026-03-16 21:02:47,264 [ERROR] Error on sample 0: a bytes-like object is required, not 'str'
2026-03-16 21:02:47,265 [ERROR] Error on sample 0: a bytes-like object is required, not 'str'
2026-03-16 21:02:47,265 [ERROR] Error on sample 0: a bytes-like object is required, not 'str'
2026-03-16 21:02:47,266 [ERROR] Error on sample 0: a bytes-like object is required, not 'str'
2026-03-16 21:02:47,267 [ERROR] Error on sample 0: a bytes-like object is required, not 'str'
2026-03-16 21:02:47,267 [ERROR] Error on sample 0: a bytes-like object is required, not 'str'
2026-03-16 21:02:47,268 [ERROR] Error on sample 0: a bytes-like object is required, not 'str'
2026-03-16 21:02:47,269 [ERROR] Error on sample 0: a bytes-like object is required, not 'str'
2026-03-16 21:02:47,269 [ERROR] Error on sample 0: a bytes-like object is required, not 'str'
2026-03-16 21:02:47,270 [ERROR] Error on sample 0: a bytes-like object is required, not 'str'
2026-03-16 21:02:47,271 [ERROR] Error on sample 0: a bytes-like object is required, not 'str'
2026-03-16 21:02:47,271 [ERROR] Error on sample 0: a bytes-like object is required, not 'str'
2026-03-16 21:02:47,272 [ERROR] Error on sample 0: a bytes-like object is required, not 'str'
2026-03-16 21:02:47,273 [ERROR] Error on sample 0: a bytes-like object is required, not 'str'
2026-03-16 21:02:47,274 [ERROR] Error on sample 0: a bytes-like object is required, not 'str'
2026-03-16 21:02:47,274 [ERROR] Error on sample 0: a bytes-like object is required, not 'str'
2026-03-16 21:02:47,275 [ERROR] Error on sample 0: a bytes-like object is required, not 'str'
2026-03-16 21:02:47,276 [ERROR] Error on sample 0: a bytes-like object is required, not 'str'
2026-03-16 21:02:47,276 [ERROR] Error on sample 0: a bytes-like object is required, not 'str'
2026-03-16 21:02:47,277 [ERROR] Error on sample 0: a bytes-like object is required, not 'str'
2026-03-16 21:02:47,278 [ERROR] Error on sample 0: a bytes-like object is required, not 'str'
2026-03-16 21:02:47,278 [ERROR] Error on sample 0: a bytes-like object is required, not 'str'
2026-03-16 21:02:47,279 [ERROR] Error on sample 0: a bytes-like object is required, not 'str'
2026-03-16 21:02:47,280 [ERROR] Error on sample 0: a bytes-like object is required, not 'str'
2026-03-16 21:02:47,280 [ERROR] Error on sample 0: a bytes-like object is required, not 'str'
2026-03-16 21:02:47,281 [ERROR] Error on sample 0: a bytes-like object is required, not 'str'
2026-03-16 21:02:47,282 [ERROR] Error on sample 0: a bytes-like object is required, not 'str'
2026-03-16 21:02:47,282 [ERROR] Error on sample 0: a bytes-like object is required, not 'str'
2026-03-16 21:02:47,283 [ERROR] Error on sample 0: a bytes-like object is required, not 'str'
2026-03-16 21:02:47,284 [ERROR] Error on sample 0: a bytes-like object is required, not 'str'
2026-03-16 21:02:47,285 [ERROR] Error on sample 0: a bytes-like object is required, not 'str'
2026-03-16 21:02:47,285 [ERROR] Error on sample 0: a bytes-like object is required, not 'str'
2026-03-16 21:02:47,286 [ERROR] Error on sample 0: a bytes-like object is required, not 'str'
2026-03-16 21:02:47,287 [ERROR] Error on sample 0: a bytes-like object is required, not 'str'
2026-03-16 21:02:47,287 [ERROR] Error on sample 0: a bytes-like object is required, not 'str'
2026-03-16 21:02:47,288 [ERROR] Error on sample 0: a bytes-like object is required, not 'str'
2026-03-16 21:02:47,289 [ERROR] Error on sample 0: a bytes-like object is required, not 'str'
2026-03-16 21:02:47,289 [ERROR] Error on sample 0: a bytes-like object is required, not 'str'
2026-03-16 21:02:47,290 [ERROR] Error on sample 0: a bytes-like object is required, not 'str'
2026-03-16 21:02:47,291 [ERROR] Error on sample 0: a bytes-like object is required, not 'str'
2026-03-16 21:02:47,291 [ERROR] Error on sample 0: a bytes-like object is required, not 'str'
2026-03-16 21:02:47,292 [ERROR] Error on sample 0: a bytes-like object is required, not 'str'
2026-03-16 21:02:47,293 [ERROR] Error on sample 0: a bytes-like object is required, not 'str'
2026-03-16 21:02:47,293 [ERROR] Error on sample 0: a bytes-like object is required, not 'str'
2026-03-16 21:02:47,294 [ERROR] Error on sample 0: a bytes-like object is required, not 'str'
2026-03-16 21:02:47,295 [ERROR] Error on sample 0: a bytes-like object is required, not 'str'
2026-03-16 21:02:47,296 [ERROR] Error on sample 0: a bytes-like object is required, not 'str'
2026-03-16 21:02:47,296 [ERROR] Error on sample 0: a bytes-like object is required, not 'str'
2026-03-16 21:02:47,297 [ERROR] Error on sample 0: a bytes-like object is required, not 'str'
2026-03-16 21:02:47,299 [ERROR] Error on sample 0: a bytes-like object is required, not 'str'
2026-03-16 21:02:47,300 [ERROR] Error on sample 0: a bytes-like object is required, not 'str'
2026-03-16 21:02:47,301 [ERROR] Error on sample 0: a bytes-like object is required, not 'str'
2026-03-16 21:02:47,301 [ERROR] Error on sample 0: a bytes-like object is required, not 'str'
2026-03-16 21:02:47,302 [ERROR] Error on sample 0: a bytes-like object is required, not 'str'
2026-03-16 21:02:47,303 [ERROR] Error on sample 0: a bytes-like object is required, not 'str'
2026-03-16 21:02:47,303 [ERROR] Error on sample 0: a bytes-like object is required, not 'str'
2026-03-16 21:02:47,304 [ERROR] Error on sample 0: a bytes-like object is required, not 'str'
2026-03-16 21:02:47,305 [ERROR] Error on sample 0: a bytes-like object is required, not 'str'
2026-03-16 21:02:47,305 [ERROR] Error on sample 0: a bytes-like object is required, not 'str'
2026-03-16 21:02:47,306 [ERROR] Error on sample 0: a bytes-like object is required, not 'str'
2026-03-16 21:02:47,307 [ERROR] Error on sample 0: a bytes-like object is required, not 'str'
2026-03-16 21:02:47,308 [ERROR] Error on sample 0: a bytes-like object is required, not 'str'
2026-03-16 21:02:47,308 [ERROR] Error on sample 0: a bytes-like object is required, not 'str'
2026-03-16 21:02:47,309 [ERROR] Error on sample 0: a bytes-like object is required, not 'str'
2026-03-16 21:02:47,310 [ERROR] Error on sample 0: a bytes-like object is required, not 'str'
2026-03-16 21:02:47,310 [ERROR] Error on sample 0: a bytes-like object is required, not 'str'
2026-03-16 21:02:47,311 [ERROR] Error on sample 0: a bytes-like object is required, not 'str'
2026-03-16 21:02:47,312 [ERROR] Error on sample 0: a bytes-like object is required, not 'str'
2026-03-16 21:02:47,312 [ERROR] Error on sample 0: a bytes-like object is required, not 'str'
2026-03-16 21:02:47,313 [ERROR] Error on sample 0: a bytes-like object is required, not 'str'
2026-03-16 21:02:47,314 [ERROR] Error on sample 0: a bytes-like object is required, not 'str'
2026-03-16 21:02:47,314 [ERROR] Error on sample 0: a bytes-like object is required, not 'str'
2026-03-16 21:02:47,315 [ERROR] Error on sample 0: a bytes-like object is required, not 'str'
2026-03-16 21:02:47,316 [ERROR] Error on sample 0: a bytes-like object is required, not 'str'
2026-03-16 21:02:47,316 [ERROR] Error on sample 0: a bytes-like object is required, not 'str'
2026-03-16 21:02:47,317 [ERROR] Error on sample 0: a bytes-like object is required, not 'str'
2026-03-16 21:02:47,318 [ERROR] Error on sample 0: a bytes-like object is required, not 'str'
2026-03-16 21:02:47,319 [ERROR] Error on sample 0: a bytes-like object is required, not 'str'
2026-03-16 21:02:47,319 [ERROR] Error on sample 0: a bytes-like object is required, not 'str'
2026-03-16 21:02:47,320 [ERROR] Error on sample 0: a bytes-like object is required, not 'str'
2026-03-16 21:02:47,321 [ERROR] Error on sample 0: a bytes-like object is required, not 'str'
2026-03-16 21:02:47,321 [ERROR] Error on sample 0: a bytes-like object is required, not 'str'
2026-03-16 21:02:47,322 [ERROR] Error on sample 0: a bytes-like object is required, not 'str'
2026-03-16 21:02:47,323 [ERROR] Error on sample 0: a bytes-like object is required, not 'str'
2026-03-16 21:02:47,323 [ERROR] Error on sample 0: a bytes-like object is required, not 'str'
2026-03-16 21:02:47,324 [ERROR] Error on sample 0: a bytes-like object is required, not 'str'
2026-03-16 21:02:47,325 [ERROR] Error on sample 0: a bytes-like object is required, not 'str'
2026-03-16 21:02:47,325 [ERROR] Error on sample 0: a bytes-like object is required, not 'str'
2026-03-16 21:02:47,326 [ERROR] Error on sample 0: a bytes-like object is required, not 'str'
2026-03-16 21:02:47,327 [ERROR] Error on sample 0: a bytes-like object is required, not 'str'
2026-03-16 21:02:47,327 [ERROR] Error on sample 0: a bytes-like object is required, not 'str'
2026-03-16 21:02:47,328 [ERROR] Error on sample 0: a bytes-like object is required, not 'str'
2026-03-16 21:02:47,329 [ERROR] Error on sample 0: a bytes-like object is required, not 'str'
2026-03-16 21:02:47,330 [ERROR] Error on sample 0: a bytes-like object is required, not 'str'
2026-03-16 21:02:47,330 [ERROR] Error on sample 0: a bytes-like object is required, not 'str'
2026-03-16 21:02:47,331 [ERROR] Error on sample 0: a bytes-like object is required, not 'str'
2026-03-16 21:02:47,332 [ERROR] Error on sample 0: a bytes-like object is required, not 'str'
2026-03-16 21:02:47,332 [ERROR] Error on sample 0: a bytes-like object is required, not 'str'
2026-03-16 21:02:47,333 [ERROR] Error on sample 0: a bytes-like object is required, not 'str'
2026-03-16 21:02:47,334 [ERROR] Error on sample 0: a bytes-like object is required, not 'str'
2026-03-16 21:02:47,334 [ERROR] Error on sample 0: a bytes-like object is required, not 'str'
2026-03-16 21:02:47,335 [ERROR] Error on sample 0: a bytes-like object is required, not 'str'
2026-03-16 21:02:47,336 [ERROR] Error on sample 0: a bytes-like object is required, not 'str'
2026-03-16 21:02:47,336 [ERROR] Error on sample 0: a bytes-like object is required, not 'str'
2026-03-16 21:02:47,337 [ERROR] Error on sample 0: a bytes-like object is required, not 'str'
2026-03-16 21:02:47,338 [ERROR] Error on sample 0: a bytes-like object is required, not 'str'
2026-03-16 21:02:47,338 [ERROR] Error on sample 0: a bytes-like object is required, not 'str'
2026-03-16 21:02:47,339 [ERROR] Error on sample 0: a bytes-like object is required, not 'str'
2026-03-16 21:02:47,340 [ERROR] Error on sample 0: a bytes-like object is required, not 'str'
2026-03-16 21:02:47,340 [ERROR] Error on sample 0: a bytes-like object is required, not 'str'
2026-03-16 21:02:47,341 [ERROR] Error on sample 0: a bytes-like object is required, not 'str'
2026-03-16 21:02:47,342 [ERROR] Error on sample 0: a bytes-like object is required, not 'str'
2026-03-16 21:02:47,342 [ERROR] Error on sample 0: a bytes-like object is required, not 'str'
2026-03-16 21:02:47,343 [ERROR] Error on sample 0: a bytes-like object is required, not 'str'
2026-03-16 21:02:47,344 [ERROR] Error on sample 0: a bytes-like object is required, not 'str'
2026-03-16 21:02:47,344 [ERROR] Error on sample 0: a bytes-like object is required, not 'str'
2026-03-16 21:02:47,345 [ERROR] Error on sample 0: a bytes-like object is required, not 'str'
2026-03-16 21:02:47,346 [ERROR] Error on sample 0: a bytes-like object is required, not 'str'
2026-03-16 21:02:47,346 [ERROR] Error on sample 0: a bytes-like object is required, not 'str'
2026-03-16 21:02:47,347 [ERROR] Error on sample 0: a bytes-like object is required, not 'str'
2026-03-16 21:02:47,348 [ERROR] Error on sample 0: a bytes-like object is required, not 'str'
2026-03-16 21:02:47,349 [ERROR] Error on sample 0: a bytes-like object is required, not 'str'
2026-03-16 21:02:47,349 [ERROR] Error on sample 0: a bytes-like object is required, not 'str'
2026-03-16 21:02:47,350 [ERROR] Error on sample 0: a bytes-like object is required, not 'str'
2026-03-16 21:02:47,351 [ERROR] Error on sample 0: a bytes-like object is required, not 'str'
2026-03-16 21:02:47,351 [ERROR] Error on sample 0: a bytes-like object is required, not 'str'
2026-03-16 21:02:47,352 [ERROR] Error on sample 0: a bytes-like object is required, not 'str'
2026-03-16 21:02:47,353 [ERROR] Error on sample 0: a bytes-like object is required, not 'str'
2026-03-16 21:02:47,353 [ERROR] Error on sample 0: a bytes-like object is required, not 'str'
2026-03-16 21:02:47,354 [ERROR] Error on sample 0: a bytes-like object is required, not 'str'
2026-03-16 21:02:47,355 [ERROR] Error on sample 0: a bytes-like object is required, not 'str'
2026-03-16 21:02:47,355 [ERROR] Error on sample 0: a bytes-like object is required, not 'str'
2026-03-16 21:02:47,356 [ERROR] Error on sample 0: a bytes-like object is required, not 'str'
2026-03-16 21:02:47,357 [ERROR] Error on sample 0: a bytes-like object is required, not 'str'
2026-03-16 21:02:47,357 [ERROR] Error on sample 0: a bytes-like object is required, not 'str'
2026-03-16 21:02:47,358 [ERROR] Error on sample 0: a bytes-like object is required, not 'str'
2026-03-16 21:02:47,359 [ERROR] Error on sample 0: a bytes-like object is required, not 'str'
2026-03-16 21:02:47,359 [ERROR] Error on sample 0: a bytes-like object is required, not 'str'
2026-03-16 21:02:47,360 [ERROR] Error on sample 0: a bytes-like object is required, not 'str'
2026-03-16 21:02:47,361 [ERROR] Error on sample 0: a bytes-like object is required, not 'str'
2026-03-16 21:02:47,361 [ERROR] Error on sample 0: a bytes-like object is required, not 'str'
2026-03-16 21:02:47,362 [ERROR] Error on sample 0: a bytes-like object is required, not 'str'
2026-03-16 21:02:47,363 [ERROR] Error on sample 0: a bytes-like object is required, not 'str'
2026-03-16 21:02:47,363 [ERROR] Error on sample 0: a bytes-like object is required, not 'str'
2026-03-16 21:02:47,364 [ERROR] Error on sample 0: a bytes-like object is required, not 'str'
2026-03-16 21:02:47,365 [ERROR] Error on sample 0: a bytes-like object is required, not 'str'
2026-03-16 21:02:47,365 [ERROR] Error on sample 0: a bytes-like object is required, not 'str'
2026-03-16 21:02:47,366 [ERROR] Error on sample 0: a bytes-like object is required, not 'str'
2026-03-16 21:02:47,367 [ERROR] Error on sample 0: a bytes-like object is required, not 'str'
2026-03-16 21:02:47,367 [ERROR] Error on sample 0: a bytes-like object is required, not 'str'
2026-03-16 21:02:47,368 [ERROR] Error on sample 0: a bytes-like object is required, not 'str'
2026-03-16 21:02:47,369 [ERROR] Error on sample 0: a bytes-like object is required, not 'str'
2026-03-16 21:02:47,371 [ERROR] Error on sample 0: a bytes-like object is required, not 'str'
2026-03-16 21:02:47,371 [ERROR] Error on sample 0: a bytes-like object is required, not 'str'
2026-03-16 21:02:47,372 [ERROR] Error on sample 0: a bytes-like object is required, not 'str'
2026-03-16 21:02:47,373 [ERROR] Error on sample 0: a bytes-like object is required, not 'str'
2026-03-16 21:02:47,374 [ERROR] Error on sample 0: a bytes-like object is required, not 'str'
2026-03-16 21:02:47,375 [ERROR] Error on sample 0: a bytes-like object is required, not 'str'
2026-03-16 21:02:47,375 [ERROR] Error on sample 0: a bytes-like object is required, not 'str'
2026-03-16 21:02:47,376 [ERROR] Error on sample 0: a bytes-like object is required, not 'str'
2026-03-16 21:02:47,377 [ERROR] Error on sample 0: a bytes-like object is required, not 'str'
2026-03-16 21:02:47,378 [ERROR] Error on sample 0: a bytes-like object is required, not 'str'
2026-03-16 21:02:47,379 [ERROR] Error on sample 0: a bytes-like object is required, not 'str'
2026-03-16 21:02:47,379 [ERROR] Error on sample 0: a bytes-like object is required, not 'str'
2026-03-16 21:02:47,380 [ERROR] Error on sample 0: a bytes-like object is required, not 'str'
2026-03-16 21:02:47,381 [ERROR] Error on sample 0: a bytes-like object is required, not 'str'
2026-03-16 21:02:47,382 [ERROR] Error on sample 0: a bytes-like object is required, not 'str'
2026-03-16 21:02:47,382 [ERROR] Error on sample 0: a bytes-like object is required, not 'str'
2026-03-16 21:02:47,383 [ERROR] Error on sample 0: a bytes-like object is required, not 'str'
2026-03-16 21:02:47,384 [ERROR] Error on sample 0: a bytes-like object is required, not 'str'
2026-03-16 21:02:47,384 [ERROR] Error on sample 0: a bytes-like object is required, not 'str'
2026-03-16 21:02:47,385 [ERROR] Error on sample 0: a bytes-like object is required, not 'str'
2026-03-16 21:02:47,386 [ERROR] Error on sample 0: a bytes-like object is required, not 'str'
2026-03-16 21:02:47,386 [ERROR] Error on sample 0: a bytes-like object is required, not 'str'
2026-03-16 21:02:47,387 [ERROR] Error on sample 0: a bytes-like object is required, not 'str'
2026-03-16 21:02:47,388 [ERROR] Error on sample 0: a bytes-like object is required, not 'str'
2026-03-16 21:02:47,389 [ERROR] Error on sample 0: a bytes-like object is required, not 'str'
2026-03-16 21:02:47,389 [ERROR] Error on sample 0: a bytes-like object is required, not 'str'
2026-03-16 21:02:47,390 [ERROR] Error on sample 0: a bytes-like object is required, not 'str'
2026-03-16 21:02:47,391 [ERROR] Error on sample 0: a bytes-like object is required, not 'str'
2026-03-16 21:02:47,391 [ERROR] Error on sample 0: a bytes-like object is required, not 'str'
2026-03-16 21:02:47,392 [ERROR] Error on sample 0: a bytes-like object is required, not 'str'
2026-03-16 21:02:47,393 [ERROR] Error on sample 0: a bytes-like object is required, not 'str'
2026-03-16 21:02:47,394 [ERROR] Error on sample 0: a bytes-like object is required, not 'str'
2026-03-16 21:02:47,394 [ERROR] Error on sample 0: a bytes-like object is required, not 'str'
2026-03-16 21:02:47,395 [ERROR] Error on sample 0: a bytes-like object is required, not 'str'
2026-03-16 21:02:47,396 [ERROR] Error on sample 0: a bytes-like object is required, not 'str'
2026-03-16 21:02:47,396 [ERROR] Error on sample 0: a bytes-like object is required, not 'str'
2026-03-16 21:02:47,397 [ERROR] Error on sample 0: a bytes-like object is required, not 'str'
2026-03-16 21:02:47,398 [ERROR] Error on sample 0: a bytes-like object is required, not 'str'
2026-03-16 21:02:47,398 [ERROR] Error on sample 0: a bytes-like object is required, not 'str'
2026-03-16 21:02:47,399 [ERROR] Error on sample 0: a bytes-like object is required, not 'str'
2026-03-16 21:02:47,400 [ERROR] Error on sample 0: a bytes-like object is required, not 'str'
2026-03-16 21:02:47,401 [ERROR] Error on sample 0: a bytes-like object is required, not 'str'
2026-03-16 21:02:47,401 [ERROR] Error on sample 0: a bytes-like object is required, not 'str'
2026-03-16 21:02:47,402 [ERROR] Error on sample 0: a bytes-like object is required, not 'str'
2026-03-16 21:02:47,403 [ERROR] Error on sample 0: a bytes-like object is required, not 'str'
2026-03-16 21:02:47,403 [ERROR] Error on sample 0: a bytes-like object is required, not 'str'
2026-03-16 21:02:47,404 [ERROR] Error on sample 0: a bytes-like object is required, not 'str'
2026-03-16 21:02:47,405 [ERROR] Error on sample 0: a bytes-like object is required, not 'str'
2026-03-16 21:02:47,405 [ERROR] Error on sample 0: a bytes-like object is required, not 'str'
2026-03-16 21:02:47,406 [ERROR] Error on sample 0: a bytes-like object is required, not 'str'
2026-03-16 21:02:47,407 [ERROR] Error on sample 0: a bytes-like object is required, not 'str'
2026-03-16 21:02:47,408 [ERROR] Error on sample 0: a bytes-like object is required, not 'str'
2026-03-16 21:02:47,408 [ERROR] Error on sample 0: a bytes-like object is required, not 'str'
2026-03-16 21:02:47,409 [ERROR] Error on sample 0: a bytes-like object is required, not 'str'
2026-03-16 21:02:47,410 [ERROR] Error on sample 0: a bytes-like object is required, not 'str'
2026-03-16 21:02:47,410 [ERROR] Error on sample 0: a bytes-like object is required, not 'str'
2026-03-16 21:02:47,411 [ERROR] Error on sample 0: a bytes-like object is required, not 'str'
2026-03-16 21:02:47,412 [ERROR] Error on sample 0: a bytes-like object is required, not 'str'
2026-03-16 21:02:47,412 [ERROR] Error on sample 0: a bytes-like object is required, not 'str'
2026-03-16 21:02:47,413 [ERROR] Error on sample 0: a bytes-like object is required, not 'str'
2026-03-16 21:02:47,414 [ERROR] Error on sample 0: a bytes-like object is required, not 'str'
2026-03-16 21:02:47,415 [ERROR] Error on sample 0: a bytes-like object is required, not 'str'
2026-03-16 21:02:47,415 [ERROR] Error on sample 0: a bytes-like object is required, not 'str'
2026-03-16 21:02:47,416 [ERROR] Error on sample 0: a bytes-like object is required, not 'str'
2026-03-16 21:02:47,417 [ERROR] Error on sample 0: a bytes-like object is required, not 'str'
2026-03-16 21:02:47,418 [ERROR] Error on sample 0: a bytes-like object is required, not 'str'
2026-03-16 21:02:47,418 [ERROR] Error on sample 0: a bytes-like object is required, not 'str'
2026-03-16 21:02:47,419 [ERROR] Error on sample 0: a bytes-like object is required, not 'str'
2026-03-16 21:02:47,420 [ERROR] Error on sample 0: a bytes-like object is required, not 'str'
2026-03-16 21:02:47,420 [ERROR] Error on sample 0: a bytes-like object is required, not 'str'
2026-03-16 21:02:47,421 [ERROR] Error on sample 0: a bytes-like object is required, not 'str'
2026-03-16 21:02:47,422 [ERROR] Error on sample 0: a bytes-like object is required, not 'str'
2026-03-16 21:02:47,423 [ERROR] Error on sample 0: a bytes-like object is required, not 'str'
2026-03-16 21:02:47,423 [ERROR] Error on sample 0: a bytes-like object is required, not 'str'
2026-03-16 21:02:47,424 [ERROR] Error on sample 0: a bytes-like object is required, not 'str'
2026-03-16 21:02:47,425 [ERROR] Error on sample 0: a bytes-like object is required, not 'str'
2026-03-16 21:02:47,426 [ERROR] Error on sample 0: a bytes-like object is required, not 'str'
2026-03-16 21:02:47,426 [ERROR] Error on sample 0: a bytes-like object is required, not 'str'
2026-03-16 21:02:47,427 [ERROR] Error on sample 0: a bytes-like object is required, not 'str'
2026-03-16 21:02:47,428 [ERROR] Error on sample 0: a bytes-like object is required, not 'str'
2026-03-16 21:02:47,428 [ERROR] Error on sample 0: a bytes-like object is required, not 'str'
2026-03-16 21:02:47,429 [ERROR] Error on sample 0: a bytes-like object is required, not 'str'
2026-03-16 21:02:47,430 [ERROR] Error on sample 0: a bytes-like object is required, not 'str'
2026-03-16 21:02:47,431 [ERROR] Error on sample 0: a bytes-like object is required, not 'str'
2026-03-16 21:02:47,431 [ERROR] Error on sample 0: a bytes-like object is required, not 'str'
2026-03-16 21:02:47,432 [ERROR] Error on sample 0: a bytes-like object is required, not 'str'
2026-03-16 21:02:47,433 [ERROR] Error on sample 0: a bytes-like object is required, not 'str'
2026-03-16 21:02:47,433 [ERROR] Error on sample 0: a bytes-like object is required, not 'str'
2026-03-16 21:02:47,434 [ERROR] Error on sample 0: a bytes-like object is required, not 'str'
2026-03-16 21:02:47,435 [ERROR] Error on sample 0: a bytes-like object is required, not 'str'
2026-03-16 21:02:47,436 [ERROR] Error on sample 0: a bytes-like object is required, not 'str'
2026-03-16 21:02:47,437 [ERROR] Error on sample 0: a bytes-like object is required, not 'str'
2026-03-16 21:02:47,437 [ERROR] Error on sample 0: a bytes-like object is required, not 'str'
2026-03-16 21:02:47,438 [ERROR] Error on sample 0: a bytes-like object is required, not 'str'
2026-03-16 21:02:47,439 [ERROR] Error on sample 0: a bytes-like object is required, not 'str'
2026-03-16 21:02:47,439 [ERROR] Error on sample 0: a bytes-like object is required, not 'str'
2026-03-16 21:02:47,440 [ERROR] Error on sample 0: a bytes-like object is required, not 'str'
2026-03-16 21:02:47,441 [ERROR] Error on sample 0: a bytes-like object is required, not 'str'
2026-03-16 21:02:47,442 [ERROR] Error on sample 0: a bytes-like object is required, not 'str'
2026-03-16 21:02:47,442 [ERROR] Error on sample 0: a bytes-like object is required, not 'str'
2026-03-16 21:02:47,443 [ERROR] Error on sample 0: a bytes-like object is required, not 'str'
2026-03-16 21:02:47,444 [ERROR] Error on sample 0: a bytes-like object is required, not 'str'
2026-03-16 21:02:47,444 [ERROR] Error on sample 0: a bytes-like object is required, not 'str'
2026-03-16 21:02:47,445 [ERROR] Error on sample 0: a bytes-like object is required, not 'str'
2026-03-16 21:02:47,446 [ERROR] Error on sample 0: a bytes-like object is required, not 'str'
2026-03-16 21:02:47,446 [ERROR] Error on sample 0: a bytes-like object is required, not 'str'
2026-03-16 21:02:47,447 [ERROR] Error on sample 0: a bytes-like object is required, not 'str'
2026-03-16 21:02:47,448 [ERROR] Error on sample 0: a bytes-like object is required, not 'str'
2026-03-16 21:02:47,449 [ERROR] Error on sample 0: a bytes-like object is required, not 'str'
2026-03-16 21:02:47,449 [ERROR] Error on sample 0: a bytes-like object is required, not 'str'
2026-03-16 21:02:47,450 [ERROR] Error on sample 0: a bytes-like object is required, not 'str'
2026-03-16 21:02:47,451 [ERROR] Error on sample 0: a bytes-like object is required, not 'str'
2026-03-16 21:02:47,451 [ERROR] Error on sample 0: a bytes-like object is required, not 'str'
2026-03-16 21:02:47,452 [ERROR] Error on sample 0: a bytes-like object is required, not 'str'
2026-03-16 21:02:47,453 [ERROR] Error on sample 0: a bytes-like object is required, not 'str'
2026-03-16 21:02:47,454 [ERROR] Error on sample 0: a bytes-like object is required, not 'str'
2026-03-16 21:02:47,454 [ERROR] Error on sample 0: a bytes-like object is required, not 'str'
2026-03-16 21:02:47,455 [ERROR] Error on sample 0: a bytes-like object is required, not 'str'
2026-03-16 21:02:47,456 [ERROR] Error on sample 0: a bytes-like object is required, not 'str'
2026-03-16 21:02:47,456 [ERROR] Error on sample 0: a bytes-like object is required, not 'str'
2026-03-16 21:02:47,457 [ERROR] Error on sample 0: a bytes-like object is required, not 'str'
2026-03-16 21:02:47,458 [ERROR] Error on sample 0: a bytes-like object is required, not 'str'
2026-03-16 21:02:47,459 [ERROR] Error on sample 0: a bytes-like object is required, not 'str'
2026-03-16 21:02:47,459 [ERROR] Error on sample 0: a bytes-like object is required, not 'str'
2026-03-16 21:02:47,460 [ERROR] Error on sample 0: a bytes-like object is required, not 'str'
2026-03-16 21:02:47,461 [ERROR] Error on sample 0: a bytes-like object is required, not 'str'
2026-03-16 21:02:47,461 [ERROR] Error on sample 0: a bytes-like object is required, not 'str'
2026-03-16 21:02:47,462 [ERROR] Error on sample 0: a bytes-like object is required, not 'str'
2026-03-16 21:02:47,463 [ERROR] Error on sample 0: a bytes-like object is required, not 'str'
2026-03-16 21:02:47,463 [ERROR] Error on sample 0: a bytes-like object is required, not 'str'
2026-03-16 21:02:47,464 [ERROR] Error on sample 0: a bytes-like object is required, not 'str'
2026-03-16 21:02:47,465 [ERROR] Error on sample 0: a bytes-like object is required, not 'str'
2026-03-16 21:02:47,466 [ERROR] Error on sample 0: a bytes-like object is required, not 'str'
2026-03-16 21:02:47,466 [ERROR] Error on sample 0: a bytes-like object is required, not 'str'
2026-03-16 21:02:47,467 [ERROR] Error on sample 0: a bytes-like object is required, not 'str'
2026-03-16 21:02:47,468 [ERROR] Error on sample 0: a bytes-like object is required, not 'str'
2026-03-16 21:02:47,468 [ERROR] Error on sample 0: a bytes-like object is required, not 'str'
2026-03-16 21:02:47,469 [ERROR] Error on sample 0: a bytes-like object is required, not 'str'
2026-03-16 21:02:47,470 [ERROR] Error on sample 0: a bytes-like object is required, not 'str'
2026-03-16 21:02:47,471 [ERROR] Error on sample 0: a bytes-like object is required, not 'str'
2026-03-16 21:02:47,471 [ERROR] Error on sample 0: a bytes-like object is required, not 'str'
2026-03-16 21:02:47,472 [ERROR] Error on sample 0: a bytes-like object is required, not 'str'
2026-03-16 21:02:47,473 [ERROR] Error on sample 0: a bytes-like object is required, not 'str'
2026-03-16 21:02:47,474 [ERROR] Error on sample 0: a bytes-like object is required, not 'str'
2026-03-16 21:02:47,474 [ERROR] Error on sample 0: a bytes-like object is required, not 'str'
2026-03-16 21:02:47,475 [ERROR] Error on sample 0: a bytes-like object is required, not 'str'
2026-03-16 21:02:47,476 [ERROR] Error on sample 0: a bytes-like object is required, not 'str'
2026-03-16 21:02:47,476 [ERROR] Error on sample 0: a bytes-like object is required, not 'str'
2026-03-16 21:02:47,477 [ERROR] Error on sample 0: a bytes-like object is required, not 'str'
2026-03-16 21:02:47,478 [ERROR] Error on sample 0: a bytes-like object is required, not 'str'
2026-03-16 21:02:47,479 [ERROR] Error on sample 0: a bytes-like object is required, not 'str'
2026-03-16 21:02:47,479 [ERROR] Error on sample 0: a bytes-like object is required, not 'str'
2026-03-16 21:02:47,480 [ERROR] Error on sample 0: a bytes-like object is required, not 'str'
2026-03-16 21:02:47,481 [ERROR] Error on sample 0: a bytes-like object is required, not 'str'
2026-03-16 21:02:47,481 [ERROR] Error on sample 0: a bytes-like object is required, not 'str'
2026-03-16 21:02:47,482 [ERROR] Error on sample 0: a bytes-like object is required, not 'str'
2026-03-16 21:02:47,483 [ERROR] Error on sample 0: a bytes-like object is required, not 'str'
2026-03-16 21:02:47,483 [ERROR] Error on sample 0: a bytes-like object is required, not 'str'
2026-03-16 21:02:47,484 [ERROR] Error on sample 0: a bytes-like object is required, not 'str'
2026-03-16 21:02:47,485 [ERROR] Error on sample 0: a bytes-like object is required, not 'str'
2026-03-16 21:02:47,486 [ERROR] Error on sample 0: a bytes-like object is required, not 'str'
2026-03-16 21:02:47,486 [ERROR] Error on sample 0: a bytes-like object is required, not 'str'
2026-03-16 21:02:47,487 [ERROR] Error on sample 0: a bytes-like object is required, not 'str'
2026-03-16 21:02:47,488 [ERROR] Error on sample 0: a bytes-like object is required, not 'str'
2026-03-16 21:02:47,488 [ERROR] Error on sample 0: a bytes-like object is required, not 'str'
2026-03-16 21:02:47,489 [ERROR] Error on sample 0: a bytes-like object is required, not 'str'
2026-03-16 21:02:47,490 [ERROR] Error on sample 0: a bytes-like object is required, not 'str'
2026-03-16 21:02:47,491 [ERROR] Error on sample 0: a bytes-like object is required, not 'str'
2026-03-16 21:02:47,491 [ERROR] Error on sample 0: a bytes-like object is required, not 'str'
2026-03-16 21:02:47,492 [ERROR] Error on sample 0: a bytes-like object is required, not 'str'
2026-03-16 21:02:47,493 [ERROR] Error on sample 0: a bytes-like object is required, not 'str'
2026-03-16 21:02:47,493 [ERROR] Error on sample 0: a bytes-like object is required, not 'str'
2026-03-16 21:02:47,494 [ERROR] Error on sample 0: a bytes-like object is required, not 'str'
2026-03-16 21:02:47,495 [ERROR] Error on sample 0: a bytes-like object is required, not 'str'
2026-03-16 21:02:47,496 [ERROR] Error on sample 0: a bytes-like object is required, not 'str'
2026-03-16 21:02:47,496 [ERROR] Error on sample 0: a bytes-like object is required, not 'str'
2026-03-16 21:02:47,497 [ERROR] Error on sample 0: a bytes-like object is required, not 'str'
2026-03-16 21:02:47,498 [ERROR] Error on sample 0: a bytes-like object is required, not 'str'
2026-03-16 21:02:47,498 [ERROR] Error on sample 0: a bytes-like object is required, not 'str'
2026-03-16 21:02:47,499 [ERROR] Error on sample 0: a bytes-like object is required, not 'str'
2026-03-16 21:02:47,500 [ERROR] Error on sample 0: a bytes-like object is required, not 'str'
2026-03-16 21:02:47,500 [ERROR] Error on sample 0: a bytes-like object is required, not 'str'
2026-03-16 21:02:47,501 [ERROR] Error on sample 0: a bytes-like object is required, not 'str'
2026-03-16 21:02:47,502 [ERROR] Error on sample 0: a bytes-like object is required, not 'str'
2026-03-16 21:02:47,503 [ERROR] Error on sample 0: a bytes-like object is required, not 'str'
2026-03-16 21:02:47,503 [ERROR] Error on sample 0: a bytes-like object is required, not 'str'
2026-03-16 21:02:47,504 [ERROR] Error on sample 0: a bytes-like object is required, not 'str'
2026-03-16 21:02:47,505 [ERROR] Error on sample 0: a bytes-like object is required, not 'str'
2026-03-16 21:02:47,506 [ERROR] Error on sample 0: a bytes-like object is required, not 'str'
2026-03-16 21:02:47,506 [ERROR] Error on sample 0: a bytes-like object is required, not 'str'
2026-03-16 21:02:47,507 [ERROR] Error on sample 0: a bytes-like object is required, not 'str'
2026-03-16 21:02:47,508 [ERROR] Error on sample 0: a bytes-like object is required, not 'str'
2026-03-16 21:02:47,508 [ERROR] Error on sample 0: a bytes-like object is required, not 'str'
2026-03-16 21:02:47,509 [ERROR] Error on sample 0: a bytes-like object is required, not 'str'
2026-03-16 21:02:47,510 [ERROR] Error on sample 0: a bytes-like object is required, not 'str'
2026-03-16 21:02:47,510 [ERROR] Error on sample 0: a bytes-like object is required, not 'str'
2026-03-16 21:02:47,511 [ERROR] Error on sample 0: a bytes-like object is required, not 'str'
2026-03-16 21:02:47,512 [ERROR] Error on sample 0: a bytes-like object is required, not 'str'
2026-03-16 21:02:47,513 [ERROR] Error on sample 0: a bytes-like object is required, not 'str'
2026-03-16 21:02:47,513 [ERROR] Error on sample 0: a bytes-like object is required, not 'str'
2026-03-16 21:02:47,514 [ERROR] Error on sample 0: a bytes-like object is required, not 'str'
2026-03-16 21:02:47,515 [ERROR] Error on sample 0: a bytes-like object is required, not 'str'
2026-03-16 21:02:47,516 [ERROR] Error on sample 0: a bytes-like object is required, not 'str'
2026-03-16 21:02:47,516 [ERROR] Error on sample 0: a bytes-like object is required, not 'str'
2026-03-16 21:02:47,517 [ERROR] Error on sample 0: a bytes-like object is required, not 'str'
2026-03-16 21:02:47,518 [ERROR] Error on sample 0: a bytes-like object is required, not 'str'
2026-03-16 21:02:47,518 [ERROR] Error on sample 0: a bytes-like object is required, not 'str'
2026-03-16 21:02:47,519 [ERROR] Error on sample 0: a bytes-like object is required, not 'str'
2026-03-16 21:02:47,520 [ERROR] Error on sample 0: a bytes-like object is required, not 'str'
2026-03-16 21:02:47,520 [ERROR] Error on sample 0: a bytes-like object is required, not 'str'
2026-03-16 21:02:47,521 [ERROR] Error on sample 0: a bytes-like object is required, not 'str'
2026-03-16 21:02:47,522 [ERROR] Error on sample 0: a bytes-like object is required, not 'str'
2026-03-16 21:02:47,523 [ERROR] Error on sample 0: a bytes-like object is required, not 'str'
2026-03-16 21:02:47,523 [ERROR] Error on sample 0: a bytes-like object is required, not 'str'
2026-03-16 21:02:47,524 [ERROR] Error on sample 0: a bytes-like object is required, not 'str'
2026-03-16 21:02:47,525 [ERROR] Error on sample 0: a bytes-like object is required, not 'str'
2026-03-16 21:02:47,525 [ERROR] Error on sample 0: a bytes-like object is required, not 'str'
2026-03-16 21:02:47,526 [ERROR] Error on sample 0: a bytes-like object is required, not 'str'
2026-03-16 21:02:47,527 [ERROR] Error on sample 0: a bytes-like object is required, not 'str'
2026-03-16 21:02:47,528 [ERROR] Error on sample 0: a bytes-like object is required, not 'str'
2026-03-16 21:02:47,528 [ERROR] Error on sample 0: a bytes-like object is required, not 'str'
2026-03-16 21:02:47,529 [ERROR] Error on sample 0: a bytes-like object is required, not 'str'
2026-03-16 21:02:47,530 [ERROR] Error on sample 0: a bytes-like object is required, not 'str'
2026-03-16 21:02:47,530 [ERROR] Error on sample 0: a bytes-like object is required, not 'str'
2026-03-16 21:02:47,531 [ERROR] Error on sample 0: a bytes-like object is required, not 'str'
2026-03-16 21:02:47,532 [ERROR] Error on sample 0: a bytes-like object is required, not 'str'
2026-03-16 21:02:47,532 [ERROR] Error on sample 0: a bytes-like object is required, not 'str'
2026-03-16 21:02:47,533 [ERROR] Error on sample 0: a bytes-like object is required, not 'str'
2026-03-16 21:02:47,534 [ERROR] Error on sample 0: a bytes-like object is required, not 'str'
2026-03-16 21:02:47,535 [ERROR] Error on sample 0: a bytes-like object is required, not 'str'
2026-03-16 21:02:47,535 [ERROR] Error on sample 0: a bytes-like object is required, not 'str'
2026-03-16 21:02:47,536 [ERROR] Error on sample 0: a bytes-like object is required, not 'str'
2026-03-16 21:02:47,537 [ERROR] Error on sample 0: a bytes-like object is required, not 'str'
2026-03-16 21:02:47,537 [ERROR] Error on sample 0: a bytes-like object is required, not 'str'
2026-03-16 21:02:47,538 [ERROR] Error on sample 0: a bytes-like object is required, not 'str'
2026-03-16 21:02:47,539 [ERROR] Error on sample 0: a bytes-like object is required, not 'str'
2026-03-16 21:02:47,540 [ERROR] Error on sample 0: a bytes-like object is required, not 'str'
2026-03-16 21:02:47,540 [ERROR] Error on sample 0: a bytes-like object is required, not 'str'
2026-03-16 21:02:47,541 [ERROR] Error on sample 0: a bytes-like object is required, not 'str'
2026-03-16 21:02:47,542 [ERROR] Error on sample 0: a bytes-like object is required, not 'str'
2026-03-16 21:02:47,542 [ERROR] Error on sample 0: a bytes-like object is required, not 'str'
2026-03-16 21:02:47,543 [ERROR] Error on sample 0: a bytes-like object is required, not 'str'
2026-03-16 21:02:47,544 [ERROR] Error on sample 0: a bytes-like object is required, not 'str'
2026-03-16 21:02:47,545 [ERROR] Error on sample 0: a bytes-like object is required, not 'str'
2026-03-16 21:02:47,545 [ERROR] Error on sample 0: a bytes-like object is required, not 'str'
2026-03-16 21:02:47,546 [ERROR] Error on sample 0: a bytes-like object is required, not 'str'
2026-03-16 21:02:47,547 [ERROR] Error on sample 0: a bytes-like object is required, not 'str'
2026-03-16 21:02:47,547 [ERROR] Error on sample 0: a bytes-like object is required, not 'str'
2026-03-16 21:02:47,548 [ERROR] Error on sample 0: a bytes-like object is required, not 'str'
2026-03-16 21:02:47,549 [ERROR] Error on sample 0: a bytes-like object is required, not 'str'
2026-03-16 21:02:47,549 [ERROR] Error on sample 0: a bytes-like object is required, not 'str'
2026-03-16 21:02:47,550 [ERROR] Error on sample 0: a bytes-like object is required, not 'str'
2026-03-16 21:02:47,551 [ERROR] Error on sample 0: a bytes-like object is required, not 'str'
2026-03-16 21:02:47,552 [ERROR] Error on sample 0: a bytes-like object is required, not 'str'
2026-03-16 21:02:47,552 [ERROR] Error on sample 0: a bytes-like object is required, not 'str'
2026-03-16 21:02:47,553 [ERROR] Error on sample 0: a bytes-like object is required, not 'str'
2026-03-16 21:02:47,554 [ERROR] Error on sample 0: a bytes-like object is required, not 'str'
2026-03-16 21:02:47,555 [ERROR] Error on sample 0: a bytes-like object is required, not 'str'
2026-03-16 21:02:47,555 [ERROR] Error on sample 0: a bytes-like object is required, not 'str'
2026-03-16 21:02:47,556 [ERROR] Error on sample 0: a bytes-like object is required, not 'str'
2026-03-16 21:02:47,557 [ERROR] Error on sample 0: a bytes-like object is required, not 'str'
2026-03-16 21:02:47,558 [ERROR] Error on sample 0: a bytes-like object is required, not 'str'
2026-03-16 21:02:47,558 [ERROR] Error on sample 0: a bytes-like object is required, not 'str'
2026-03-16 21:02:47,559 [ERROR] Error on sample 0: a bytes-like object is required, not 'str'
2026-03-16 21:02:47,560 [ERROR] Error on sample 0: a bytes-like object is required, not 'str'
2026-03-16 21:02:47,561 [ERROR] Error on sample 0: a bytes-like object is required, not 'str'
2026-03-16 21:02:47,561 [ERROR] Error on sample 0: a bytes-like object is required, not 'str'
2026-03-16 21:02:47,562 [ERROR] Error on sample 0: a bytes-like object is required, not 'str'
2026-03-16 21:02:47,563 [ERROR] Error on sample 0: a bytes-like object is required, not 'str'
2026-03-16 21:02:47,563 [ERROR] Error on sample 0: a bytes-like object is required, not 'str'
2026-03-16 21:02:47,564 [ERROR] Error on sample 0: a bytes-like object is required, not 'str'
2026-03-16 21:02:47,565 [ERROR] Error on sample 0: a bytes-like object is required, not 'str'
2026-03-16 21:02:47,565 [ERROR] Error on sample 0: a bytes-like object is required, not 'str'
2026-03-16 21:02:47,566 [ERROR] Error on sample 0: a bytes-like object is required, not 'str'
2026-03-16 21:02:47,567 [ERROR] Error on sample 0: a bytes-like object is required, not 'str'
2026-03-16 21:02:47,568 [ERROR] Error on sample 0: a bytes-like object is required, not 'str'
2026-03-16 21:02:47,568 [ERROR] Error on sample 0: a bytes-like object is required, not 'str'
2026-03-16 21:02:47,569 [ERROR] Error on sample 0: a bytes-like object is required, not 'str'
2026-03-16 21:02:47,570 [ERROR] Error on sample 0: a bytes-like object is required, not 'str'
2026-03-16 21:02:47,570 [ERROR] Error on sample 0: a bytes-like object is required, not 'str'
2026-03-16 21:02:47,571 [ERROR] Error on sample 0: a bytes-like object is required, not 'str'
2026-03-16 21:02:47,572 [ERROR] Error on sample 0: a bytes-like object is required, not 'str'
2026-03-16 21:02:47,572 [ERROR] Error on sample 0: a bytes-like object is required, not 'str'
2026-03-16 21:02:47,573 [ERROR] Error on sample 0: a bytes-like object is required, not 'str'
2026-03-16 21:02:47,574 [ERROR] Error on sample 0: a bytes-like object is required, not 'str'
2026-03-16 21:02:47,575 [ERROR] Error on sample 0: a bytes-like object is required, not 'str'
2026-03-16 21:02:47,575 [ERROR] Error on sample 0: a bytes-like object is required, not 'str'
2026-03-16 21:02:47,576 [ERROR] Error on sample 0: a bytes-like object is required, not 'str'
2026-03-16 21:02:47,577 [ERROR] Error on sample 0: a bytes-like object is required, not 'str'
2026-03-16 21:02:47,577 [ERROR] Error on sample 0: a bytes-like object is required, not 'str'
2026-03-16 21:02:47,578 [ERROR] Error on sample 0: a bytes-like object is required, not 'str'
2026-03-16 21:02:47,579 [ERROR] Error on sample 0: a bytes-like object is required, not 'str'
2026-03-16 21:02:47,579 [ERROR] Error on sample 0: a bytes-like object is required, not 'str'
2026-03-16 21:02:47,580 [ERROR] Error on sample 0: a bytes-like object is required, not 'str'
2026-03-16 21:02:47,581 [ERROR] Error on sample 0: a bytes-like object is required, not 'str'
2026-03-16 21:02:47,581 [ERROR] Error on sample 0: a bytes-like object is required, not 'str'
2026-03-16 21:02:47,582 [ERROR] Error on sample 0: a bytes-like object is required, not 'str'
2026-03-16 21:02:47,583 [ERROR] Error on sample 0: a bytes-like object is required, not 'str'
2026-03-16 21:02:47,584 [ERROR] Error on sample 0: a bytes-like object is required, not 'str'
2026-03-16 21:02:47,584 [ERROR] Error on sample 0: a bytes-like object is required, not 'str'
2026-03-16 21:02:47,585 [ERROR] Error on sample 0: a bytes-like object is required, not 'str'
2026-03-16 21:02:47,586 [ERROR] Error on sample 0: a bytes-like object is required, not 'str'
2026-03-16 21:02:47,586 [ERROR] Error on sample 0: a bytes-like object is required, not 'str'
2026-03-16 21:02:47,587 [ERROR] Error on sample 0: a bytes-like object is required, not 'str'
2026-03-16 21:02:47,588 [ERROR] Error on sample 0: a bytes-like object is required, not 'str'
2026-03-16 21:02:47,588 [ERROR] Error on sample 0: a bytes-like object is required, not 'str'
2026-03-16 21:02:47,589 [ERROR] Error on sample 0: a bytes-like object is required, not 'str'
2026-03-16 21:02:47,590 [ERROR] Error on sample 0: a bytes-like object is required, not 'str'
2026-03-16 21:02:47,591 [ERROR] Error on sample 0: a bytes-like object is required, not 'str'
2026-03-16 21:02:47,591 [ERROR] Error on sample 0: a bytes-like object is required, not 'str'
2026-03-16 21:02:47,592 [ERROR] Error on sample 0: a bytes-like object is required, not 'str'
2026-03-16 21:02:47,593 [ERROR] Error on sample 0: a bytes-like object is required, not 'str'
2026-03-16 21:02:47,593 [ERROR] Error on sample 0: a bytes-like object is required, not 'str'
2026-03-16 21:02:47,594 [ERROR] Error on sample 0: a bytes-like object is required, not 'str'
2026-03-16 21:02:47,595 [ERROR] Error on sample 0: a bytes-like object is required, not 'str'
2026-03-16 21:02:47,596 [ERROR] Error on sample 0: a bytes-like object is required, not 'str'
2026-03-16 21:02:47,596 [ERROR] Error on sample 0: a bytes-like object is required, not 'str'
2026-03-16 21:02:47,597 [ERROR] Error on sample 0: a bytes-like object is required, not 'str'
2026-03-16 21:02:47,598 [ERROR] Error on sample 0: a bytes-like object is required, not 'str'
2026-03-16 21:02:47,599 [ERROR] Error on sample 0: a bytes-like object is required, not 'str'
2026-03-16 21:02:47,599 [ERROR] Error on sample 0: a bytes-like object is required, not 'str'
2026-03-16 21:02:47,600 [ERROR] Error on sample 0: a bytes-like object is required, not 'str'
2026-03-16 21:02:47,601 [ERROR] Error on sample 0: a bytes-like object is required, not 'str'
2026-03-16 21:02:47,601 [ERROR] Error on sample 0: a bytes-like object is required, not 'str'
2026-03-16 21:02:47,602 [ERROR] Error on sample 0: a bytes-like object is required, not 'str'
2026-03-16 21:02:47,603 [ERROR] Error on sample 0: a bytes-like object is required, not 'str'
2026-03-16 21:02:47,603 [ERROR] Error on sample 0: a bytes-like object is required, not 'str'
2026-03-16 21:02:47,604 [ERROR] Error on sample 0: a bytes-like object is required, not 'str'
2026-03-16 21:02:47,605 [ERROR] Error on sample 0: a bytes-like object is required, not 'str'
2026-03-16 21:02:47,606 [ERROR] Error on sample 0: a bytes-like object is required, not 'str'
2026-03-16 21:02:47,606 [ERROR] Error on sample 0: a bytes-like object is required, not 'str'
2026-03-16 21:02:47,607 [ERROR] Error on sample 0: a bytes-like object is required, not 'str'
2026-03-16 21:02:47,608 [ERROR] Error on sample 0: a bytes-like object is required, not 'str'
2026-03-16 21:02:47,608 [ERROR] Error on sample 0: a bytes-like object is required, not 'str'
2026-03-16 21:02:47,609 [ERROR] Error on sample 0: a bytes-like object is required, not 'str'
2026-03-16 21:02:47,610 [ERROR] Error on sample 0: a bytes-like object is required, not 'str'
2026-03-16 21:02:47,611 [ERROR] Error on sample 0: a bytes-like object is required, not 'str'
2026-03-16 21:02:47,611 [ERROR] Error on sample 0: a bytes-like object is required, not 'str'
2026-03-16 21:02:47,612 [ERROR] Error on sample 0: a bytes-like object is required, not 'str'
2026-03-16 21:02:47,613 [ERROR] Error on sample 0: a bytes-like object is required, not 'str'
2026-03-16 21:02:47,613 [ERROR] Error on sample 0: a bytes-like object is required, not 'str'
2026-03-16 21:02:47,614 [ERROR] Error on sample 0: a bytes-like object is required, not 'str'
2026-03-16 21:02:47,615 [ERROR] Error on sample 0: a bytes-like object is required, not 'str'
2026-03-16 21:02:47,616 [ERROR] Error on sample 0: a bytes-like object is required, not 'str'
2026-03-16 21:02:47,616 [ERROR] Error on sample 0: a bytes-like object is required, not 'str'
2026-03-16 21:02:47,617 [ERROR] Error on sample 0: a bytes-like object is required, not 'str'
2026-03-16 21:02:47,618 [ERROR] Error on sample 0: a bytes-like object is required, not 'str'
2026-03-16 21:02:47,618 [ERROR] Error on sample 0: a bytes-like object is required, not 'str'
2026-03-16 21:02:47,619 [ERROR] Error on sample 0: a bytes-like object is required, not 'str'
2026-03-16 21:02:47,620 [ERROR] Error on sample 0: a bytes-like object is required, not 'str'
2026-03-16 21:02:47,621 [ERROR] Error on sample 0: a bytes-like object is required, not 'str'
2026-03-16 21:02:47,621 [ERROR] Error on sample 0: a bytes-like object is required, not 'str'
2026-03-16 21:02:47,622 [ERROR] Error on sample 0: a bytes-like object is required, not 'str'
2026-03-16 21:02:47,623 [ERROR] Error on sample 0: a bytes-like object is required, not 'str'
2026-03-16 21:02:47,623 [ERROR] Error on sample 0: a bytes-like object is required, not 'str'
2026-03-16 21:02:47,624 [ERROR] Error on sample 0: a bytes-like object is required, not 'str'
2026-03-16 21:02:47,625 [ERROR] Error on sample 0: a bytes-like object is required, not 'str'
2026-03-16 21:02:47,625 [ERROR] Error on sample 0: a bytes-like object is required, not 'str'
2026-03-16 21:02:47,626 [ERROR] Error on sample 0: a bytes-like object is required, not 'str'
2026-03-16 21:02:47,627 [ERROR] Error on sample 0: a bytes-like object is required, not 'str'
2026-03-16 21:02:47,628 [ERROR] Error on sample 0: a bytes-like object is required, not 'str'
2026-03-16 21:02:47,628 [ERROR] Error on sample 0: a bytes-like object is required, not 'str'
2026-03-16 21:02:47,629 [ERROR] Error on sample 0: a bytes-like object is required, not 'str'
2026-03-16 21:02:47,630 [ERROR] Error on sample 0: a bytes-like object is required, not 'str'
2026-03-16 21:02:47,631 [ERROR] Error on sample 0: a bytes-like object is required, not 'str'
2026-03-16 21:02:47,631 [ERROR] Error on sample 0: a bytes-like object is required, not 'str'
2026-03-16 21:02:47,632 [ERROR] Error on sample 0: a bytes-like object is required, not 'str'
2026-03-16 21:02:47,633 [ERROR] Error on sample 0: a bytes-like object is required, not 'str'
2026-03-16 21:02:47,633 [ERROR] Error on sample 0: a bytes-like object is required, not 'str'
2026-03-16 21:02:47,634 [ERROR] Error on sample 0: a bytes-like object is required, not 'str'
2026-03-16 21:02:47,635 [ERROR] Error on sample 0: a bytes-like object is required, not 'str'
2026-03-16 21:02:47,635 [ERROR] Error on sample 0: a bytes-like object is required, not 'str'
2026-03-16 21:02:47,636 [ERROR] Error on sample 0: a bytes-like object is required, not 'str'
2026-03-16 21:02:47,637 [ERROR] Error on sample 0: a bytes-like object is required, not 'str'
2026-03-16 21:02:47,638 [ERROR] Error on sample 0: a bytes-like object is required, not 'str'
2026-03-16 21:02:47,638 [ERROR] Error on sample 0: a bytes-like object is required, not 'str'
2026-03-16 21:02:47,639 [ERROR] Error on sample 0: a bytes-like object is required, not 'str'
2026-03-16 21:02:47,640 [ERROR] Error on sample 0: a bytes-like object is required, not 'str'
2026-03-16 21:02:47,640 [ERROR] Error on sample 0: a bytes-like object is required, not 'str'
2026-03-16 21:02:47,641 [ERROR] Error on sample 0: a bytes-like object is required, not 'str'
2026-03-16 21:02:47,642 [ERROR] Error on sample 0: a bytes-like object is required, not 'str'
2026-03-16 21:02:47,643 [ERROR] Error on sample 0: a bytes-like object is required, not 'str'
2026-03-16 21:02:47,643 [ERROR] Error on sample 0: a bytes-like object is required, not 'str'
2026-03-16 21:02:47,644 [ERROR] Error on sample 0: a bytes-like object is required, not 'str'
2026-03-16 21:02:47,645 [ERROR] Error on sample 0: a bytes-like object is required, not 'str'
2026-03-16 21:02:47,645 [ERROR] Error on sample 0: a bytes-like object is required, not 'str'
2026-03-16 21:02:47,646 [ERROR] Error on sample 0: a bytes-like object is required, not 'str'
2026-03-16 21:02:47,647 [ERROR] Error on sample 0: a bytes-like object is required, not 'str'
2026-03-16 21:02:47,647 [ERROR] Error on sample 0: a bytes-like object is required, not 'str'
2026-03-16 21:02:47,648 [ERROR] Error on sample 0: a bytes-like object is required, not 'str'
2026-03-16 21:02:47,649 [ERROR] Error on sample 0: a bytes-like object is required, not 'str'
2026-03-16 21:02:47,650 [ERROR] Error on sample 0: a bytes-like object is required, not 'str'
2026-03-16 21:02:47,650 [ERROR] Error on sample 0: a bytes-like object is required, not 'str'
2026-03-16 21:02:47,651 [ERROR] Error on sample 0: a bytes-like object is required, not 'str'
2026-03-16 21:02:47,652 [ERROR] Error on sample 0: a bytes-like object is required, not 'str'
2026-03-16 21:02:47,652 [ERROR] Error on sample 0: a bytes-like object is required, not 'str'
2026-03-16 21:02:47,653 [ERROR] Error on sample 0: a bytes-like object is required, not 'str'
2026-03-16 21:02:47,654 [ERROR] Error on sample 0: a bytes-like object is required, not 'str'
2026-03-16 21:02:47,655 [ERROR] Error on sample 0: a bytes-like object is required, not 'str'
2026-03-16 21:02:47,655 [ERROR] Error on sample 0: a bytes-like object is required, not 'str'
2026-03-16 21:02:47,656 [ERROR] Error on sample 0: a bytes-like object is required, not 'str'
2026-03-16 21:02:47,657 [ERROR] Error on sample 0: a bytes-like object is required, not 'str'
2026-03-16 21:02:47,657 [ERROR] Error on sample 0: a bytes-like object is required, not 'str'
2026-03-16 21:02:47,658 [ERROR] Error on sample 0: a bytes-like object is required, not 'str'
2026-03-16 21:02:47,659 [ERROR] Error on sample 0: a bytes-like object is required, not 'str'
2026-03-16 21:02:47,659 [ERROR] Error on sample 0: a bytes-like object is required, not 'str'
2026-03-16 21:02:47,660 [ERROR] Error on sample 0: a bytes-like object is required, not 'str'
2026-03-16 21:02:47,661 [ERROR] Error on sample 0: a bytes-like object is required, not 'str'
2026-03-16 21:02:47,661 [ERROR] Error on sample 0: a bytes-like object is required, not 'str'
2026-03-16 21:02:47,662 [ERROR] Error on sample 0: a bytes-like object is required, not 'str'
2026-03-16 21:02:47,663 [ERROR] Error on sample 0: a bytes-like object is required, not 'str'
2026-03-16 21:02:47,664 [ERROR] Error on sample 0: a bytes-like object is required, not 'str'
2026-03-16 21:02:47,664 [ERROR] Error on sample 0: a bytes-like object is required, not 'str'
2026-03-16 21:02:47,665 [ERROR] Error on sample 0: a bytes-like object is required, not 'str'
2026-03-16 21:02:47,666 [ERROR] Error on sample 0: a bytes-like object is required, not 'str'
2026-03-16 21:02:47,666 [ERROR] Error on sample 0: a bytes-like object is required, not 'str'
2026-03-16 21:02:47,667 [ERROR] Error on sample 0: a bytes-like object is required, not 'str'
2026-03-16 21:02:47,668 [ERROR] Error on sample 0: a bytes-like object is required, not 'str'
2026-03-16 21:02:47,669 [ERROR] Error on sample 0: a bytes-like object is required, not 'str'
2026-03-16 21:02:47,669 [ERROR] Error on sample 0: a bytes-like object is required, not 'str'
2026-03-16 21:02:47,670 [ERROR] Error on sample 0: a bytes-like object is required, not 'str'
2026-03-16 21:02:47,671 [ERROR] Error on sample 0: a bytes-like object is required, not 'str'
2026-03-16 21:02:47,671 [ERROR] Error on sample 0: a bytes-like object is required, not 'str'
2026-03-16 21:02:47,672 [ERROR] Error on sample 0: a bytes-like object is required, not 'str'
2026-03-16 21:02:47,673 [ERROR] Error on sample 0: a bytes-like object is required, not 'str'
2026-03-16 21:02:47,674 [ERROR] Error on sample 0: a bytes-like object is required, not 'str'
2026-03-16 21:02:47,674 [ERROR] Error on sample 0: a bytes-like object is required, not 'str'
2026-03-16 21:02:47,675 [ERROR] Error on sample 0: a bytes-like object is required, not 'str'
2026-03-16 21:02:47,676 [ERROR] Error on sample 0: a bytes-like object is required, not 'str'
2026-03-16 21:02:47,676 [ERROR] Error on sample 0: a bytes-like object is required, not 'str'
2026-03-16 21:02:47,677 [ERROR] Error on sample 0: a bytes-like object is required, not 'str'
2026-03-16 21:02:47,678 [ERROR] Error on sample 0: a bytes-like object is required, not 'str'
2026-03-16 21:02:47,679 [ERROR] Error on sample 0: a bytes-like object is required, not 'str'
2026-03-16 21:02:47,679 [ERROR] Error on sample 0: a bytes-like object is required, not 'str'
2026-03-16 21:02:47,680 [ERROR] Error on sample 0: a bytes-like object is required, not 'str'
2026-03-16 21:02:47,681 [ERROR] Error on sample 0: a bytes-like object is required, not 'str'
2026-03-16 21:02:47,682 [ERROR] Error on sample 0: a bytes-like object is required, not 'str'
2026-03-16 21:02:47,683 [ERROR] Error on sample 0: a bytes-like object is required, not 'str'
2026-03-16 21:02:47,683 [ERROR] Error on sample 0: a bytes-like object is required, not 'str'
2026-03-16 21:02:47,684 [ERROR] Error on sample 0: a bytes-like object is required, not 'str'
2026-03-16 21:02:47,685 [ERROR] Error on sample 0: a bytes-like object is required, not 'str'
2026-03-16 21:02:47,685 [ERROR] Error on sample 0: a bytes-like object is required, not 'str'
2026-03-16 21:02:47,686 [ERROR] Error on sample 0: a bytes-like object is required, not 'str'
2026-03-16 21:02:47,687 [ERROR] Error on sample 0: a bytes-like object is required, not 'str'
2026-03-16 21:02:47,687 [ERROR] Error on sample 0: a bytes-like object is required, not 'str'
2026-03-16 21:02:47,688 [ERROR] Error on sample 0: a bytes-like object is required, not 'str'
2026-03-16 21:02:47,689 [ERROR] Error on sample 0: a bytes-like object is required, not 'str'
2026-03-16 21:02:47,690 [ERROR] Error on sample 0: a bytes-like object is required, not 'str'
2026-03-16 21:02:47,690 [ERROR] Error on sample 0: a bytes-like object is required, not 'str'
2026-03-16 21:02:47,691 [ERROR] Error on sample 0: a bytes-like object is required, not 'str'
2026-03-16 21:02:47,692 [ERROR] Error on sample 0: a bytes-like object is required, not 'str'
2026-03-16 21:02:47,692 [ERROR] Error on sample 0: a bytes-like object is required, not 'str'
2026-03-16 21:02:47,693 [ERROR] Error on sample 0: a bytes-like object is required, not 'str'
2026-03-16 21:02:47,694 [ERROR] Error on sample 0: a bytes-like object is required, not 'str'
2026-03-16 21:02:47,695 [ERROR] Error on sample 0: a bytes-like object is required, not 'str'
2026-03-16 21:02:47,695 [ERROR] Error on sample 0: a bytes-like object is required, not 'str'
2026-03-16 21:02:47,696 [ERROR] Error on sample 0: a bytes-like object is required, not 'str'
2026-03-16 21:02:47,697 [ERROR] Error on sample 0: a bytes-like object is required, not 'str'
2026-03-16 21:02:47,697 [ERROR] Error on sample 0: a bytes-like object is required, not 'str'
2026-03-16 21:02:47,698 [ERROR] Error on sample 0: a bytes-like object is required, not 'str'
2026-03-16 21:02:47,699 [ERROR] Error on sample 0: a bytes-like object is required, not 'str'
2026-03-16 21:02:47,699 [ERROR] Error on sample 0: a bytes-like object is required, not 'str'
2026-03-16 21:02:47,700 [ERROR] Error on sample 0: a bytes-like object is required, not 'str'
2026-03-16 21:02:47,701 [ERROR] Error on sample 0: a bytes-like object is required, not 'str'
2026-03-16 21:02:47,702 [ERROR] Error on sample 0: a bytes-like object is required, not 'str'
2026-03-16 21:02:47,702 [ERROR] Error on sample 0: a bytes-like object is required, not 'str'
2026-03-16 21:02:47,703 [ERROR] Error on sample 0: a bytes-like object is required, not 'str'
2026-03-16 21:02:47,704 [ERROR] Error on sample 0: a bytes-like object is required, not 'str'
2026-03-16 21:02:47,704 [ERROR] Error on sample 0: a bytes-like object is required, not 'str'
2026-03-16 21:02:47,705 [ERROR] Error on sample 0: a bytes-like object is required, not 'str'
2026-03-16 21:02:47,706 [ERROR] Error on sample 0: a bytes-like object is required, not 'str'
2026-03-16 21:02:47,707 [ERROR] Error on sample 0: a bytes-like object is required, not 'str'
2026-03-16 21:02:47,707 [ERROR] Error on sample 0: a bytes-like object is required, not 'str'
2026-03-16 21:02:47,708 [ERROR] Error on sample 0: a bytes-like object is required, not 'str'
2026-03-16 21:02:47,709 [ERROR] Error on sample 0: a bytes-like object is required, not 'str'
2026-03-16 21:02:47,709 [ERROR] Error on sample 0: a bytes-like object is required, not 'str'
2026-03-16 21:02:47,710 [ERROR] Error on sample 0: a bytes-like object is required, not 'str'
2026-03-16 21:02:47,711 [ERROR] Error on sample 0: a bytes-like object is required, not 'str'
2026-03-16 21:02:47,712 [ERROR] Error on sample 0: a bytes-like object is required, not 'str'
2026-03-16 21:02:47,712 [ERROR] Error on sample 0: a bytes-like object is required, not 'str'
2026-03-16 21:02:47,713 [ERROR] Error on sample 0: a bytes-like object is required, not 'str'
2026-03-16 21:02:47,714 [ERROR] Error on sample 0: a bytes-like object is required, not 'str'
2026-03-16 21:02:47,714 [ERROR] Error on sample 0: a bytes-like object is required, not 'str'
2026-03-16 21:02:47,715 [ERROR] Error on sample 0: a bytes-like object is required, not 'str'
2026-03-16 21:02:47,716 [ERROR] Error on sample 0: a bytes-like object is required, not 'str'
2026-03-16 21:02:47,716 [ERROR] Error on sample 0: a bytes-like object is required, not 'str'
2026-03-16 21:02:47,717 [ERROR] Error on sample 0: a bytes-like object is required, not 'str'
2026-03-16 21:02:47,718 [ERROR] Error on sample 0: a bytes-like object is required, not 'str'
2026-03-16 21:02:47,719 [ERROR] Error on sample 0: a bytes-like object is required, not 'str'
2026-03-16 21:02:47,719 [ERROR] Error on sample 0: a bytes-like object is required, not 'str'
2026-03-16 21:02:47,720 [ERROR] Error on sample 0: a bytes-like object is required, not 'str'
2026-03-16 21:02:47,721 [ERROR] Error on sample 0: a bytes-like object is required, not 'str'
2026-03-16 21:02:47,721 [ERROR] Error on sample 0: a bytes-like object is required, not 'str'
2026-03-16 21:02:47,722 [ERROR] Error on sample 0: a bytes-like object is required, not 'str'
2026-03-16 21:02:47,723 [ERROR] Error on sample 0: a bytes-like object is required, not 'str'
2026-03-16 21:02:47,723 [ERROR] Error on sample 0: a bytes-like object is required, not 'str'
2026-03-16 21:02:47,724 [ERROR] Error on sample 0: a bytes-like object is required, not 'str'
2026-03-16 21:02:47,725 [ERROR] Error on sample 0: a bytes-like object is required, not 'str'
2026-03-16 21:02:47,726 [ERROR] Error on sample 0: a bytes-like object is required, not 'str'
2026-03-16 21:02:47,726 [ERROR] Error on sample 0: a bytes-like object is required, not 'str'
2026-03-16 21:02:47,727 [ERROR] Error on sample 0: a bytes-like object is required, not 'str'
2026-03-16 21:02:47,728 [ERROR] Error on sample 0: a bytes-like object is required, not 'str'
2026-03-16 21:02:47,728 [ERROR] Error on sample 0: a bytes-like object is required, not 'str'
2026-03-16 21:02:47,729 [ERROR] Error on sample 0: a bytes-like object is required, not 'str'
2026-03-16 21:02:47,730 [ERROR] Error on sample 0: a bytes-like object is required, not 'str'
2026-03-16 21:02:47,731 [ERROR] Error on sample 0: a bytes-like object is required, not 'str'
2026-03-16 21:02:47,731 [ERROR] Error on sample 0: a bytes-like object is required, not 'str'
2026-03-16 21:02:47,732 [ERROR] Error on sample 0: a bytes-like object is required, not 'str'
2026-03-16 21:02:47,733 [ERROR] Error on sample 0: a bytes-like object is required, not 'str'
2026-03-16 21:02:47,733 [ERROR] Error on sample 0: a bytes-like object is required, not 'str'
2026-03-16 21:02:47,734 [ERROR] Error on sample 0: a bytes-like object is required, not 'str'
2026-03-16 21:02:47,735 [ERROR] Error on sample 0: a bytes-like object is required, not 'str'
2026-03-16 21:02:47,736 [ERROR] Error on sample 0: a bytes-like object is required, not 'str'
2026-03-16 21:02:47,736 [ERROR] Error on sample 0: a bytes-like object is required, not 'str'
2026-03-16 21:02:47,737 [ERROR] Error on sample 0: a bytes-like object is required, not 'str'
2026-03-16 21:02:47,738 [ERROR] Error on sample 0: a bytes-like object is required, not 'str'
2026-03-16 21:02:47,739 [ERROR] Error on sample 0: a bytes-like object is required, not 'str'
2026-03-16 21:02:47,740 [ERROR] Error on sample 0: a bytes-like object is required, not 'str'
2026-03-16 21:02:47,740 [ERROR] Error on sample 0: a bytes-like object is required, not 'str'
2026-03-16 21:02:47,741 [ERROR] Error on sample 0: a bytes-like object is required, not 'str'
2026-03-16 21:02:47,742 [ERROR] Error on sample 0: a bytes-like object is required, not 'str'
2026-03-16 21:02:47,743 [ERROR] Error on sample 0: a bytes-like object is required, not 'str'
2026-03-16 21:02:47,743 [ERROR] Error on sample 0: a bytes-like object is required, not 'str'
2026-03-16 21:02:47,744 [ERROR] Error on sample 0: a bytes-like object is required, not 'str'
2026-03-16 21:02:47,745 [ERROR] Error on sample 0: a bytes-like object is required, not 'str'
2026-03-16 21:02:47,746 [ERROR] Error on sample 0: a bytes-like object is required, not 'str'
2026-03-16 21:02:47,746 [ERROR] Error on sample 0: a bytes-like object is required, not 'str'
2026-03-16 21:02:47,747 [ERROR] Error on sample 0: a bytes-like object is required, not 'str'
2026-03-16 21:02:47,748 [ERROR] Error on sample 0: a bytes-like object is required, not 'str'
2026-03-16 21:02:47,748 [ERROR] Error on sample 0: a bytes-like object is required, not 'str'
2026-03-16 21:02:47,749 [ERROR] Error on sample 0: a bytes-like object is required, not 'str'
2026-03-16 21:02:47,750 [ERROR] Error on sample 0: a bytes-like object is required, not 'str'
2026-03-16 21:02:47,750 [ERROR] Error on sample 0: a bytes-like object is required, not 'str'
2026-03-16 21:02:47,751 [ERROR] Error on sample 0: a bytes-like object is required, not 'str'
2026-03-16 21:02:47,752 [ERROR] Error on sample 0: a bytes-like object is required, not 'str'
2026-03-16 21:02:47,752 [ERROR] Error on sample 0: a bytes-like object is required, not 'str'
2026-03-16 21:02:47,753 [ERROR] Error on sample 0: a bytes-like object is required, not 'str'
2026-03-16 21:02:47,754 [ERROR] Error on sample 0: a bytes-like object is required, not 'str'
2026-03-16 21:02:47,755 [ERROR] Error on sample 0: a bytes-like object is required, not 'str'
2026-03-16 21:02:47,755 [ERROR] Error on sample 0: a bytes-like object is required, not 'str'
2026-03-16 21:02:47,756 [ERROR] Error on sample 0: a bytes-like object is required, not 'str'
2026-03-16 21:02:47,757 [ERROR] Error on sample 0: a bytes-like object is required, not 'str'
2026-03-16 21:02:47,757 [ERROR] Error on sample 0: a bytes-like object is required, not 'str'
2026-03-16 21:02:47,758 [ERROR] Error on sample 0: a bytes-like object is required, not 'str'
2026-03-16 21:02:47,759 [ERROR] Error on sample 0: a bytes-like object is required, not 'str'
2026-03-16 21:02:47,759 [ERROR] Error on sample 0: a bytes-like object is required, not 'str'
2026-03-16 21:02:47,760 [ERROR] Error on sample 0: a bytes-like object is required, not 'str'
2026-03-16 21:02:47,761 [ERROR] Error on sample 0: a bytes-like object is required, not 'str'
2026-03-16 21:02:47,761 [ERROR] Error on sample 0: a bytes-like object is required, not 'str'
2026-03-16 21:02:47,762 [ERROR] Error on sample 0: a bytes-like object is required, not 'str'
2026-03-16 21:02:47,763 [ERROR] Error on sample 0: a bytes-like object is required, not 'str'
2026-03-16 21:02:47,763 [ERROR] Error on sample 0: a bytes-like object is required, not 'str'
2026-03-16 21:02:47,764 [ERROR] Error on sample 0: a bytes-like object is required, not 'str'
2026-03-16 21:02:47,765 [ERROR] Error on sample 0: a bytes-like object is required, not 'str'
2026-03-16 21:02:47,766 [ERROR] Error on sample 0: a bytes-like object is required, not 'str'
2026-03-16 21:02:47,766 [ERROR] Error on sample 0: a bytes-like object is required, not 'str'
2026-03-16 21:02:47,767 [ERROR] Error on sample 0: a bytes-like object is required, not 'str'
2026-03-16 21:02:47,768 [ERROR] Error on sample 0: a bytes-like object is required, not 'str'
2026-03-16 21:02:47,768 [ERROR] Error on sample 0: a bytes-like object is required, not 'str'
2026-03-16 21:02:47,769 [ERROR] Error on sample 0: a bytes-like object is required, not 'str'
2026-03-16 21:02:47,770 [ERROR] Error on sample 0: a bytes-like object is required, not 'str'
2026-03-16 21:02:47,770 [ERROR] Error on sample 0: a bytes-like object is required, not 'str'
2026-03-16 21:02:47,771 [ERROR] Error on sample 0: a bytes-like object is required, not 'str'
2026-03-16 21:02:47,772 [ERROR] Error on sample 0: a bytes-like object is required, not 'str'
2026-03-16 21:02:47,772 [ERROR] Error on sample 0: a bytes-like object is required, not 'str'
2026-03-16 21:02:47,773 [ERROR] Error on sample 0: a bytes-like object is required, not 'str'
2026-03-16 21:02:47,774 [ERROR] Error on sample 0: a bytes-like object is required, not 'str'
2026-03-16 21:02:47,775 [ERROR] Error on sample 0: a bytes-like object is required, not 'str'
2026-03-16 21:02:47,775 [ERROR] Error on sample 0: a bytes-like object is required, not 'str'
2026-03-16 21:02:47,776 [ERROR] Error on sample 0: a bytes-like object is required, not 'str'
2026-03-16 21:02:47,777 [ERROR] Error on sample 0: a bytes-like object is required, not 'str'
2026-03-16 21:02:47,777 [ERROR] Error on sample 0: a bytes-like object is required, not 'str'
2026-03-16 21:02:47,778 [ERROR] Error on sample 0: a bytes-like object is required, not 'str'
2026-03-16 21:02:47,779 [ERROR] Error on sample 0: a bytes-like object is required, not 'str'
2026-03-16 21:02:47,779 [ERROR] Error on sample 0: a bytes-like object is required, not 'str'
2026-03-16 21:02:47,780 [ERROR] Error on sample 0: a bytes-like object is required, not 'str'
2026-03-16 21:02:47,781 [ERROR] Error on sample 0: a bytes-like object is required, not 'str'
2026-03-16 21:02:47,781 [ERROR] Error on sample 0: a bytes-like object is required, not 'str'
2026-03-16 21:02:47,782 [ERROR] Error on sample 0: a bytes-like object is required, not 'str'
2026-03-16 21:02:47,783 [ERROR] Error on sample 0: a bytes-like object is required, not 'str'
2026-03-16 21:02:47,783 [ERROR] Error on sample 0: a bytes-like object is required, not 'str'
2026-03-16 21:02:47,784 [ERROR] Error on sample 0: a bytes-like object is required, not 'str'
2026-03-16 21:02:47,785 [ERROR] Error on sample 0: a bytes-like object is required, not 'str'
2026-03-16 21:02:47,785 [ERROR] Error on sample 0: a bytes-like object is required, not 'str'
2026-03-16 21:02:47,786 [ERROR] Error on sample 0: a bytes-like object is required, not 'str'
2026-03-16 21:02:47,787 [ERROR] Error on sample 0: a bytes-like object is required, not 'str'
2026-03-16 21:02:47,787 [ERROR] Error on sample 0: a bytes-like object is required, not 'str'
2026-03-16 21:02:47,788 [ERROR] Error on sample 0: a bytes-like object is required, not 'str'
2026-03-16 21:02:47,789 [ERROR] Error on sample 0: a bytes-like object is required, not 'str'
2026-03-16 21:02:47,789 [ERROR] Error on sample 0: a bytes-like object is required, not 'str'
2026-03-16 21:02:47,790 [ERROR] Error on sample 0: a bytes-like object is required, not 'str'
2026-03-16 21:02:47,791 [ERROR] Error on sample 0: a bytes-like object is required, not 'str'
2026-03-16 21:02:47,791 [ERROR] Error on sample 0: a bytes-like object is required, not 'str'
2026-03-16 21:02:47,792 [ERROR] Error on sample 0: a bytes-like object is required, not 'str'
2026-03-16 21:02:47,793 [ERROR] Error on sample 0: a bytes-like object is required, not 'str'
2026-03-16 21:02:47,794 [ERROR] Error on sample 0: a bytes-like object is required, not 'str'
2026-03-16 21:02:47,794 [ERROR] Error on sample 0: a bytes-like object is required, not 'str'
2026-03-16 21:02:47,795 [ERROR] Error on sample 0: a bytes-like object is required, not 'str'
2026-03-16 21:02:47,796 [ERROR] Error on sample 0: a bytes-like object is required, not 'str'
2026-03-16 21:02:47,796 [ERROR] Error on sample 0: a bytes-like object is required, not 'str'
2026-03-16 21:02:47,797 [ERROR] Error on sample 0: a bytes-like object is required, not 'str'
2026-03-16 21:02:47,798 [ERROR] Error on sample 0: a bytes-like object is required, not 'str'
2026-03-16 21:02:47,798 [ERROR] Error on sample 0: a bytes-like object is required, not 'str'
2026-03-16 21:02:47,799 [ERROR] Error on sample 0: a bytes-like object is required, not 'str'
2026-03-16 21:02:47,800 [ERROR] Error on sample 0: a bytes-like object is required, not 'str'
2026-03-16 21:02:47,800 [ERROR] Error on sample 0: a bytes-like object is required, not 'str'
2026-03-16 21:02:47,801 [ERROR] Error on sample 0: a bytes-like object is required, not 'str'
2026-03-16 21:02:47,802 [ERROR] Error on sample 0: a bytes-like object is required, not 'str'
2026-03-16 21:02:47,802 [ERROR] Error on sample 0: a bytes-like object is required, not 'str'
2026-03-16 21:02:47,803 [ERROR] Error on sample 0: a bytes-like object is required, not 'str'
2026-03-16 21:02:47,804 [ERROR] Error on sample 0: a bytes-like object is required, not 'str'
2026-03-16 21:02:47,804 [ERROR] Error on sample 0: a bytes-like object is required, not 'str'
2026-03-16 21:02:47,805 [ERROR] Error on sample 0: a bytes-like object is required, not 'str'
2026-03-16 21:02:47,806 [ERROR] Error on sample 0: a bytes-like object is required, not 'str'
2026-03-16 21:02:47,806 [ERROR] Error on sample 0: a bytes-like object is required, not 'str'
2026-03-16 21:02:47,807 [ERROR] Error on sample 0: a bytes-like object is required, not 'str'
2026-03-16 21:02:47,808 [ERROR] Error on sample 0: a bytes-like object is required, not 'str'
2026-03-16 21:02:47,808 [ERROR] Error on sample 0: a bytes-like object is required, not 'str'
2026-03-16 21:02:47,809 [ERROR] Error on sample 0: a bytes-like object is required, not 'str'
2026-03-16 21:02:47,810 [ERROR] Error on sample 0: a bytes-like object is required, not 'str'
2026-03-16 21:02:47,810 [ERROR] Error on sample 0: a bytes-like object is required, not 'str'
2026-03-16 21:02:47,811 [ERROR] Error on sample 0: a bytes-like object is required, not 'str'
2026-03-16 21:02:47,812 [ERROR] Error on sample 0: a bytes-like object is required, not 'str'
2026-03-16 21:02:47,812 [ERROR] Error on sample 0: a bytes-like object is required, not 'str'
2026-03-16 21:02:47,813 [ERROR] Error on sample 0: a bytes-like object is required, not 'str'
2026-03-16 21:02:47,814 [ERROR] Error on sample 0: a bytes-like object is required, not 'str'
2026-03-16 21:02:47,815 [ERROR] Error on sample 0: a bytes-like object is required, not 'str'
2026-03-16 21:02:47,815 [ERROR] Error on sample 0: a bytes-like object is required, not 'str'
2026-03-16 21:02:47,816 [ERROR] Error on sample 0: a bytes-like object is required, not 'str'
2026-03-16 21:02:47,817 [ERROR] Error on sample 0: a bytes-like object is required, not 'str'
2026-03-16 21:02:47,817 [ERROR] Error on sample 0: a bytes-like object is required, not 'str'
2026-03-16 21:02:47,818 [ERROR] Error on sample 0: a bytes-like object is required, not 'str'
2026-03-16 21:02:47,819 [ERROR] Error on sample 0: a bytes-like object is required, not 'str'
2026-03-16 21:02:47,819 [ERROR] Error on sample 0: a bytes-like object is required, not 'str'
2026-03-16 21:02:47,820 [ERROR] Error on sample 0: a bytes-like object is required, not 'str'
2026-03-16 21:02:47,821 [ERROR] Error on sample 0: a bytes-like object is required, not 'str'
2026-03-16 21:02:47,821 [ERROR] Error on sample 0: a bytes-like object is required, not 'str'
2026-03-16 21:02:47,822 [ERROR] Error on sample 0: a bytes-like object is required, not 'str'
2026-03-16 21:02:47,823 [ERROR] Error on sample 0: a bytes-like object is required, not 'str'
2026-03-16 21:02:47,823 [ERROR] Error on sample 0: a bytes-like object is required, not 'str'
2026-03-16 21:02:47,824 [ERROR] Error on sample 0: a bytes-like object is required, not 'str'
2026-03-16 21:02:47,825 [ERROR] Error on sample 0: a bytes-like object is required, not 'str'
2026-03-16 21:02:47,825 [ERROR] Error on sample 0: a bytes-like object is required, not 'str'
2026-03-16 21:02:47,826 [ERROR] Error on sample 0: a bytes-like object is required, not 'str'
2026-03-16 21:02:47,827 [ERROR] Error on sample 0: a bytes-like object is required, not 'str'
2026-03-16 21:02:47,827 [ERROR] Error on sample 0: a bytes-like object is required, not 'str'
2026-03-16 21:02:47,828 [ERROR] Error on sample 0: a bytes-like object is required, not 'str'
2026-03-16 21:02:47,829 [ERROR] Error on sample 0: a bytes-like object is required, not 'str'
2026-03-16 21:02:47,829 [ERROR] Error on sample 0: a bytes-like object is required, not 'str'
2026-03-16 21:02:47,830 [ERROR] Error on sample 0: a bytes-like object is required, not 'str'
2026-03-16 21:02:47,831 [ERROR] Error on sample 0: a bytes-like object is required, not 'str'
2026-03-16 21:02:47,831 [ERROR] Error on sample 0: a bytes-like object is required, not 'str'
2026-03-16 21:02:47,832 [ERROR] Error on sample 0: a bytes-like object is required, not 'str'
2026-03-16 21:02:47,833 [ERROR] Error on sample 0: a bytes-like object is required, not 'str'
2026-03-16 21:02:47,834 [ERROR] Error on sample 0: a bytes-like object is required, not 'str'
2026-03-16 21:02:47,834 [ERROR] Error on sample 0: a bytes-like object is required, not 'str'
2026-03-16 21:02:47,835 [ERROR] Error on sample 0: a bytes-like object is required, not 'str'
2026-03-16 21:02:47,836 [ERROR] Error on sample 0: a bytes-like object is required, not 'str'
2026-03-16 21:02:47,836 [ERROR] Error on sample 0: a bytes-like object is required, not 'str'
2026-03-16 21:02:47,837 [ERROR] Error on sample 0: a bytes-like object is required, not 'str'
2026-03-16 21:02:47,838 [ERROR] Error on sample 0: a bytes-like object is required, not 'str'
2026-03-16 21:02:47,838 [ERROR] Error on sample 0: a bytes-like object is required, not 'str'
2026-03-16 21:02:47,839 [ERROR] Error on sample 0: a bytes-like object is required, not 'str'
2026-03-16 21:02:47,840 [ERROR] Error on sample 0: a bytes-like object is required, not 'str'
2026-03-16 21:02:47,840 [ERROR] Error on sample 0: a bytes-like object is required, not 'str'
2026-03-16 21:02:47,841 [ERROR] Error on sample 0: a bytes-like object is required, not 'str'
2026-03-16 21:02:47,842 [ERROR] Error on sample 0: a bytes-like object is required, not 'str'
2026-03-16 21:02:47,843 [ERROR] Error on sample 0: a bytes-like object is required, not 'str'
2026-03-16 21:02:47,843 [ERROR] Error on sample 0: a bytes-like object is required, not 'str'
2026-03-16 21:02:47,844 [ERROR] Error on sample 0: a bytes-like object is required, not 'str'
2026-03-16 21:02:47,845 [ERROR] Error on sample 0: a bytes-like object is required, not 'str'
2026-03-16 21:02:47,845 [ERROR] Error on sample 0: a bytes-like object is required, not 'str'
2026-03-16 21:02:47,846 [ERROR] Error on sample 0: a bytes-like object is required, not 'str'
2026-03-16 21:02:47,847 [ERROR] Error on sample 0: a bytes-like object is required, not 'str'
2026-03-16 21:02:47,847 [ERROR] Error on sample 0: a bytes-like object is required, not 'str'
2026-03-16 21:02:47,848 [ERROR] Error on sample 0: a bytes-like object is required, not 'str'
2026-03-16 21:02:47,849 [ERROR] Error on sample 0: a bytes-like object is required, not 'str'
2026-03-16 21:02:47,850 [ERROR] Error on sample 0: a bytes-like object is required, not 'str'
2026-03-16 21:02:47,850 [ERROR] Error on sample 0: a bytes-like object is required, not 'str'
2026-03-16 21:02:47,851 [ERROR] Error on sample 0: a bytes-like object is required, not 'str'
2026-03-16 21:02:47,852 [ERROR] Error on sample 0: a bytes-like object is required, not 'str'
2026-03-16 21:02:47,852 [ERROR] Error on sample 0: a bytes-like object is required, not 'str'
2026-03-16 21:02:47,853 [ERROR] Error on sample 0: a bytes-like object is required, not 'str'
2026-03-16 21:02:47,854 [ERROR] Error on sample 0: a bytes-like object is required, not 'str'
2026-03-16 21:02:47,854 [ERROR] Error on sample 0: a bytes-like object is required, not 'str'
2026-03-16 21:02:47,855 [ERROR] Error on sample 0: a bytes-like object is required, not 'str'
2026-03-16 21:02:47,856 [ERROR] Error on sample 0: a bytes-like object is required, not 'str'
2026-03-16 21:02:47,856 [ERROR] Error on sample 0: a bytes-like object is required, not 'str'
2026-03-16 21:02:47,857 [ERROR] Error on sample 0: a bytes-like object is required, not 'str'
2026-03-16 21:02:47,858 [ERROR] Error on sample 0: a bytes-like object is required, not 'str'
2026-03-16 21:02:47,858 [ERROR] Error on sample 0: a bytes-like object is required, not 'str'
2026-03-16 21:02:47,859 [ERROR] Error on sample 0: a bytes-like object is required, not 'str'
2026-03-16 21:02:47,860 [ERROR] Error on sample 0: a bytes-like object is required, not 'str'
2026-03-16 21:02:47,860 [ERROR] Error on sample 0: a bytes-like object is required, not 'str'
2026-03-16 21:02:47,861 [ERROR] Error on sample 0: a bytes-like object is required, not 'str'
2026-03-16 21:02:47,862 [ERROR] Error on sample 0: a bytes-like object is required, not 'str'
2026-03-16 21:02:47,862 [ERROR] Error on sample 0: a bytes-like object is required, not 'str'
2026-03-16 21:02:47,863 [ERROR] Error on sample 0: a bytes-like object is required, not 'str'
2026-03-16 21:02:47,864 [ERROR] Error on sample 0: a bytes-like object is required, not 'str'
2026-03-16 21:02:47,864 [ERROR] Error on sample 0: a bytes-like object is required, not 'str'
2026-03-16 21:02:47,865 [ERROR] Error on sample 0: a bytes-like object is required, not 'str'
2026-03-16 21:02:47,866 [ERROR] Error on sample 0: a bytes-like object is required, not 'str'
2026-03-16 21:02:47,866 [ERROR] Error on sample 0: a bytes-like object is required, not 'str'
2026-03-16 21:02:47,867 [ERROR] Error on sample 0: a bytes-like object is required, not 'str'
2026-03-16 21:02:47,868 [ERROR] Error on sample 0: a bytes-like object is required, not 'str'
2026-03-16 21:02:47,869 [ERROR] Error on sample 0: a bytes-like object is required, not 'str'
2026-03-16 21:02:47,869 [ERROR] Error on sample 0: a bytes-like object is required, not 'str'
2026-03-16 21:02:47,870 [ERROR] Error on sample 0: a bytes-like object is required, not 'str'
2026-03-16 21:02:47,871 [ERROR] Error on sample 0: a bytes-like object is required, not 'str'
2026-03-16 21:02:47,871 [ERROR] Error on sample 0: a bytes-like object is required, not 'str'
2026-03-16 21:02:47,872 [ERROR] Error on sample 0: a bytes-like object is required, not 'str'
2026-03-16 21:02:47,873 [ERROR] Error on sample 0: a bytes-like object is required, not 'str'
2026-03-16 21:02:47,873 [ERROR] Error on sample 0: a bytes-like object is required, not 'str'
2026-03-16 21:02:47,874 [ERROR] Error on sample 0: a bytes-like object is required, not 'str'
2026-03-16 21:02:47,875 [ERROR] Error on sample 0: a bytes-like object is required, not 'str'
2026-03-16 21:02:47,875 [ERROR] Error on sample 0: a bytes-like object is required, not 'str'
2026-03-16 21:02:47,876 [ERROR] Error on sample 0: a bytes-like object is required, not 'str'
2026-03-16 21:02:47,877 [ERROR] Error on sample 0: a bytes-like object is required, not 'str'
2026-03-16 21:02:47,877 [ERROR] Error on sample 0: a bytes-like object is required, not 'str'
2026-03-16 21:02:47,878 [ERROR] Error on sample 0: a bytes-like object is required, not 'str'
2026-03-16 21:02:47,879 [ERROR] Error on sample 0: a bytes-like object is required, not 'str'
2026-03-16 21:02:47,880 [ERROR] Error on sample 0: a bytes-like object is required, not 'str'
2026-03-16 21:02:47,880 [ERROR] Error on sample 0: a bytes-like object is required, not 'str'
2026-03-16 21:02:47,881 [ERROR] Error on sample 0: a bytes-like object is required, not 'str'
2026-03-16 21:02:47,882 [ERROR] Error on sample 0: a bytes-like object is required, not 'str'
2026-03-16 21:02:47,882 [ERROR] Error on sample 0: a bytes-like object is required, not 'str'
2026-03-16 21:02:47,883 [ERROR] Error on sample 0: a bytes-like object is required, not 'str'
2026-03-16 21:02:47,884 [ERROR] Error on sample 0: a bytes-like object is required, not 'str'
2026-03-16 21:02:47,884 [ERROR] Error on sample 0: a bytes-like object is required, not 'str'
2026-03-16 21:02:47,885 [ERROR] Error on sample 0: a bytes-like object is required, not 'str'
2026-03-16 21:02:47,886 [ERROR] Error on sample 0: a bytes-like object is required, not 'str'
2026-03-16 21:02:47,886 [ERROR] Error on sample 0: a bytes-like object is required, not 'str'
2026-03-16 21:02:47,887 [ERROR] Error on sample 0: a bytes-like object is required, not 'str'
2026-03-16 21:02:47,888 [ERROR] Error on sample 0: a bytes-like object is required, not 'str'
2026-03-16 21:02:47,888 [ERROR] Error on sample 0: a bytes-like object is required, not 'str'
2026-03-16 21:02:47,889 [ERROR] Error on sample 0: a bytes-like object is required, not 'str'
2026-03-16 21:02:47,890 [ERROR] Error on sample 0: a bytes-like object is required, not 'str'
2026-03-16 21:02:47,891 [ERROR] Error on sample 0: a bytes-like object is required, not 'str'
2026-03-16 21:02:47,891 [ERROR] Error on sample 0: a bytes-like object is required, not 'str'
2026-03-16 21:02:47,892 [ERROR] Error on sample 0: a bytes-like object is required, not 'str'
2026-03-16 21:02:47,893 [ERROR] Error on sample 0: a bytes-like object is required, not 'str'
2026-03-16 21:02:47,893 [ERROR] Error on sample 0: a bytes-like object is required, not 'str'
2026-03-16 21:02:47,894 [ERROR] Error on sample 0: a bytes-like object is required, not 'str'
2026-03-16 21:02:47,895 [ERROR] Error on sample 0: a bytes-like object is required, not 'str'
2026-03-16 21:02:47,895 [ERROR] Error on sample 0: a bytes-like object is required, not 'str'
2026-03-16 21:02:47,896 [ERROR] Error on sample 0: a bytes-like object is required, not 'str'
2026-03-16 21:02:47,897 [ERROR] Error on sample 0: a bytes-like object is required, not 'str'
2026-03-16 21:02:47,897 [ERROR] Error on sample 0: a bytes-like object is required, not 'str'
2026-03-16 21:02:47,898 [ERROR] Error on sample 0: a bytes-like object is required, not 'str'
2026-03-16 21:02:47,899 [ERROR] Error on sample 0: a bytes-like object is required, not 'str'
2026-03-16 21:02:47,899 [ERROR] Error on sample 0: a bytes-like object is required, not 'str'
2026-03-16 21:02:47,900 [ERROR] Error on sample 0: a bytes-like object is required, not 'str'
2026-03-16 21:02:47,901 [ERROR] Error on sample 0: a bytes-like object is required, not 'str'
2026-03-16 21:02:47,901 [ERROR] Error on sample 0: a bytes-like object is required, not 'str'
2026-03-16 21:02:47,902 [ERROR] Error on sample 0: a bytes-like object is required, not 'str'
2026-03-16 21:02:47,903 [ERROR] Error on sample 0: a bytes-like object is required, not 'str'
2026-03-16 21:02:47,904 [ERROR] Error on sample 0: a bytes-like object is required, not 'str'
2026-03-16 21:02:47,904 [ERROR] Error on sample 0: a bytes-like object is required, not 'str'
2026-03-16 21:02:47,905 [ERROR] Error on sample 0: a bytes-like object is required, not 'str'
2026-03-16 21:02:47,906 [ERROR] Error on sample 0: a bytes-like object is required, not 'str'
2026-03-16 21:02:47,906 [ERROR] Error on sample 0: a bytes-like object is required, not 'str'
2026-03-16 21:02:47,907 [ERROR] Error on sample 0: a bytes-like object is required, not 'str'
2026-03-16 21:02:47,908 [ERROR] Error on sample 0: a bytes-like object is required, not 'str'
2026-03-16 21:02:47,908 [ERROR] Error on sample 0: a bytes-like object is required, not 'str'
2026-03-16 21:02:47,909 [ERROR] Error on sample 0: a bytes-like object is required, not 'str'
2026-03-16 21:02:47,910 [ERROR] Error on sample 0: a bytes-like object is required, not 'str'
2026-03-16 21:02:47,910 [ERROR] Error on sample 0: a bytes-like object is required, not 'str'
2026-03-16 21:02:47,911 [ERROR] Error on sample 0: a bytes-like object is required, not 'str'
2026-03-16 21:02:47,912 [ERROR] Error on sample 0: a bytes-like object is required, not 'str'
2026-03-16 21:02:47,912 [ERROR] Error on sample 0: a bytes-like object is required, not 'str'
2026-03-16 21:02:47,913 [ERROR] Error on sample 0: a bytes-like object is required, not 'str'
2026-03-16 21:02:47,914 [ERROR] Error on sample 0: a bytes-like object is required, not 'str'
2026-03-16 21:02:47,914 [ERROR] Error on sample 0: a bytes-like object is required, not 'str'
2026-03-16 21:02:47,915 [ERROR] Error on sample 0: a bytes-like object is required, not 'str'
2026-03-16 21:02:47,916 [ERROR] Error on sample 0: a bytes-like object is required, not 'str'
2026-03-16 21:02:47,917 [ERROR] Error on sample 0: a bytes-like object is required, not 'str'
2026-03-16 21:02:47,917 [ERROR] Error on sample 0: a bytes-like object is required, not 'str'
2026-03-16 21:02:47,918 [ERROR] Error on sample 0: a bytes-like object is required, not 'str'
2026-03-16 21:02:47,919 [ERROR] Error on sample 0: a bytes-like object is required, not 'str'
2026-03-16 21:02:47,920 [ERROR] Error on sample 0: a bytes-like object is required, not 'str'
2026-03-16 21:02:47,921 [ERROR] Error on sample 0: a bytes-like object is required, not 'str'
2026-03-16 21:02:47,921 [ERROR] Error on sample 0: a bytes-like object is required, not 'str'
2026-03-16 21:02:47,922 [ERROR] Error on sample 0: a bytes-like object is required, not 'str'
2026-03-16 21:02:47,923 [ERROR] Error on sample 0: a bytes-like object is required, not 'str'
2026-03-16 21:02:47,923 [ERROR] Error on sample 0: a bytes-like object is required, not 'str'
2026-03-16 21:02:47,924 [ERROR] Error on sample 0: a bytes-like object is required, not 'str'
2026-03-16 21:02:47,925 [ERROR] Error on sample 0: a bytes-like object is required, not 'str'
2026-03-16 21:02:47,926 [ERROR] Error on sample 0: a bytes-like object is required, not 'str'
2026-03-16 21:02:47,926 [ERROR] Error on sample 0: a bytes-like object is required, not 'str'
2026-03-16 21:02:47,927 [ERROR] Error on sample 0: a bytes-like object is required, not 'str'
2026-03-16 21:02:47,928 [ERROR] Error on sample 0: a bytes-like object is required, not 'str'
2026-03-16 21:02:47,928 [ERROR] Error on sample 0: a bytes-like object is required, not 'str'
2026-03-16 21:02:47,929 [ERROR] Error on sample 0: a bytes-like object is required, not 'str'
2026-03-16 21:02:47,930 [ERROR] Error on sample 0: a bytes-like object is required, not 'str'
2026-03-16 21:02:47,930 [ERROR] Error on sample 0: a bytes-like object is required, not 'str'
2026-03-16 21:02:47,931 [ERROR] Error on sample 0: a bytes-like object is required, not 'str'
2026-03-16 21:02:47,932 [ERROR] Error on sample 0: a bytes-like object is required, not 'str'
2026-03-16 21:02:47,932 [ERROR] Error on sample 0: a bytes-like object is required, not 'str'
2026-03-16 21:02:47,933 [ERROR] Error on sample 0: a bytes-like object is required, not 'str'
2026-03-16 21:02:47,934 [ERROR] Error on sample 0: a bytes-like object is required, not 'str'
2026-03-16 21:02:47,934 [ERROR] Error on sample 0: a bytes-like object is required, not 'str'
2026-03-16 21:02:47,935 [ERROR] Error on sample 0: a bytes-like object is required, not 'str'
2026-03-16 21:02:47,936 [ERROR] Error on sample 0: a bytes-like object is required, not 'str'
2026-03-16 21:02:47,936 [ERROR] Error on sample 0: a bytes-like object is required, not 'str'
2026-03-16 21:02:47,937 [ERROR] Error on sample 0: a bytes-like object is required, not 'str'
2026-03-16 21:02:47,938 [ERROR] Error on sample 0: a bytes-like object is required, not 'str'
2026-03-16 21:02:47,938 [ERROR] Error on sample 0: a bytes-like object is required, not 'str'
2026-03-16 21:02:47,939 [ERROR] Error on sample 0: a bytes-like object is required, not 'str'
2026-03-16 21:02:47,940 [ERROR] Error on sample 0: a bytes-like object is required, not 'str'
2026-03-16 21:02:47,940 [ERROR] Error on sample 0: a bytes-like object is required, not 'str'
2026-03-16 21:02:47,941 [ERROR] Error on sample 0: a bytes-like object is required, not 'str'
2026-03-16 21:02:47,942 [ERROR] Error on sample 0: a bytes-like object is required, not 'str'
2026-03-16 21:02:47,943 [ERROR] Error on sample 0: a bytes-like object is required, not 'str'
2026-03-16 21:02:47,943 [ERROR] Error on sample 0: a bytes-like object is required, not 'str'
2026-03-16 21:02:47,944 [ERROR] Error on sample 0: a bytes-like object is required, not 'str'
2026-03-16 21:02:47,945 [ERROR] Error on sample 0: a bytes-like object is required, not 'str'
2026-03-16 21:02:47,945 [ERROR] Error on sample 0: a bytes-like object is required, not 'str'
2026-03-16 21:02:47,946 [ERROR] Error on sample 0: a bytes-like object is required, not 'str'
2026-03-16 21:02:47,947 [ERROR] Error on sample 0: a bytes-like object is required, not 'str'
2026-03-16 21:02:47,947 [ERROR] Error on sample 0: a bytes-like object is required, not 'str'
2026-03-16 21:02:47,948 [ERROR] Error on sample 0: a bytes-like object is required, not 'str'
2026-03-16 21:02:47,949 [ERROR] Error on sample 0: a bytes-like object is required, not 'str'
2026-03-16 21:02:47,949 [ERROR] Error on sample 0: a bytes-like object is required, not 'str'
2026-03-16 21:02:47,950 [ERROR] Error on sample 0: a bytes-like object is required, not 'str'
2026-03-16 21:02:47,951 [ERROR] Error on sample 0: a bytes-like object is required, not 'str'
2026-03-16 21:02:47,951 [ERROR] Error on sample 0: a bytes-like object is required, not 'str'
2026-03-16 21:02:47,952 [ERROR] Error on sample 0: a bytes-like object is required, not 'str'
2026-03-16 21:02:47,953 [ERROR] Error on sample 0: a bytes-like object is required, not 'str'
2026-03-16 21:02:47,954 [ERROR] Error on sample 0: a bytes-like object is required, not 'str'
2026-03-16 21:02:47,954 [ERROR] Error on sample 0: a bytes-like object is required, not 'str'
2026-03-16 21:02:47,955 [ERROR] Error on sample 0: a bytes-like object is required, not 'str'
2026-03-16 21:02:47,956 [ERROR] Error on sample 0: a bytes-like object is required, not 'str'
2026-03-16 21:02:47,956 [ERROR] Error on sample 0: a bytes-like object is required, not 'str'
2026-03-16 21:02:47,957 [ERROR] Error on sample 0: a bytes-like object is required, not 'str'
2026-03-16 21:02:47,958 [ERROR] Error on sample 0: a bytes-like object is required, not 'str'
2026-03-16 21:02:47,958 [ERROR] Error on sample 0: a bytes-like object is required, not 'str'
2026-03-16 21:02:47,959 [ERROR] Error on sample 0: a bytes-like object is required, not 'str'
2026-03-16 21:02:47,960 [ERROR] Error on sample 0: a bytes-like object is required, not 'str'
2026-03-16 21:02:47,960 [ERROR] Error on sample 0: a bytes-like object is required, not 'str'
2026-03-16 21:02:47,961 [ERROR] Error on sample 0: a bytes-like object is required, not 'str'
2026-03-16 21:02:47,962 [ERROR] Error on sample 0: a bytes-like object is required, not 'str'
2026-03-16 21:02:47,962 [ERROR] Error on sample 0: a bytes-like object is required, not 'str'
2026-03-16 21:02:47,963 [ERROR] Error on sample 0: a bytes-like object is required, not 'str'
2026-03-16 21:02:47,964 [ERROR] Error on sample 0: a bytes-like object is required, not 'str'
2026-03-16 21:02:47,964 [ERROR] Error on sample 0: a bytes-like object is required, not 'str'
2026-03-16 21:02:47,965 [ERROR] Error on sample 0: a bytes-like object is required, not 'str'
2026-03-16 21:02:47,966 [ERROR] Error on sample 0: a bytes-like object is required, not 'str'
2026-03-16 21:02:47,967 [ERROR] Error on sample 0: a bytes-like object is required, not 'str'
2026-03-16 21:02:47,967 [ERROR] Error on sample 0: a bytes-like object is required, not 'str'
2026-03-16 21:02:47,968 [ERROR] Error on sample 0: a bytes-like object is required, not 'str'
2026-03-16 21:02:47,969 [ERROR] Error on sample 0: a bytes-like object is required, not 'str'
2026-03-16 21:02:47,969 [ERROR] Error on sample 0: a bytes-like object is required, not 'str'
2026-03-16 21:02:47,970 [ERROR] Error on sample 0: a bytes-like object is required, not 'str'
2026-03-16 21:02:47,971 [ERROR] Error on sample 0: a bytes-like object is required, not 'str'
2026-03-16 21:02:47,971 [ERROR] Error on sample 0: a bytes-like object is required, not 'str'
2026-03-16 21:02:47,972 [ERROR] Error on sample 0: a bytes-like object is required, not 'str'
2026-03-16 21:02:47,973 [ERROR] Error on sample 0: a bytes-like object is required, not 'str'
2026-03-16 21:02:47,973 [ERROR] Error on sample 0: a bytes-like object is required, not 'str'
2026-03-16 21:02:47,974 [ERROR] Error on sample 0: a bytes-like object is required, not 'str'
2026-03-16 21:02:47,975 [ERROR] Error on sample 0: a bytes-like object is required, not 'str'
2026-03-16 21:02:47,975 [ERROR] Error on sample 0: a bytes-like object is required, not 'str'
2026-03-16 21:02:47,976 [ERROR] Error on sample 0: a bytes-like object is required, not 'str'
2026-03-16 21:02:47,977 [ERROR] Error on sample 0: a bytes-like object is required, not 'str'
2026-03-16 21:02:47,978 [ERROR] Error on sample 0: a bytes-like object is required, not 'str'
2026-03-16 21:02:47,978 [ERROR] Error on sample 0: a bytes-like object is required, not 'str'
2026-03-16 21:02:47,979 [ERROR] Error on sample 0: a bytes-like object is required, not 'str'
2026-03-16 21:02:47,980 [ERROR] Error on sample 0: a bytes-like object is required, not 'str'
2026-03-16 21:02:47,980 [ERROR] Error on sample 0: a bytes-like object is required, not 'str'
2026-03-16 21:02:47,981 [ERROR] Error on sample 0: a bytes-like object is required, not 'str'
2026-03-16 21:02:47,982 [ERROR] Error on sample 0: a bytes-like object is required, not 'str'
2026-03-16 21:02:47,982 [ERROR] Error on sample 0: a bytes-like object is required, not 'str'
2026-03-16 21:02:47,983 [ERROR] Error on sample 0: a bytes-like object is required, not 'str'
2026-03-16 21:02:47,984 [ERROR] Error on sample 0: a bytes-like object is required, not 'str'
2026-03-16 21:02:47,984 [ERROR] Error on sample 0: a bytes-like object is required, not 'str'
2026-03-16 21:02:47,985 [ERROR] Error on sample 0: a bytes-like object is required, not 'str'
2026-03-16 21:02:47,986 [ERROR] Error on sample 0: a bytes-like object is required, not 'str'
2026-03-16 21:02:47,986 [ERROR] Error on sample 0: a bytes-like object is required, not 'str'
2026-03-16 21:02:47,987 [ERROR] Error on sample 0: a bytes-like object is required, not 'str'
2026-03-16 21:02:47,988 [ERROR] Error on sample 0: a bytes-like object is required, not 'str'
2026-03-16 21:02:47,988 [ERROR] Error on sample 0: a bytes-like object is required, not 'str'
2026-03-16 21:02:47,989 [ERROR] Error on sample 0: a bytes-like object is required, not 'str'
2026-03-16 21:02:47,990 [ERROR] Error on sample 0: a bytes-like object is required, not 'str'
2026-03-16 21:02:47,990 [ERROR] Error on sample 0: a bytes-like object is required, not 'str'
2026-03-16 21:02:47,991 [ERROR] Error on sample 0: a bytes-like object is required, not 'str'
2026-03-16 21:02:47,992 [ERROR] Error on sample 0: a bytes-like object is required, not 'str'
2026-03-16 21:02:47,993 [ERROR] Error on sample 0: a bytes-like object is required, not 'str'
2026-03-16 21:02:47,993 [ERROR] Error on sample 0: a bytes-like object is required, not 'str'
2026-03-16 21:02:47,994 [ERROR] Error on sample 0: a bytes-like object is required, not 'str'
2026-03-16 21:02:47,995 [ERROR] Error on sample 0: a bytes-like object is required, not 'str'
2026-03-16 21:02:47,995 [ERROR] Error on sample 0: a bytes-like object is required, not 'str'
2026-03-16 21:02:47,996 [ERROR] Error on sample 0: a bytes-like object is required, not 'str'
2026-03-16 21:02:47,997 [ERROR] Error on sample 0: a bytes-like object is required, not 'str'
2026-03-16 21:02:47,997 [ERROR] Error on sample 0: a bytes-like object is required, not 'str'
2026-03-16 21:02:47,998 [ERROR] Error on sample 0: a bytes-like object is required, not 'str'
2026-03-16 21:02:47,999 [ERROR] Error on sample 0: a bytes-like object is required, not 'str'
2026-03-16 21:02:47,999 [ERROR] Error on sample 0: a bytes-like object is required, not 'str'
2026-03-16 21:02:48,000 [ERROR] Error on sample 0: a bytes-like object is required, not 'str'
2026-03-16 21:02:48,001 [ERROR] Error on sample 0: a bytes-like object is required, not 'str'
2026-03-16 21:02:48,002 [ERROR] Error on sample 0: a bytes-like object is required, not 'str'
2026-03-16 21:02:48,002 [ERROR] Error on sample 0: a bytes-like object is required, not 'str'
2026-03-16 21:02:48,003 [ERROR] Error on sample 0: a bytes-like object is required, not 'str'
2026-03-16 21:02:48,004 [ERROR] Error on sample 0: a bytes-like object is required, not 'str'
2026-03-16 21:02:48,005 [ERROR] Error on sample 0: a bytes-like object is required, not 'str'
2026-03-16 21:02:48,005 [ERROR] Error on sample 0: a bytes-like object is required, not 'str'
2026-03-16 21:02:48,006 [ERROR] Error on sample 0: a bytes-like object is required, not 'str'
2026-03-16 21:02:48,007 [ERROR] Error on sample 0: a bytes-like object is required, not 'str'
2026-03-16 21:02:48,007 [ERROR] Error on sample 0: a bytes-like object is required, not 'str'
2026-03-16 21:02:48,008 [ERROR] Error on sample 0: a bytes-like object is required, not 'str'
2026-03-16 21:02:48,009 [ERROR] Error on sample 0: a bytes-like object is required, not 'str'
2026-03-16 21:02:48,010 [ERROR] Error on sample 0: a bytes-like object is required, not 'str'
2026-03-16 21:02:48,010 [ERROR] Error on sample 0: a bytes-like object is required, not 'str'
2026-03-16 21:02:48,011 [ERROR] Error on sample 0: a bytes-like object is required, not 'str'
2026-03-16 21:02:48,012 [ERROR] Error on sample 0: a bytes-like object is required, not 'str'
2026-03-16 21:02:48,012 [ERROR] Error on sample 0: a bytes-like object is required, not 'str'
2026-03-16 21:02:48,013 [ERROR] Error on sample 0: a bytes-like object is required, not 'str'
2026-03-16 21:02:48,014 [ERROR] Error on sample 0: a bytes-like object is required, not 'str'
2026-03-16 21:02:48,014 [ERROR] Error on sample 0: a bytes-like object is required, not 'str'
2026-03-16 21:02:48,015 [ERROR] Error on sample 0: a bytes-like object is required, not 'str'
2026-03-16 21:02:48,016 [ERROR] Error on sample 0: a bytes-like object is required, not 'str'
2026-03-16 21:02:48,017 [ERROR] Error on sample 0: a bytes-like object is required, not 'str'
2026-03-16 21:02:48,017 [ERROR] Error on sample 0: a bytes-like object is required, not 'str'
2026-03-16 21:02:48,018 [ERROR] Error on sample 0: a bytes-like object is required, not 'str'
2026-03-16 21:02:48,019 [ERROR] Error on sample 0: a bytes-like object is required, not 'str'
2026-03-16 21:02:48,019 [ERROR] Error on sample 0: a bytes-like object is required, not 'str'
2026-03-16 21:02:48,020 [ERROR] Error on sample 0: a bytes-like object is required, not 'str'
2026-03-16 21:02:48,021 [ERROR] Error on sample 0: a bytes-like object is required, not 'str'
2026-03-16 21:02:48,021 [ERROR] Error on sample 0: a bytes-like object is required, not 'str'
2026-03-16 21:02:48,022 [ERROR] Error on sample 0: a bytes-like object is required, not 'str'
2026-03-16 21:02:48,023 [ERROR] Error on sample 0: a bytes-like object is required, not 'str'
2026-03-16 21:02:48,024 [ERROR] Error on sample 0: a bytes-like object is required, not 'str'
2026-03-16 21:02:48,024 [ERROR] Error on sample 0: a bytes-like object is required, not 'str'
2026-03-16 21:02:48,025 [ERROR] Error on sample 0: a bytes-like object is required, not 'str'
2026-03-16 21:02:48,026 [ERROR] Error on sample 0: a bytes-like object is required, not 'str'
2026-03-16 21:02:48,026 [ERROR] Error on sample 0: a bytes-like object is required, not 'str'
2026-03-16 21:02:48,027 [ERROR] Error on sample 0: a bytes-like object is required, not 'str'
2026-03-16 21:02:48,028 [ERROR] Error on sample 0: a bytes-like object is required, not 'str'
2026-03-16 21:02:48,028 [ERROR] Error on sample 0: a bytes-like object is required, not 'str'
2026-03-16 21:02:48,029 [ERROR] Error on sample 0: a bytes-like object is required, not 'str'
2026-03-16 21:02:48,030 [ERROR] Error on sample 0: a bytes-like object is required, not 'str'
2026-03-16 21:02:48,031 [ERROR] Error on sample 0: a bytes-like object is required, not 'str'
2026-03-16 21:02:48,031 [ERROR] Error on sample 0: a bytes-like object is required, not 'str'
2026-03-16 21:02:48,032 [ERROR] Error on sample 0: a bytes-like object is required, not 'str'
2026-03-16 21:02:48,033 [ERROR] Error on sample 0: a bytes-like object is required, not 'str'
2026-03-16 21:02:48,033 [ERROR] Error on sample 0: a bytes-like object is required, not 'str'
2026-03-16 21:02:48,034 [ERROR] Error on sample 0: a bytes-like object is required, not 'str'
2026-03-16 21:02:48,035 [ERROR] Error on sample 0: a bytes-like object is required, not 'str'
2026-03-16 21:02:48,035 [ERROR] Error on sample 0: a bytes-like object is required, not 'str'
2026-03-16 21:02:48,036 [ERROR] Error on sample 0: a bytes-like object is required, not 'str'
2026-03-16 21:02:48,037 [ERROR] Error on sample 0: a bytes-like object is required, not 'str'
2026-03-16 21:02:48,038 [ERROR] Error on sample 0: a bytes-like object is required, not 'str'
2026-03-16 21:02:48,038 [ERROR] Error on sample 0: a bytes-like object is required, not 'str'
2026-03-16 21:02:48,039 [ERROR] Error on sample 0: a bytes-like object is required, not 'str'
2026-03-16 21:02:48,040 [ERROR] Error on sample 0: a bytes-like object is required, not 'str'
2026-03-16 21:02:48,040 [ERROR] Error on sample 0: a bytes-like object is required, not 'str'
2026-03-16 21:02:48,041 [ERROR] Error on sample 0: a bytes-like object is required, not 'str'
2026-03-16 21:02:48,042 [ERROR] Error on sample 0: a bytes-like object is required, not 'str'
2026-03-16 21:02:48,042 [ERROR] Error on sample 0: a bytes-like object is required, not 'str'
2026-03-16 21:02:48,043 [ERROR] Error on sample 0: a bytes-like object is required, not 'str'
2026-03-16 21:02:48,044 [ERROR] Error on sample 0: a bytes-like object is required, not 'str'
2026-03-16 21:02:48,045 [ERROR] Error on sample 0: a bytes-like object is required, not 'str'
2026-03-16 21:02:48,045 [ERROR] Error on sample 0: a bytes-like object is required, not 'str'
2026-03-16 21:02:48,046 [ERROR] Error on sample 0: a bytes-like object is required, not 'str'
2026-03-16 21:02:48,047 [ERROR] Error on sample 0: a bytes-like object is required, not 'str'
2026-03-16 21:02:48,047 [ERROR] Error on sample 0: a bytes-like object is required, not 'str'
2026-03-16 21:02:48,048 [ERROR] Error on sample 0: a bytes-like object is required, not 'str'
2026-03-16 21:02:48,049 [ERROR] Error on sample 0: a bytes-like object is required, not 'str'
2026-03-16 21:02:48,049 [ERROR] Error on sample 0: a bytes-like object is required, not 'str'
2026-03-16 21:02:48,050 [ERROR] Error on sample 0: a bytes-like object is required, not 'str'
2026-03-16 21:02:48,051 [ERROR] Error on sample 0: a bytes-like object is required, not 'str'
2026-03-16 21:02:48,052 [ERROR] Error on sample 0: a bytes-like object is required, not 'str'
2026-03-16 21:02:48,052 [ERROR] Error on sample 0: a bytes-like object is required, not 'str'
2026-03-16 21:02:48,053 [ERROR] Error on sample 0: a bytes-like object is required, not 'str'
2026-03-16 21:02:48,054 [ERROR] Error on sample 0: a bytes-like object is required, not 'str'
2026-03-16 21:02:48,054 [ERROR] Error on sample 0: a bytes-like object is required, not 'str'
2026-03-16 21:02:48,055 [ERROR] Error on sample 0: a bytes-like object is required, not 'str'
2026-03-16 21:02:48,056 [ERROR] Error on sample 0: a bytes-like object is required, not 'str'
2026-03-16 21:02:48,057 [ERROR] Error on sample 0: a bytes-like object is required, not 'str'
2026-03-16 21:02:48,057 [ERROR] Error on sample 0: a bytes-like object is required, not 'str'
2026-03-16 21:02:48,058 [ERROR] Error on sample 0: a bytes-like object is required, not 'str'
2026-03-16 21:02:48,059 [ERROR] Error on sample 0: a bytes-like object is required, not 'str'
2026-03-16 21:02:48,059 [ERROR] Error on sample 0: a bytes-like object is required, not 'str'
2026-03-16 21:02:48,060 [ERROR] Error on sample 0: a bytes-like object is required, not 'str'
2026-03-16 21:02:48,061 [ERROR] Error on sample 0: a bytes-like object is required, not 'str'
2026-03-16 21:02:48,061 [ERROR] Error on sample 0: a bytes-like object is required, not 'str'
2026-03-16 21:02:48,062 [ERROR] Error on sample 0: a bytes-like object is required, not 'str'
2026-03-16 21:02:48,063 [ERROR] Error on sample 0: a bytes-like object is required, not 'str'
2026-03-16 21:02:48,063 [ERROR] Error on sample 0: a bytes-like object is required, not 'str'
2026-03-16 21:02:48,064 [ERROR] Error on sample 0: a bytes-like object is required, not 'str'
2026-03-16 21:02:48,065 [ERROR] Error on sample 0: a bytes-like object is required, not 'str'
2026-03-16 21:02:48,066 [ERROR] Error on sample 0: a bytes-like object is required, not 'str'
2026-03-16 21:02:48,066 [ERROR] Error on sample 0: a bytes-like object is required, not 'str'
2026-03-16 21:02:48,067 [ERROR] Error on sample 0: a bytes-like object is required, not 'str'
2026-03-16 21:02:48,068 [ERROR] Error on sample 0: a bytes-like object is required, not 'str'
2026-03-16 21:02:48,068 [ERROR] Error on sample 0: a bytes-like object is required, not 'str'
2026-03-16 21:02:48,069 [ERROR] Error on sample 0: a bytes-like object is required, not 'str'
2026-03-16 21:02:48,070 [ERROR] Error on sample 0: a bytes-like object is required, not 'str'
2026-03-16 21:02:48,070 [ERROR] Error on sample 0: a bytes-like object is required, not 'str'
2026-03-16 21:02:48,071 [ERROR] Error on sample 0: a bytes-like object is required, not 'str'
2026-03-16 21:02:48,072 [ERROR] Error on sample 0: a bytes-like object is required, not 'str'
2026-03-16 21:02:48,073 [ERROR] Error on sample 0: a bytes-like object is required, not 'str'
2026-03-16 21:02:48,073 [ERROR] Error on sample 0: a bytes-like object is required, not 'str'
2026-03-16 21:02:48,074 [ERROR] Error on sample 0: a bytes-like object is required, not 'str'
2026-03-16 21:02:48,075 [ERROR] Error on sample 0: a bytes-like object is required, not 'str'
2026-03-16 21:02:48,075 [ERROR] Error on sample 0: a bytes-like object is required, not 'str'
2026-03-16 21:02:48,076 [ERROR] Error on sample 0: a bytes-like object is required, not 'str'
2026-03-16 21:02:48,077 [ERROR] Error on sample 0: a bytes-like object is required, not 'str'
2026-03-16 21:02:48,078 [ERROR] Error on sample 0: a bytes-like object is required, not 'str'
2026-03-16 21:02:48,078 [ERROR] Error on sample 0: a bytes-like object is required, not 'str'
2026-03-16 21:02:48,079 [ERROR] Error on sample 0: a bytes-like object is required, not 'str'
2026-03-16 21:02:48,080 [ERROR] Error on sample 0: a bytes-like object is required, not 'str'
2026-03-16 21:02:48,080 [ERROR] Error on sample 0: a bytes-like object is required, not 'str'
2026-03-16 21:02:48,081 [ERROR] Error on sample 0: a bytes-like object is required, not 'str'
2026-03-16 21:02:48,082 [ERROR] Error on sample 0: a bytes-like object is required, not 'str'
2026-03-16 21:02:48,083 [ERROR] Error on sample 0: a bytes-like object is required, not 'str'
2026-03-16 21:02:48,083 [ERROR] Error on sample 0: a bytes-like object is required, not 'str'
2026-03-16 21:02:48,084 [ERROR] Error on sample 0: a bytes-like object is required, not 'str'
2026-03-16 21:02:48,085 [ERROR] Error on sample 0: a bytes-like object is required, not 'str'
2026-03-16 21:02:48,085 [ERROR] Error on sample 0: a bytes-like object is required, not 'str'
2026-03-16 21:02:48,086 [ERROR] Error on sample 0: a bytes-like object is required, not 'str'
2026-03-16 21:02:48,087 [ERROR] Error on sample 0: a bytes-like object is required, not 'str'
2026-03-16 21:02:48,088 [ERROR] Error on sample 0: a bytes-like object is required, not 'str'
2026-03-16 21:02:48,088 [ERROR] Error on sample 0: a bytes-like object is required, not 'str'
2026-03-16 21:02:48,089 [ERROR] Error on sample 0: a bytes-like object is required, not 'str'
2026-03-16 21:02:48,090 [ERROR] Error on sample 0: a bytes-like object is required, not 'str'
2026-03-16 21:02:48,090 [ERROR] Error on sample 0: a bytes-like object is required, not 'str'
2026-03-16 21:02:48,091 [ERROR] Error on sample 0: a bytes-like object is required, not 'str'
2026-03-16 21:02:48,092 [ERROR] Error on sample 0: a bytes-like object is required, not 'str'
2026-03-16 21:02:48,093 [ERROR] Error on sample 0: a bytes-like object is required, not 'str'
2026-03-16 21:02:48,093 [ERROR] Error on sample 0: a bytes-like object is required, not 'str'
2026-03-16 21:02:48,094 [ERROR] Error on sample 0: a bytes-like object is required, not 'str'
2026-03-16 21:02:48,095 [ERROR] Error on sample 0: a bytes-like object is required, not 'str'
2026-03-16 21:02:48,096 [ERROR] Error on sample 0: a bytes-like object is required, not 'str'
2026-03-16 21:02:48,097 [ERROR] Error on sample 0: a bytes-like object is required, not 'str'
2026-03-16 21:02:48,097 [ERROR] Error on sample 0: a bytes-like object is required, not 'str'
2026-03-16 21:02:48,098 [ERROR] Error on sample 0: a bytes-like object is required, not 'str'
2026-03-16 21:02:48,099 [ERROR] Error on sample 0: a bytes-like object is required, not 'str'
2026-03-16 21:02:48,100 [ERROR] Error on sample 0: a bytes-like object is required, not 'str'
2026-03-16 21:02:48,100 [ERROR] Error on sample 0: a bytes-like object is required, not 'str'
2026-03-16 21:02:48,101 [ERROR] Error on sample 0: a bytes-like object is required, not 'str'
2026-03-16 21:02:48,102 [ERROR] Error on sample 0: a bytes-like object is required, not 'str'
2026-03-16 21:02:48,102 [ERROR] Error on sample 0: a bytes-like object is required, not 'str'
2026-03-16 21:02:48,103 [ERROR] Error on sample 0: a bytes-like object is required, not 'str'
2026-03-16 21:02:48,104 [ERROR] Error on sample 0: a bytes-like object is required, not 'str'
2026-03-16 21:02:48,104 [ERROR] Error on sample 0: a bytes-like object is required, not 'str'
2026-03-16 21:02:48,105 [ERROR] Error on sample 0: a bytes-like object is required, not 'str'
2026-03-16 21:02:48,106 [ERROR] Error on sample 0: a bytes-like object is required, not 'str'
2026-03-16 21:02:48,107 [ERROR] Error on sample 0: a bytes-like object is required, not 'str'
2026-03-16 21:02:48,107 [ERROR] Error on sample 0: a bytes-like object is required, not 'str'
2026-03-16 21:02:48,108 [ERROR] Error on sample 0: a bytes-like object is required, not 'str'
2026-03-16 21:02:48,109 [ERROR] Error on sample 0: a bytes-like object is required, not 'str'
2026-03-16 21:02:48,109 [ERROR] Error on sample 0: a bytes-like object is required, not 'str'
2026-03-16 21:02:48,110 [ERROR] Error on sample 0: a bytes-like object is required, not 'str'
2026-03-16 21:02:48,111 [ERROR] Error on sample 0: a bytes-like object is required, not 'str'
2026-03-16 21:02:48,111 [ERROR] Error on sample 0: a bytes-like object is required, not 'str'
2026-03-16 21:02:48,112 [ERROR] Error on sample 0: a bytes-like object is required, not 'str'
2026-03-16 21:02:48,113 [ERROR] Error on sample 0: a bytes-like object is required, not 'str'
2026-03-16 21:02:48,113 [ERROR] Error on sample 0: a bytes-like object is required, not 'str'
2026-03-16 21:02:48,114 [ERROR] Error on sample 0: a bytes-like object is required, not 'str'
2026-03-16 21:02:48,115 [ERROR] Error on sample 0: a bytes-like object is required, not 'str'
2026-03-16 21:02:48,116 [ERROR] Error on sample 0: a bytes-like object is required, not 'str'
2026-03-16 21:02:48,116 [ERROR] Error on sample 0: a bytes-like object is required, not 'str'
2026-03-16 21:02:48,117 [ERROR] Error on sample 0: a bytes-like object is required, not 'str'
2026-03-16 21:02:48,118 [ERROR] Error on sample 0: a bytes-like object is required, not 'str'
2026-03-16 21:02:48,118 [ERROR] Error on sample 0: a bytes-like object is required, not 'str'
2026-03-16 21:02:48,119 [ERROR] Error on sample 0: a bytes-like object is required, not 'str'
2026-03-16 21:02:48,120 [ERROR] Error on sample 0: a bytes-like object is required, not 'str'
2026-03-16 21:02:48,121 [ERROR] Error on sample 0: a bytes-like object is required, not 'str'
2026-03-16 21:02:48,121 [ERROR] Error on sample 0: a bytes-like object is required, not 'str'
2026-03-16 21:02:48,122 [ERROR] Error on sample 0: a bytes-like object is required, not 'str'
2026-03-16 21:02:48,123 [ERROR] Error on sample 0: a bytes-like object is required, not 'str'
2026-03-16 21:02:48,123 [ERROR] Error on sample 0: a bytes-like object is required, not 'str'
2026-03-16 21:02:48,125 [ERROR] Error on sample 0: a bytes-like object is required, not 'str'
2026-03-16 21:02:48,126 [ERROR] Error on sample 0: a bytes-like object is required, not 'str'
2026-03-16 21:02:48,127 [ERROR] Error on sample 0: a bytes-like object is required, not 'str'
2026-03-16 21:02:48,128 [ERROR] Error on sample 0: a bytes-like object is required, not 'str'
2026-03-16 21:02:48,129 [ERROR] Error on sample 0: a bytes-like object is required, not 'str'
2026-03-16 21:02:48,130 [ERROR] Error on sample 0: a bytes-like object is required, not 'str'
2026-03-16 21:02:48,131 [ERROR] Error on sample 0: a bytes-like object is required, not 'str'
2026-03-16 21:02:48,132 [ERROR] Error on sample 0: a bytes-like object is required, not 'str'
2026-03-16 21:02:48,133 [ERROR] Error on sample 0: a bytes-like object is required, not 'str'
2026-03-16 21:02:48,135 [ERROR] Error on sample 0: a bytes-like object is required, not 'str'
2026-03-16 21:02:48,136 [ERROR] Error on sample 0: a bytes-like object is required, not 'str'
2026-03-16 21:02:48,137 [ERROR] Error on sample 0: a bytes-like object is required, not 'str'
2026-03-16 21:02:48,138 [ERROR] Error on sample 0: a bytes-like object is required, not 'str'
2026-03-16 21:02:48,139 [ERROR] Error on sample 0: a bytes-like object is required, not 'str'
2026-03-16 21:02:48,140 [ERROR] Error on sample 0: a bytes-like object is required, not 'str'
2026-03-16 21:02:48,141 [ERROR] Error on sample 0: a bytes-like object is required, not 'str'
2026-03-16 21:02:48,142 [ERROR] Error on sample 0: a bytes-like object is required, not 'str'
2026-03-16 21:02:48,143 [ERROR] Error on sample 0: a bytes-like object is required, not 'str'
2026-03-16 21:02:48,144 [ERROR] Error on sample 0: a bytes-like object is required, not 'str'
2026-03-16 21:02:48,145 [ERROR] Error on sample 0: a bytes-like object is required, not 'str'
2026-03-16 21:02:48,147 [ERROR] Error on sample 0: a bytes-like object is required, not 'str'
2026-03-16 21:02:48,148 [ERROR] Error on sample 0: a bytes-like object is required, not 'str'
2026-03-16 21:02:48,149 [ERROR] Error on sample 0: a bytes-like object is required, not 'str'
2026-03-16 21:02:48,150 [ERROR] Error on sample 0: a bytes-like object is required, not 'str'
2026-03-16 21:02:48,151 [ERROR] Error on sample 0: a bytes-like object is required, not 'str'
2026-03-16 21:02:48,152 [ERROR] Error on sample 0: a bytes-like object is required, not 'str'
2026-03-16 21:02:48,153 [ERROR] Error on sample 0: a bytes-like object is required, not 'str'
2026-03-16 21:02:48,154 [ERROR] Error on sample 0: a bytes-like object is required, not 'str'
2026-03-16 21:02:48,155 [ERROR] Error on sample 0: a bytes-like object is required, not 'str'
2026-03-16 21:02:48,156 [ERROR] Error on sample 0: a bytes-like object is required, not 'str'
2026-03-16 21:02:48,157 [ERROR] Error on sample 0: a bytes-like object is required, not 'str'
2026-03-16 21:02:48,158 [ERROR] Error on sample 0: a bytes-like object is required, not 'str'
2026-03-16 21:02:48,159 [ERROR] Error on sample 0: a bytes-like object is required, not 'str'
2026-03-16 21:02:48,160 [ERROR] Error on sample 0: a bytes-like object is required, not 'str'
2026-03-16 21:02:48,161 [ERROR] Error on sample 0: a bytes-like object is required, not 'str'
2026-03-16 21:02:48,162 [ERROR] Error on sample 0: a bytes-like object is required, not 'str'
2026-03-16 21:02:48,162 [ERROR] Error on sample 0: a bytes-like object is required, not 'str'
2026-03-16 21:02:48,163 [ERROR] Error on sample 0: a bytes-like object is required, not 'str'
2026-03-16 21:02:48,164 [ERROR] Error on sample 0: a bytes-like object is required, not 'str'
2026-03-16 21:02:48,164 [ERROR] Error on sample 0: a bytes-like object is required, not 'str'
2026-03-16 21:02:48,165 [ERROR] Error on sample 0: a bytes-like object is required, not 'str'
2026-03-16 21:02:48,166 [ERROR] Error on sample 0: a bytes-like object is required, not 'str'
2026-03-16 21:02:48,166 [ERROR] Error on sample 0: a bytes-like object is required, not 'str'
2026-03-16 21:02:48,167 [ERROR] Error on sample 0: a bytes-like object is required, not 'str'
2026-03-16 21:02:48,168 [ERROR] Error on sample 0: a bytes-like object is required, not 'str'
2026-03-16 21:02:48,169 [ERROR] Error on sample 0: a bytes-like object is required, not 'str'
2026-03-16 21:02:48,169 [ERROR] Error on sample 0: a bytes-like object is required, not 'str'
2026-03-16 21:02:48,170 [ERROR] Error on sample 0: a bytes-like object is required, not 'str'
2026-03-16 21:02:48,171 [ERROR] Error on sample 0: a bytes-like object is required, not 'str'
2026-03-16 21:02:48,171 [ERROR] Error on sample 0: a bytes-like object is required, not 'str'
2026-03-16 21:02:48,172 [ERROR] Error on sample 0: a bytes-like object is required, not 'str'
2026-03-16 21:02:48,173 [ERROR] Error on sample 0: a bytes-like object is required, not 'str'
2026-03-16 21:02:48,174 [ERROR] Error on sample 0: a bytes-like object is required, not 'str'
2026-03-16 21:02:48,174 [ERROR] Error on sample 0: a bytes-like object is required, not 'str'
2026-03-16 21:02:48,175 [ERROR] Error on sample 0: a bytes-like object is required, not 'str'
2026-03-16 21:02:48,176 [ERROR] Error on sample 0: a bytes-like object is required, not 'str'
2026-03-16 21:02:48,176 [ERROR] Error on sample 0: a bytes-like object is required, not 'str'
2026-03-16 21:02:48,177 [ERROR] Error on sample 0: a bytes-like object is required, not 'str'
2026-03-16 21:02:48,178 [ERROR] Error on sample 0: a bytes-like object is required, not 'str'
2026-03-16 21:02:48,179 [ERROR] Error on sample 0: a bytes-like object is required, not 'str'
2026-03-16 21:02:48,179 [ERROR] Error on sample 0: a bytes-like object is required, not 'str'
2026-03-16 21:02:48,180 [ERROR] Error on sample 0: a bytes-like object is required, not 'str'
2026-03-16 21:02:48,181 [ERROR] Error on sample 0: a bytes-like object is required, not 'str'
2026-03-16 21:02:48,181 [ERROR] Error on sample 0: a bytes-like object is required, not 'str'
2026-03-16 21:02:48,182 [ERROR] Error on sample 0: a bytes-like object is required, not 'str'
2026-03-16 21:02:48,183 [ERROR] Error on sample 0: a bytes-like object is required, not 'str'
2026-03-16 21:02:48,184 [ERROR] Error on sample 0: a bytes-like object is required, not 'str'
2026-03-16 21:02:48,184 [ERROR] Error on sample 0: a bytes-like object is required, not 'str'
2026-03-16 21:02:48,185 [ERROR] Error on sample 0: a bytes-like object is required, not 'str'
2026-03-16 21:02:48,186 [ERROR] Error on sample 0: a bytes-like object is required, not 'str'
2026-03-16 21:02:48,186 [ERROR] Error on sample 0: a bytes-like object is required, not 'str'
2026-03-16 21:02:48,187 [ERROR] Error on sample 0: a bytes-like object is required, not 'str'
2026-03-16 21:02:48,188 [ERROR] Error on sample 0: a bytes-like object is required, not 'str'
2026-03-16 21:02:48,189 [ERROR] Error on sample 0: a bytes-like object is required, not 'str'
2026-03-16 21:02:48,189 [ERROR] Error on sample 0: a bytes-like object is required, not 'str'
2026-03-16 21:02:48,190 [ERROR] Error on sample 0: a bytes-like object is required, not 'str'
2026-03-16 21:02:48,191 [ERROR] Error on sample 0: a bytes-like object is required, not 'str'
2026-03-16 21:02:48,191 [ERROR] Error on sample 0: a bytes-like object is required, not 'str'
2026-03-16 21:02:48,192 [ERROR] Error on sample 0: a bytes-like object is required, not 'str'
2026-03-16 21:02:48,193 [ERROR] Error on sample 0: a bytes-like object is required, not 'str'
2026-03-16 21:02:48,194 [ERROR] Error on sample 0: a bytes-like object is required, not 'str'
2026-03-16 21:02:48,194 [ERROR] Error on sample 0: a bytes-like object is required, not 'str'
2026-03-16 21:02:48,195 [ERROR] Error on sample 0: a bytes-like object is required, not 'str'
2026-03-16 21:02:48,196 [ERROR] Error on sample 0: a bytes-like object is required, not 'str'
2026-03-16 21:02:48,196 [ERROR] Error on sample 0: a bytes-like object is required, not 'str'
2026-03-16 21:02:48,197 [ERROR] Error on sample 0: a bytes-like object is required, not 'str'
2026-03-16 21:02:48,198 [ERROR] Error on sample 0: a bytes-like object is required, not 'str'
2026-03-16 21:02:48,199 [ERROR] Error on sample 0: a bytes-like object is required, not 'str'
2026-03-16 21:02:48,199 [ERROR] Error on sample 0: a bytes-like object is required, not 'str'
2026-03-16 21:02:48,200 [ERROR] Error on sample 0: a bytes-like object is required, not 'str'
2026-03-16 21:02:48,201 [ERROR] Error on sample 0: a bytes-like object is required, not 'str'
2026-03-16 21:02:48,201 [ERROR] Error on sample 0: a bytes-like object is required, not 'str'
2026-03-16 21:02:48,202 [ERROR] Error on sample 0: a bytes-like object is required, not 'str'
2026-03-16 21:02:48,203 [ERROR] Error on sample 0: a bytes-like object is required, not 'str'
2026-03-16 21:02:48,204 [ERROR] Error on sample 0: a bytes-like object is required, not 'str'
2026-03-16 21:02:48,204 [ERROR] Error on sample 0: a bytes-like object is required, not 'str'
2026-03-16 21:02:48,205 [ERROR] Error on sample 0: a bytes-like object is required, not 'str'
2026-03-16 21:02:48,206 [ERROR] Error on sample 0: a bytes-like object is required, not 'str'
2026-03-16 21:02:48,206 [ERROR] Error on sample 0: a bytes-like object is required, not 'str'
2026-03-16 21:02:48,207 [ERROR] Error on sample 0: a bytes-like object is required, not 'str'
2026-03-16 21:02:48,208 [ERROR] Error on sample 0: a bytes-like object is required, not 'str'
2026-03-16 21:02:48,208 [ERROR] Error on sample 0: a bytes-like object is required, not 'str'
2026-03-16 21:02:48,209 [ERROR] Error on sample 0: a bytes-like object is required, not 'str'
2026-03-16 21:02:48,210 [ERROR] Error on sample 0: a bytes-like object is required, not 'str'
2026-03-16 21:02:48,211 [ERROR] Error on sample 0: a bytes-like object is required, not 'str'
2026-03-16 21:02:48,211 [ERROR] Error on sample 0: a bytes-like object is required, not 'str'
2026-03-16 21:02:48,212 [ERROR] Error on sample 0: a bytes-like object is required, not 'str'
2026-03-16 21:02:48,213 [ERROR] Error on sample 0: a bytes-like object is required, not 'str'
2026-03-16 21:02:48,213 [ERROR] Error on sample 0: a bytes-like object is required, not 'str'
2026-03-16 21:02:48,214 [ERROR] Error on sample 0: a bytes-like object is required, not 'str'
2026-03-16 21:02:48,215 [ERROR] Error on sample 0: a bytes-like object is required, not 'str'
2026-03-16 21:02:48,216 [ERROR] Error on sample 0: a bytes-like object is required, not 'str'
2026-03-16 21:02:48,216 [ERROR] Error on sample 0: a bytes-like object is required, not 'str'
2026-03-16 21:02:48,217 [ERROR] Error on sample 0: a bytes-like object is required, not 'str'
2026-03-16 21:02:48,218 [ERROR] Error on sample 0: a bytes-like object is required, not 'str'
2026-03-16 21:02:48,218 [ERROR] Error on sample 0: a bytes-like object is required, not 'str'
2026-03-16 21:02:48,219 [ERROR] Error on sample 0: a bytes-like object is required, not 'str'
2026-03-16 21:02:48,220 [ERROR] Error on sample 0: a bytes-like object is required, not 'str'
2026-03-16 21:02:48,220 [ERROR] Error on sample 0: a bytes-like object is required, not 'str'
2026-03-16 21:02:48,221 [ERROR] Error on sample 0: a bytes-like object is required, not 'str'
2026-03-16 21:02:48,222 [ERROR] Error on sample 0: a bytes-like object is required, not 'str'
2026-03-16 21:02:48,223 [ERROR] Error on sample 0: a bytes-like object is required, not 'str'
2026-03-16 21:02:48,223 [ERROR] Error on sample 0: a bytes-like object is required, not 'str'
2026-03-16 21:02:48,224 [ERROR] Error on sample 0: a bytes-like object is required, not 'str'
2026-03-16 21:02:48,225 [ERROR] Error on sample 0: a bytes-like object is required, not 'str'
2026-03-16 21:02:48,225 [ERROR] Error on sample 0: a bytes-like object is required, not 'str'
2026-03-16 21:02:48,226 [ERROR] Error on sample 0: a bytes-like object is required, not 'str'
2026-03-16 21:02:48,227 [ERROR] Error on sample 0: a bytes-like object is required, not 'str'
2026-03-16 21:02:48,228 [ERROR] Error on sample 0: a bytes-like object is required, not 'str'
2026-03-16 21:02:48,228 [ERROR] Error on sample 0: a bytes-like object is required, not 'str'
2026-03-16 21:02:48,229 [ERROR] Error on sample 0: a bytes-like object is required, not 'str'
2026-03-16 21:02:48,230 [ERROR] Error on sample 0: a bytes-like object is required, not 'str'
2026-03-16 21:02:48,230 [ERROR] Error on sample 0: a bytes-like object is required, not 'str'
2026-03-16 21:02:48,231 [ERROR] Error on sample 0: a bytes-like object is required, not 'str'
2026-03-16 21:02:48,232 [ERROR] Error on sample 0: a bytes-like object is required, not 'str'
2026-03-16 21:02:48,232 [ERROR] Error on sample 0: a bytes-like object is required, not 'str'
2026-03-16 21:02:48,233 [ERROR] Error on sample 0: a bytes-like object is required, not 'str'
2026-03-16 21:02:48,234 [ERROR] Error on sample 0: a bytes-like object is required, not 'str'
2026-03-16 21:02:48,235 [ERROR] Error on sample 0: a bytes-like object is required, not 'str'
2026-03-16 21:02:48,235 [ERROR] Error on sample 0: a bytes-like object is required, not 'str'
2026-03-16 21:02:48,236 [ERROR] Error on sample 0: a bytes-like object is required, not 'str'
2026-03-16 21:02:48,237 [ERROR] Error on sample 0: a bytes-like object is required, not 'str'
2026-03-16 21:02:48,237 [ERROR] Error on sample 0: a bytes-like object is required, not 'str'
2026-03-16 21:02:48,238 [ERROR] Error on sample 0: a bytes-like object is required, not 'str'
2026-03-16 21:02:48,239 [ERROR] Error on sample 0: a bytes-like object is required, not 'str'
2026-03-16 21:02:48,240 [ERROR] Error on sample 0: a bytes-like object is required, not 'str'
2026-03-16 21:02:48,240 [ERROR] Error on sample 0: a bytes-like object is required, not 'str'
2026-03-16 21:02:48,241 [ERROR] Error on sample 0: a bytes-like object is required, not 'str'
2026-03-16 21:02:48,242 [ERROR] Error on sample 0: a bytes-like object is required, not 'str'
2026-03-16 21:02:48,242 [ERROR] Error on sample 0: a bytes-like object is required, not 'str'
2026-03-16 21:02:48,243 [ERROR] Error on sample 0: a bytes-like object is required, not 'str'
2026-03-16 21:02:48,244 [ERROR] Error on sample 0: a bytes-like object is required, not 'str'
2026-03-16 21:02:48,245 [ERROR] Error on sample 0: a bytes-like object is required, not 'str'
2026-03-16 21:02:48,245 [ERROR] Error on sample 0: a bytes-like object is required, not 'str'
2026-03-16 21:02:48,246 [ERROR] Error on sample 0: a bytes-like object is required, not 'str'
2026-03-16 21:02:48,247 [ERROR] Error on sample 0: a bytes-like object is required, not 'str'
2026-03-16 21:02:48,247 [ERROR] Error on sample 0: a bytes-like object is required, not 'str'
2026-03-16 21:02:48,248 [ERROR] Error on sample 0: a bytes-like object is required, not 'str'
2026-03-16 21:02:48,249 [ERROR] Error on sample 0: a bytes-like object is required, not 'str'
2026-03-16 21:02:48,249 [ERROR] Error on sample 0: a bytes-like object is required, not 'str'
2026-03-16 21:02:48,250 [ERROR] Error on sample 0: a bytes-like object is required, not 'str'
2026-03-16 21:02:48,251 [ERROR] Error on sample 0: a bytes-like object is required, not 'str'
2026-03-16 21:02:48,252 [ERROR] Error on sample 0: a bytes-like object is required, not 'str'
2026-03-16 21:02:48,252 [ERROR] Error on sample 0: a bytes-like object is required, not 'str'
2026-03-16 21:02:48,253 [ERROR] Error on sample 0: a bytes-like object is required, not 'str'
2026-03-16 21:02:48,254 [ERROR] Error on sample 0: a bytes-like object is required, not 'str'
2026-03-16 21:02:48,254 [ERROR] Error on sample 0: a bytes-like object is required, not 'str'
2026-03-16 21:02:48,255 [ERROR] Error on sample 0: a bytes-like object is required, not 'str'
2026-03-16 21:02:48,256 [ERROR] Error on sample 0: a bytes-like object is required, not 'str'
2026-03-16 21:02:48,257 [ERROR] Error on sample 0: a bytes-like object is required, not 'str'
2026-03-16 21:02:48,257 [ERROR] Error on sample 0: a bytes-like object is required, not 'str'
2026-03-16 21:02:48,258 [ERROR] Error on sample 0: a bytes-like object is required, not 'str'
2026-03-16 21:02:48,259 [ERROR] Error on sample 0: a bytes-like object is required, not 'str'
2026-03-16 21:02:48,259 [ERROR] Error on sample 0: a bytes-like object is required, not 'str'
2026-03-16 21:02:48,260 [ERROR] Error on sample 0: a bytes-like object is required, not 'str'
2026-03-16 21:02:48,261 [ERROR] Error on sample 0: a bytes-like object is required, not 'str'
2026-03-16 21:02:48,262 [ERROR] Error on sample 0: a bytes-like object is required, not 'str'
2026-03-16 21:02:48,262 [ERROR] Error on sample 0: a bytes-like object is required, not 'str'
2026-03-16 21:02:48,263 [ERROR] Error on sample 0: a bytes-like object is required, not 'str'
2026-03-16 21:02:48,264 [ERROR] Error on sample 0: a bytes-like object is required, not 'str'
2026-03-16 21:02:48,264 [ERROR] Error on sample 0: a bytes-like object is required, not 'str'
2026-03-16 21:02:48,265 [ERROR] Error on sample 0: a bytes-like object is required, not 'str'
2026-03-16 21:02:48,266 [ERROR] Error on sample 0: a bytes-like object is required, not 'str'
2026-03-16 21:02:48,267 [ERROR] Error on sample 0: a bytes-like object is required, not 'str'
2026-03-16 21:02:48,267 [ERROR] Error on sample 0: a bytes-like object is required, not 'str'
2026-03-16 21:02:48,268 [ERROR] Error on sample 0: a bytes-like object is required, not 'str'
2026-03-16 21:02:48,269 [ERROR] Error on sample 0: a bytes-like object is required, not 'str'
2026-03-16 21:02:48,269 [ERROR] Error on sample 0: a bytes-like object is required, not 'str'
2026-03-16 21:02:48,270 [ERROR] Error on sample 0: a bytes-like object is required, not 'str'
2026-03-16 21:02:48,271 [ERROR] Error on sample 0: a bytes-like object is required, not 'str'
2026-03-16 21:02:48,272 [ERROR] Error on sample 0: a bytes-like object is required, not 'str'
2026-03-16 21:02:48,272 [ERROR] Error on sample 0: a bytes-like object is required, not 'str'
2026-03-16 21:02:48,273 [ERROR] Error on sample 0: a bytes-like object is required, not 'str'
2026-03-16 21:02:48,274 [ERROR] Error on sample 0: a bytes-like object is required, not 'str'
2026-03-16 21:02:48,275 [ERROR] Error on sample 0: a bytes-like object is required, not 'str'
2026-03-16 21:02:48,275 [ERROR] Error on sample 0: a bytes-like object is required, not 'str'
2026-03-16 21:02:48,276 [ERROR] Error on sample 0: a bytes-like object is required, not 'str'
2026-03-16 21:02:48,277 [ERROR] Error on sample 0: a bytes-like object is required, not 'str'
2026-03-16 21:02:48,278 [ERROR] Error on sample 0: a bytes-like object is required, not 'str'
2026-03-16 21:02:48,278 [ERROR] Error on sample 0: a bytes-like object is required, not 'str'
2026-03-16 21:02:48,279 [ERROR] Error on sample 0: a bytes-like object is required, not 'str'
2026-03-16 21:02:48,280 [ERROR] Error on sample 0: a bytes-like object is required, not 'str'
2026-03-16 21:02:48,281 [ERROR] Error on sample 0: a bytes-like object is required, not 'str'
2026-03-16 21:02:48,281 [ERROR] Error on sample 0: a bytes-like object is required, not 'str'
2026-03-16 21:02:48,282 [ERROR] Error on sample 0: a bytes-like object is required, not 'str'
2026-03-16 21:02:48,283 [ERROR] Error on sample 0: a bytes-like object is required, not 'str'
2026-03-16 21:02:48,283 [ERROR] Error on sample 0: a bytes-like object is required, not 'str'
2026-03-16 21:02:48,284 [ERROR] Error on sample 0: a bytes-like object is required, not 'str'
2026-03-16 21:02:48,285 [ERROR] Error on sample 0: a bytes-like object is required, not 'str'
2026-03-16 21:02:48,285 [ERROR] Error on sample 0: a bytes-like object is required, not 'str'
2026-03-16 21:02:48,286 [ERROR] Error on sample 0: a bytes-like object is required, not 'str'
2026-03-16 21:02:48,287 [ERROR] Error on sample 0: a bytes-like object is required, not 'str'
2026-03-16 21:02:48,287 [ERROR] Error on sample 0: a bytes-like object is required, not 'str'
2026-03-16 21:02:48,288 [ERROR] Error on sample 0: a bytes-like object is required, not 'str'
2026-03-16 21:02:48,289 [ERROR] Error on sample 0: a bytes-like object is required, not 'str'
2026-03-16 21:02:48,289 [ERROR] Error on sample 0: a bytes-like object is required, not 'str'
2026-03-16 21:02:48,290 [ERROR] Error on sample 0: a bytes-like object is required, not 'str'
2026-03-16 21:02:48,291 [ERROR] Error on sample 0: a bytes-like object is required, not 'str'
2026-03-16 21:02:48,291 [ERROR] Error on sample 0: a bytes-like object is required, not 'str'
2026-03-16 21:02:48,292 [ERROR] Error on sample 0: a bytes-like object is required, not 'str'
2026-03-16 21:02:48,293 [ERROR] Error on sample 0: a bytes-like object is required, not 'str'
2026-03-16 21:02:48,293 [ERROR] Error on sample 0: a bytes-like object is required, not 'str'
2026-03-16 21:02:48,294 [ERROR] Error on sample 0: a bytes-like object is required, not 'str'
2026-03-16 21:02:48,295 [ERROR] Error on sample 0: a bytes-like object is required, not 'str'
2026-03-16 21:02:48,296 [ERROR] Error on sample 0: a bytes-like object is required, not 'str'
2026-03-16 21:02:48,296 [ERROR] Error on sample 0: a bytes-like object is required, not 'str'
2026-03-16 21:02:48,297 [ERROR] Error on sample 0: a bytes-like object is required, not 'str'
2026-03-16 21:02:48,298 [ERROR] Error on sample 0: a bytes-like object is required, not 'str'
2026-03-16 21:02:48,298 [ERROR] Error on sample 0: a bytes-like object is required, not 'str'
2026-03-16 21:02:48,299 [ERROR] Error on sample 0: a bytes-like object is required, not 'str'
2026-03-16 21:02:48,300 [ERROR] Error on sample 0: a bytes-like object is required, not 'str'
2026-03-16 21:02:48,300 [ERROR] Error on sample 0: a bytes-like object is required, not 'str'
2026-03-16 21:02:48,301 [ERROR] Error on sample 0: a bytes-like object is required, not 'str'
2026-03-16 21:02:48,302 [ERROR] Error on sample 0: a bytes-like object is required, not 'str'
2026-03-16 21:02:48,302 [ERROR] Error on sample 0: a bytes-like object is required, not 'str'
2026-03-16 21:02:48,303 [ERROR] Error on sample 0: a bytes-like object is required, not 'str'
2026-03-16 21:02:48,304 [ERROR] Error on sample 0: a bytes-like object is required, not 'str'
2026-03-16 21:02:48,304 [ERROR] Error on sample 0: a bytes-like object is required, not 'str'
2026-03-16 21:02:48,305 [ERROR] Error on sample 0: a bytes-like object is required, not 'str'
2026-03-16 21:02:48,306 [ERROR] Error on sample 0: a bytes-like object is required, not 'str'
2026-03-16 21:02:48,306 [ERROR] Error on sample 0: a bytes-like object is required, not 'str'
2026-03-16 21:02:48,307 [ERROR] Error on sample 0: a bytes-like object is required, not 'str'
2026-03-16 21:02:48,308 [ERROR] Error on sample 0: a bytes-like object is required, not 'str'
2026-03-16 21:02:48,308 [ERROR] Error on sample 0: a bytes-like object is required, not 'str'
2026-03-16 21:02:48,309 [ERROR] Error on sample 0: a bytes-like object is required, not 'str'
2026-03-16 21:02:48,310 [ERROR] Error on sample 0: a bytes-like object is required, not 'str'
2026-03-16 21:02:48,310 [ERROR] Error on sample 0: a bytes-like object is required, not 'str'
2026-03-16 21:02:48,311 [ERROR] Error on sample 0: a bytes-like object is required, not 'str'
2026-03-16 21:02:48,312 [ERROR] Error on sample 0: a bytes-like object is required, not 'str'
2026-03-16 21:02:48,312 [ERROR] Error on sample 0: a bytes-like object is required, not 'str'
2026-03-16 21:02:48,313 [ERROR] Error on sample 0: a bytes-like object is required, not 'str'
2026-03-16 21:02:48,314 [ERROR] Error on sample 0: a bytes-like object is required, not 'str'
2026-03-16 21:02:48,314 [ERROR] Error on sample 0: a bytes-like object is required, not 'str'
2026-03-16 21:02:48,315 [ERROR] Error on sample 0: a bytes-like object is required, not 'str'
2026-03-16 21:02:48,316 [ERROR] Error on sample 0: a bytes-like object is required, not 'str'
2026-03-16 21:02:48,316 [ERROR] Error on sample 0: a bytes-like object is required, not 'str'
2026-03-16 21:02:48,317 [ERROR] Error on sample 0: a bytes-like object is required, not 'str'
2026-03-16 21:02:48,318 [ERROR] Error on sample 0: a bytes-like object is required, not 'str'
2026-03-16 21:02:48,318 [ERROR] Error on sample 0: a bytes-like object is required, not 'str'
2026-03-16 21:02:48,319 [ERROR] Error on sample 0: a bytes-like object is required, not 'str'
2026-03-16 21:02:48,320 [ERROR] Error on sample 0: a bytes-like object is required, not 'str'
2026-03-16 21:02:48,321 [ERROR] Error on sample 0: a bytes-like object is required, not 'str'
2026-03-16 21:02:48,321 [ERROR] Error on sample 0: a bytes-like object is required, not 'str'
2026-03-16 21:02:48,322 [ERROR] Error on sample 0: a bytes-like object is required, not 'str'
2026-03-16 21:02:48,323 [ERROR] Error on sample 0: a bytes-like object is required, not 'str'
2026-03-16 21:02:48,323 [ERROR] Error on sample 0: a bytes-like object is required, not 'str'
2026-03-16 21:02:48,324 [ERROR] Error on sample 0: a bytes-like object is required, not 'str'
2026-03-16 21:02:48,325 [ERROR] Error on sample 0: a bytes-like object is required, not 'str'
2026-03-16 21:02:48,325 [ERROR] Error on sample 0: a bytes-like object is required, not 'str'
2026-03-16 21:02:48,326 [ERROR] Error on sample 0: a bytes-like object is required, not 'str'
2026-03-16 21:02:48,327 [ERROR] Error on sample 0: a bytes-like object is required, not 'str'
2026-03-16 21:02:48,327 [ERROR] Error on sample 0: a bytes-like object is required, not 'str'
2026-03-16 21:02:48,328 [ERROR] Error on sample 0: a bytes-like object is required, not 'str'
2026-03-16 21:02:48,329 [ERROR] Error on sample 0: a bytes-like object is required, not 'str'
2026-03-16 21:02:48,329 [ERROR] Error on sample 0: a bytes-like object is required, not 'str'
2026-03-16 21:02:48,330 [ERROR] Error on sample 0: a bytes-like object is required, not 'str'
2026-03-16 21:02:48,331 [ERROR] Error on sample 0: a bytes-like object is required, not 'str'
2026-03-16 21:02:48,331 [ERROR] Error on sample 0: a bytes-like object is required, not 'str'
2026-03-16 21:02:48,332 [ERROR] Error on sample 0: a bytes-like object is required, not 'str'
2026-03-16 21:02:48,333 [ERROR] Error on sample 0: a bytes-like object is required, not 'str'
2026-03-16 21:02:48,333 [ERROR] Error on sample 0: a bytes-like object is required, not 'str'
2026-03-16 21:02:48,334 [ERROR] Error on sample 0: a bytes-like object is required, not 'str'
2026-03-16 21:02:48,335 [ERROR] Error on sample 0: a bytes-like object is required, not 'str'
2026-03-16 21:02:48,336 [ERROR] Error on sample 0: a bytes-like object is required, not 'str'
2026-03-16 21:02:48,336 [ERROR] Error on sample 0: a bytes-like object is required, not 'str'
2026-03-16 21:02:48,337 [ERROR] Error on sample 0: a bytes-like object is required, not 'str'
2026-03-16 21:02:48,338 [ERROR] Error on sample 0: a bytes-like object is required, not 'str'
2026-03-16 21:02:48,338 [ERROR] Error on sample 0: a bytes-like object is required, not 'str'
2026-03-16 21:02:48,339 [ERROR] Error on sample 0: a bytes-like object is required, not 'str'
2026-03-16 21:02:48,340 [ERROR] Error on sample 0: a bytes-like object is required, not 'str'
2026-03-16 21:02:48,340 [ERROR] Error on sample 0: a bytes-like object is required, not 'str'
2026-03-16 21:02:48,341 [ERROR] Error on sample 0: a bytes-like object is required, not 'str'
2026-03-16 21:02:48,342 [ERROR] Error on sample 0: a bytes-like object is required, not 'str'
2026-03-16 21:02:48,342 [ERROR] Error on sample 0: a bytes-like object is required, not 'str'
2026-03-16 21:02:48,343 [ERROR] Error on sample 0: a bytes-like object is required, not 'str'
2026-03-16 21:02:48,344 [ERROR] Error on sample 0: a bytes-like object is required, not 'str'
2026-03-16 21:02:48,344 [ERROR] Error on sample 0: a bytes-like object is required, not 'str'
2026-03-16 21:02:48,345 [ERROR] Error on sample 0: a bytes-like object is required, not 'str'
2026-03-16 21:02:48,346 [ERROR] Error on sample 0: a bytes-like object is required, not 'str'
2026-03-16 21:02:48,347 [ERROR] Error on sample 0: a bytes-like object is required, not 'str'
2026-03-16 21:02:48,347 [ERROR] Error on sample 0: a bytes-like object is required, not 'str'
2026-03-16 21:02:48,348 [ERROR] Error on sample 0: a bytes-like object is required, not 'str'
2026-03-16 21:02:48,349 [ERROR] Error on sample 0: a bytes-like object is required, not 'str'
2026-03-16 21:02:48,349 [ERROR] Error on sample 0: a bytes-like object is required, not 'str'
2026-03-16 21:02:48,350 [ERROR] Error on sample 0: a bytes-like object is required, not 'str'
2026-03-16 21:02:48,351 [ERROR] Error on sample 0: a bytes-like object is required, not 'str'
2026-03-16 21:02:48,351 [ERROR] Error on sample 0: a bytes-like object is required, not 'str'
2026-03-16 21:02:48,352 [ERROR] Error on sample 0: a bytes-like object is required, not 'str'
2026-03-16 21:02:48,353 [ERROR] Error on sample 0: a bytes-like object is required, not 'str'
2026-03-16 21:02:48,353 [ERROR] Error on sample 0: a bytes-like object is required, not 'str'
2026-03-16 21:02:48,354 [ERROR] Error on sample 0: a bytes-like object is required, not 'str'
2026-03-16 21:02:48,355 [ERROR] Error on sample 0: a bytes-like object is required, not 'str'
2026-03-16 21:02:48,355 [ERROR] Error on sample 0: a bytes-like object is required, not 'str'
2026-03-16 21:02:48,356 [ERROR] Error on sample 0: a bytes-like object is required, not 'str'
2026-03-16 21:02:48,357 [ERROR] Error on sample 0: a bytes-like object is required, not 'str'
2026-03-16 21:02:48,357 [ERROR] Error on sample 0: a bytes-like object is required, not 'str'
2026-03-16 21:02:48,358 [ERROR] Error on sample 0: a bytes-like object is required, not 'str'
2026-03-16 21:02:48,359 [ERROR] Error on sample 0: a bytes-like object is required, not 'str'
2026-03-16 21:02:48,359 [ERROR] Error on sample 0: a bytes-like object is required, not 'str'
2026-03-16 21:02:48,360 [ERROR] Error on sample 0: a bytes-like object is required, not 'str'
2026-03-16 21:02:48,361 [ERROR] Error on sample 0: a bytes-like object is required, not 'str'
2026-03-16 21:02:48,361 [ERROR] Error on sample 0: a bytes-like object is required, not 'str'
2026-03-16 21:02:48,362 [ERROR] Error on sample 0: a bytes-like object is required, not 'str'
2026-03-16 21:02:48,363 [ERROR] Error on sample 0: a bytes-like object is required, not 'str'
2026-03-16 21:02:48,363 [ERROR] Error on sample 0: a bytes-like object is required, not 'str'
2026-03-16 21:02:48,364 [ERROR] Error on sample 0: a bytes-like object is required, not 'str'
2026-03-16 21:02:48,365 [ERROR] Error on sample 0: a bytes-like object is required, not 'str'
2026-03-16 21:02:48,366 [ERROR] Error on sample 0: a bytes-like object is required, not 'str'
2026-03-16 21:02:48,366 [ERROR] Error on sample 0: a bytes-like object is required, not 'str'
2026-03-16 21:02:48,367 [ERROR] Error on sample 0: a bytes-like object is required, not 'str'
2026-03-16 21:02:48,368 [ERROR] Error on sample 0: a bytes-like object is required, not 'str'
2026-03-16 21:02:48,368 [ERROR] Error on sample 0: a bytes-like object is required, not 'str'
2026-03-16 21:02:48,369 [ERROR] Error on sample 0: a bytes-like object is required, not 'str'
2026-03-16 21:02:48,370 [ERROR] Error on sample 0: a bytes-like object is required, not 'str'
2026-03-16 21:02:48,370 [ERROR] Error on sample 0: a bytes-like object is required, not 'str'
2026-03-16 21:02:48,371 [ERROR] Error on sample 0: a bytes-like object is required, not 'str'
2026-03-16 21:02:48,372 [ERROR] Error on sample 0: a bytes-like object is required, not 'str'
2026-03-16 21:02:48,372 [ERROR] Error on sample 0: a bytes-like object is required, not 'str'
2026-03-16 21:02:48,373 [ERROR] Error on sample 0: a bytes-like object is required, not 'str'
2026-03-16 21:02:48,374 [ERROR] Error on sample 0: a bytes-like object is required, not 'str'
2026-03-16 21:02:48,374 [ERROR] Error on sample 0: a bytes-like object is required, not 'str'
2026-03-16 21:02:48,375 [ERROR] Error on sample 0: a bytes-like object is required, not 'str'
2026-03-16 21:02:48,376 [ERROR] Error on sample 0: a bytes-like object is required, not 'str'
2026-03-16 21:02:48,376 [ERROR] Error on sample 0: a bytes-like object is required, not 'str'
2026-03-16 21:02:48,377 [ERROR] Error on sample 0: a bytes-like object is required, not 'str'
2026-03-16 21:02:48,378 [ERROR] Error on sample 0: a bytes-like object is required, not 'str'
2026-03-16 21:02:48,379 [ERROR] Error on sample 0: a bytes-like object is required, not 'str'
2026-03-16 21:02:48,379 [ERROR] Error on sample 0: a bytes-like object is required, not 'str'
2026-03-16 21:02:48,380 [ERROR] Error on sample 0: a bytes-like object is required, not 'str'
2026-03-16 21:02:48,381 [ERROR] Error on sample 0: a bytes-like object is required, not 'str'
2026-03-16 21:02:48,381 [ERROR] Error on sample 0: a bytes-like object is required, not 'str'
2026-03-16 21:02:48,382 [ERROR] Error on sample 0: a bytes-like object is required, not 'str'
2026-03-16 21:02:48,383 [ERROR] Error on sample 0: a bytes-like object is required, not 'str'
2026-03-16 21:02:48,383 [ERROR] Error on sample 0: a bytes-like object is required, not 'str'
2026-03-16 21:02:48,384 [ERROR] Error on sample 0: a bytes-like object is required, not 'str'
2026-03-16 21:02:48,385 [ERROR] Error on sample 0: a bytes-like object is required, not 'str'
2026-03-16 21:02:48,386 [ERROR] Error on sample 0: a bytes-like object is required, not 'str'
2026-03-16 21:02:48,386 [ERROR] Error on sample 0: a bytes-like object is required, not 'str'
2026-03-16 21:02:48,387 [ERROR] Error on sample 0: a bytes-like object is required, not 'str'
2026-03-16 21:02:48,388 [ERROR] Error on sample 0: a bytes-like object is required, not 'str'
2026-03-16 21:02:48,389 [ERROR] Error on sample 0: a bytes-like object is required, not 'str'
2026-03-16 21:02:48,389 [ERROR] Error on sample 0: a bytes-like object is required, not 'str'
2026-03-16 21:02:48,390 [ERROR] Error on sample 0: a bytes-like object is required, not 'str'
2026-03-16 21:02:48,391 [ERROR] Error on sample 0: a bytes-like object is required, not 'str'
2026-03-16 21:02:48,392 [ERROR] Error on sample 0: a bytes-like object is required, not 'str'
2026-03-16 21:02:48,392 [ERROR] Error on sample 0: a bytes-like object is required, not 'str'
2026-03-16 21:02:48,393 [ERROR] Error on sample 0: a bytes-like object is required, not 'str'
2026-03-16 21:02:48,394 [ERROR] Error on sample 0: a bytes-like object is required, not 'str'
2026-03-16 21:02:48,394 [ERROR] Error on sample 0: a bytes-like object is required, not 'str'
2026-03-16 21:02:48,395 [ERROR] Error on sample 0: a bytes-like object is required, not 'str'
2026-03-16 21:02:48,396 [ERROR] Error on sample 0: a bytes-like object is required, not 'str'
2026-03-16 21:02:48,396 [ERROR] Error on sample 0: a bytes-like object is required, not 'str'
2026-03-16 21:02:48,397 [ERROR] Error on sample 0: a bytes-like object is required, not 'str'
2026-03-16 21:02:48,398 [ERROR] Error on sample 0: a bytes-like object is required, not 'str'
2026-03-16 21:02:48,399 [ERROR] Error on sample 0: a bytes-like object is required, not 'str'
2026-03-16 21:02:48,399 [ERROR] Error on sample 0: a bytes-like object is required, not 'str'
2026-03-16 21:02:48,400 [ERROR] Error on sample 0: a bytes-like object is required, not 'str'
2026-03-16 21:02:48,401 [ERROR] Error on sample 0: a bytes-like object is required, not 'str'
2026-03-16 21:02:48,401 [ERROR] Error on sample 0: a bytes-like object is required, not 'str'
2026-03-16 21:02:48,402 [ERROR] Error on sample 0: a bytes-like object is required, not 'str'
2026-03-16 21:02:48,403 [ERROR] Error on sample 0: a bytes-like object is required, not 'str'
2026-03-16 21:02:48,404 [ERROR] Error on sample 0: a bytes-like object is required, not 'str'
2026-03-16 21:02:48,404 [ERROR] Error on sample 0: a bytes-like object is required, not 'str'
2026-03-16 21:02:48,405 [ERROR] Error on sample 0: a bytes-like object is required, not 'str'
2026-03-16 21:02:48,406 [ERROR] Error on sample 0: a bytes-like object is required, not 'str'
2026-03-16 21:02:48,406 [ERROR] Error on sample 0: a bytes-like object is required, not 'str'
2026-03-16 21:02:48,407 [ERROR] Error on sample 0: a bytes-like object is required, not 'str'
2026-03-16 21:02:48,408 [ERROR] Error on sample 0: a bytes-like object is required, not 'str'
2026-03-16 21:02:48,409 [ERROR] Error on sample 0: a bytes-like object is required, not 'str'
2026-03-16 21:02:48,409 [ERROR] Error on sample 0: a bytes-like object is required, not 'str'
2026-03-16 21:02:48,410 [ERROR] Error on sample 0: a bytes-like object is required, not 'str'
2026-03-16 21:02:48,411 [ERROR] Error on sample 0: a bytes-like object is required, not 'str'
2026-03-16 21:02:48,411 [ERROR] Error on sample 0: a bytes-like object is required, not 'str'
2026-03-16 21:02:48,412 [ERROR] Error on sample 0: a bytes-like object is required, not 'str'
2026-03-16 21:02:48,413 [ERROR] Error on sample 0: a bytes-like object is required, not 'str'
2026-03-16 21:02:48,413 [ERROR] Error on sample 0: a bytes-like object is required, not 'str'
2026-03-16 21:02:48,414 [ERROR] Error on sample 0: a bytes-like object is required, not 'str'
2026-03-16 21:02:48,415 [ERROR] Error on sample 0: a bytes-like object is required, not 'str'
2026-03-16 21:02:48,416 [ERROR] Error on sample 0: a bytes-like object is required, not 'str'
2026-03-16 21:02:48,416 [ERROR] Error on sample 0: a bytes-like object is required, not 'str'
2026-03-16 21:02:48,417 [ERROR] Error on sample 0: a bytes-like object is required, not 'str'
2026-03-16 21:02:48,418 [ERROR] Error on sample 0: a bytes-like object is required, not 'str'
2026-03-16 21:02:48,418 [ERROR] Error on sample 0: a bytes-like object is required, not 'str'
2026-03-16 21:02:48,419 [ERROR] Error on sample 0: a bytes-like object is required, not 'str'
2026-03-16 21:02:48,420 [ERROR] Error on sample 0: a bytes-like object is required, not 'str'
2026-03-16 21:02:48,421 [ERROR] Error on sample 0: a bytes-like object is required, not 'str'
2026-03-16 21:02:48,421 [ERROR] Error on sample 0: a bytes-like object is required, not 'str'
2026-03-16 21:02:48,422 [ERROR] Error on sample 0: a bytes-like object is required, not 'str'
2026-03-16 21:02:48,423 [ERROR] Error on sample 0: a bytes-like object is required, not 'str'
2026-03-16 21:02:48,423 [ERROR] Error on sample 0: a bytes-like object is required, not 'str'
2026-03-16 21:02:48,424 [ERROR] Error on sample 0: a bytes-like object is required, not 'str'
2026-03-16 21:02:48,425 [ERROR] Error on sample 0: a bytes-like object is required, not 'str'
2026-03-16 21:02:48,425 [ERROR] Error on sample 0: a bytes-like object is required, not 'str'
2026-03-16 21:02:48,426 [ERROR] Error on sample 0: a bytes-like object is required, not 'str'
2026-03-16 21:02:48,427 [ERROR] Error on sample 0: a bytes-like object is required, not 'str'
2026-03-16 21:02:48,428 [ERROR] Error on sample 0: a bytes-like object is required, not 'str'
2026-03-16 21:02:48,428 [ERROR] Error on sample 0: a bytes-like object is required, not 'str'
2026-03-16 21:02:48,429 [ERROR] Error on sample 0: a bytes-like object is required, not 'str'
2026-03-16 21:02:48,430 [ERROR] Error on sample 0: a bytes-like object is required, not 'str'
2026-03-16 21:02:48,431 [ERROR] Error on sample 0: a bytes-like object is required, not 'str'
2026-03-16 21:02:48,431 [ERROR] Error on sample 0: a bytes-like object is required, not 'str'
2026-03-16 21:02:48,432 [ERROR] Error on sample 0: a bytes-like object is required, not 'str'
2026-03-16 21:02:48,433 [ERROR] Error on sample 0: a bytes-like object is required, not 'str'
2026-03-16 21:02:48,433 [ERROR] Error on sample 0: a bytes-like object is required, not 'str'
2026-03-16 21:02:48,434 [ERROR] Error on sample 0: a bytes-like object is required, not 'str'
2026-03-16 21:02:48,435 [ERROR] Error on sample 0: a bytes-like object is required, not 'str'
2026-03-16 21:02:48,436 [ERROR] Error on sample 0: a bytes-like object is required, not 'str'
2026-03-16 21:02:48,436 [ERROR] Error on sample 0: a bytes-like object is required, not 'str'
2026-03-16 21:02:48,437 [ERROR] Error on sample 0: a bytes-like object is required, not 'str'
2026-03-16 21:02:48,438 [ERROR] Error on sample 0: a bytes-like object is required, not 'str'
2026-03-16 21:02:48,438 [ERROR] Error on sample 0: a bytes-like object is required, not 'str'
2026-03-16 21:02:48,439 [ERROR] Error on sample 0: a bytes-like object is required, not 'str'
2026-03-16 21:02:48,440 [ERROR] Error on sample 0: a bytes-like object is required, not 'str'
2026-03-16 21:02:48,441 [ERROR] Error on sample 0: a bytes-like object is required, not 'str'
2026-03-16 21:02:48,441 [ERROR] Error on sample 0: a bytes-like object is required, not 'str'
2026-03-16 21:02:48,442 [ERROR] Error on sample 0: a bytes-like object is required, not 'str'
2026-03-16 21:02:48,443 [ERROR] Error on sample 0: a bytes-like object is required, not 'str'
2026-03-16 21:02:48,443 [ERROR] Error on sample 0: a bytes-like object is required, not 'str'
2026-03-16 21:02:48,444 [ERROR] Error on sample 0: a bytes-like object is required, not 'str'
2026-03-16 21:02:48,445 [ERROR] Error on sample 0: a bytes-like object is required, not 'str'
2026-03-16 21:02:48,445 [ERROR] Error on sample 0: a bytes-like object is required, not 'str'
2026-03-16 21:02:48,446 [ERROR] Error on sample 0: a bytes-like object is required, not 'str'
2026-03-16 21:02:48,447 [ERROR] Error on sample 0: a bytes-like object is required, not 'str'
2026-03-16 21:02:48,448 [ERROR] Error on sample 0: a bytes-like object is required, not 'str'
2026-03-16 21:02:48,448 [ERROR] Error on sample 0: a bytes-like object is required, not 'str'
2026-03-16 21:02:48,449 [ERROR] Error on sample 0: a bytes-like object is required, not 'str'
2026-03-16 21:02:48,450 [ERROR] Error on sample 0: a bytes-like object is required, not 'str'
2026-03-16 21:02:48,450 [ERROR] Error on sample 0: a bytes-like object is required, not 'str'
2026-03-16 21:02:48,451 [ERROR] Error on sample 0: a bytes-like object is required, not 'str'
2026-03-16 21:02:48,452 [ERROR] Error on sample 0: a bytes-like object is required, not 'str'
2026-03-16 21:02:48,453 [ERROR] Error on sample 0: a bytes-like object is required, not 'str'
2026-03-16 21:02:48,454 [ERROR] Error on sample 0: a bytes-like object is required, not 'str'
2026-03-16 21:02:48,454 [ERROR] Error on sample 0: a bytes-like object is required, not 'str'
2026-03-16 21:02:48,455 [ERROR] Error on sample 0: a bytes-like object is required, not 'str'
2026-03-16 21:02:48,456 [ERROR] Error on sample 0: a bytes-like object is required, not 'str'
2026-03-16 21:02:48,457 [ERROR] Error on sample 0: a bytes-like object is required, not 'str'
2026-03-16 21:02:48,458 [ERROR] Error on sample 0: a bytes-like object is required, not 'str'
2026-03-16 21:02:48,458 [ERROR] Error on sample 0: a bytes-like object is required, not 'str'
2026-03-16 21:02:48,459 [ERROR] Error on sample 0: a bytes-like object is required, not 'str'
2026-03-16 21:02:48,460 [ERROR] Error on sample 0: a bytes-like object is required, not 'str'
2026-03-16 21:02:48,460 [ERROR] Error on sample 0: a bytes-like object is required, not 'str'
2026-03-16 21:02:48,461 [ERROR] Error on sample 0: a bytes-like object is required, not 'str'
2026-03-16 21:02:48,462 [ERROR] Error on sample 0: a bytes-like object is required, not 'str'
2026-03-16 21:02:48,463 [ERROR] Error on sample 0: a bytes-like object is required, not 'str'
2026-03-16 21:02:48,463 [ERROR] Error on sample 0: a bytes-like object is required, not 'str'
2026-03-16 21:02:48,464 [ERROR] Error on sample 0: a bytes-like object is required, not 'str'
2026-03-16 21:02:48,465 [ERROR] Error on sample 0: a bytes-like object is required, not 'str'
2026-03-16 21:02:48,465 [ERROR] Error on sample 0: a bytes-like object is required, not 'str'
2026-03-16 21:02:48,466 [ERROR] Error on sample 0: a bytes-like object is required, not 'str'
2026-03-16 21:02:48,467 [ERROR] Error on sample 0: a bytes-like object is required, not 'str'
2026-03-16 21:02:48,467 [ERROR] Error on sample 0: a bytes-like object is required, not 'str'
2026-03-16 21:02:48,468 [ERROR] Error on sample 0: a bytes-like object is required, not 'str'
2026-03-16 21:02:48,469 [ERROR] Error on sample 0: a bytes-like object is required, not 'str'
2026-03-16 21:02:48,469 [ERROR] Error on sample 0: a bytes-like object is required, not 'str'
2026-03-16 21:02:48,470 [ERROR] Error on sample 0: a bytes-like object is required, not 'str'
2026-03-16 21:02:48,471 [ERROR] Error on sample 0: a bytes-like object is required, not 'str'
2026-03-16 21:02:48,471 [ERROR] Error on sample 0: a bytes-like object is required, not 'str'
2026-03-16 21:02:48,472 [ERROR] Error on sample 0: a bytes-like object is required, not 'str'
2026-03-16 21:02:48,473 [ERROR] Error on sample 0: a bytes-like object is required, not 'str'
2026-03-16 21:02:48,473 [ERROR] Error on sample 0: a bytes-like object is required, not 'str'
2026-03-16 21:02:48,474 [ERROR] Error on sample 0: a bytes-like object is required, not 'str'
2026-03-16 21:02:48,475 [ERROR] Error on sample 0: a bytes-like object is required, not 'str'
2026-03-16 21:02:48,475 [ERROR] Error on sample 0: a bytes-like object is required, not 'str'
2026-03-16 21:02:48,476 [ERROR] Error on sample 0: a bytes-like object is required, not 'str'
2026-03-16 21:02:48,477 [ERROR] Error on sample 0: a bytes-like object is required, not 'str'
2026-03-16 21:02:48,478 [ERROR] Error on sample 0: a bytes-like object is required, not 'str'
2026-03-16 21:02:48,479 [ERROR] Error on sample 0: a bytes-like object is required, not 'str'
2026-03-16 21:02:48,479 [ERROR] Error on sample 0: a bytes-like object is required, not 'str'
2026-03-16 21:02:48,480 [ERROR] Error on sample 0: a bytes-like object is required, not 'str'
2026-03-16 21:02:48,481 [ERROR] Error on sample 0: a bytes-like object is required, not 'str'
2026-03-16 21:02:48,482 [ERROR] Error on sample 0: a bytes-like object is required, not 'str'
2026-03-16 21:02:48,482 [ERROR] Error on sample 0: a bytes-like object is required, not 'str'
2026-03-16 21:02:48,483 [ERROR] Error on sample 0: a bytes-like object is required, not 'str'
2026-03-16 21:02:48,484 [ERROR] Error on sample 0: a bytes-like object is required, not 'str'
2026-03-16 21:02:48,484 [ERROR] Error on sample 0: a bytes-like object is required, not 'str'
2026-03-16 21:02:48,485 [ERROR] Error on sample 0: a bytes-like object is required, not 'str'
2026-03-16 21:02:48,486 [ERROR] Error on sample 0: a bytes-like object is required, not 'str'
2026-03-16 21:02:48,487 [ERROR] Error on sample 0: a bytes-like object is required, not 'str'
2026-03-16 21:02:48,487 [ERROR] Error on sample 0: a bytes-like object is required, not 'str'
2026-03-16 21:02:48,488 [ERROR] Error on sample 0: a bytes-like object is required, not 'str'
2026-03-16 21:02:48,489 [ERROR] Error on sample 0: a bytes-like object is required, not 'str'
2026-03-16 21:02:48,489 [ERROR] Error on sample 0: a bytes-like object is required, not 'str'
2026-03-16 21:02:48,490 [ERROR] Error on sample 0: a bytes-like object is required, not 'str'
2026-03-16 21:02:48,491 [ERROR] Error on sample 0: a bytes-like object is required, not 'str'
2026-03-16 21:02:48,492 [ERROR] Error on sample 0: a bytes-like object is required, not 'str'
2026-03-16 21:02:48,492 [ERROR] Error on sample 0: a bytes-like object is required, not 'str'
2026-03-16 21:02:48,493 [ERROR] Error on sample 0: a bytes-like object is required, not 'str'
2026-03-16 21:02:48,494 [ERROR] Error on sample 0: a bytes-like object is required, not 'str'
2026-03-16 21:02:48,494 [ERROR] Error on sample 0: a bytes-like object is required, not 'str'
2026-03-16 21:02:48,495 [ERROR] Error on sample 0: a bytes-like object is required, not 'str'
2026-03-16 21:02:48,496 [ERROR] Error on sample 0: a bytes-like object is required, not 'str'
2026-03-16 21:02:48,497 [ERROR] Error on sample 0: a bytes-like object is required, not 'str'
2026-03-16 21:02:48,497 [ERROR] Error on sample 0: a bytes-like object is required, not 'str'
2026-03-16 21:02:48,498 [ERROR] Error on sample 0: a bytes-like object is required, not 'str'
2026-03-16 21:02:48,499 [ERROR] Error on sample 0: a bytes-like object is required, not 'str'
2026-03-16 21:02:48,499 [ERROR] Error on sample 0: a bytes-like object is required, not 'str'
2026-03-16 21:02:48,500 [ERROR] Error on sample 0: a bytes-like object is required, not 'str'
2026-03-16 21:02:48,501 [ERROR] Error on sample 0: a bytes-like object is required, not 'str'
2026-03-16 21:02:48,502 [ERROR] Error on sample 0: a bytes-like object is required, not 'str'
2026-03-16 21:02:48,502 [ERROR] Error on sample 0: a bytes-like object is required, not 'str'
2026-03-16 21:02:48,503 [ERROR] Error on sample 0: a bytes-like object is required, not 'str'
2026-03-16 21:02:48,504 [ERROR] Error on sample 0: a bytes-like object is required, not 'str'
2026-03-16 21:02:48,504 [ERROR] Error on sample 0: a bytes-like object is required, not 'str'
2026-03-16 21:02:48,505 [ERROR] Error on sample 0: a bytes-like object is required, not 'str'
2026-03-16 21:02:48,506 [ERROR] Error on sample 0: a bytes-like object is required, not 'str'
2026-03-16 21:02:48,506 [ERROR] Error on sample 0: a bytes-like object is required, not 'str'
2026-03-16 21:02:48,507 [ERROR] Error on sample 0: a bytes-like object is required, not 'str'
2026-03-16 21:02:48,508 [ERROR] Error on sample 0: a bytes-like object is required, not 'str'
2026-03-16 21:02:48,509 [ERROR] Error on sample 0: a bytes-like object is required, not 'str'
2026-03-16 21:02:48,509 [ERROR] Error on sample 0: a bytes-like object is required, not 'str'
2026-03-16 21:02:48,510 [ERROR] Error on sample 0: a bytes-like object is required, not 'str'
2026-03-16 21:02:48,511 [ERROR] Error on sample 0: a bytes-like object is required, not 'str'
2026-03-16 21:02:48,511 [ERROR] Error on sample 0: a bytes-like object is required, not 'str'
2026-03-16 21:02:48,512 [ERROR] Error on sample 0: a bytes-like object is required, not 'str'
2026-03-16 21:02:48,513 [ERROR] Error on sample 0: a bytes-like object is required, not 'str'
2026-03-16 21:02:48,514 [ERROR] Error on sample 0: a bytes-like object is required, not 'str'
2026-03-16 21:02:48,514 [ERROR] Error on sample 0: a bytes-like object is required, not 'str'
2026-03-16 21:02:48,515 [ERROR] Error on sample 0: a bytes-like object is required, not 'str'
2026-03-16 21:02:48,516 [ERROR] Error on sample 0: a bytes-like object is required, not 'str'
2026-03-16 21:02:48,516 [ERROR] Error on sample 0: a bytes-like object is required, not 'str'
2026-03-16 21:02:48,517 [ERROR] Error on sample 0: a bytes-like object is required, not 'str'
2026-03-16 21:02:48,518 [ERROR] Error on sample 0: a bytes-like object is required, not 'str'
2026-03-16 21:02:48,518 [ERROR] Error on sample 0: a bytes-like object is required, not 'str'
2026-03-16 21:02:48,519 [ERROR] Error on sample 0: a bytes-like object is required, not 'str'
2026-03-16 21:02:48,520 [ERROR] Error on sample 0: a bytes-like object is required, not 'str'
2026-03-16 21:02:48,521 [ERROR] Error on sample 0: a bytes-like object is required, not 'str'
2026-03-16 21:02:48,521 [ERROR] Error on sample 0: a bytes-like object is required, not 'str'
2026-03-16 21:02:48,522 [ERROR] Error on sample 0: a bytes-like object is required, not 'str'
2026-03-16 21:02:48,523 [ERROR] Error on sample 0: a bytes-like object is required, not 'str'
2026-03-16 21:02:48,523 [ERROR] Error on sample 0: a bytes-like object is required, not 'str'
2026-03-16 21:02:48,524 [ERROR] Error on sample 0: a bytes-like object is required, not 'str'
2026-03-16 21:02:48,525 [ERROR] Error on sample 0: a bytes-like object is required, not 'str'
2026-03-16 21:02:48,526 [ERROR] Error on sample 0: a bytes-like object is required, not 'str'
2026-03-16 21:02:48,526 [ERROR] Error on sample 0: a bytes-like object is required, not 'str'
2026-03-16 21:02:48,527 [ERROR] Error on sample 0: a bytes-like object is required, not 'str'
2026-03-16 21:02:48,528 [ERROR] Error on sample 0: a bytes-like object is required, not 'str'
2026-03-16 21:02:48,528 [ERROR] Error on sample 0: a bytes-like object is required, not 'str'
2026-03-16 21:02:48,529 [ERROR] Error on sample 0: a bytes-like object is required, not 'str'
2026-03-16 21:02:48,530 [ERROR] Error on sample 0: a bytes-like object is required, not 'str'
2026-03-16 21:02:48,530 [ERROR] Error on sample 0: a bytes-like object is required, not 'str'
2026-03-16 21:02:48,531 [ERROR] Error on sample 0: a bytes-like object is required, not 'str'
2026-03-16 21:02:48,532 [ERROR] Error on sample 0: a bytes-like object is required, not 'str'
2026-03-16 21:02:48,533 [ERROR] Error on sample 0: a bytes-like object is required, not 'str'
2026-03-16 21:02:48,533 [ERROR] Error on sample 0: a bytes-like object is required, not 'str'
2026-03-16 21:02:48,534 [ERROR] Error on sample 0: a bytes-like object is required, not 'str'
2026-03-16 21:02:48,535 [ERROR] Error on sample 0: a bytes-like object is required, not 'str'
2026-03-16 21:02:48,535 [ERROR] Error on sample 0: a bytes-like object is required, not 'str'
2026-03-16 21:02:48,536 [ERROR] Error on sample 0: a bytes-like object is required, not 'str'
2026-03-16 21:02:48,537 [ERROR] Error on sample 0: a bytes-like object is required, not 'str'
2026-03-16 21:02:48,538 [ERROR] Error on sample 0: a bytes-like object is required, not 'str'
2026-03-16 21:02:48,538 [ERROR] Error on sample 0: a bytes-like object is required, not 'str'
2026-03-16 21:02:48,539 [ERROR] Error on sample 0: a bytes-like object is required, not 'str'
2026-03-16 21:02:48,540 [ERROR] Error on sample 0: a bytes-like object is required, not 'str'
2026-03-16 21:02:48,540 [ERROR] Error on sample 0: a bytes-like object is required, not 'str'
2026-03-16 21:02:48,541 [ERROR] Error on sample 0: a bytes-like object is required, not 'str'
2026-03-16 21:02:48,542 [ERROR] Error on sample 0: a bytes-like object is required, not 'str'
2026-03-16 21:02:48,543 [ERROR] Error on sample 0: a bytes-like object is required, not 'str'
2026-03-16 21:02:48,543 [ERROR] Error on sample 0: a bytes-like object is required, not 'str'
2026-03-16 21:02:48,544 [ERROR] Error on sample 0: a bytes-like object is required, not 'str'
2026-03-16 21:02:48,545 [ERROR] Error on sample 0: a bytes-like object is required, not 'str'
2026-03-16 21:02:48,545 [ERROR] Error on sample 0: a bytes-like object is required, not 'str'
2026-03-16 21:02:48,546 [ERROR] Error on sample 0: a bytes-like object is required, not 'str'
2026-03-16 21:02:48,547 [ERROR] Error on sample 0: a bytes-like object is required, not 'str'
2026-03-16 21:02:48,548 [ERROR] Error on sample 0: a bytes-like object is required, not 'str'
2026-03-16 21:02:48,548 [ERROR] Error on sample 0: a bytes-like object is required, not 'str'
2026-03-16 21:02:48,549 [ERROR] Error on sample 0: a bytes-like object is required, not 'str'
2026-03-16 21:02:48,550 [ERROR] Error on sample 0: a bytes-like object is required, not 'str'
2026-03-16 21:02:48,550 [ERROR] Error on sample 0: a bytes-like object is required, not 'str'
2026-03-16 21:02:48,551 [ERROR] Error on sample 0: a bytes-like object is required, not 'str'
2026-03-16 21:02:48,552 [ERROR] Error on sample 0: a bytes-like object is required, not 'str'
2026-03-16 21:02:48,553 [ERROR] Error on sample 0: a bytes-like object is required, not 'str'
2026-03-16 21:02:48,553 [ERROR] Error on sample 0: a bytes-like object is required, not 'str'
2026-03-16 21:02:48,554 [ERROR] Error on sample 0: a bytes-like object is required, not 'str'
2026-03-16 21:02:48,555 [ERROR] Error on sample 0: a bytes-like object is required, not 'str'
2026-03-16 21:02:48,555 [ERROR] Error on sample 0: a bytes-like object is required, not 'str'
2026-03-16 21:02:48,556 [ERROR] Error on sample 0: a bytes-like object is required, not 'str'
2026-03-16 21:02:48,557 [ERROR] Error on sample 0: a bytes-like object is required, not 'str'
2026-03-16 21:02:48,558 [ERROR] Error on sample 0: a bytes-like object is required, not 'str'
2026-03-16 21:02:48,558 [ERROR] Error on sample 0: a bytes-like object is required, not 'str'
2026-03-16 21:02:48,559 [ERROR] Error on sample 0: a bytes-like object is required, not 'str'
2026-03-16 21:02:48,560 [ERROR] Error on sample 0: a bytes-like object is required, not 'str'
2026-03-16 21:02:48,560 [ERROR] Error on sample 0: a bytes-like object is required, not 'str'
2026-03-16 21:02:48,561 [ERROR] Error on sample 0: a bytes-like object is required, not 'str'
2026-03-16 21:02:48,562 [ERROR] Error on sample 0: a bytes-like object is required, not 'str'
2026-03-16 21:02:48,563 [ERROR] Error on sample 0: a bytes-like object is required, not 'str'
2026-03-16 21:02:48,563 [ERROR] Error on sample 0: a bytes-like object is required, not 'str'
2026-03-16 21:02:48,564 [ERROR] Error on sample 0: a bytes-like object is required, not 'str'
2026-03-16 21:02:48,565 [ERROR] Error on sample 0: a bytes-like object is required, not 'str'
2026-03-16 21:02:48,565 [ERROR] Error on sample 0: a bytes-like object is required, not 'str'
2026-03-16 21:02:48,566 [ERROR] Error on sample 0: a bytes-like object is required, not 'str'
2026-03-16 21:02:48,567 [ERROR] Error on sample 0: a bytes-like object is required, not 'str'
2026-03-16 21:02:48,567 [ERROR] Error on sample 0: a bytes-like object is required, not 'str'
2026-03-16 21:02:48,568 [ERROR] Error on sample 0: a bytes-like object is required, not 'str'
2026-03-16 21:02:48,569 [ERROR] Error on sample 0: a bytes-like object is required, not 'str'
2026-03-16 21:02:48,570 [ERROR] Error on sample 0: a bytes-like object is required, not 'str'
2026-03-16 21:02:48,570 [ERROR] Error on sample 0: a bytes-like object is required, not 'str'
2026-03-16 21:02:48,571 [ERROR] Error on sample 0: a bytes-like object is required, not 'str'
2026-03-16 21:02:48,572 [ERROR] Error on sample 0: a bytes-like object is required, not 'str'
2026-03-16 21:02:48,572 [ERROR] Error on sample 0: a bytes-like object is required, not 'str'
2026-03-16 21:02:48,573 [ERROR] Error on sample 0: a bytes-like object is required, not 'str'
2026-03-16 21:02:48,574 [ERROR] Error on sample 0: a bytes-like object is required, not 'str'
2026-03-16 21:02:48,575 [ERROR] Error on sample 0: a bytes-like object is required, not 'str'
2026-03-16 21:02:48,575 [ERROR] Error on sample 0: a bytes-like object is required, not 'str'
2026-03-16 21:02:48,576 [ERROR] Error on sample 0: a bytes-like object is required, not 'str'
2026-03-16 21:02:48,577 [ERROR] Error on sample 0: a bytes-like object is required, not 'str'
2026-03-16 21:02:48,577 [ERROR] Error on sample 0: a bytes-like object is required, not 'str'
2026-03-16 21:02:48,578 [ERROR] Error on sample 0: a bytes-like object is required, not 'str'
2026-03-16 21:02:48,579 [ERROR] Error on sample 0: a bytes-like object is required, not 'str'
2026-03-16 21:02:48,580 [ERROR] Error on sample 0: a bytes-like object is required, not 'str'
2026-03-16 21:02:48,580 [ERROR] Error on sample 0: a bytes-like object is required, not 'str'
2026-03-16 21:02:48,581 [ERROR] Error on sample 0: a bytes-like object is required, not 'str'
2026-03-16 21:02:48,582 [ERROR] Error on sample 0: a bytes-like object is required, not 'str'
2026-03-16 21:02:48,582 [ERROR] Error on sample 0: a bytes-like object is required, not 'str'
2026-03-16 21:02:48,583 [ERROR] Error on sample 0: a bytes-like object is required, not 'str'
2026-03-16 21:02:48,584 [ERROR] Error on sample 0: a bytes-like object is required, not 'str'
2026-03-16 21:02:48,585 [ERROR] Error on sample 0: a bytes-like object is required, not 'str'
2026-03-16 21:02:48,585 [ERROR] Error on sample 0: a bytes-like object is required, not 'str'
2026-03-16 21:02:48,586 [ERROR] Error on sample 0: a bytes-like object is required, not 'str'
2026-03-16 21:02:48,587 [ERROR] Error on sample 0: a bytes-like object is required, not 'str'
2026-03-16 21:02:48,587 [ERROR] Error on sample 0: a bytes-like object is required, not 'str'
2026-03-16 21:02:48,588 [ERROR] Error on sample 0: a bytes-like object is required, not 'str'
2026-03-16 21:02:48,589 [ERROR] Error on sample 0: a bytes-like object is required, not 'str'
2026-03-16 21:02:48,590 [ERROR] Error on sample 0: a bytes-like object is required, not 'str'
2026-03-16 21:02:48,590 [ERROR] Error on sample 0: a bytes-like object is required, not 'str'
2026-03-16 21:02:48,591 [ERROR] Error on sample 0: a bytes-like object is required, not 'str'
2026-03-16 21:02:48,592 [ERROR] Error on sample 0: a bytes-like object is required, not 'str'
2026-03-16 21:02:48,593 [ERROR] Error on sample 0: a bytes-like object is required, not 'str'
2026-03-16 21:02:48,593 [ERROR] Error on sample 0: a bytes-like object is required, not 'str'
2026-03-16 21:02:48,594 [ERROR] Error on sample 0: a bytes-like object is required, not 'str'
2026-03-16 21:02:48,595 [ERROR] Error on sample 0: a bytes-like object is required, not 'str'
2026-03-16 21:02:48,595 [ERROR] Error on sample 0: a bytes-like object is required, not 'str'
2026-03-16 21:02:48,596 [ERROR] Error on sample 0: a bytes-like object is required, not 'str'
2026-03-16 21:02:48,597 [ERROR] Error on sample 0: a bytes-like object is required, not 'str'
2026-03-16 21:02:48,598 [ERROR] Error on sample 0: a bytes-like object is required, not 'str'
2026-03-16 21:02:48,598 [ERROR] Error on sample 0: a bytes-like object is required, not 'str'
2026-03-16 21:02:48,599 [ERROR] Error on sample 0: a bytes-like object is required, not 'str'
2026-03-16 21:02:48,600 [ERROR] Error on sample 0: a bytes-like object is required, not 'str'
2026-03-16 21:02:48,600 [ERROR] Error on sample 0: a bytes-like object is required, not 'str'
2026-03-16 21:02:48,601 [ERROR] Error on sample 0: a bytes-like object is required, not 'str'
2026-03-16 21:02:48,602 [ERROR] Error on sample 0: a bytes-like object is required, not 'str'
2026-03-16 21:02:48,602 [ERROR] Error on sample 0: a bytes-like object is required, not 'str'
2026-03-16 21:02:48,603 [ERROR] Error on sample 0: a bytes-like object is required, not 'str'
2026-03-16 21:02:48,604 [ERROR] Error on sample 0: a bytes-like object is required, not 'str'
2026-03-16 21:02:48,605 [ERROR] Error on sample 0: a bytes-like object is required, not 'str'
2026-03-16 21:02:48,605 [ERROR] Error on sample 0: a bytes-like object is required, not 'str'
2026-03-16 21:02:48,606 [ERROR] Error on sample 0: a bytes-like object is required, not 'str'
2026-03-16 21:02:48,607 [ERROR] Error on sample 0: a bytes-like object is required, not 'str'
2026-03-16 21:02:48,608 [ERROR] Error on sample 0: a bytes-like object is required, not 'str'
2026-03-16 21:02:48,608 [ERROR] Error on sample 0: a bytes-like object is required, not 'str'
2026-03-16 21:02:48,609 [ERROR] Error on sample 0: a bytes-like object is required, not 'str'
2026-03-16 21:02:48,610 [ERROR] Error on sample 0: a bytes-like object is required, not 'str'
2026-03-16 21:02:48,610 [ERROR] Error on sample 0: a bytes-like object is required, not 'str'
2026-03-16 21:02:48,611 [ERROR] Error on sample 0: a bytes-like object is required, not 'str'
2026-03-16 21:02:48,612 [ERROR] Error on sample 0: a bytes-like object is required, not 'str'
2026-03-16 21:02:48,613 [ERROR] Error on sample 0: a bytes-like object is required, not 'str'
2026-03-16 21:02:48,613 [ERROR] Error on sample 0: a bytes-like object is required, not 'str'
2026-03-16 21:02:48,614 [ERROR] Error on sample 0: a bytes-like object is required, not 'str'
2026-03-16 21:02:48,615 [ERROR] Error on sample 0: a bytes-like object is required, not 'str'
2026-03-16 21:02:48,615 [ERROR] Error on sample 0: a bytes-like object is required, not 'str'
2026-03-16 21:02:48,616 [ERROR] Error on sample 0: a bytes-like object is required, not 'str'
2026-03-16 21:02:48,617 [ERROR] Error on sample 0: a bytes-like object is required, not 'str'
2026-03-16 21:02:48,617 [ERROR] Error on sample 0: a bytes-like object is required, not 'str'
2026-03-16 21:02:48,618 [ERROR] Error on sample 0: a bytes-like object is required, not 'str'
2026-03-16 21:02:48,619 [ERROR] Error on sample 0: a bytes-like object is required, not 'str'
2026-03-16 21:02:48,620 [ERROR] Error on sample 0: a bytes-like object is required, not 'str'
2026-03-16 21:02:48,620 [ERROR] Error on sample 0: a bytes-like object is required, not 'str'
2026-03-16 21:02:48,621 [ERROR] Error on sample 0: a bytes-like object is required, not 'str'
2026-03-16 21:02:48,622 [ERROR] Error on sample 0: a bytes-like object is required, not 'str'
2026-03-16 21:02:48,622 [ERROR] Error on sample 0: a bytes-like object is required, not 'str'
2026-03-16 21:02:48,623 [ERROR] Error on sample 0: a bytes-like object is required, not 'str'
2026-03-16 21:02:48,624 [ERROR] Error on sample 0: a bytes-like object is required, not 'str'
2026-03-16 21:02:48,625 [ERROR] Error on sample 0: a bytes-like object is required, not 'str'
2026-03-16 21:02:48,625 [ERROR] Error on sample 0: a bytes-like object is required, not 'str'
2026-03-16 21:02:48,626 [ERROR] Error on sample 0: a bytes-like object is required, not 'str'
2026-03-16 21:02:48,627 [ERROR] Error on sample 0: a bytes-like object is required, not 'str'
2026-03-16 21:02:48,627 [ERROR] Error on sample 0: a bytes-like object is required, not 'str'
2026-03-16 21:02:48,628 [ERROR] Error on sample 0: a bytes-like object is required, not 'str'
2026-03-16 21:02:48,629 [ERROR] Error on sample 0: a bytes-like object is required, not 'str'
2026-03-16 21:02:48,630 [ERROR] Error on sample 0: a bytes-like object is required, not 'str'
2026-03-16 21:02:48,630 [ERROR] Error on sample 0: a bytes-like object is required, not 'str'
2026-03-16 21:02:48,631 [ERROR] Error on sample 0: a bytes-like object is required, not 'str'
2026-03-16 21:02:48,632 [ERROR] Error on sample 0: a bytes-like object is required, not 'str'
2026-03-16 21:02:48,632 [ERROR] Error on sample 0: a bytes-like object is required, not 'str'
2026-03-16 21:02:48,633 [ERROR] Error on sample 0: a bytes-like object is required, not 'str'
2026-03-16 21:02:48,634 [ERROR] Error on sample 0: a bytes-like object is required, not 'str'
2026-03-16 21:02:48,635 [ERROR] Error on sample 0: a bytes-like object is required, not 'str'
2026-03-16 21:02:48,636 [ERROR] Error on sample 0: a bytes-like object is required, not 'str'
2026-03-16 21:02:48,636 [ERROR] Error on sample 0: a bytes-like object is required, not 'str'
2026-03-16 21:02:48,637 [ERROR] Error on sample 0: a bytes-like object is required, not 'str'
2026-03-16 21:02:48,638 [ERROR] Error on sample 0: a bytes-like object is required, not 'str'
2026-03-16 21:02:48,639 [ERROR] Error on sample 0: a bytes-like object is required, not 'str'
2026-03-16 21:02:48,640 [ERROR] Error on sample 0: a bytes-like object is required, not 'str'
2026-03-16 21:02:48,640 [ERROR] Error on sample 0: a bytes-like object is required, not 'str'
2026-03-16 21:02:48,641 [ERROR] Error on sample 0: a bytes-like object is required, not 'str'
2026-03-16 21:02:48,642 [ERROR] Error on sample 0: a bytes-like object is required, not 'str'
2026-03-16 21:02:48,644 [ERROR] Error on sample 0: a bytes-like object is required, not 'str'
2026-03-16 21:02:48,645 [ERROR] Error on sample 0: a bytes-like object is required, not 'str'
2026-03-16 21:02:48,645 [ERROR] Error on sample 0: a bytes-like object is required, not 'str'
2026-03-16 21:02:48,646 [ERROR] Error on sample 0: a bytes-like object is required, not 'str'
2026-03-16 21:02:48,647 [ERROR] Error on sample 0: a bytes-like object is required, not 'str'
2026-03-16 21:02:48,647 [ERROR] Error on sample 0: a bytes-like object is required, not 'str'
2026-03-16 21:02:48,648 [ERROR] Error on sample 0: a bytes-like object is required, not 'str'
2026-03-16 21:02:48,649 [ERROR] Error on sample 0: a bytes-like object is required, not 'str'
2026-03-16 21:02:48,650 [ERROR] Error on sample 0: a bytes-like object is required, not 'str'
2026-03-16 21:02:48,650 [ERROR] Error on sample 0: a bytes-like object is required, not 'str'
2026-03-16 21:02:48,651 [ERROR] Error on sample 0: a bytes-like object is required, not 'str'
2026-03-16 21:02:48,652 [ERROR] Error on sample 0: a bytes-like object is required, not 'str'
2026-03-16 21:02:48,652 [ERROR] Error on sample 0: a bytes-like object is required, not 'str'
2026-03-16 21:02:48,653 [ERROR] Error on sample 0: a bytes-like object is required, not 'str'
2026-03-16 21:02:48,654 [ERROR] Error on sample 0: a bytes-like object is required, not 'str'
2026-03-16 21:02:48,655 [ERROR] Error on sample 0: a bytes-like object is required, not 'str'
2026-03-16 21:02:48,655 [ERROR] Error on sample 0: a bytes-like object is required, not 'str'
2026-03-16 21:02:48,656 [ERROR] Error on sample 0: a bytes-like object is required, not 'str'
2026-03-16 21:02:48,657 [ERROR] Error on sample 0: a bytes-like object is required, not 'str'
2026-03-16 21:02:48,657 [ERROR] Error on sample 0: a bytes-like object is required, not 'str'
2026-03-16 21:02:48,658 [ERROR] Error on sample 0: a bytes-like object is required, not 'str'
2026-03-16 21:02:48,659 [ERROR] Error on sample 0: a bytes-like object is required, not 'str'
2026-03-16 21:02:48,659 [ERROR] Error on sample 0: a bytes-like object is required, not 'str'
2026-03-16 21:02:48,660 [ERROR] Error on sample 0: a bytes-like object is required, not 'str'
2026-03-16 21:02:48,661 [ERROR] Error on sample 0: a bytes-like object is required, not 'str'
2026-03-16 21:02:48,661 [ERROR] Error on sample 0: a bytes-like object is required, not 'str'
2026-03-16 21:02:48,662 [ERROR] Error on sample 0: a bytes-like object is required, not 'str'
2026-03-16 21:02:48,663 [ERROR] Error on sample 0: a bytes-like object is required, not 'str'
2026-03-16 21:02:48,663 [ERROR] Error on sample 0: a bytes-like object is required, not 'str'
2026-03-16 21:02:48,664 [ERROR] Error on sample 0: a bytes-like object is required, not 'str'
2026-03-16 21:02:48,665 [ERROR] Error on sample 0: a bytes-like object is required, not 'str'
2026-03-16 21:02:48,665 [ERROR] Error on sample 0: a bytes-like object is required, not 'str'
2026-03-16 21:02:48,666 [ERROR] Error on sample 0: a bytes-like object is required, not 'str'
2026-03-16 21:02:48,667 [ERROR] Error on sample 0: a bytes-like object is required, not 'str'
2026-03-16 21:02:48,668 [ERROR] Error on sample 0: a bytes-like object is required, not 'str'
2026-03-16 21:02:48,668 [ERROR] Error on sample 0: a bytes-like object is required, not 'str'
2026-03-16 21:02:48,669 [ERROR] Error on sample 0: a bytes-like object is required, not 'str'
2026-03-16 21:02:48,670 [ERROR] Error on sample 0: a bytes-like object is required, not 'str'
2026-03-16 21:02:48,670 [ERROR] Error on sample 0: a bytes-like object is required, not 'str'
2026-03-16 21:02:48,671 [ERROR] Error on sample 0: a bytes-like object is required, not 'str'
2026-03-16 21:02:48,672 [ERROR] Error on sample 0: a bytes-like object is required, not 'str'
2026-03-16 21:02:48,672 [ERROR] Error on sample 0: a bytes-like object is required, not 'str'
2026-03-16 21:02:48,673 [ERROR] Error on sample 0: a bytes-like object is required, not 'str'
2026-03-16 21:02:48,674 [ERROR] Error on sample 0: a bytes-like object is required, not 'str'
2026-03-16 21:02:48,674 [ERROR] Error on sample 0: a bytes-like object is required, not 'str'
2026-03-16 21:02:48,675 [ERROR] Error on sample 0: a bytes-like object is required, not 'str'
2026-03-16 21:02:48,676 [ERROR] Error on sample 0: a bytes-like object is required, not 'str'
2026-03-16 21:02:48,676 [ERROR] Error on sample 0: a bytes-like object is required, not 'str'
2026-03-16 21:02:48,677 [ERROR] Error on sample 0: a bytes-like object is required, not 'str'
2026-03-16 21:02:48,678 [ERROR] Error on sample 0: a bytes-like object is required, not 'str'
2026-03-16 21:02:48,679 [ERROR] Error on sample 0: a bytes-like object is required, not 'str'
2026-03-16 21:02:48,679 [ERROR] Error on sample 0: a bytes-like object is required, not 'str'
2026-03-16 21:02:48,680 [ERROR] Error on sample 0: a bytes-like object is required, not 'str'
2026-03-16 21:02:48,681 [ERROR] Error on sample 0: a bytes-like object is required, not 'str'
2026-03-16 21:02:48,681 [ERROR] Error on sample 0: a bytes-like object is required, not 'str'
2026-03-16 21:02:48,682 [ERROR] Error on sample 0: a bytes-like object is required, not 'str'
2026-03-16 21:02:48,683 [ERROR] Error on sample 0: a bytes-like object is required, not 'str'
2026-03-16 21:02:48,683 [ERROR] Error on sample 0: a bytes-like object is required, not 'str'
2026-03-16 21:02:48,684 [ERROR] Error on sample 0: a bytes-like object is required, not 'str'
2026-03-16 21:02:48,685 [ERROR] Error on sample 0: a bytes-like object is required, not 'str'
2026-03-16 21:02:48,685 [ERROR] Error on sample 0: a bytes-like object is required, not 'str'
2026-03-16 21:02:48,686 [ERROR] Error on sample 0: a bytes-like object is required, not 'str'
2026-03-16 21:02:48,687 [ERROR] Error on sample 0: a bytes-like object is required, not 'str'
2026-03-16 21:02:48,688 [ERROR] Error on sample 0: a bytes-like object is required, not 'str'
2026-03-16 21:02:48,688 [ERROR] Error on sample 0: a bytes-like object is required, not 'str'
2026-03-16 21:02:48,689 [ERROR] Error on sample 0: a bytes-like object is required, not 'str'
2026-03-16 21:02:48,690 [ERROR] Error on sample 0: a bytes-like object is required, not 'str'
2026-03-16 21:02:48,690 [ERROR] Error on sample 0: a bytes-like object is required, not 'str'
2026-03-16 21:02:48,691 [ERROR] Error on sample 0: a bytes-like object is required, not 'str'
2026-03-16 21:02:48,692 [ERROR] Error on sample 0: a bytes-like object is required, not 'str'
2026-03-16 21:02:48,692 [ERROR] Error on sample 0: a bytes-like object is required, not 'str'
2026-03-16 21:02:48,693 [ERROR] Error on sample 0: a bytes-like object is required, not 'str'
2026-03-16 21:02:48,694 [ERROR] Error on sample 0: a bytes-like object is required, not 'str'
2026-03-16 21:02:48,694 [ERROR] Error on sample 0: a bytes-like object is required, not 'str'
2026-03-16 21:02:48,695 [ERROR] Error on sample 0: a bytes-like object is required, not 'str'
2026-03-16 21:02:48,696 [ERROR] Error on sample 0: a bytes-like object is required, not 'str'
2026-03-16 21:02:48,697 [ERROR] Error on sample 0: a bytes-like object is required, not 'str'
2026-03-16 21:02:48,697 [ERROR] Error on sample 0: a bytes-like object is required, not 'str'
2026-03-16 21:02:48,698 [ERROR] Error on sample 0: a bytes-like object is required, not 'str'
2026-03-16 21:02:48,699 [ERROR] Error on sample 0: a bytes-like object is required, not 'str'
2026-03-16 21:02:48,699 [ERROR] Error on sample 0: a bytes-like object is required, not 'str'
2026-03-16 21:02:48,700 [ERROR] Error on sample 0: a bytes-like object is required, not 'str'
2026-03-16 21:02:48,701 [ERROR] Error on sample 0: a bytes-like object is required, not 'str'
2026-03-16 21:02:48,701 [ERROR] Error on sample 0: a bytes-like object is required, not 'str'
2026-03-16 21:02:48,702 [ERROR] Error on sample 0: a bytes-like object is required, not 'str'
2026-03-16 21:02:48,703 [ERROR] Error on sample 0: a bytes-like object is required, not 'str'
2026-03-16 21:02:48,703 [ERROR] Error on sample 0: a bytes-like object is required, not 'str'
2026-03-16 21:02:48,704 [ERROR] Error on sample 0: a bytes-like object is required, not 'str'
2026-03-16 21:02:48,705 [ERROR] Error on sample 0: a bytes-like object is required, not 'str'
2026-03-16 21:02:48,706 [ERROR] Error on sample 0: a bytes-like object is required, not 'str'
2026-03-16 21:02:48,706 [ERROR] Error on sample 0: a bytes-like object is required, not 'str'
2026-03-16 21:02:48,707 [ERROR] Error on sample 0: a bytes-like object is required, not 'str'
2026-03-16 21:02:48,708 [ERROR] Error on sample 0: a bytes-like object is required, not 'str'
2026-03-16 21:02:48,708 [ERROR] Error on sample 0: a bytes-like object is required, not 'str'
2026-03-16 21:02:48,709 [ERROR] Error on sample 0: a bytes-like object is required, not 'str'
2026-03-16 21:02:48,710 [ERROR] Error on sample 0: a bytes-like object is required, not 'str'
2026-03-16 21:02:48,710 [ERROR] Error on sample 0: a bytes-like object is required, not 'str'
2026-03-16 21:02:48,711 [ERROR] Error on sample 0: a bytes-like object is required, not 'str'
2026-03-16 21:02:48,712 [ERROR] Error on sample 0: a bytes-like object is required, not 'str'
2026-03-16 21:02:48,712 [ERROR] Error on sample 0: a bytes-like object is required, not 'str'
2026-03-16 21:02:48,713 [ERROR] Error on sample 0: a bytes-like object is required, not 'str'
2026-03-16 21:02:48,714 [ERROR] Error on sample 0: a bytes-like object is required, not 'str'
2026-03-16 21:02:48,714 [ERROR] Error on sample 0: a bytes-like object is required, not 'str'
2026-03-16 21:02:48,715 [ERROR] Error on sample 0: a bytes-like object is required, not 'str'
2026-03-16 21:02:48,716 [ERROR] Error on sample 0: a bytes-like object is required, not 'str'
2026-03-16 21:02:48,716 [ERROR] Error on sample 0: a bytes-like object is required, not 'str'
2026-03-16 21:02:48,717 [ERROR] Error on sample 0: a bytes-like object is required, not 'str'
2026-03-16 21:02:48,718 [ERROR] Error on sample 0: a bytes-like object is required, not 'str'
2026-03-16 21:02:48,718 [ERROR] Error on sample 0: a bytes-like object is required, not 'str'
2026-03-16 21:02:48,719 [ERROR] Error on sample 0: a bytes-like object is required, not 'str'
2026-03-16 21:02:48,720 [ERROR] Error on sample 0: a bytes-like object is required, not 'str'
2026-03-16 21:02:48,720 [ERROR] Error on sample 0: a bytes-like object is required, not 'str'
2026-03-16 21:02:48,721 [ERROR] Error on sample 0: a bytes-like object is required, not 'str'
2026-03-16 21:02:48,722 [ERROR] Error on sample 0: a bytes-like object is required, not 'str'
2026-03-16 21:02:48,723 [ERROR] Error on sample 0: a bytes-like object is required, not 'str'
2026-03-16 21:02:48,723 [ERROR] Error on sample 0: a bytes-like object is required, not 'str'
2026-03-16 21:02:48,724 [ERROR] Error on sample 0: a bytes-like object is required, not 'str'
2026-03-16 21:02:48,725 [ERROR] Error on sample 0: a bytes-like object is required, not 'str'
2026-03-16 21:02:48,725 [ERROR] Error on sample 0: a bytes-like object is required, not 'str'
2026-03-16 21:02:48,726 [ERROR] Error on sample 0: a bytes-like object is required, not 'str'
2026-03-16 21:02:48,727 [ERROR] Error on sample 0: a bytes-like object is required, not 'str'
2026-03-16 21:02:48,727 [ERROR] Error on sample 0: a bytes-like object is required, not 'str'
2026-03-16 21:02:48,728 [ERROR] Error on sample 0: a bytes-like object is required, not 'str'
2026-03-16 21:02:48,729 [ERROR] Error on sample 0: a bytes-like object is required, not 'str'
2026-03-16 21:02:48,729 [ERROR] Error on sample 0: a bytes-like object is required, not 'str'
2026-03-16 21:02:48,730 [ERROR] Error on sample 0: a bytes-like object is required, not 'str'
2026-03-16 21:02:48,731 [ERROR] Error on sample 0: a bytes-like object is required, not 'str'
2026-03-16 21:02:48,731 [ERROR] Error on sample 0: a bytes-like object is required, not 'str'
2026-03-16 21:02:48,732 [ERROR] Error on sample 0: a bytes-like object is required, not 'str'
2026-03-16 21:02:48,733 [ERROR] Error on sample 0: a bytes-like object is required, not 'str'
2026-03-16 21:02:48,734 [ERROR] Error on sample 0: a bytes-like object is required, not 'str'
2026-03-16 21:02:48,734 [ERROR] Error on sample 0: a bytes-like object is required, not 'str'
2026-03-16 21:02:48,735 [ERROR] Error on sample 0: a bytes-like object is required, not 'str'
2026-03-16 21:02:48,736 [ERROR] Error on sample 0: a bytes-like object is required, not 'str'
2026-03-16 21:02:48,736 [ERROR] Error on sample 0: a bytes-like object is required, not 'str'
2026-03-16 21:02:48,737 [ERROR] Error on sample 0: a bytes-like object is required, not 'str'
2026-03-16 21:02:48,738 [ERROR] Error on sample 0: a bytes-like object is required, not 'str'
2026-03-16 21:02:48,738 [ERROR] Error on sample 0: a bytes-like object is required, not 'str'
2026-03-16 21:02:48,739 [ERROR] Error on sample 0: a bytes-like object is required, not 'str'
2026-03-16 21:02:48,740 [ERROR] Error on sample 0: a bytes-like object is required, not 'str'
2026-03-16 21:02:48,740 [ERROR] Error on sample 0: a bytes-like object is required, not 'str'
2026-03-16 21:02:48,741 [ERROR] Error on sample 0: a bytes-like object is required, not 'str'
2026-03-16 21:02:48,742 [ERROR] Error on sample 0: a bytes-like object is required, not 'str'
2026-03-16 21:02:48,742 [ERROR] Error on sample 0: a bytes-like object is required, not 'str'
2026-03-16 21:02:48,743 [ERROR] Error on sample 0: a bytes-like object is required, not 'str'
2026-03-16 21:02:48,744 [ERROR] Error on sample 0: a bytes-like object is required, not 'str'
2026-03-16 21:02:48,744 [ERROR] Error on sample 0: a bytes-like object is required, not 'str'
2026-03-16 21:02:48,745 [ERROR] Error on sample 0: a bytes-like object is required, not 'str'
2026-03-16 21:02:48,746 [ERROR] Error on sample 0: a bytes-like object is required, not 'str'
2026-03-16 21:02:48,747 [ERROR] Error on sample 0: a bytes-like object is required, not 'str'
2026-03-16 21:02:48,747 [ERROR] Error on sample 0: a bytes-like object is required, not 'str'
2026-03-16 21:02:48,748 [ERROR] Error on sample 0: a bytes-like object is required, not 'str'
2026-03-16 21:02:48,749 [ERROR] Error on sample 0: a bytes-like object is required, not 'str'
2026-03-16 21:02:48,749 [ERROR] Error on sample 0: a bytes-like object is required, not 'str'
2026-03-16 21:02:48,750 [ERROR] Error on sample 0: a bytes-like object is required, not 'str'
2026-03-16 21:02:48,751 [ERROR] Error on sample 0: a bytes-like object is required, not 'str'
2026-03-16 21:02:48,751 [ERROR] Error on sample 0: a bytes-like object is required, not 'str'
2026-03-16 21:02:48,752 [ERROR] Error on sample 0: a bytes-like object is required, not 'str'
2026-03-16 21:02:48,753 [ERROR] Error on sample 0: a bytes-like object is required, not 'str'
2026-03-16 21:02:48,753 [ERROR] Error on sample 0: a bytes-like object is required, not 'str'
2026-03-16 21:02:48,754 [ERROR] Error on sample 0: a bytes-like object is required, not 'str'
2026-03-16 21:02:48,755 [ERROR] Error on sample 0: a bytes-like object is required, not 'str'
2026-03-16 21:02:48,755 [ERROR] Error on sample 0: a bytes-like object is required, not 'str'
2026-03-16 21:02:48,756 [ERROR] Error on sample 0: a bytes-like object is required, not 'str'
2026-03-16 21:02:48,757 [ERROR] Error on sample 0: a bytes-like object is required, not 'str'
2026-03-16 21:02:48,757 [ERROR] Error on sample 0: a bytes-like object is required, not 'str'
2026-03-16 21:02:48,758 [ERROR] Error on sample 0: a bytes-like object is required, not 'str'
2026-03-16 21:02:48,759 [ERROR] Error on sample 0: a bytes-like object is required, not 'str'
2026-03-16 21:02:48,760 [ERROR] Error on sample 0: a bytes-like object is required, not 'str'
2026-03-16 21:02:48,760 [ERROR] Error on sample 0: a bytes-like object is required, not 'str'
2026-03-16 21:02:48,761 [ERROR] Error on sample 0: a bytes-like object is required, not 'str'
2026-03-16 21:02:48,762 [ERROR] Error on sample 0: a bytes-like object is required, not 'str'
2026-03-16 21:02:48,762 [ERROR] Error on sample 0: a bytes-like object is required, not 'str'
2026-03-16 21:02:48,763 [ERROR] Error on sample 0: a bytes-like object is required, not 'str'
2026-03-16 21:02:48,764 [ERROR] Error on sample 0: a bytes-like object is required, not 'str'
2026-03-16 21:02:48,764 [ERROR] Error on sample 0: a bytes-like object is required, not 'str'
2026-03-16 21:02:48,765 [ERROR] Error on sample 0: a bytes-like object is required, not 'str'
2026-03-16 21:02:48,766 [ERROR] Error on sample 0: a bytes-like object is required, not 'str'
2026-03-16 21:02:48,766 [ERROR] Error on sample 0: a bytes-like object is required, not 'str'
2026-03-16 21:02:48,767 [ERROR] Error on sample 0: a bytes-like object is required, not 'str'
2026-03-16 21:02:48,768 [ERROR] Error on sample 0: a bytes-like object is required, not 'str'
2026-03-16 21:02:48,769 [ERROR] Error on sample 0: a bytes-like object is required, not 'str'
2026-03-16 21:02:48,769 [ERROR] Error on sample 0: a bytes-like object is required, not 'str'
2026-03-16 21:02:48,770 [ERROR] Error on sample 0: a bytes-like object is required, not 'str'
2026-03-16 21:02:48,771 [ERROR] Error on sample 0: a bytes-like object is required, not 'str'
2026-03-16 21:02:48,771 [ERROR] Error on sample 0: a bytes-like object is required, not 'str'
2026-03-16 21:02:48,772 [ERROR] Error on sample 0: a bytes-like object is required, not 'str'
2026-03-16 21:02:48,773 [ERROR] Error on sample 0: a bytes-like object is required, not 'str'
2026-03-16 21:02:48,773 [ERROR] Error on sample 0: a bytes-like object is required, not 'str'
2026-03-16 21:02:48,774 [ERROR] Error on sample 0: a bytes-like object is required, not 'str'
2026-03-16 21:02:48,775 [ERROR] Error on sample 0: a bytes-like object is required, not 'str'
2026-03-16 21:02:48,775 [ERROR] Error on sample 0: a bytes-like object is required, not 'str'
2026-03-16 21:02:48,776 [ERROR] Error on sample 0: a bytes-like object is required, not 'str'
2026-03-16 21:02:48,777 [ERROR] Error on sample 0: a bytes-like object is required, not 'str'
2026-03-16 21:02:48,777 [ERROR] Error on sample 0: a bytes-like object is required, not 'str'
2026-03-16 21:02:48,778 [ERROR] Error on sample 0: a bytes-like object is required, not 'str'
2026-03-16 21:02:48,779 [ERROR] Error on sample 0: a bytes-like object is required, not 'str'
2026-03-16 21:02:48,780 [ERROR] Error on sample 0: a bytes-like object is required, not 'str'
2026-03-16 21:02:48,780 [ERROR] Error on sample 0: a bytes-like object is required, not 'str'
2026-03-16 21:02:48,781 [ERROR] Error on sample 0: a bytes-like object is required, not 'str'
2026-03-16 21:02:48,782 [ERROR] Error on sample 0: a bytes-like object is required, not 'str'
2026-03-16 21:02:48,782 [ERROR] Error on sample 0: a bytes-like object is required, not 'str'
2026-03-16 21:02:48,783 [ERROR] Error on sample 0: a bytes-like object is required, not 'str'
2026-03-16 21:02:48,784 [ERROR] Error on sample 0: a bytes-like object is required, not 'str'
2026-03-16 21:02:48,784 [ERROR] Error on sample 0: a bytes-like object is required, not 'str'
2026-03-16 21:02:48,785 [ERROR] Error on sample 0: a bytes-like object is required, not 'str'
2026-03-16 21:02:48,786 [ERROR] Error on sample 0: a bytes-like object is required, not 'str'
2026-03-16 21:02:48,786 [ERROR] Error on sample 0: a bytes-like object is required, not 'str'
2026-03-16 21:02:48,787 [ERROR] Error on sample 0: a bytes-like object is required, not 'str'
2026-03-16 21:02:48,788 [ERROR] Error on sample 0: a bytes-like object is required, not 'str'
2026-03-16 21:02:48,788 [ERROR] Error on sample 0: a bytes-like object is required, not 'str'
2026-03-16 21:02:48,789 [ERROR] Error on sample 0: a bytes-like object is required, not 'str'
2026-03-16 21:02:48,790 [ERROR] Error on sample 0: a bytes-like object is required, not 'str'
2026-03-16 21:02:48,791 [ERROR] Error on sample 0: a bytes-like object is required, not 'str'
2026-03-16 21:02:48,791 [ERROR] Error on sample 0: a bytes-like object is required, not 'str'
2026-03-16 21:02:48,792 [ERROR] Error on sample 0: a bytes-like object is required, not 'str'
2026-03-16 21:02:48,793 [ERROR] Error on sample 0: a bytes-like object is required, not 'str'
2026-03-16 21:02:48,794 [ERROR] Error on sample 0: a bytes-like object is required, not 'str'
2026-03-16 21:02:48,794 [ERROR] Error on sample 0: a bytes-like object is required, not 'str'
2026-03-16 21:02:48,795 [ERROR] Error on sample 0: a bytes-like object is required, not 'str'
2026-03-16 21:02:48,796 [ERROR] Error on sample 0: a bytes-like object is required, not 'str'
2026-03-16 21:02:48,796 [ERROR] Error on sample 0: a bytes-like object is required, not 'str'
2026-03-16 21:02:48,797 [ERROR] Error on sample 0: a bytes-like object is required, not 'str'
2026-03-16 21:02:48,798 [ERROR] Error on sample 0: a bytes-like object is required, not 'str'
2026-03-16 21:02:48,799 [ERROR] Error on sample 0: a bytes-like object is required, not 'str'
2026-03-16 21:02:48,799 [ERROR] Error on sample 0: a bytes-like object is required, not 'str'
2026-03-16 21:02:48,800 [ERROR] Error on sample 0: a bytes-like object is required, not 'str'
2026-03-16 21:02:48,801 [ERROR] Error on sample 0: a bytes-like object is required, not 'str'
2026-03-16 21:02:48,801 [ERROR] Error on sample 0: a bytes-like object is required, not 'str'
2026-03-16 21:02:48,802 [ERROR] Error on sample 0: a bytes-like object is required, not 'str'
2026-03-16 21:02:48,803 [ERROR] Error on sample 0: a bytes-like object is required, not 'str'
2026-03-16 21:02:48,803 [ERROR] Error on sample 0: a bytes-like object is required, not 'str'
2026-03-16 21:02:48,804 [ERROR] Error on sample 0: a bytes-like object is required, not 'str'
2026-03-16 21:02:48,805 [ERROR] Error on sample 0: a bytes-like object is required, not 'str'
2026-03-16 21:02:48,806 [ERROR] Error on sample 0: a bytes-like object is required, not 'str'
2026-03-16 21:02:48,806 [ERROR] Error on sample 0: a bytes-like object is required, not 'str'
2026-03-16 21:02:48,807 [ERROR] Error on sample 0: a bytes-like object is required, not 'str'
2026-03-16 21:02:48,808 [ERROR] Error on sample 0: a bytes-like object is required, not 'str'
2026-03-16 21:02:48,808 [ERROR] Error on sample 0: a bytes-like object is required, not 'str'
2026-03-16 21:02:48,809 [ERROR] Error on sample 0: a bytes-like object is required, not 'str'
2026-03-16 21:02:48,810 [ERROR] Error on sample 0: a bytes-like object is required, not 'str'
2026-03-16 21:02:48,810 [ERROR] Error on sample 0: a bytes-like object is required, not 'str'
2026-03-16 21:02:48,811 [ERROR] Error on sample 0: a bytes-like object is required, not 'str'
2026-03-16 21:02:48,812 [ERROR] Error on sample 0: a bytes-like object is required, not 'str'
2026-03-16 21:02:48,813 [ERROR] Error on sample 0: a bytes-like object is required, not 'str'
2026-03-16 21:02:48,813 [ERROR] Error on sample 0: a bytes-like object is required, not 'str'
2026-03-16 21:02:48,814 [ERROR] Error on sample 0: a bytes-like object is required, not 'str'
2026-03-16 21:02:48,815 [ERROR] Error on sample 0: a bytes-like object is required, not 'str'
2026-03-16 21:02:48,816 [ERROR] Error on sample 0: a bytes-like object is required, not 'str'
2026-03-16 21:02:48,817 [ERROR] Error on sample 0: a bytes-like object is required, not 'str'
2026-03-16 21:02:48,817 [ERROR] Error on sample 0: a bytes-like object is required, not 'str'
2026-03-16 21:02:48,818 [ERROR] Error on sample 0: a bytes-like object is required, not 'str'
2026-03-16 21:02:48,819 [ERROR] Error on sample 0: a bytes-like object is required, not 'str'
2026-03-16 21:02:48,820 [ERROR] Error on sample 0: a bytes-like object is required, not 'str'
2026-03-16 21:02:48,820 [ERROR] Error on sample 0: a bytes-like object is required, not 'str'
2026-03-16 21:02:48,821 [ERROR] Error on sample 0: a bytes-like object is required, not 'str'
2026-03-16 21:02:48,822 [ERROR] Error on sample 0: a bytes-like object is required, not 'str'
2026-03-16 21:02:48,822 [ERROR] Error on sample 0: a bytes-like object is required, not 'str'
2026-03-16 21:02:48,823 [ERROR] Error on sample 0: a bytes-like object is required, not 'str'
2026-03-16 21:02:48,824 [ERROR] Error on sample 0: a bytes-like object is required, not 'str'
2026-03-16 21:02:48,824 [ERROR] Error on sample 0: a bytes-like object is required, not 'str'
2026-03-16 21:02:48,825 [ERROR] Error on sample 0: a bytes-like object is required, not 'str'
2026-03-16 21:02:48,826 [ERROR] Error on sample 0: a bytes-like object is required, not 'str'
2026-03-16 21:02:48,826 [ERROR] Error on sample 0: a bytes-like object is required, not 'str'
2026-03-16 21:02:48,827 [ERROR] Error on sample 0: a bytes-like object is required, not 'str'
2026-03-16 21:02:48,828 [ERROR] Error on sample 0: a bytes-like object is required, not 'str'
2026-03-16 21:02:48,828 [ERROR] Error on sample 0: a bytes-like object is required, not 'str'
2026-03-16 21:02:48,829 [ERROR] Error on sample 0: a bytes-like object is required, not 'str'
2026-03-16 21:02:48,830 [ERROR] Error on sample 0: a bytes-like object is required, not 'str'
2026-03-16 21:02:48,830 [ERROR] Error on sample 0: a bytes-like object is required, not 'str'
2026-03-16 21:02:48,831 [ERROR] Error on sample 0: a bytes-like object is required, not 'str'
2026-03-16 21:02:48,832 [ERROR] Error on sample 0: a bytes-like object is required, not 'str'
2026-03-16 21:02:48,832 [ERROR] Error on sample 0: a bytes-like object is required, not 'str'
2026-03-16 21:02:48,833 [ERROR] Error on sample 0: a bytes-like object is required, not 'str'
2026-03-16 21:02:48,834 [ERROR] Error on sample 0: a bytes-like object is required, not 'str'
2026-03-16 21:02:48,834 [ERROR] Error on sample 0: a bytes-like object is required, not 'str'
2026-03-16 21:02:48,835 [ERROR] Error on sample 0: a bytes-like object is required, not 'str'
2026-03-16 21:02:48,836 [ERROR] Error on sample 0: a bytes-like object is required, not 'str'
2026-03-16 21:02:48,836 [ERROR] Error on sample 0: a bytes-like object is required, not 'str'
2026-03-16 21:02:48,837 [ERROR] Error on sample 0: a bytes-like object is required, not 'str'
2026-03-16 21:02:48,838 [ERROR] Error on sample 0: a bytes-like object is required, not 'str'
2026-03-16 21:02:48,838 [ERROR] Error on sample 0: a bytes-like object is required, not 'str'
2026-03-16 21:02:48,839 [ERROR] Error on sample 0: a bytes-like object is required, not 'str'
2026-03-16 21:02:48,840 [ERROR] Error on sample 0: a bytes-like object is required, not 'str'
2026-03-16 21:02:48,840 [ERROR] Error on sample 0: a bytes-like object is required, not 'str'
2026-03-16 21:02:48,841 [ERROR] Error on sample 0: a bytes-like object is required, not 'str'
2026-03-16 21:02:48,842 [ERROR] Error on sample 0: a bytes-like object is required, not 'str'
2026-03-16 21:02:48,843 [ERROR] Error on sample 0: a bytes-like object is required, not 'str'
2026-03-16 21:02:48,843 [ERROR] Error on sample 0: a bytes-like object is required, not 'str'
2026-03-16 21:02:48,844 [ERROR] Error on sample 0: a bytes-like object is required, not 'str'
2026-03-16 21:02:48,845 [ERROR] Error on sample 0: a bytes-like object is required, not 'str'
2026-03-16 21:02:48,845 [ERROR] Error on sample 0: a bytes-like object is required, not 'str'
2026-03-16 21:02:48,846 [ERROR] Error on sample 0: a bytes-like object is required, not 'str'
2026-03-16 21:02:48,847 [ERROR] Error on sample 0: a bytes-like object is required, not 'str'
2026-03-16 21:02:48,847 [ERROR] Error on sample 0: a bytes-like object is required, not 'str'
2026-03-16 21:02:48,848 [ERROR] Error on sample 0: a bytes-like object is required, not 'str'
2026-03-16 21:02:48,849 [ERROR] Error on sample 0: a bytes-like object is required, not 'str'
2026-03-16 21:02:48,849 [ERROR] Error on sample 0: a bytes-like object is required, not 'str'
2026-03-16 21:02:48,850 [ERROR] Error on sample 0: a bytes-like object is required, not 'str'
2026-03-16 21:02:48,851 [ERROR] Error on sample 0: a bytes-like object is required, not 'str'
2026-03-16 21:02:48,851 [ERROR] Error on sample 0: a bytes-like object is required, not 'str'
2026-03-16 21:02:48,852 [ERROR] Error on sample 0: a bytes-like object is required, not 'str'
2026-03-16 21:02:48,853 [ERROR] Error on sample 0: a bytes-like object is required, not 'str'
2026-03-16 21:02:48,854 [ERROR] Error on sample 0: a bytes-like object is required, not 'str'
2026-03-16 21:02:48,854 [ERROR] Error on sample 0: a bytes-like object is required, not 'str'
2026-03-16 21:02:48,855 [ERROR] Error on sample 0: a bytes-like object is required, not 'str'
2026-03-16 21:02:48,856 [ERROR] Error on sample 0: a bytes-like object is required, not 'str'
2026-03-16 21:02:48,856 [ERROR] Error on sample 0: a bytes-like object is required, not 'str'
2026-03-16 21:02:48,857 [ERROR] Error on sample 0: a bytes-like object is required, not 'str'
2026-03-16 21:02:48,858 [ERROR] Error on sample 0: a bytes-like object is required, not 'str'
2026-03-16 21:02:48,858 [ERROR] Error on sample 0: a bytes-like object is required, not 'str'
2026-03-16 21:02:48,859 [ERROR] Error on sample 0: a bytes-like object is required, not 'str'
2026-03-16 21:02:48,860 [ERROR] Error on sample 0: a bytes-like object is required, not 'str'
2026-03-16 21:02:48,860 [ERROR] Error on sample 0: a bytes-like object is required, not 'str'
2026-03-16 21:02:48,861 [ERROR] Error on sample 0: a bytes-like object is required, not 'str'
2026-03-16 21:02:48,862 [ERROR] Error on sample 0: a bytes-like object is required, not 'str'
2026-03-16 21:02:48,862 [ERROR] Error on sample 0: a bytes-like object is required, not 'str'
2026-03-16 21:02:48,863 [ERROR] Error on sample 0: a bytes-like object is required, not 'str'
2026-03-16 21:02:48,864 [ERROR] Error on sample 0: a bytes-like object is required, not 'str'
2026-03-16 21:02:48,864 [ERROR] Error on sample 0: a bytes-like object is required, not 'str'
2026-03-16 21:02:48,865 [ERROR] Error on sample 0: a bytes-like object is required, not 'str'
2026-03-16 21:02:48,866 [ERROR] Error on sample 0: a bytes-like object is required, not 'str'
2026-03-16 21:02:48,866 [ERROR] Error on sample 0: a bytes-like object is required, not 'str'
2026-03-16 21:02:48,867 [ERROR] Error on sample 0: a bytes-like object is required, not 'str'
2026-03-16 21:02:48,868 [ERROR] Error on sample 0: a bytes-like object is required, not 'str'
2026-03-16 21:02:48,868 [ERROR] Error on sample 0: a bytes-like object is required, not 'str'
2026-03-16 21:02:48,869 [ERROR] Error on sample 0: a bytes-like object is required, not 'str'
2026-03-16 21:02:48,870 [ERROR] Error on sample 0: a bytes-like object is required, not 'str'
2026-03-16 21:02:48,871 [ERROR] Error on sample 0: a bytes-like object is required, not 'str'
2026-03-16 21:02:48,871 [ERROR] Error on sample 0: a bytes-like object is required, not 'str'
2026-03-16 21:02:48,872 [ERROR] Error on sample 0: a bytes-like object is required, not 'str'
2026-03-16 21:02:48,872 [ERROR] Error on sample 0: a bytes-like object is required, not 'str'
2026-03-16 21:02:48,873 [ERROR] Error on sample 0: a bytes-like object is required, not 'str'
2026-03-16 21:02:48,874 [ERROR] Error on sample 0: a bytes-like object is required, not 'str'
2026-03-16 21:02:48,874 [ERROR] Error on sample 0: a bytes-like object is required, not 'str'
2026-03-16 21:02:48,875 [ERROR] Error on sample 0: a bytes-like object is required, not 'str'
2026-03-16 21:02:48,876 [ERROR] Error on sample 0: a bytes-like object is required, not 'str'
2026-03-16 21:02:48,877 [ERROR] Error on sample 0: a bytes-like object is required, not 'str'
2026-03-16 21:02:48,877 [ERROR] Error on sample 0: a bytes-like object is required, not 'str'
2026-03-16 21:02:48,878 [ERROR] Error on sample 0: a bytes-like object is required, not 'str'
2026-03-16 21:02:48,879 [ERROR] Error on sample 0: a bytes-like object is required, not 'str'
2026-03-16 21:02:48,879 [ERROR] Error on sample 0: a bytes-like object is required, not 'str'
2026-03-16 21:02:48,880 [ERROR] Error on sample 0: a bytes-like object is required, not 'str'
2026-03-16 21:02:48,881 [ERROR] Error on sample 0: a bytes-like object is required, not 'str'
2026-03-16 21:02:48,881 [ERROR] Error on sample 0: a bytes-like object is required, not 'str'
2026-03-16 21:02:48,882 [ERROR] Error on sample 0: a bytes-like object is required, not 'str'
2026-03-16 21:02:48,883 [ERROR] Error on sample 0: a bytes-like object is required, not 'str'
2026-03-16 21:02:48,883 [ERROR] Error on sample 0: a bytes-like object is required, not 'str'
2026-03-16 21:02:48,884 [ERROR] Error on sample 0: a bytes-like object is required, not 'str'
2026-03-16 21:02:48,885 [ERROR] Error on sample 0: a bytes-like object is required, not 'str'
2026-03-16 21:02:48,885 [ERROR] Error on sample 0: a bytes-like object is required, not 'str'
2026-03-16 21:02:48,886 [ERROR] Error on sample 0: a bytes-like object is required, not 'str'
2026-03-16 21:02:48,887 [ERROR] Error on sample 0: a bytes-like object is required, not 'str'
2026-03-16 21:02:48,887 [ERROR] Error on sample 0: a bytes-like object is required, not 'str'
2026-03-16 21:02:48,888 [ERROR] Error on sample 0: a bytes-like object is required, not 'str'
2026-03-16 21:02:48,889 [ERROR] Error on sample 0: a bytes-like object is required, not 'str'
2026-03-16 21:02:48,889 [ERROR] Error on sample 0: a bytes-like object is required, not 'str'
2026-03-16 21:02:48,890 [ERROR] Error on sample 0: a bytes-like object is required, not 'str'
2026-03-16 21:02:48,891 [ERROR] Error on sample 0: a bytes-like object is required, not 'str'
2026-03-16 21:02:48,891 [ERROR] Error on sample 0: a bytes-like object is required, not 'str'
2026-03-16 21:02:48,892 [ERROR] Error on sample 0: a bytes-like object is required, not 'str'
2026-03-16 21:02:48,893 [ERROR] Error on sample 0: a bytes-like object is required, not 'str'
2026-03-16 21:02:48,894 [ERROR] Error on sample 0: a bytes-like object is required, not 'str'
2026-03-16 21:02:48,894 [ERROR] Error on sample 0: a bytes-like object is required, not 'str'
2026-03-16 21:02:48,895 [ERROR] Error on sample 0: a bytes-like object is required, not 'str'
2026-03-16 21:02:48,896 [ERROR] Error on sample 0: a bytes-like object is required, not 'str'
2026-03-16 21:02:48,896 [ERROR] Error on sample 0: a bytes-like object is required, not 'str'
2026-03-16 21:02:48,897 [ERROR] Error on sample 0: a bytes-like object is required, not 'str'
2026-03-16 21:02:48,898 [ERROR] Error on sample 0: a bytes-like object is required, not 'str'
2026-03-16 21:02:48,898 [ERROR] Error on sample 0: a bytes-like object is required, not 'str'
2026-03-16 21:02:48,899 [ERROR] Error on sample 0: a bytes-like object is required, not 'str'
2026-03-16 21:02:48,900 [ERROR] Error on sample 0: a bytes-like object is required, not 'str'
2026-03-16 21:02:48,900 [ERROR] Error on sample 0: a bytes-like object is required, not 'str'
2026-03-16 21:02:48,901 [ERROR] Error on sample 0: a bytes-like object is required, not 'str'
2026-03-16 21:02:48,902 [ERROR] Error on sample 0: a bytes-like object is required, not 'str'
2026-03-16 21:02:48,902 [ERROR] Error on sample 0: a bytes-like object is required, not 'str'
2026-03-16 21:02:48,903 [ERROR] Error on sample 0: a bytes-like object is required, not 'str'
2026-03-16 21:02:48,904 [ERROR] Error on sample 0: a bytes-like object is required, not 'str'
2026-03-16 21:02:48,904 [ERROR] Error on sample 0: a bytes-like object is required, not 'str'
2026-03-16 21:02:48,905 [ERROR] Error on sample 0: a bytes-like object is required, not 'str'
2026-03-16 21:02:48,906 [ERROR] Error on sample 0: a bytes-like object is required, not 'str'
2026-03-16 21:02:48,907 [ERROR] Error on sample 0: a bytes-like object is required, not 'str'
2026-03-16 21:02:48,907 [ERROR] Error on sample 0: a bytes-like object is required, not 'str'
2026-03-16 21:02:48,908 [ERROR] Error on sample 0: a bytes-like object is required, not 'str'
2026-03-16 21:02:48,909 [ERROR] Error on sample 0: a bytes-like object is required, not 'str'
2026-03-16 21:02:48,909 [ERROR] Error on sample 0: a bytes-like object is required, not 'str'
2026-03-16 21:02:48,910 [ERROR] Error on sample 0: a bytes-like object is required, not 'str'
2026-03-16 21:02:48,911 [ERROR] Error on sample 0: a bytes-like object is required, not 'str'
2026-03-16 21:02:48,911 [ERROR] Error on sample 0: a bytes-like object is required, not 'str'
2026-03-16 21:02:48,912 [ERROR] Error on sample 0: a bytes-like object is required, not 'str'
2026-03-16 21:02:48,913 [ERROR] Error on sample 0: a bytes-like object is required, not 'str'
2026-03-16 21:02:48,913 [ERROR] Error on sample 0: a bytes-like object is required, not 'str'
2026-03-16 21:02:48,914 [ERROR] Error on sample 0: a bytes-like object is required, not 'str'
2026-03-16 21:02:48,915 [ERROR] Error on sample 0: a bytes-like object is required, not 'str'
2026-03-16 21:02:48,915 [ERROR] Error on sample 0: a bytes-like object is required, not 'str'
2026-03-16 21:02:48,916 [ERROR] Error on sample 0: a bytes-like object is required, not 'str'
2026-03-16 21:02:48,917 [ERROR] Error on sample 0: a bytes-like object is required, not 'str'
2026-03-16 21:02:48,917 [ERROR] Error on sample 0: a bytes-like object is required, not 'str'
2026-03-16 21:02:48,918 [ERROR] Error on sample 0: a bytes-like object is required, not 'str'
2026-03-16 21:02:48,919 [ERROR] Error on sample 0: a bytes-like object is required, not 'str'
2026-03-16 21:02:48,920 [ERROR] Error on sample 0: a bytes-like object is required, not 'str'
2026-03-16 21:02:48,920 [ERROR] Error on sample 0: a bytes-like object is required, not 'str'
2026-03-16 21:02:48,921 [ERROR] Error on sample 0: a bytes-like object is required, not 'str'
2026-03-16 21:02:48,922 [ERROR] Error on sample 0: a bytes-like object is required, not 'str'
2026-03-16 21:02:48,922 [ERROR] Error on sample 0: a bytes-like object is required, not 'str'
2026-03-16 21:02:48,923 [ERROR] Error on sample 0: a bytes-like object is required, not 'str'
2026-03-16 21:02:48,924 [ERROR] Error on sample 0: a bytes-like object is required, not 'str'
2026-03-16 21:02:48,924 [ERROR] Error on sample 0: a bytes-like object is required, not 'str'
2026-03-16 21:02:48,925 [ERROR] Error on sample 0: a bytes-like object is required, not 'str'
2026-03-16 21:02:48,926 [ERROR] Error on sample 0: a bytes-like object is required, not 'str'
2026-03-16 21:02:48,926 [ERROR] Error on sample 0: a bytes-like object is required, not 'str'
2026-03-16 21:02:48,927 [ERROR] Error on sample 0: a bytes-like object is required, not 'str'
2026-03-16 21:02:48,928 [ERROR] Error on sample 0: a bytes-like object is required, not 'str'
2026-03-16 21:02:48,928 [ERROR] Error on sample 0: a bytes-like object is required, not 'str'
2026-03-16 21:02:48,929 [ERROR] Error on sample 0: a bytes-like object is required, not 'str'
2026-03-16 21:02:48,930 [ERROR] Error on sample 0: a bytes-like object is required, not 'str'
2026-03-16 21:02:48,930 [ERROR] Error on sample 0: a bytes-like object is required, not 'str'
2026-03-16 21:02:48,931 [ERROR] Error on sample 0: a bytes-like object is required, not 'str'
2026-03-16 21:02:48,932 [ERROR] Error on sample 0: a bytes-like object is required, not 'str'
2026-03-16 21:02:48,932 [ERROR] Error on sample 0: a bytes-like object is required, not 'str'
2026-03-16 21:02:48,933 [ERROR] Error on sample 0: a bytes-like object is required, not 'str'
2026-03-16 21:02:48,934 [ERROR] Error on sample 0: a bytes-like object is required, not 'str'
2026-03-16 21:02:48,935 [ERROR] Error on sample 0: a bytes-like object is required, not 'str'
2026-03-16 21:02:48,935 [ERROR] Error on sample 0: a bytes-like object is required, not 'str'
2026-03-16 21:02:48,936 [ERROR] Error on sample 0: a bytes-like object is required, not 'str'
2026-03-16 21:02:48,937 [ERROR] Error on sample 0: a bytes-like object is required, not 'str'
2026-03-16 21:02:48,937 [ERROR] Error on sample 0: a bytes-like object is required, not 'str'
2026-03-16 21:02:48,938 [ERROR] Error on sample 0: a bytes-like object is required, not 'str'
2026-03-16 21:02:48,939 [ERROR] Error on sample 0: a bytes-like object is required, not 'str'
2026-03-16 21:02:48,939 [ERROR] Error on sample 0: a bytes-like object is required, not 'str'
2026-03-16 21:02:48,940 [ERROR] Error on sample 0: a bytes-like object is required, not 'str'
2026-03-16 21:02:48,941 [ERROR] Error on sample 0: a bytes-like object is required, not 'str'
2026-03-16 21:02:48,941 [ERROR] Error on sample 0: a bytes-like object is required, not 'str'
2026-03-16 21:02:48,942 [ERROR] Error on sample 0: a bytes-like object is required, not 'str'
2026-03-16 21:02:48,943 [ERROR] Error on sample 0: a bytes-like object is required, not 'str'
2026-03-16 21:02:48,944 [ERROR] Error on sample 0: a bytes-like object is required, not 'str'
2026-03-16 21:02:48,945 [ERROR] Error on sample 0: a bytes-like object is required, not 'str'
2026-03-16 21:02:48,945 [ERROR] Error on sample 0: a bytes-like object is required, not 'str'
2026-03-16 21:02:48,946 [ERROR] Error on sample 0: a bytes-like object is required, not 'str'
2026-03-16 21:02:48,947 [ERROR] Error on sample 0: a bytes-like object is required, not 'str'
2026-03-16 21:02:48,947 [ERROR] Error on sample 0: a bytes-like object is required, not 'str'
2026-03-16 21:02:48,948 [ERROR] Error on sample 0: a bytes-like object is required, not 'str'
2026-03-16 21:02:48,949 [ERROR] Error on sample 0: a bytes-like object is required, not 'str'
2026-03-16 21:02:48,949 [ERROR] Error on sample 0: a bytes-like object is required, not 'str'
2026-03-16 21:02:48,950 [ERROR] Error on sample 0: a bytes-like object is required, not 'str'
2026-03-16 21:02:48,951 [ERROR] Error on sample 0: a bytes-like object is required, not 'str'
2026-03-16 21:02:48,951 [ERROR] Error on sample 0: a bytes-like object is required, not 'str'
2026-03-16 21:02:48,952 [ERROR] Error on sample 0: a bytes-like object is required, not 'str'
2026-03-16 21:02:48,953 [ERROR] Error on sample 0: a bytes-like object is required, not 'str'
2026-03-16 21:02:48,954 [ERROR] Error on sample 0: a bytes-like object is required, not 'str'
2026-03-16 21:02:48,954 [ERROR] Error on sample 0: a bytes-like object is required, not 'str'
2026-03-16 21:02:48,955 [ERROR] Error on sample 0: a bytes-like object is required, not 'str'
2026-03-16 21:02:48,956 [ERROR] Error on sample 0: a bytes-like object is required, not 'str'
2026-03-16 21:02:48,956 [ERROR] Error on sample 0: a bytes-like object is required, not 'str'
2026-03-16 21:02:48,957 [ERROR] Error on sample 0: a bytes-like object is required, not 'str'
2026-03-16 21:02:48,958 [ERROR] Error on sample 0: a bytes-like object is required, not 'str'
2026-03-16 21:02:48,958 [ERROR] Error on sample 0: a bytes-like object is required, not 'str'
2026-03-16 21:02:48,959 [ERROR] Error on sample 0: a bytes-like object is required, not 'str'
2026-03-16 21:02:48,960 [ERROR] Error on sample 0: a bytes-like object is required, not 'str'
2026-03-16 21:02:48,960 [ERROR] Error on sample 0: a bytes-like object is required, not 'str'
2026-03-16 21:02:48,961 [ERROR] Error on sample 0: a bytes-like object is required, not 'str'
2026-03-16 21:02:48,962 [ERROR] Error on sample 0: a bytes-like object is required, not 'str'
2026-03-16 21:02:48,962 [ERROR] Error on sample 0: a bytes-like object is required, not 'str'
2026-03-16 21:02:48,963 [ERROR] Error on sample 0: a bytes-like object is required, not 'str'
2026-03-16 21:02:48,964 [ERROR] Error on sample 0: a bytes-like object is required, not 'str'
2026-03-16 21:02:48,965 [ERROR] Error on sample 0: a bytes-like object is required, not 'str'
2026-03-16 21:02:48,965 [ERROR] Error on sample 0: a bytes-like object is required, not 'str'
2026-03-16 21:02:48,966 [ERROR] Error on sample 0: a bytes-like object is required, not 'str'
2026-03-16 21:02:48,967 [ERROR] Error on sample 0: a bytes-like object is required, not 'str'
2026-03-16 21:02:48,967 [ERROR] Error on sample 0: a bytes-like object is required, not 'str'
2026-03-16 21:02:48,968 [ERROR] Error on sample 0: a bytes-like object is required, not 'str'
2026-03-16 21:02:48,969 [ERROR] Error on sample 0: a bytes-like object is required, not 'str'
2026-03-16 21:02:48,969 [ERROR] Error on sample 0: a bytes-like object is required, not 'str'
2026-03-16 21:02:48,970 [ERROR] Error on sample 0: a bytes-like object is required, not 'str'
2026-03-16 21:02:48,971 [ERROR] Error on sample 0: a bytes-like object is required, not 'str'
2026-03-16 21:02:48,971 [ERROR] Error on sample 0: a bytes-like object is required, not 'str'
2026-03-16 21:02:48,972 [ERROR] Error on sample 0: a bytes-like object is required, not 'str'
2026-03-16 21:02:48,973 [ERROR] Error on sample 0: a bytes-like object is required, not 'str'
2026-03-16 21:02:48,973 [ERROR] Error on sample 0: a bytes-like object is required, not 'str'
2026-03-16 21:02:48,974 [ERROR] Error on sample 0: a bytes-like object is required, not 'str'
2026-03-16 21:02:48,975 [ERROR] Error on sample 0: a bytes-like object is required, not 'str'
2026-03-16 21:02:48,976 [ERROR] Error on sample 0: a bytes-like object is required, not 'str'
2026-03-16 21:02:48,976 [ERROR] Error on sample 0: a bytes-like object is required, not 'str'
2026-03-16 21:02:48,977 [ERROR] Error on sample 0: a bytes-like object is required, not 'str'
2026-03-16 21:02:48,978 [ERROR] Error on sample 0: a bytes-like object is required, not 'str'
2026-03-16 21:02:48,978 [ERROR] Error on sample 0: a bytes-like object is required, not 'str'
2026-03-16 21:02:48,979 [ERROR] Error on sample 0: a bytes-like object is required, not 'str'
2026-03-16 21:02:48,980 [ERROR] Error on sample 0: a bytes-like object is required, not 'str'
2026-03-16 21:02:48,980 [ERROR] Error on sample 0: a bytes-like object is required, not 'str'
2026-03-16 21:02:48,981 [ERROR] Error on sample 0: a bytes-like object is required, not 'str'
2026-03-16 21:02:48,982 [ERROR] Error on sample 0: a bytes-like object is required, not 'str'
2026-03-16 21:02:48,982 [ERROR] Error on sample 0: a bytes-like object is required, not 'str'
2026-03-16 21:02:48,983 [ERROR] Error on sample 0: a bytes-like object is required, not 'str'
2026-03-16 21:02:48,984 [ERROR] Error on sample 0: a bytes-like object is required, not 'str'
2026-03-16 21:02:48,984 [ERROR] Error on sample 0: a bytes-like object is required, not 'str'
2026-03-16 21:02:48,985 [ERROR] Error on sample 0: a bytes-like object is required, not 'str'
2026-03-16 21:02:48,986 [ERROR] Error on sample 0: a bytes-like object is required, not 'str'
2026-03-16 21:02:48,986 [ERROR] Error on sample 0: a bytes-like object is required, not 'str'
2026-03-16 21:02:48,987 [ERROR] Error on sample 0: a bytes-like object is required, not 'str'
2026-03-16 21:02:48,988 [ERROR] Error on sample 0: a bytes-like object is required, not 'str'
2026-03-16 21:02:48,988 [ERROR] Error on sample 0: a bytes-like object is required, not 'str'
2026-03-16 21:02:48,989 [ERROR] Error on sample 0: a bytes-like object is required, not 'str'
2026-03-16 21:02:48,990 [ERROR] Error on sample 0: a bytes-like object is required, not 'str'
2026-03-16 21:02:48,991 [ERROR] Error on sample 0: a bytes-like object is required, not 'str'
2026-03-16 21:02:48,991 [ERROR] Error on sample 0: a bytes-like object is required, not 'str'
2026-03-16 21:02:48,992 [ERROR] Error on sample 0: a bytes-like object is required, not 'str'
2026-03-16 21:02:48,993 [ERROR] Error on sample 0: a bytes-like object is required, not 'str'
2026-03-16 21:02:48,994 [ERROR] Error on sample 0: a bytes-like object is required, not 'str'
2026-03-16 21:02:48,995 [ERROR] Error on sample 0: a bytes-like object is required, not 'str'
2026-03-16 21:02:48,996 [ERROR] Error on sample 0: a bytes-like object is required, not 'str'
2026-03-16 21:02:48,996 [ERROR] Error on sample 0: a bytes-like object is required, not 'str'
2026-03-16 21:02:48,997 [ERROR] Error on sample 0: a bytes-like object is required, not 'str'
2026-03-16 21:02:48,998 [ERROR] Error on sample 0: a bytes-like object is required, not 'str'
2026-03-16 21:02:48,998 [ERROR] Error on sample 0: a bytes-like object is required, not 'str'
2026-03-16 21:02:48,999 [ERROR] Error on sample 0: a bytes-like object is required, not 'str'
2026-03-16 21:02:49,000 [ERROR] Error on sample 0: a bytes-like object is required, not 'str'
2026-03-16 21:02:49,000 [ERROR] Error on sample 0: a bytes-like object is required, not 'str'
2026-03-16 21:02:49,001 [ERROR] Error on sample 0: a bytes-like object is required, not 'str'
2026-03-16 21:02:49,002 [ERROR] Error on sample 0: a bytes-like object is required, not 'str'
2026-03-16 21:02:49,003 [ERROR] Error on sample 0: a bytes-like object is required, not 'str'
2026-03-16 21:02:49,003 [ERROR] Error on sample 0: a bytes-like object is required, not 'str'
2026-03-16 21:02:49,004 [ERROR] Error on sample 0: a bytes-like object is required, not 'str'
2026-03-16 21:02:49,005 [ERROR] Error on sample 0: a bytes-like object is required, not 'str'
2026-03-16 21:02:49,005 [ERROR] Error on sample 0: a bytes-like object is required, not 'str'
2026-03-16 21:02:49,006 [ERROR] Error on sample 0: a bytes-like object is required, not 'str'
2026-03-16 21:02:49,007 [ERROR] Error on sample 0: a bytes-like object is required, not 'str'
2026-03-16 21:02:49,007 [ERROR] Error on sample 0: a bytes-like object is required, not 'str'
2026-03-16 21:02:49,008 [ERROR] Error on sample 0: a bytes-like object is required, not 'str'
2026-03-16 21:02:49,009 [ERROR] Error on sample 0: a bytes-like object is required, not 'str'
2026-03-16 21:02:49,009 [ERROR] Error on sample 0: a bytes-like object is required, not 'str'
2026-03-16 21:02:49,010 [ERROR] Error on sample 0: a bytes-like object is required, not 'str'
2026-03-16 21:02:49,011 [ERROR] Error on sample 0: a bytes-like object is required, not 'str'
2026-03-16 21:02:49,011 [ERROR] Error on sample 0: a bytes-like object is required, not 'str'
2026-03-16 21:02:49,012 [ERROR] Error on sample 0: a bytes-like object is required, not 'str'
2026-03-16 21:02:49,013 [ERROR] Error on sample 0: a bytes-like object is required, not 'str'
2026-03-16 21:02:49,014 [ERROR] Error on sample 0: a bytes-like object is required, not 'str'
2026-03-16 21:02:49,014 [ERROR] Error on sample 0: a bytes-like object is required, not 'str'
2026-03-16 21:02:49,015 [ERROR] Error on sample 0: a bytes-like object is required, not 'str'
2026-03-16 21:02:49,016 [ERROR] Error on sample 0: a bytes-like object is required, not 'str'
2026-03-16 21:02:49,016 [ERROR] Error on sample 0: a bytes-like object is required, not 'str'
2026-03-16 21:02:49,017 [ERROR] Error on sample 0: a bytes-like object is required, not 'str'
2026-03-16 21:02:49,018 [ERROR] Error on sample 0: a bytes-like object is required, not 'str'
2026-03-16 21:02:49,018 [ERROR] Error on sample 0: a bytes-like object is required, not 'str'
2026-03-16 21:02:49,019 [ERROR] Error on sample 0: a bytes-like object is required, not 'str'
2026-03-16 21:02:49,020 [ERROR] Error on sample 0: a bytes-like object is required, not 'str'
2026-03-16 21:02:49,020 [ERROR] Error on sample 0: a bytes-like object is required, not 'str'
2026-03-16 21:02:49,021 [ERROR] Error on sample 0: a bytes-like object is required, not 'str'
2026-03-16 21:02:49,022 [ERROR] Error on sample 0: a bytes-like object is required, not 'str'
2026-03-16 21:02:49,023 [ERROR] Error on sample 0: a bytes-like object is required, not 'str'
2026-03-16 21:02:49,023 [ERROR] Error on sample 0: a bytes-like object is required, not 'str'
2026-03-16 21:02:49,024 [ERROR] Error on sample 0: a bytes-like object is required, not 'str'
2026-03-16 21:02:49,025 [ERROR] Error on sample 0: a bytes-like object is required, not 'str'
2026-03-16 21:02:49,025 [ERROR] Error on sample 0: a bytes-like object is required, not 'str'
2026-03-16 21:02:49,026 [ERROR] Error on sample 0: a bytes-like object is required, not 'str'
2026-03-16 21:02:49,027 [ERROR] Error on sample 0: a bytes-like object is required, not 'str'
2026-03-16 21:02:49,027 [ERROR] Error on sample 0: a bytes-like object is required, not 'str'
2026-03-16 21:02:49,028 [ERROR] Error on sample 0: a bytes-like object is required, not 'str'
2026-03-16 21:02:49,029 [ERROR] Error on sample 0: a bytes-like object is required, not 'str'
2026-03-16 21:02:49,029 [ERROR] Error on sample 0: a bytes-like object is required, not 'str'
2026-03-16 21:02:49,030 [ERROR] Error on sample 0: a bytes-like object is required, not 'str'
2026-03-16 21:02:49,031 [ERROR] Error on sample 0: a bytes-like object is required, not 'str'
2026-03-16 21:02:49,031 [ERROR] Error on sample 0: a bytes-like object is required, not 'str'
2026-03-16 21:02:49,032 [ERROR] Error on sample 0: a bytes-like object is required, not 'str'
2026-03-16 21:02:49,033 [ERROR] Error on sample 0: a bytes-like object is required, not 'str'
2026-03-16 21:02:49,033 [ERROR] Error on sample 0: a bytes-like object is required, not 'str'
2026-03-16 21:02:49,034 [ERROR] Error on sample 0: a bytes-like object is required, not 'str'
2026-03-16 21:02:49,035 [ERROR] Error on sample 0: a bytes-like object is required, not 'str'
2026-03-16 21:02:49,035 [ERROR] Error on sample 0: a bytes-like object is required, not 'str'
2026-03-16 21:02:49,036 [ERROR] Error on sample 0: a bytes-like object is required, not 'str'
2026-03-16 21:02:49,037 [ERROR] Error on sample 0: a bytes-like object is required, not 'str'
2026-03-16 21:02:49,037 [ERROR] Error on sample 0: a bytes-like object is required, not 'str'
2026-03-16 21:02:49,038 [ERROR] Error on sample 0: a bytes-like object is required, not 'str'
2026-03-16 21:02:49,039 [ERROR] Error on sample 0: a bytes-like object is required, not 'str'
2026-03-16 21:02:49,040 [ERROR] Error on sample 0: a bytes-like object is required, not 'str'
2026-03-16 21:02:49,040 [ERROR] Error on sample 0: a bytes-like object is required, not 'str'
2026-03-16 21:02:49,041 [ERROR] Error on sample 0: a bytes-like object is required, not 'str'
2026-03-16 21:02:49,042 [ERROR] Error on sample 0: a bytes-like object is required, not 'str'
2026-03-16 21:02:49,042 [ERROR] Error on sample 0: a bytes-like object is required, not 'str'
2026-03-16 21:02:49,043 [ERROR] Error on sample 0: a bytes-like object is required, not 'str'
2026-03-16 21:02:49,044 [ERROR] Error on sample 0: a bytes-like object is required, not 'str'
2026-03-16 21:02:49,044 [ERROR] Error on sample 0: a bytes-like object is required, not 'str'
2026-03-16 21:02:49,045 [ERROR] Error on sample 0: a bytes-like object is required, not 'str'
2026-03-16 21:02:49,046 [ERROR] Error on sample 0: a bytes-like object is required, not 'str'
2026-03-16 21:02:49,046 [ERROR] Error on sample 0: a bytes-like object is required, not 'str'
2026-03-16 21:02:49,047 [ERROR] Error on sample 0: a bytes-like object is required, not 'str'
2026-03-16 21:02:49,048 [ERROR] Error on sample 0: a bytes-like object is required, not 'str'
2026-03-16 21:02:49,048 [ERROR] Error on sample 0: a bytes-like object is required, not 'str'
2026-03-16 21:02:49,049 [ERROR] Error on sample 0: a bytes-like object is required, not 'str'
2026-03-16 21:02:49,050 [ERROR] Error on sample 0: a bytes-like object is required, not 'str'
2026-03-16 21:02:49,051 [ERROR] Error on sample 0: a bytes-like object is required, not 'str'
2026-03-16 21:02:49,051 [ERROR] Error on sample 0: a bytes-like object is required, not 'str'
2026-03-16 21:02:49,052 [ERROR] Error on sample 0: a bytes-like object is required, not 'str'
2026-03-16 21:02:49,053 [ERROR] Error on sample 0: a bytes-like object is required, not 'str'
2026-03-16 21:02:49,053 [ERROR] Error on sample 0: a bytes-like object is required, not 'str'
2026-03-16 21:02:49,054 [ERROR] Error on sample 0: a bytes-like object is required, not 'str'
2026-03-16 21:02:49,055 [ERROR] Error on sample 0: a bytes-like object is required, not 'str'
2026-03-16 21:02:49,055 [ERROR] Error on sample 0: a bytes-like object is required, not 'str'
2026-03-16 21:02:49,056 [ERROR] Error on sample 0: a bytes-like object is required, not 'str'
2026-03-16 21:02:49,057 [ERROR] Error on sample 0: a bytes-like object is required, not 'str'
2026-03-16 21:02:49,057 [ERROR] Error on sample 0: a bytes-like object is required, not 'str'
2026-03-16 21:02:49,058 [ERROR] Error on sample 0: a bytes-like object is required, not 'str'
2026-03-16 21:02:49,059 [ERROR] Error on sample 0: a bytes-like object is required, not 'str'
2026-03-16 21:02:49,060 [ERROR] Error on sample 0: a bytes-like object is required, not 'str'
2026-03-16 21:02:49,060 [ERROR] Error on sample 0: a bytes-like object is required, not 'str'
2026-03-16 21:02:49,061 [ERROR] Error on sample 0: a bytes-like object is required, not 'str'
2026-03-16 21:02:49,062 [ERROR] Error on sample 0: a bytes-like object is required, not 'str'
2026-03-16 21:02:49,062 [ERROR] Error on sample 0: a bytes-like object is required, not 'str'
2026-03-16 21:02:49,063 [ERROR] Error on sample 0: a bytes-like object is required, not 'str'
2026-03-16 21:02:49,064 [ERROR] Error on sample 0: a bytes-like object is required, not 'str'
2026-03-16 21:02:49,064 [ERROR] Error on sample 0: a bytes-like object is required, not 'str'
2026-03-16 21:02:49,065 [ERROR] Error on sample 0: a bytes-like object is required, not 'str'
2026-03-16 21:02:49,066 [ERROR] Error on sample 0: a bytes-like object is required, not 'str'
2026-03-16 21:02:49,066 [ERROR] Error on sample 0: a bytes-like object is required, not 'str'
2026-03-16 21:02:49,067 [ERROR] Error on sample 0: a bytes-like object is required, not 'str'
2026-03-16 21:02:49,068 [ERROR] Error on sample 0: a bytes-like object is required, not 'str'
2026-03-16 21:02:49,069 [ERROR] Error on sample 0: a bytes-like object is required, not 'str'
2026-03-16 21:02:49,069 [ERROR] Error on sample 0: a bytes-like object is required, not 'str'
2026-03-16 21:02:49,070 [ERROR] Error on sample 0: a bytes-like object is required, not 'str'
2026-03-16 21:02:49,071 [ERROR] Error on sample 0: a bytes-like object is required, not 'str'
2026-03-16 21:02:49,071 [ERROR] Error on sample 0: a bytes-like object is required, not 'str'
2026-03-16 21:02:49,072 [ERROR] Error on sample 0: a bytes-like object is required, not 'str'
2026-03-16 21:02:49,073 [ERROR] Error on sample 0: a bytes-like object is required, not 'str'
2026-03-16 21:02:49,073 [ERROR] Error on sample 0: a bytes-like object is required, not 'str'
2026-03-16 21:02:49,074 [ERROR] Error on sample 0: a bytes-like object is required, not 'str'
2026-03-16 21:02:49,075 [ERROR] Error on sample 0: a bytes-like object is required, not 'str'
2026-03-16 21:02:49,075 [ERROR] Error on sample 0: a bytes-like object is required, not 'str'
2026-03-16 21:02:49,076 [ERROR] Error on sample 0: a bytes-like object is required, not 'str'
2026-03-16 21:02:49,077 [ERROR] Error on sample 0: a bytes-like object is required, not 'str'
2026-03-16 21:02:49,077 [ERROR] Error on sample 0: a bytes-like object is required, not 'str'
2026-03-16 21:02:49,078 [ERROR] Error on sample 0: a bytes-like object is required, not 'str'
2026-03-16 21:02:49,079 [ERROR] Error on sample 0: a bytes-like object is required, not 'str'
2026-03-16 21:02:49,079 [ERROR] Error on sample 0: a bytes-like object is required, not 'str'
2026-03-16 21:02:49,080 [ERROR] Error on sample 0: a bytes-like object is required, not 'str'
2026-03-16 21:02:49,081 [ERROR] Error on sample 0: a bytes-like object is required, not 'str'
2026-03-16 21:02:49,082 [ERROR] Error on sample 0: a bytes-like object is required, not 'str'
2026-03-16 21:02:49,082 [ERROR] Error on sample 0: a bytes-like object is required, not 'str'
2026-03-16 21:02:49,083 [ERROR] Error on sample 0: a bytes-like object is required, not 'str'
2026-03-16 21:02:49,084 [ERROR] Error on sample 0: a bytes-like object is required, not 'str'
2026-03-16 21:02:49,084 [ERROR] Error on sample 0: a bytes-like object is required, not 'str'
2026-03-16 21:02:49,085 [ERROR] Error on sample 0: a bytes-like object is required, not 'str'
2026-03-16 21:02:49,086 [ERROR] Error on sample 0: a bytes-like object is required, not 'str'
2026-03-16 21:02:49,086 [ERROR] Error on sample 0: a bytes-like object is required, not 'str'
2026-03-16 21:02:49,087 [ERROR] Error on sample 0: a bytes-like object is required, not 'str'
2026-03-16 21:02:49,088 [ERROR] Error on sample 0: a bytes-like object is required, not 'str'
2026-03-16 21:02:49,088 [ERROR] Error on sample 0: a bytes-like object is required, not 'str'
2026-03-16 21:02:49,089 [ERROR] Error on sample 0: a bytes-like object is required, not 'str'
2026-03-16 21:02:49,090 [ERROR] Error on sample 0: a bytes-like object is required, not 'str'
2026-03-16 21:02:49,090 [ERROR] Error on sample 0: a bytes-like object is required, not 'str'
2026-03-16 21:02:49,091 [ERROR] Error on sample 0: a bytes-like object is required, not 'str'
2026-03-16 21:02:49,092 [ERROR] Error on sample 0: a bytes-like object is required, not 'str'
2026-03-16 21:02:49,093 [ERROR] Error on sample 0: a bytes-like object is required, not 'str'
2026-03-16 21:02:49,093 [ERROR] Error on sample 0: a bytes-like object is required, not 'str'
2026-03-16 21:02:49,094 [ERROR] Error on sample 0: a bytes-like object is required, not 'str'
2026-03-16 21:02:49,095 [ERROR] Error on sample 0: a bytes-like object is required, not 'str'
2026-03-16 21:02:49,095 [ERROR] Error on sample 0: a bytes-like object is required, not 'str'
2026-03-16 21:02:49,096 [ERROR] Error on sample 0: a bytes-like object is required, not 'str'
2026-03-16 21:02:49,097 [ERROR] Error on sample 0: a bytes-like object is required, not 'str'
2026-03-16 21:02:49,097 [ERROR] Error on sample 0: a bytes-like object is required, not 'str'
2026-03-16 21:02:49,098 [ERROR] Error on sample 0: a bytes-like object is required, not 'str'
2026-03-16 21:02:49,099 [ERROR] Error on sample 0: a bytes-like object is required, not 'str'
2026-03-16 21:02:49,100 [ERROR] Error on sample 0: a bytes-like object is required, not 'str'
2026-03-16 21:02:49,100 [ERROR] Error on sample 0: a bytes-like object is required, not 'str'
2026-03-16 21:02:49,101 [ERROR] Error on sample 0: a bytes-like object is required, not 'str'
2026-03-16 21:02:49,102 [ERROR] Error on sample 0: a bytes-like object is required, not 'str'
2026-03-16 21:02:49,102 [ERROR] Error on sample 0: a bytes-like object is required, not 'str'
2026-03-16 21:02:49,103 [ERROR] Error on sample 0: a bytes-like object is required, not 'str'
2026-03-16 21:02:49,104 [ERROR] Error on sample 0: a bytes-like object is required, not 'str'
2026-03-16 21:02:49,104 [ERROR] Error on sample 0: a bytes-like object is required, not 'str'
2026-03-16 21:02:49,105 [ERROR] Error on sample 0: a bytes-like object is required, not 'str'
2026-03-16 21:02:49,106 [ERROR] Error on sample 0: a bytes-like object is required, not 'str'
2026-03-16 21:02:49,107 [ERROR] Error on sample 0: a bytes-like object is required, not 'str'
2026-03-16 21:02:49,107 [ERROR] Error on sample 0: a bytes-like object is required, not 'str'
2026-03-16 21:02:49,108 [ERROR] Error on sample 0: a bytes-like object is required, not 'str'
2026-03-16 21:02:49,109 [ERROR] Error on sample 0: a bytes-like object is required, not 'str'
2026-03-16 21:02:49,109 [ERROR] Error on sample 0: a bytes-like object is required, not 'str'
2026-03-16 21:02:49,110 [ERROR] Error on sample 0: a bytes-like object is required, not 'str'
2026-03-16 21:02:49,111 [ERROR] Error on sample 0: a bytes-like object is required, not 'str'
2026-03-16 21:02:49,111 [ERROR] Error on sample 0: a bytes-like object is required, not 'str'
2026-03-16 21:02:49,112 [ERROR] Error on sample 0: a bytes-like object is required, not 'str'
2026-03-16 21:02:49,113 [ERROR] Error on sample 0: a bytes-like object is required, not 'str'
2026-03-16 21:02:49,114 [ERROR] Error on sample 0: a bytes-like object is required, not 'str'
2026-03-16 21:02:49,114 [ERROR] Error on sample 0: a bytes-like object is required, not 'str'
2026-03-16 21:02:49,115 [ERROR] Error on sample 0: a bytes-like object is required, not 'str'
2026-03-16 21:02:49,116 [ERROR] Error on sample 0: a bytes-like object is required, not 'str'
2026-03-16 21:02:49,116 [ERROR] Error on sample 0: a bytes-like object is required, not 'str'
2026-03-16 21:02:49,117 [ERROR] Error on sample 0: a bytes-like object is required, not 'str'
2026-03-16 21:02:49,118 [ERROR] Error on sample 0: a bytes-like object is required, not 'str'
2026-03-16 21:02:49,118 [ERROR] Error on sample 0: a bytes-like object is required, not 'str'
2026-03-16 21:02:49,119 [ERROR] Error on sample 0: a bytes-like object is required, not 'str'
2026-03-16 21:02:49,120 [ERROR] Error on sample 0: a bytes-like object is required, not 'str'
2026-03-16 21:02:49,121 [ERROR] Error on sample 0: a bytes-like object is required, not 'str'
2026-03-16 21:02:49,121 [ERROR] Error on sample 0: a bytes-like object is required, not 'str'
2026-03-16 21:02:49,122 [ERROR] Error on sample 0: a bytes-like object is required, not 'str'
2026-03-16 21:02:49,123 [ERROR] Error on sample 0: a bytes-like object is required, not 'str'
2026-03-16 21:02:49,123 [ERROR] Error on sample 0: a bytes-like object is required, not 'str'
2026-03-16 21:02:49,124 [ERROR] Error on sample 0: a bytes-like object is required, not 'str'
2026-03-16 21:02:49,125 [ERROR] Error on sample 0: a bytes-like object is required, not 'str'
2026-03-16 21:02:49,125 [ERROR] Error on sample 0: a bytes-like object is required, not 'str'
2026-03-16 21:02:49,126 [ERROR] Error on sample 0: a bytes-like object is required, not 'str'
2026-03-16 21:02:49,127 [ERROR] Error on sample 0: a bytes-like object is required, not 'str'
2026-03-16 21:02:49,127 [ERROR] Error on sample 0: a bytes-like object is required, not 'str'
2026-03-16 21:02:49,128 [ERROR] Error on sample 0: a bytes-like object is required, not 'str'
2026-03-16 21:02:49,129 [ERROR] Error on sample 0: a bytes-like object is required, not 'str'
2026-03-16 21:02:49,130 [ERROR] Error on sample 0: a bytes-like object is required, not 'str'
2026-03-16 21:02:49,130 [ERROR] Error on sample 0: a bytes-like object is required, not 'str'
2026-03-16 21:02:49,131 [ERROR] Error on sample 0: a bytes-like object is required, not 'str'
2026-03-16 21:02:49,132 [ERROR] Error on sample 0: a bytes-like object is required, not 'str'
2026-03-16 21:02:49,132 [ERROR] Error on sample 0: a bytes-like object is required, not 'str'
2026-03-16 21:02:49,133 [ERROR] Error on sample 0: a bytes-like object is required, not 'str'
2026-03-16 21:02:49,134 [ERROR] Error on sample 0: a bytes-like object is required, not 'str'
2026-03-16 21:02:49,134 [ERROR] Error on sample 0: a bytes-like object is required, not 'str'
2026-03-16 21:02:49,135 [ERROR] Error on sample 0: a bytes-like object is required, not 'str'
2026-03-16 21:02:49,136 [ERROR] Error on sample 0: a bytes-like object is required, not 'str'
2026-03-16 21:02:49,137 [ERROR] Error on sample 0: a bytes-like object is required, not 'str'
2026-03-16 21:02:49,137 [ERROR] Error on sample 0: a bytes-like object is required, not 'str'
2026-03-16 21:02:49,138 [ERROR] Error on sample 0: a bytes-like object is required, not 'str'
2026-03-16 21:02:49,139 [ERROR] Error on sample 0: a bytes-like object is required, not 'str'
2026-03-16 21:02:49,139 [ERROR] Error on sample 0: a bytes-like object is required, not 'str'
2026-03-16 21:02:49,140 [ERROR] Error on sample 0: a bytes-like object is required, not 'str'
2026-03-16 21:02:49,141 [ERROR] Error on sample 0: a bytes-like object is required, not 'str'
2026-03-16 21:02:49,141 [ERROR] Error on sample 0: a bytes-like object is required, not 'str'
2026-03-16 21:02:49,142 [ERROR] Error on sample 0: a bytes-like object is required, not 'str'
2026-03-16 21:02:49,143 [ERROR] Error on sample 0: a bytes-like object is required, not 'str'
2026-03-16 21:02:49,143 [ERROR] Error on sample 0: a bytes-like object is required, not 'str'
2026-03-16 21:02:49,144 [ERROR] Error on sample 0: a bytes-like object is required, not 'str'
2026-03-16 21:02:49,145 [ERROR] Error on sample 0: a bytes-like object is required, not 'str'
2026-03-16 21:02:49,146 [ERROR] Error on sample 0: a bytes-like object is required, not 'str'
2026-03-16 21:02:49,146 [ERROR] Error on sample 0: a bytes-like object is required, not 'str'
2026-03-16 21:02:49,147 [ERROR] Error on sample 0: a bytes-like object is required, not 'str'
2026-03-16 21:02:49,148 [ERROR] Error on sample 0: a bytes-like object is required, not 'str'
2026-03-16 21:02:49,148 [ERROR] Error on sample 0: a bytes-like object is required, not 'str'
2026-03-16 21:02:49,149 [ERROR] Error on sample 0: a bytes-like object is required, not 'str'
2026-03-16 21:02:49,150 [ERROR] Error on sample 0: a bytes-like object is required, not 'str'
2026-03-16 21:02:49,150 [ERROR] Error on sample 0: a bytes-like object is required, not 'str'
2026-03-16 21:02:49,151 [ERROR] Error on sample 0: a bytes-like object is required, not 'str'
2026-03-16 21:02:49,152 [ERROR] Error on sample 0: a bytes-like object is required, not 'str'
2026-03-16 21:02:49,152 [ERROR] Error on sample 0: a bytes-like object is required, not 'str'
2026-03-16 21:02:49,153 [ERROR] Error on sample 0: a bytes-like object is required, not 'str'
2026-03-16 21:02:49,154 [ERROR] Error on sample 0: a bytes-like object is required, not 'str'
2026-03-16 21:02:49,155 [ERROR] Error on sample 0: a bytes-like object is required, not 'str'
2026-03-16 21:02:49,155 [ERROR] Error on sample 0: a bytes-like object is required, not 'str'
2026-03-16 21:02:49,156 [ERROR] Error on sample 0: a bytes-like object is required, not 'str'
2026-03-16 21:02:49,157 [ERROR] Error on sample 0: a bytes-like object is required, not 'str'
2026-03-16 21:02:49,157 [ERROR] Error on sample 0: a bytes-like object is required, not 'str'
2026-03-16 21:02:49,158 [ERROR] Error on sample 0: a bytes-like object is required, not 'str'
2026-03-16 21:02:49,159 [ERROR] Error on sample 0: a bytes-like object is required, not 'str'
2026-03-16 21:02:49,159 [ERROR] Error on sample 0: a bytes-like object is required, not 'str'
2026-03-16 21:02:49,160 [ERROR] Error on sample 0: a bytes-like object is required, not 'str'
2026-03-16 21:02:49,161 [ERROR] Error on sample 0: a bytes-like object is required, not 'str'
2026-03-16 21:02:49,162 [ERROR] Error on sample 0: a bytes-like object is required, not 'str'
2026-03-16 21:02:49,162 [ERROR] Error on sample 0: a bytes-like object is required, not 'str'
2026-03-16 21:02:49,163 [ERROR] Error on sample 0: a bytes-like object is required, not 'str'
2026-03-16 21:02:49,164 [ERROR] Error on sample 0: a bytes-like object is required, not 'str'
2026-03-16 21:02:49,164 [ERROR] Error on sample 0: a bytes-like object is required, not 'str'
2026-03-16 21:02:49,165 [ERROR] Error on sample 0: a bytes-like object is required, not 'str'
2026-03-16 21:02:49,166 [ERROR] Error on sample 0: a bytes-like object is required, not 'str'
2026-03-16 21:02:49,166 [ERROR] Error on sample 0: a bytes-like object is required, not 'str'
2026-03-16 21:02:49,167 [ERROR] Error on sample 0: a bytes-like object is required, not 'str'
2026-03-16 21:02:49,168 [ERROR] Error on sample 0: a bytes-like object is required, not 'str'
2026-03-16 21:02:49,168 [ERROR] Error on sample 0: a bytes-like object is required, not 'str'
2026-03-16 21:02:49,169 [ERROR] Error on sample 0: a bytes-like object is required, not 'str'
2026-03-16 21:02:49,170 [ERROR] Error on sample 0: a bytes-like object is required, not 'str'
2026-03-16 21:02:49,170 [ERROR] Error on sample 0: a bytes-like object is required, not 'str'
2026-03-16 21:02:49,171 [ERROR] Error on sample 0: a bytes-like object is required, not 'str'
2026-03-16 21:02:49,172 [ERROR] Error on sample 0: a bytes-like object is required, not 'str'
2026-03-16 21:02:49,173 [ERROR] Error on sample 0: a bytes-like object is required, not 'str'
2026-03-16 21:02:49,173 [ERROR] Error on sample 0: a bytes-like object is required, not 'str'
2026-03-16 21:02:49,174 [ERROR] Error on sample 0: a bytes-like object is required, not 'str'
2026-03-16 21:02:49,175 [ERROR] Error on sample 0: a bytes-like object is required, not 'str'
2026-03-16 21:02:49,175 [ERROR] Error on sample 0: a bytes-like object is required, not 'str'
2026-03-16 21:02:49,176 [ERROR] Error on sample 0: a bytes-like object is required, not 'str'
2026-03-16 21:02:49,177 [ERROR] Error on sample 0: a bytes-like object is required, not 'str'
2026-03-16 21:02:49,177 [ERROR] Error on sample 0: a bytes-like object is required, not 'str'
2026-03-16 21:02:49,178 [ERROR] Error on sample 0: a bytes-like object is required, not 'str'
2026-03-16 21:02:49,179 [ERROR] Error on sample 0: a bytes-like object is required, not 'str'
2026-03-16 21:02:49,179 [ERROR] Error on sample 0: a bytes-like object is required, not 'str'
2026-03-16 21:02:49,180 [ERROR] Error on sample 0: a bytes-like object is required, not 'str'
2026-03-16 21:02:49,181 [ERROR] Error on sample 0: a bytes-like object is required, not 'str'
2026-03-16 21:02:49,182 [ERROR] Error on sample 0: a bytes-like object is required, not 'str'
2026-03-16 21:02:49,182 [ERROR] Error on sample 0: a bytes-like object is required, not 'str'
2026-03-16 21:02:49,183 [ERROR] Error on sample 0: a bytes-like object is required, not 'str'
2026-03-16 21:02:49,184 [ERROR] Error on sample 0: a bytes-like object is required, not 'str'
2026-03-16 21:02:49,184 [ERROR] Error on sample 0: a bytes-like object is required, not 'str'
2026-03-16 21:02:49,185 [ERROR] Error on sample 0: a bytes-like object is required, not 'str'
2026-03-16 21:02:49,186 [ERROR] Error on sample 0: a bytes-like object is required, not 'str'
2026-03-16 21:02:49,187 [ERROR] Error on sample 0: a bytes-like object is required, not 'str'
2026-03-16 21:02:49,187 [ERROR] Error on sample 0: a bytes-like object is required, not 'str'
2026-03-16 21:02:49,188 [ERROR] Error on sample 0: a bytes-like object is required, not 'str'
2026-03-16 21:02:49,189 [ERROR] Error on sample 0: a bytes-like object is required, not 'str'
2026-03-16 21:02:49,189 [ERROR] Error on sample 0: a bytes-like object is required, not 'str'
2026-03-16 21:02:49,190 [ERROR] Error on sample 0: a bytes-like object is required, not 'str'
2026-03-16 21:02:49,191 [ERROR] Error on sample 0: a bytes-like object is required, not 'str'
2026-03-16 21:02:49,192 [ERROR] Error on sample 0: a bytes-like object is required, not 'str'
2026-03-16 21:02:49,192 [ERROR] Error on sample 0: a bytes-like object is required, not 'str'
2026-03-16 21:02:49,193 [ERROR] Error on sample 0: a bytes-like object is required, not 'str'
2026-03-16 21:02:49,194 [ERROR] Error on sample 0: a bytes-like object is required, not 'str'
2026-03-16 21:02:49,194 [ERROR] Error on sample 0: a bytes-like object is required, not 'str'
2026-03-16 21:02:49,195 [ERROR] Error on sample 0: a bytes-like object is required, not 'str'
2026-03-16 21:02:49,196 [ERROR] Error on sample 0: a bytes-like object is required, not 'str'
2026-03-16 21:02:49,197 [ERROR] Error on sample 0: a bytes-like object is required, not 'str'
2026-03-16 21:02:49,197 [ERROR] Error on sample 0: a bytes-like object is required, not 'str'
2026-03-16 21:02:49,198 [ERROR] Error on sample 0: a bytes-like object is required, not 'str'
2026-03-16 21:02:49,199 [ERROR] Error on sample 0: a bytes-like object is required, not 'str'
2026-03-16 21:02:49,199 [ERROR] Error on sample 0: a bytes-like object is required, not 'str'
2026-03-16 21:02:49,200 [ERROR] Error on sample 0: a bytes-like object is required, not 'str'
2026-03-16 21:02:49,201 [ERROR] Error on sample 0: a bytes-like object is required, not 'str'
2026-03-16 21:02:49,201 [ERROR] Error on sample 0: a bytes-like object is required, not 'str'
2026-03-16 21:02:49,202 [ERROR] Error on sample 0: a bytes-like object is required, not 'str'
2026-03-16 21:02:49,203 [ERROR] Error on sample 0: a bytes-like object is required, not 'str'
2026-03-16 21:02:49,203 [ERROR] Error on sample 0: a bytes-like object is required, not 'str'
2026-03-16 21:02:49,204 [ERROR] Error on sample 0: a bytes-like object is required, not 'str'
2026-03-16 21:02:49,205 [ERROR] Error on sample 0: a bytes-like object is required, not 'str'
2026-03-16 21:02:49,205 [ERROR] Error on sample 0: a bytes-like object is required, not 'str'
2026-03-16 21:02:49,206 [ERROR] Error on sample 0: a bytes-like object is required, not 'str'
2026-03-16 21:02:49,207 [ERROR] Error on sample 0: a bytes-like object is required, not 'str'
2026-03-16 21:02:49,208 [ERROR] Error on sample 0: a bytes-like object is required, not 'str'
2026-03-16 21:02:49,208 [ERROR] Error on sample 0: a bytes-like object is required, not 'str'
2026-03-16 21:02:49,209 [ERROR] Error on sample 0: a bytes-like object is required, not 'str'
2026-03-16 21:02:49,210 [ERROR] Error on sample 0: a bytes-like object is required, not 'str'
2026-03-16 21:02:49,210 [ERROR] Error on sample 0: a bytes-like object is required, not 'str'
2026-03-16 21:02:49,211 [ERROR] Error on sample 0: a bytes-like object is required, not 'str'
2026-03-16 21:02:49,212 [ERROR] Error on sample 0: a bytes-like object is required, not 'str'
2026-03-16 21:02:49,212 [ERROR] Error on sample 0: a bytes-like object is required, not 'str'
2026-03-16 21:02:49,213 [ERROR] Error on sample 0: a bytes-like object is required, not 'str'
2026-03-16 21:02:49,214 [ERROR] Error on sample 0: a bytes-like object is required, not 'str'
2026-03-16 21:02:49,215 [ERROR] Error on sample 0: a bytes-like object is required, not 'str'
2026-03-16 21:02:49,215 [ERROR] Error on sample 0: a bytes-like object is required, not 'str'
2026-03-16 21:02:49,216 [ERROR] Error on sample 0: a bytes-like object is required, not 'str'
2026-03-16 21:02:49,217 [ERROR] Error on sample 0: a bytes-like object is required, not 'str'
2026-03-16 21:02:49,217 [ERROR] Error on sample 0: a bytes-like object is required, not 'str'
2026-03-16 21:02:49,218 [ERROR] Error on sample 0: a bytes-like object is required, not 'str'
2026-03-16 21:02:49,219 [ERROR] Error on sample 0: a bytes-like object is required, not 'str'
2026-03-16 21:02:49,219 [ERROR] Error on sample 0: a bytes-like object is required, not 'str'
2026-03-16 21:02:49,220 [ERROR] Error on sample 0: a bytes-like object is required, not 'str'
2026-03-16 21:02:49,221 [ERROR] Error on sample 0: a bytes-like object is required, not 'str'
2026-03-16 21:02:49,221 [ERROR] Error on sample 0: a bytes-like object is required, not 'str'
2026-03-16 21:02:49,222 [ERROR] Error on sample 0: a bytes-like object is required, not 'str'
2026-03-16 21:02:49,223 [ERROR] Error on sample 0: a bytes-like object is required, not 'str'
2026-03-16 21:02:49,224 [ERROR] Error on sample 0: a bytes-like object is required, not 'str'
2026-03-16 21:02:49,224 [ERROR] Error on sample 0: a bytes-like object is required, not 'str'
2026-03-16 21:02:49,225 [ERROR] Error on sample 0: a bytes-like object is required, not 'str'
2026-03-16 21:02:49,226 [ERROR] Error on sample 0: a bytes-like object is required, not 'str'
2026-03-16 21:02:49,226 [ERROR] Error on sample 0: a bytes-like object is required, not 'str'
2026-03-16 21:02:49,227 [ERROR] Error on sample 0: a bytes-like object is required, not 'str'
2026-03-16 21:02:49,228 [ERROR] Error on sample 0: a bytes-like object is required, not 'str'
2026-03-16 21:02:49,228 [ERROR] Error on sample 0: a bytes-like object is required, not 'str'
2026-03-16 21:02:49,229 [ERROR] Error on sample 0: a bytes-like object is required, not 'str'
2026-03-16 21:02:49,230 [ERROR] Error on sample 0: a bytes-like object is required, not 'str'
2026-03-16 21:02:49,231 [ERROR] Error on sample 0: a bytes-like object is required, not 'str'
2026-03-16 21:02:49,231 [ERROR] Error on sample 0: a bytes-like object is required, not 'str'
2026-03-16 21:02:49,232 [ERROR] Error on sample 0: a bytes-like object is required, not 'str'
2026-03-16 21:02:49,233 [ERROR] Error on sample 0: a bytes-like object is required, not 'str'
2026-03-16 21:02:49,233 [ERROR] Error on sample 0: a bytes-like object is required, not 'str'
2026-03-16 21:02:49,234 [ERROR] Error on sample 0: a bytes-like object is required, not 'str'
2026-03-16 21:02:49,235 [ERROR] Error on sample 0: a bytes-like object is required, not 'str'
2026-03-16 21:02:49,235 [ERROR] Error on sample 0: a bytes-like object is required, not 'str'
2026-03-16 21:02:49,236 [ERROR] Error on sample 0: a bytes-like object is required, not 'str'
2026-03-16 21:02:49,237 [ERROR] Error on sample 0: a bytes-like object is required, not 'str'
2026-03-16 21:02:49,238 [ERROR] Error on sample 0: a bytes-like object is required, not 'str'
2026-03-16 21:02:49,238 [ERROR] Error on sample 0: a bytes-like object is required, not 'str'
2026-03-16 21:02:49,239 [ERROR] Error on sample 0: a bytes-like object is required, not 'str'
2026-03-16 21:02:49,240 [ERROR] Error on sample 0: a bytes-like object is required, not 'str'
2026-03-16 21:02:49,240 [ERROR] Error on sample 0: a bytes-like object is required, not 'str'
2026-03-16 21:02:49,241 [ERROR] Error on sample 0: a bytes-like object is required, not 'str'
2026-03-16 21:02:49,242 [ERROR] Error on sample 0: a bytes-like object is required, not 'str'
2026-03-16 21:02:49,242 [ERROR] Error on sample 0: a bytes-like object is required, not 'str'
2026-03-16 21:02:49,243 [ERROR] Error on sample 0: a bytes-like object is required, not 'str'
2026-03-16 21:02:49,244 [ERROR] Error on sample 0: a bytes-like object is required, not 'str'
2026-03-16 21:02:49,244 [ERROR] Error on sample 0: a bytes-like object is required, not 'str'
2026-03-16 21:02:49,245 [ERROR] Error on sample 0: a bytes-like object is required, not 'str'
2026-03-16 21:02:49,246 [ERROR] Error on sample 0: a bytes-like object is required, not 'str'
2026-03-16 21:02:49,247 [ERROR] Error on sample 0: a bytes-like object is required, not 'str'
2026-03-16 21:02:49,247 [ERROR] Error on sample 0: a bytes-like object is required, not 'str'
2026-03-16 21:02:49,248 [ERROR] Error on sample 0: a bytes-like object is required, not 'str'
2026-03-16 21:02:49,249 [ERROR] Error on sample 0: a bytes-like object is required, not 'str'
2026-03-16 21:02:49,249 [ERROR] Error on sample 0: a bytes-like object is required, not 'str'
2026-03-16 21:02:49,250 [ERROR] Error on sample 0: a bytes-like object is required, not 'str'
2026-03-16 21:02:49,251 [ERROR] Error on sample 0: a bytes-like object is required, not 'str'
2026-03-16 21:02:49,251 [ERROR] Error on sample 0: a bytes-like object is required, not 'str'
2026-03-16 21:02:49,252 [ERROR] Error on sample 0: a bytes-like object is required, not 'str'
2026-03-16 21:02:49,253 [ERROR] Error on sample 0: a bytes-like object is required, not 'str'
2026-03-16 21:02:49,254 [ERROR] Error on sample 0: a bytes-like object is required, not 'str'
2026-03-16 21:02:49,254 [ERROR] Error on sample 0: a bytes-like object is required, not 'str'
2026-03-16 21:02:49,255 [ERROR] Error on sample 0: a bytes-like object is required, not 'str'
2026-03-16 21:02:49,256 [ERROR] Error on sample 0: a bytes-like object is required, not 'str'
2026-03-16 21:02:49,256 [ERROR] Error on sample 0: a bytes-like object is required, not 'str'
2026-03-16 21:02:49,257 [ERROR] Error on sample 0: a bytes-like object is required, not 'str'
2026-03-16 21:02:49,258 [ERROR] Error on sample 0: a bytes-like object is required, not 'str'
2026-03-16 21:02:49,258 [ERROR] Error on sample 0: a bytes-like object is required, not 'str'
2026-03-16 21:02:49,259 [ERROR] Error on sample 0: a bytes-like object is required, not 'str'
2026-03-16 21:02:49,260 [ERROR] Error on sample 0: a bytes-like object is required, not 'str'
2026-03-16 21:02:49,260 [ERROR] Error on sample 0: a bytes-like object is required, not 'str'
2026-03-16 21:02:49,261 [ERROR] Error on sample 0: a bytes-like object is required, not 'str'
2026-03-16 21:02:49,262 [ERROR] Error on sample 0: a bytes-like object is required, not 'str'
2026-03-16 21:02:49,263 [ERROR] Error on sample 0: a bytes-like object is required, not 'str'
2026-03-16 21:02:49,263 [ERROR] Error on sample 0: a bytes-like object is required, not 'str'
2026-03-16 21:02:49,264 [ERROR] Error on sample 0: a bytes-like object is required, not 'str'
2026-03-16 21:02:49,265 [ERROR] Error on sample 0: a bytes-like object is required, not 'str'
2026-03-16 21:02:49,265 [ERROR] Error on sample 0: a bytes-like object is required, not 'str'
2026-03-16 21:02:49,266 [ERROR] Error on sample 0: a bytes-like object is required, not 'str'
2026-03-16 21:02:49,267 [ERROR] Error on sample 0: a bytes-like object is required, not 'str'
2026-03-16 21:02:49,268 [ERROR] Error on sample 0: a bytes-like object is required, not 'str'
2026-03-16 21:02:49,268 [ERROR] Error on sample 0: a bytes-like object is required, not 'str'
2026-03-16 21:02:49,269 [ERROR] Error on sample 0: a bytes-like object is required, not 'str'
2026-03-16 21:02:49,270 [ERROR] Error on sample 0: a bytes-like object is required, not 'str'
2026-03-16 21:02:49,270 [ERROR] Error on sample 0: a bytes-like object is required, not 'str'
2026-03-16 21:02:49,271 [ERROR] Error on sample 0: a bytes-like object is required, not 'str'
2026-03-16 21:02:49,272 [ERROR] Error on sample 0: a bytes-like object is required, not 'str'
2026-03-16 21:02:49,272 [ERROR] Error on sample 0: a bytes-like object is required, not 'str'
2026-03-16 21:02:49,273 [ERROR] Error on sample 0: a bytes-like object is required, not 'str'
2026-03-16 21:02:49,274 [ERROR] Error on sample 0: a bytes-like object is required, not 'str'
2026-03-16 21:02:49,274 [ERROR] Error on sample 0: a bytes-like object is required, not 'str'
2026-03-16 21:02:49,275 [ERROR] Error on sample 0: a bytes-like object is required, not 'str'
2026-03-16 21:02:49,276 [ERROR] Error on sample 0: a bytes-like object is required, not 'str'
2026-03-16 21:02:49,277 [ERROR] Error on sample 0: a bytes-like object is required, not 'str'
2026-03-16 21:02:49,277 [ERROR] Error on sample 0: a bytes-like object is required, not 'str'
2026-03-16 21:02:49,278 [ERROR] Error on sample 0: a bytes-like object is required, not 'str'
2026-03-16 21:02:49,279 [ERROR] Error on sample 0: a bytes-like object is required, not 'str'
2026-03-16 21:02:49,279 [ERROR] Error on sample 0: a bytes-like object is required, not 'str'
2026-03-16 21:02:49,280 [ERROR] Error on sample 0: a bytes-like object is required, not 'str'
2026-03-16 21:02:49,281 [ERROR] Error on sample 0: a bytes-like object is required, not 'str'
2026-03-16 21:02:49,281 [ERROR] Error on sample 0: a bytes-like object is required, not 'str'
2026-03-16 21:02:49,282 [ERROR] Error on sample 0: a bytes-like object is required, not 'str'
2026-03-16 21:02:49,283 [ERROR] Error on sample 0: a bytes-like object is required, not 'str'
2026-03-16 21:02:49,283 [ERROR] Error on sample 0: a bytes-like object is required, not 'str'
2026-03-16 21:02:49,284 [ERROR] Error on sample 0: a bytes-like object is required, not 'str'
2026-03-16 21:02:49,285 [ERROR] Error on sample 0: a bytes-like object is required, not 'str'
2026-03-16 21:02:49,286 [ERROR] Error on sample 0: a bytes-like object is required, not 'str'
2026-03-16 21:02:49,286 [ERROR] Error on sample 0: a bytes-like object is required, not 'str'
2026-03-16 21:02:49,287 [ERROR] Error on sample 0: a bytes-like object is required, not 'str'
2026-03-16 21:02:49,288 [ERROR] Error on sample 0: a bytes-like object is required, not 'str'
2026-03-16 21:02:49,288 [ERROR] Error on sample 0: a bytes-like object is required, not 'str'
2026-03-16 21:02:49,289 [ERROR] Error on sample 0: a bytes-like object is required, not 'str'
2026-03-16 21:02:49,290 [ERROR] Error on sample 0: a bytes-like object is required, not 'str'
2026-03-16 21:02:49,290 [ERROR] Error on sample 0: a bytes-like object is required, not 'str'
2026-03-16 21:02:49,291 [ERROR] Error on sample 0: a bytes-like object is required, not 'str'
2026-03-16 21:02:49,292 [ERROR] Error on sample 0: a bytes-like object is required, not 'str'
2026-03-16 21:02:49,292 [ERROR] Error on sample 0: a bytes-like object is required, not 'str'
2026-03-16 21:02:49,293 [ERROR] Error on sample 0: a bytes-like object is required, not 'str'
2026-03-16 21:02:49,294 [ERROR] Error on sample 0: a bytes-like object is required, not 'str'
2026-03-16 21:02:49,295 [ERROR] Error on sample 0: a bytes-like object is required, not 'str'
2026-03-16 21:02:49,295 [ERROR] Error on sample 0: a bytes-like object is required, not 'str'
2026-03-16 21:02:49,296 [ERROR] Error on sample 0: a bytes-like object is required, not 'str'
2026-03-16 21:02:49,297 [ERROR] Error on sample 0: a bytes-like object is required, not 'str'
2026-03-16 21:02:49,297 [ERROR] Error on sample 0: a bytes-like object is required, not 'str'
2026-03-16 21:02:49,298 [ERROR] Error on sample 0: a bytes-like object is required, not 'str'
2026-03-16 21:02:49,299 [ERROR] Error on sample 0: a bytes-like object is required, not 'str'
2026-03-16 21:02:49,299 [ERROR] Error on sample 0: a bytes-like object is required, not 'str'
2026-03-16 21:02:49,300 [ERROR] Error on sample 0: a bytes-like object is required, not 'str'
2026-03-16 21:02:49,301 [ERROR] Error on sample 0: a bytes-like object is required, not 'str'
2026-03-16 21:02:49,301 [ERROR] Error on sample 0: a bytes-like object is required, not 'str'
2026-03-16 21:02:49,302 [ERROR] Error on sample 0: a bytes-like object is required, not 'str'
2026-03-16 21:02:49,303 [ERROR] Error on sample 0: a bytes-like object is required, not 'str'
2026-03-16 21:02:49,304 [ERROR] Error on sample 0: a bytes-like object is required, not 'str'
2026-03-16 21:02:49,304 [ERROR] Error on sample 0: a bytes-like object is required, not 'str'
2026-03-16 21:02:49,305 [ERROR] Error on sample 0: a bytes-like object is required, not 'str'
2026-03-16 21:02:49,306 [ERROR] Error on sample 0: a bytes-like object is required, not 'str'
2026-03-16 21:02:49,306 [ERROR] Error on sample 0: a bytes-like object is required, not 'str'
2026-03-16 21:02:49,307 [ERROR] Error on sample 0: a bytes-like object is required, not 'str'
2026-03-16 21:02:49,308 [ERROR] Error on sample 0: a bytes-like object is required, not 'str'
2026-03-16 21:02:49,308 [ERROR] Error on sample 0: a bytes-like object is required, not 'str'
2026-03-16 21:02:49,309 [ERROR] Error on sample 0: a bytes-like object is required, not 'str'
2026-03-16 21:02:49,310 [ERROR] Error on sample 0: a bytes-like object is required, not 'str'
2026-03-16 21:02:49,311 [ERROR] Error on sample 0: a bytes-like object is required, not 'str'
2026-03-16 21:02:49,311 [ERROR] Error on sample 0: a bytes-like object is required, not 'str'
2026-03-16 21:02:49,312 [ERROR] Error on sample 0: a bytes-like object is required, not 'str'
2026-03-16 21:02:49,313 [ERROR] Error on sample 0: a bytes-like object is required, not 'str'
2026-03-16 21:02:49,313 [ERROR] Error on sample 0: a bytes-like object is required, not 'str'
2026-03-16 21:02:49,314 [ERROR] Error on sample 0: a bytes-like object is required, not 'str'
2026-03-16 21:02:49,315 [ERROR] Error on sample 0: a bytes-like object is required, not 'str'
2026-03-16 21:02:49,315 [ERROR] Error on sample 0: a bytes-like object is required, not 'str'
2026-03-16 21:02:49,316 [ERROR] Error on sample 0: a bytes-like object is required, not 'str'
2026-03-16 21:02:49,317 [ERROR] Error on sample 0: a bytes-like object is required, not 'str'
2026-03-16 21:02:49,318 [ERROR] Error on sample 0: a bytes-like object is required, not 'str'
2026-03-16 21:02:49,318 [ERROR] Error on sample 0: a bytes-like object is required, not 'str'
2026-03-16 21:02:49,319 [ERROR] Error on sample 0: a bytes-like object is required, not 'str'
2026-03-16 21:02:49,320 [ERROR] Error on sample 0: a bytes-like object is required, not 'str'
2026-03-16 21:02:49,320 [ERROR] Error on sample 0: a bytes-like object is required, not 'str'
2026-03-16 21:02:49,321 [ERROR] Error on sample 0: a bytes-like object is required, not 'str'
2026-03-16 21:02:49,322 [ERROR] Error on sample 0: a bytes-like object is required, not 'str'
2026-03-16 21:02:49,322 [ERROR] Error on sample 0: a bytes-like object is required, not 'str'
2026-03-16 21:02:49,323 [ERROR] Error on sample 0: a bytes-like object is required, not 'str'
2026-03-16 21:02:49,324 [ERROR] Error on sample 0: a bytes-like object is required, not 'str'
2026-03-16 21:02:49,324 [ERROR] Error on sample 0: a bytes-like object is required, not 'str'
2026-03-16 21:02:49,325 [ERROR] Error on sample 0: a bytes-like object is required, not 'str'
2026-03-16 21:02:49,326 [ERROR] Error on sample 0: a bytes-like object is required, not 'str'
2026-03-16 21:02:49,327 [ERROR] Error on sample 0: a bytes-like object is required, not 'str'
2026-03-16 21:02:49,327 [ERROR] Error on sample 0: a bytes-like object is required, not 'str'
2026-03-16 21:02:49,328 [ERROR] Error on sample 0: a bytes-like object is required, not 'str'
2026-03-16 21:02:49,329 [ERROR] Error on sample 0: a bytes-like object is required, not 'str'
2026-03-16 21:02:49,329 [ERROR] Error on sample 0: a bytes-like object is required, not 'str'
2026-03-16 21:02:49,330 [ERROR] Error on sample 0: a bytes-like object is required, not 'str'
2026-03-16 21:02:49,331 [ERROR] Error on sample 0: a bytes-like object is required, not 'str'
2026-03-16 21:02:49,331 [ERROR] Error on sample 0: a bytes-like object is required, not 'str'
2026-03-16 21:02:49,332 [ERROR] Error on sample 0: a bytes-like object is required, not 'str'
2026-03-16 21:02:49,333 [ERROR] Error on sample 0: a bytes-like object is required, not 'str'
2026-03-16 21:02:49,334 [ERROR] Error on sample 0: a bytes-like object is required, not 'str'
2026-03-16 21:02:49,334 [ERROR] Error on sample 0: a bytes-like object is required, not 'str'
2026-03-16 21:02:49,335 [ERROR] Error on sample 0: a bytes-like object is required, not 'str'
2026-03-16 21:02:49,336 [ERROR] Error on sample 0: a bytes-like object is required, not 'str'
2026-03-16 21:02:49,336 [ERROR] Error on sample 0: a bytes-like object is required, not 'str'
2026-03-16 21:02:49,337 [ERROR] Error on sample 0: a bytes-like object is required, not 'str'
2026-03-16 21:02:49,338 [ERROR] Error on sample 0: a bytes-like object is required, not 'str'
2026-03-16 21:02:49,338 [ERROR] Error on sample 0: a bytes-like object is required, not 'str'
2026-03-16 21:02:49,339 [ERROR] Error on sample 0: a bytes-like object is required, not 'str'
2026-03-16 21:02:49,340 [ERROR] Error on sample 0: a bytes-like object is required, not 'str'
2026-03-16 21:02:49,340 [ERROR] Error on sample 0: a bytes-like object is required, not 'str'
2026-03-16 21:02:49,341 [ERROR] Error on sample 0: a bytes-like object is required, not 'str'
2026-03-16 21:02:49,342 [ERROR] Error on sample 0: a bytes-like object is required, not 'str'
2026-03-16 21:02:49,343 [ERROR] Error on sample 0: a bytes-like object is required, not 'str'
2026-03-16 21:02:49,343 [ERROR] Error on sample 0: a bytes-like object is required, not 'str'
2026-03-16 21:02:49,344 [ERROR] Error on sample 0: a bytes-like object is required, not 'str'
2026-03-16 21:02:49,345 [ERROR] Error on sample 0: a bytes-like object is required, not 'str'
2026-03-16 21:02:49,345 [ERROR] Error on sample 0: a bytes-like object is required, not 'str'
2026-03-16 21:02:49,346 [ERROR] Error on sample 0: a bytes-like object is required, not 'str'
2026-03-16 21:02:49,347 [ERROR] Error on sample 0: a bytes-like object is required, not 'str'
2026-03-16 21:02:49,347 [ERROR] Error on sample 0: a bytes-like object is required, not 'str'
2026-03-16 21:02:49,348 [ERROR] Error on sample 0: a bytes-like object is required, not 'str'
2026-03-16 21:02:49,349 [ERROR] Error on sample 0: a bytes-like object is required, not 'str'
2026-03-16 21:02:49,350 [ERROR] Error on sample 0: a bytes-like object is required, not 'str'
2026-03-16 21:02:49,350 [ERROR] Error on sample 0: a bytes-like object is required, not 'str'
2026-03-16 21:02:49,351 [ERROR] Error on sample 0: a bytes-like object is required, not 'str'
2026-03-16 21:02:49,352 [ERROR] Error on sample 0: a bytes-like object is required, not 'str'
2026-03-16 21:02:49,352 [ERROR] Error on sample 0: a bytes-like object is required, not 'str'
2026-03-16 21:02:49,353 [ERROR] Error on sample 0: a bytes-like object is required, not 'str'
2026-03-16 21:02:49,354 [ERROR] Error on sample 0: a bytes-like object is required, not 'str'
2026-03-16 21:02:49,354 [ERROR] Error on sample 0: a bytes-like object is required, not 'str'
2026-03-16 21:02:49,355 [ERROR] Error on sample 0: a bytes-like object is required, not 'str'
2026-03-16 21:02:49,356 [ERROR] Error on sample 0: a bytes-like object is required, not 'str'
2026-03-16 21:02:49,357 [ERROR] Error on sample 0: a bytes-like object is required, not 'str'
2026-03-16 21:02:49,357 [ERROR] Error on sample 0: a bytes-like object is required, not 'str'
2026-03-16 21:02:49,358 [ERROR] Error on sample 0: a bytes-like object is required, not 'str'
2026-03-16 21:02:49,359 [ERROR] Error on sample 0: a bytes-like object is required, not 'str'
2026-03-16 21:02:49,359 [ERROR] Error on sample 0: a bytes-like object is required, not 'str'
2026-03-16 21:02:49,360 [ERROR] Error on sample 0: a bytes-like object is required, not 'str'
2026-03-16 21:02:49,361 [ERROR] Error on sample 0: a bytes-like object is required, not 'str'
2026-03-16 21:02:49,361 [ERROR] Error on sample 0: a bytes-like object is required, not 'str'
2026-03-16 21:02:49,362 [ERROR] Error on sample 0: a bytes-like object is required, not 'str'
2026-03-16 21:02:49,363 [ERROR] Error on sample 0: a bytes-like object is required, not 'str'
2026-03-16 21:02:49,363 [ERROR] Error on sample 0: a bytes-like object is required, not 'str'
2026-03-16 21:02:49,364 [ERROR] Error on sample 0: a bytes-like object is required, not 'str'
2026-03-16 21:02:49,365 [ERROR] Error on sample 0: a bytes-like object is required, not 'str'
2026-03-16 21:02:49,366 [ERROR] Error on sample 0: a bytes-like object is required, not 'str'
2026-03-16 21:02:49,366 [ERROR] Error on sample 0: a bytes-like object is required, not 'str'
2026-03-16 21:02:49,367 [ERROR] Error on sample 0: a bytes-like object is required, not 'str'
2026-03-16 21:02:49,368 [ERROR] Error on sample 0: a bytes-like object is required, not 'str'
2026-03-16 21:02:49,368 [ERROR] Error on sample 0: a bytes-like object is required, not 'str'
2026-03-16 21:02:49,369 [ERROR] Error on sample 0: a bytes-like object is required, not 'str'
2026-03-16 21:02:49,370 [ERROR] Error on sample 0: a bytes-like object is required, not 'str'
2026-03-16 21:02:49,370 [ERROR] Error on sample 0: a bytes-like object is required, not 'str'
2026-03-16 21:02:49,371 [ERROR] Error on sample 0: a bytes-like object is required, not 'str'
2026-03-16 21:02:49,372 [ERROR] Error on sample 0: a bytes-like object is required, not 'str'
2026-03-16 21:02:49,372 [ERROR] Error on sample 0: a bytes-like object is required, not 'str'
2026-03-16 21:02:49,373 [ERROR] Error on sample 0: a bytes-like object is required, not 'str'
2026-03-16 21:02:49,374 [ERROR] Error on sample 0: a bytes-like object is required, not 'str'
2026-03-16 21:02:49,375 [ERROR] Error on sample 0: a bytes-like object is required, not 'str'
2026-03-16 21:02:49,375 [ERROR] Error on sample 0: a bytes-like object is required, not 'str'
2026-03-16 21:02:49,376 [ERROR] Error on sample 0: a bytes-like object is required, not 'str'
2026-03-16 21:02:49,377 [ERROR] Error on sample 0: a bytes-like object is required, not 'str'
2026-03-16 21:02:49,377 [ERROR] Error on sample 0: a bytes-like object is required, not 'str'
2026-03-16 21:02:49,378 [ERROR] Error on sample 0: a bytes-like object is required, not 'str'
2026-03-16 21:02:49,379 [ERROR] Error on sample 0: a bytes-like object is required, not 'str'
2026-03-16 21:02:49,379 [ERROR] Error on sample 0: a bytes-like object is required, not 'str'
2026-03-16 21:02:49,380 [ERROR] Error on sample 0: a bytes-like object is required, not 'str'
2026-03-16 21:02:49,381 [ERROR] Error on sample 0: a bytes-like object is required, not 'str'
2026-03-16 21:02:49,381 [ERROR] Error on sample 0: a bytes-like object is required, not 'str'
2026-03-16 21:02:49,382 [ERROR] Error on sample 0: a bytes-like object is required, not 'str'
2026-03-16 21:02:49,383 [ERROR] Error on sample 0: a bytes-like object is required, not 'str'
2026-03-16 21:02:49,384 [ERROR] Error on sample 0: a bytes-like object is required, not 'str'
2026-03-16 21:02:49,384 [ERROR] Error on sample 0: a bytes-like object is required, not 'str'
2026-03-16 21:02:49,385 [ERROR] Error on sample 0: a bytes-like object is required, not 'str'
2026-03-16 21:02:49,386 [ERROR] Error on sample 0: a bytes-like object is required, not 'str'
2026-03-16 21:02:49,386 [ERROR] Error on sample 0: a bytes-like object is required, not 'str'
2026-03-16 21:02:49,387 [ERROR] Error on sample 0: a bytes-like object is required, not 'str'
2026-03-16 21:02:49,388 [ERROR] Error on sample 0: a bytes-like object is required, not 'str'
2026-03-16 21:02:49,388 [ERROR] Error on sample 0: a bytes-like object is required, not 'str'
2026-03-16 21:02:49,389 [ERROR] Error on sample 0: a bytes-like object is required, not 'str'
2026-03-16 21:02:49,390 [ERROR] Error on sample 0: a bytes-like object is required, not 'str'
2026-03-16 21:02:49,392 [ERROR] Error on sample 0: a bytes-like object is required, not 'str'
2026-03-16 21:02:49,393 [ERROR] Error on sample 0: a bytes-like object is required, not 'str'
2026-03-16 21:02:49,394 [ERROR] Error on sample 0: a bytes-like object is required, not 'str'
2026-03-16 21:02:49,395 [ERROR] Error on sample 0: a bytes-like object is required, not 'str'
2026-03-16 21:02:49,396 [ERROR] Error on sample 0: a bytes-like object is required, not 'str'
2026-03-16 21:02:49,397 [ERROR] Error on sample 0: a bytes-like object is required, not 'str'
2026-03-16 21:02:49,398 [ERROR] Error on sample 0: a bytes-like object is required, not 'str'
2026-03-16 21:02:49,399 [ERROR] Error on sample 0: a bytes-like object is required, not 'str'
2026-03-16 21:02:49,400 [ERROR] Error on sample 0: a bytes-like object is required, not 'str'
2026-03-16 21:02:49,401 [ERROR] Error on sample 0: a bytes-like object is required, not 'str'
2026-03-16 21:02:49,403 [ERROR] Error on sample 0: a bytes-like object is required, not 'str'
2026-03-16 21:02:49,404 [ERROR] Error on sample 0: a bytes-like object is required, not 'str'
2026-03-16 21:02:49,405 [ERROR] Error on sample 0: a bytes-like object is required, not 'str'
2026-03-16 21:02:49,406 [ERROR] Error on sample 0: a bytes-like object is required, not 'str'
2026-03-16 21:02:49,407 [ERROR] Error on sample 0: a bytes-like object is required, not 'str'
2026-03-16 21:02:49,408 [ERROR] Error on sample 0: a bytes-like object is required, not 'str'
2026-03-16 21:02:49,409 [ERROR] Error on sample 0: a bytes-like object is required, not 'str'
2026-03-16 21:02:49,410 [ERROR] Error on sample 0: a bytes-like object is required, not 'str'
2026-03-16 21:02:49,411 [ERROR] Error on sample 0: a bytes-like object is required, not 'str'
2026-03-16 21:02:49,412 [ERROR] Error on sample 0: a bytes-like object is required, not 'str'
2026-03-16 21:02:49,413 [ERROR] Error on sample 0: a bytes-like object is required, not 'str'
2026-03-16 21:02:49,415 [ERROR] Error on sample 0: a bytes-like object is required, not 'str'
2026-03-16 21:02:49,416 [ERROR] Error on sample 0: a bytes-like object is required, not 'str'
2026-03-16 21:02:49,417 [ERROR] Error on sample 0: a bytes-like object is required, not 'str'
2026-03-16 21:02:49,418 [ERROR] Error on sample 0: a bytes-like object is required, not 'str'
2026-03-16 21:02:49,419 [ERROR] Error on sample 0: a bytes-like object is required, not 'str'
2026-03-16 21:02:49,420 [ERROR] Error on sample 0: a bytes-like object is required, not 'str'
2026-03-16 21:02:49,421 [ERROR] Error on sample 0: a bytes-like object is required, not 'str'
2026-03-16 21:02:49,423 [ERROR] Error on sample 0: a bytes-like object is required, not 'str'
2026-03-16 21:02:49,425 [ERROR] Error on sample 0: a bytes-like object is required, not 'str'
2026-03-16 21:02:49,426 [ERROR] Error on sample 0: a bytes-like object is required, not 'str'
2026-03-16 21:02:49,427 [ERROR] Error on sample 0: a bytes-like object is required, not 'str'
2026-03-16 21:02:49,428 [ERROR] Error on sample 0: a bytes-like object is required, not 'str'
2026-03-16 21:02:49,429 [ERROR] Error on sample 0: a bytes-like object is required, not 'str'
2026-03-16 21:02:49,429 [ERROR] Error on sample 0: a bytes-like object is required, not 'str'
2026-03-16 21:02:49,430 [ERROR] Error on sample 0: a bytes-like object is required, not 'str'
2026-03-16 21:02:49,431 [ERROR] Error on sample 0: a bytes-like object is required, not 'str'
2026-03-16 21:02:49,431 [ERROR] Error on sample 0: a bytes-like object is required, not 'str'
2026-03-16 21:02:49,432 [ERROR] Error on sample 0: a bytes-like object is required, not 'str'
2026-03-16 21:02:49,433 [ERROR] Error on sample 0: a bytes-like object is required, not 'str'
2026-03-16 21:02:49,433 [ERROR] Error on sample 0: a bytes-like object is required, not 'str'
2026-03-16 21:02:49,434 [ERROR] Error on sample 0: a bytes-like object is required, not 'str'
2026-03-16 21:02:49,435 [ERROR] Error on sample 0: a bytes-like object is required, not 'str'
2026-03-16 21:02:49,436 [ERROR] Error on sample 0: a bytes-like object is required, not 'str'
2026-03-16 21:02:49,436 [ERROR] Error on sample 0: a bytes-like object is required, not 'str'
2026-03-16 21:02:49,437 [ERROR] Error on sample 0: a bytes-like object is required, not 'str'
2026-03-16 21:02:49,438 [ERROR] Error on sample 0: a bytes-like object is required, not 'str'
2026-03-16 21:02:49,438 [ERROR] Error on sample 0: a bytes-like object is required, not 'str'
2026-03-16 21:02:49,439 [ERROR] Error on sample 0: a bytes-like object is required, not 'str'
2026-03-16 21:02:49,440 [ERROR] Error on sample 0: a bytes-like object is required, not 'str'
2026-03-16 21:02:49,440 [ERROR] Error on sample 0: a bytes-like object is required, not 'str'
2026-03-16 21:02:49,441 [ERROR] Error on sample 0: a bytes-like object is required, not 'str'
2026-03-16 21:02:49,442 [ERROR] Error on sample 0: a bytes-like object is required, not 'str'
2026-03-16 21:02:49,442 [ERROR] Error on sample 0: a bytes-like object is required, not 'str'
2026-03-16 21:02:49,443 [ERROR] Error on sample 0: a bytes-like object is required, not 'str'
2026-03-16 21:02:49,444 [ERROR] Error on sample 0: a bytes-like object is required, not 'str'
2026-03-16 21:02:49,444 [ERROR] Error on sample 0: a bytes-like object is required, not 'str'
2026-03-16 21:02:49,445 [ERROR] Error on sample 0: a bytes-like object is required, not 'str'
2026-03-16 21:02:49,446 [ERROR] Error on sample 0: a bytes-like object is required, not 'str'
2026-03-16 21:02:49,446 [ERROR] Error on sample 0: a bytes-like object is required, not 'str'
2026-03-16 21:02:49,447 [ERROR] Error on sample 0: a bytes-like object is required, not 'str'
2026-03-16 21:02:49,448 [ERROR] Error on sample 0: a bytes-like object is required, not 'str'
2026-03-16 21:02:49,448 [ERROR] Error on sample 0: a bytes-like object is required, not 'str'
2026-03-16 21:02:49,449 [ERROR] Error on sample 0: a bytes-like object is required, not 'str'
2026-03-16 21:02:49,450 [ERROR] Error on sample 0: a bytes-like object is required, not 'str'
2026-03-16 21:02:49,450 [ERROR] Error on sample 0: a bytes-like object is required, not 'str'
2026-03-16 21:02:49,451 [ERROR] Error on sample 0: a bytes-like object is required, not 'str'
2026-03-16 21:02:49,452 [ERROR] Error on sample 0: a bytes-like object is required, not 'str'
2026-03-16 21:02:49,452 [ERROR] Error on sample 0: a bytes-like object is required, not 'str'
2026-03-16 21:02:49,453 [ERROR] Error on sample 0: a bytes-like object is required, not 'str'
2026-03-16 21:02:49,454 [ERROR] Error on sample 0: a bytes-like object is required, not 'str'
2026-03-16 21:02:49,454 [ERROR] Error on sample 0: a bytes-like object is required, not 'str'
2026-03-16 21:02:49,455 [ERROR] Error on sample 0: a bytes-like object is required, not 'str'
2026-03-16 21:02:49,456 [ERROR] Error on sample 0: a bytes-like object is required, not 'str'
2026-03-16 21:02:49,456 [ERROR] Error on sample 0: a bytes-like object is required, not 'str'
2026-03-16 21:02:49,457 [ERROR] Error on sample 0: a bytes-like object is required, not 'str'
2026-03-16 21:02:49,458 [ERROR] Error on sample 0: a bytes-like object is required, not 'str'
2026-03-16 21:02:49,458 [ERROR] Error on sample 0: a bytes-like object is required, not 'str'
2026-03-16 21:02:49,459 [ERROR] Error on sample 0: a bytes-like object is required, not 'str'
2026-03-16 21:02:49,460 [ERROR] Error on sample 0: a bytes-like object is required, not 'str'
2026-03-16 21:02:49,461 [ERROR] Error on sample 0: a bytes-like object is required, not 'str'
2026-03-16 21:02:49,461 [ERROR] Error on sample 0: a bytes-like object is required, not 'str'
2026-03-16 21:02:49,462 [ERROR] Error on sample 0: a bytes-like object is required, not 'str'
2026-03-16 21:02:49,463 [ERROR] Error on sample 0: a bytes-like object is required, not 'str'
2026-03-16 21:02:49,463 [ERROR] Error on sample 0: a bytes-like object is required, not 'str'
2026-03-16 21:02:49,464 [ERROR] Error on sample 0: a bytes-like object is required, not 'str'
2026-03-16 21:02:49,465 [ERROR] Error on sample 0: a bytes-like object is required, not 'str'
2026-03-16 21:02:49,465 [ERROR] Error on sample 0: a bytes-like object is required, not 'str'
2026-03-16 21:02:49,466 [ERROR] Error on sample 0: a bytes-like object is required, not 'str'
2026-03-16 21:02:49,467 [ERROR] Error on sample 0: a bytes-like object is required, not 'str'
2026-03-16 21:02:49,467 [ERROR] Error on sample 0: a bytes-like object is required, not 'str'
2026-03-16 21:02:49,468 [ERROR] Error on sample 0: a bytes-like object is required, not 'str'
2026-03-16 21:02:49,469 [ERROR] Error on sample 0: a bytes-like object is required, not 'str'
2026-03-16 21:02:49,469 [ERROR] Error on sample 0: a bytes-like object is required, not 'str'
2026-03-16 21:02:49,470 [ERROR] Error on sample 0: a bytes-like object is required, not 'str'
2026-03-16 21:02:49,471 [ERROR] Error on sample 0: a bytes-like object is required, not 'str'
2026-03-16 21:02:49,471 [ERROR] Error on sample 0: a bytes-like object is required, not 'str'
2026-03-16 21:02:49,472 [ERROR] Error on sample 0: a bytes-like object is required, not 'str'
2026-03-16 21:02:49,473 [ERROR] Error on sample 0: a bytes-like object is required, not 'str'
2026-03-16 21:02:49,474 [ERROR] Error on sample 0: a bytes-like object is required, not 'str'
2026-03-16 21:02:49,474 [ERROR] Error on sample 0: a bytes-like object is required, not 'str'
2026-03-16 21:02:49,475 [ERROR] Error on sample 0: a bytes-like object is required, not 'str'
2026-03-16 21:02:49,476 [ERROR] Error on sample 0: a bytes-like object is required, not 'str'
2026-03-16 21:02:49,476 [ERROR] Error on sample 0: a bytes-like object is required, not 'str'
2026-03-16 21:02:49,477 [ERROR] Error on sample 0: a bytes-like object is required, not 'str'
2026-03-16 21:02:49,478 [ERROR] Error on sample 0: a bytes-like object is required, not 'str'
2026-03-16 21:02:49,478 [ERROR] Error on sample 0: a bytes-like object is required, not 'str'
2026-03-16 21:02:49,479 [ERROR] Error on sample 0: a bytes-like object is required, not 'str'
2026-03-16 21:02:49,480 [ERROR] Error on sample 0: a bytes-like object is required, not 'str'
2026-03-16 21:02:49,480 [ERROR] Error on sample 0: a bytes-like object is required, not 'str'
2026-03-16 21:02:49,481 [ERROR] Error on sample 0: a bytes-like object is required, not 'str'
2026-03-16 21:02:49,482 [ERROR] Error on sample 0: a bytes-like object is required, not 'str'
2026-03-16 21:02:49,482 [ERROR] Error on sample 0: a bytes-like object is required, not 'str'
2026-03-16 21:02:49,483 [ERROR] Error on sample 0: a bytes-like object is required, not 'str'
2026-03-16 21:02:49,484 [ERROR] Error on sample 0: a bytes-like object is required, not 'str'
2026-03-16 21:02:49,484 [ERROR] Error on sample 0: a bytes-like object is required, not 'str'
2026-03-16 21:02:49,485 [ERROR] Error on sample 0: a bytes-like object is required, not 'str'
2026-03-16 21:02:49,486 [ERROR] Error on sample 0: a bytes-like object is required, not 'str'
2026-03-16 21:02:49,486 [ERROR] Error on sample 0: a bytes-like object is required, not 'str'
2026-03-16 21:02:49,487 [ERROR] Error on sample 0: a bytes-like object is required, not 'str'
2026-03-16 21:02:49,488 [ERROR] Error on sample 0: a bytes-like object is required, not 'str'
2026-03-16 21:02:49,489 [ERROR] Error on sample 0: a bytes-like object is required, not 'str'
2026-03-16 21:02:49,489 [ERROR] Error on sample 0: a bytes-like object is required, not 'str'
2026-03-16 21:02:49,490 [ERROR] Error on sample 0: a bytes-like object is required, not 'str'
2026-03-16 21:02:49,491 [ERROR] Error on sample 0: a bytes-like object is required, not 'str'
2026-03-16 21:02:49,491 [ERROR] Error on sample 0: a bytes-like object is required, not 'str'
2026-03-16 21:02:49,492 [ERROR] Error on sample 0: a bytes-like object is required, not 'str'
2026-03-16 21:02:49,493 [ERROR] Error on sample 0: a bytes-like object is required, not 'str'
2026-03-16 21:02:49,493 [ERROR] Error on sample 0: a bytes-like object is required, not 'str'
2026-03-16 21:02:49,494 [ERROR] Error on sample 0: a bytes-like object is required, not 'str'
2026-03-16 21:02:49,495 [ERROR] Error on sample 0: a bytes-like object is required, not 'str'
2026-03-16 21:02:49,495 [ERROR] Error on sample 0: a bytes-like object is required, not 'str'
2026-03-16 21:02:49,496 [ERROR] Error on sample 0: a bytes-like object is required, not 'str'
2026-03-16 21:02:49,497 [ERROR] Error on sample 0: a bytes-like object is required, not 'str'
2026-03-16 21:02:49,498 [ERROR] Error on sample 0: a bytes-like object is required, not 'str'
2026-03-16 21:02:49,498 [ERROR] Error on sample 0: a bytes-like object is required, not 'str'
2026-03-16 21:02:49,499 [ERROR] Error on sample 0: a bytes-like object is required, not 'str'
2026-03-16 21:02:49,500 [ERROR] Error on sample 0: a bytes-like object is required, not 'str'
2026-03-16 21:02:49,500 [ERROR] Error on sample 0: a bytes-like object is required, not 'str'
2026-03-16 21:02:49,501 [ERROR] Error on sample 0: a bytes-like object is required, not 'str'
2026-03-16 21:02:49,502 [ERROR] Error on sample 0: a bytes-like object is required, not 'str'
2026-03-16 21:02:49,502 [ERROR] Error on sample 0: a bytes-like object is required, not 'str'
2026-03-16 21:02:49,503 [ERROR] Error on sample 0: a bytes-like object is required, not 'str'
2026-03-16 21:02:49,504 [ERROR] Error on sample 0: a bytes-like object is required, not 'str'
2026-03-16 21:02:49,504 [ERROR] Error on sample 0: a bytes-like object is required, not 'str'
2026-03-16 21:02:49,505 [ERROR] Error on sample 0: a bytes-like object is required, not 'str'
2026-03-16 21:02:49,506 [ERROR] Error on sample 0: a bytes-like object is required, not 'str'
2026-03-16 21:02:49,507 [ERROR] Error on sample 0: a bytes-like object is required, not 'str'
2026-03-16 21:02:49,507 [ERROR] Error on sample 0: a bytes-like object is required, not 'str'
2026-03-16 21:02:49,508 [ERROR] Error on sample 0: a bytes-like object is required, not 'str'
2026-03-16 21:02:49,509 [ERROR] Error on sample 0: a bytes-like object is required, not 'str'
2026-03-16 21:02:49,509 [ERROR] Error on sample 0: a bytes-like object is required, not 'str'
2026-03-16 21:02:49,510 [ERROR] Error on sample 0: a bytes-like object is required, not 'str'
2026-03-16 21:02:49,511 [ERROR] Error on sample 0: a bytes-like object is required, not 'str'
2026-03-16 21:02:49,511 [ERROR] Error on sample 0: a bytes-like object is required, not 'str'
2026-03-16 21:02:49,512 [ERROR] Error on sample 0: a bytes-like object is required, not 'str'
2026-03-16 21:02:49,513 [ERROR] Error on sample 0: a bytes-like object is required, not 'str'
2026-03-16 21:02:49,513 [ERROR] Error on sample 0: a bytes-like object is required, not 'str'
2026-03-16 21:02:49,514 [ERROR] Error on sample 0: a bytes-like object is required, not 'str'
2026-03-16 21:02:49,515 [ERROR] Error on sample 0: a bytes-like object is required, not 'str'
2026-03-16 21:02:49,515 [ERROR] Error on sample 0: a bytes-like object is required, not 'str'
2026-03-16 21:02:49,516 [ERROR] Error on sample 0: a bytes-like object is required, not 'str'
2026-03-16 21:02:49,517 [ERROR] Error on sample 0: a bytes-like object is required, not 'str'
2026-03-16 21:02:49,518 [ERROR] Error on sample 0: a bytes-like object is required, not 'str'
2026-03-16 21:02:49,518 [ERROR] Error on sample 0: a bytes-like object is required, not 'str'
2026-03-16 21:02:49,519 [ERROR] Error on sample 0: a bytes-like object is required, not 'str'
2026-03-16 21:02:49,520 [ERROR] Error on sample 0: a bytes-like object is required, not 'str'
2026-03-16 21:02:49,520 [ERROR] Error on sample 0: a bytes-like object is required, not 'str'
2026-03-16 21:02:49,521 [ERROR] Error on sample 0: a bytes-like object is required, not 'str'
2026-03-16 21:02:49,522 [ERROR] Error on sample 0: a bytes-like object is required, not 'str'
2026-03-16 21:02:49,522 [ERROR] Error on sample 0: a bytes-like object is required, not 'str'
2026-03-16 21:02:49,523 [ERROR] Error on sample 0: a bytes-like object is required, not 'str'
2026-03-16 21:02:49,524 [ERROR] Error on sample 0: a bytes-like object is required, not 'str'
2026-03-16 21:02:49,524 [ERROR] Error on sample 0: a bytes-like object is required, not 'str'
2026-03-16 21:02:49,525 [ERROR] Error on sample 0: a bytes-like object is required, not 'str'
2026-03-16 21:02:49,526 [ERROR] Error on sample 0: a bytes-like object is required, not 'str'
2026-03-16 21:02:49,526 [ERROR] Error on sample 0: a bytes-like object is required, not 'str'
2026-03-16 21:02:49,527 [ERROR] Error on sample 0: a bytes-like object is required, not 'str'
2026-03-16 21:02:49,528 [ERROR] Error on sample 0: a bytes-like object is required, not 'str'
2026-03-16 21:02:49,529 [ERROR] Error on sample 0: a bytes-like object is required, not 'str'
2026-03-16 21:02:49,529 [ERROR] Error on sample 0: a bytes-like object is required, not 'str'
2026-03-16 21:02:49,530 [ERROR] Error on sample 0: a bytes-like object is required, not 'str'
2026-03-16 21:02:49,531 [ERROR] Error on sample 0: a bytes-like object is required, not 'str'
2026-03-16 21:02:49,532 [ERROR] Error on sample 0: a bytes-like object is required, not 'str'
2026-03-16 21:02:49,533 [ERROR] Error on sample 0: a bytes-like object is required, not 'str'
2026-03-16 21:02:49,533 [ERROR] Error on sample 0: a bytes-like object is required, not 'str'
2026-03-16 21:02:49,534 [ERROR] Error on sample 0: a bytes-like object is required, not 'str'
2026-03-16 21:02:49,535 [ERROR] Error on sample 0: a bytes-like object is required, not 'str'
2026-03-16 21:02:49,536 [ERROR] Error on sample 0: a bytes-like object is required, not 'str'
2026-03-16 21:02:49,536 [ERROR] Error on sample 0: a bytes-like object is required, not 'str'
2026-03-16 21:02:49,537 [ERROR] Error on sample 0: a bytes-like object is required, not 'str'
2026-03-16 21:02:49,538 [ERROR] Error on sample 0: a bytes-like object is required, not 'str'
2026-03-16 21:02:49,538 [ERROR] Error on sample 0: a bytes-like object is required, not 'str'
2026-03-16 21:02:49,539 [ERROR] Error on sample 0: a bytes-like object is required, not 'str'
2026-03-16 21:02:49,540 [ERROR] Error on sample 0: a bytes-like object is required, not 'str'
2026-03-16 21:02:49,540 [ERROR] Error on sample 0: a bytes-like object is required, not 'str'
2026-03-16 21:02:49,541 [ERROR] Error on sample 0: a bytes-like object is required, not 'str'
2026-03-16 21:02:49,542 [ERROR] Error on sample 0: a bytes-like object is required, not 'str'
2026-03-16 21:02:49,542 [ERROR] Error on sample 0: a bytes-like object is required, not 'str'
2026-03-16 21:02:49,543 [ERROR] Error on sample 0: a bytes-like object is required, not 'str'
2026-03-16 21:02:49,544 [ERROR] Error on sample 0: a bytes-like object is required, not 'str'
2026-03-16 21:02:49,545 [ERROR] Error on sample 0: a bytes-like object is required, not 'str'
2026-03-16 21:02:49,545 [ERROR] Error on sample 0: a bytes-like object is required, not 'str'
2026-03-16 21:02:49,546 [ERROR] Error on sample 0: a bytes-like object is required, not 'str'
2026-03-16 21:02:49,547 [ERROR] Error on sample 0: a bytes-like object is required, not 'str'
2026-03-16 21:02:49,547 [ERROR] Error on sample 0: a bytes-like object is required, not 'str'
2026-03-16 21:02:49,548 [ERROR] Error on sample 0: a bytes-like object is required, not 'str'
2026-03-16 21:02:49,549 [ERROR] Error on sample 0: a bytes-like object is required, not 'str'
2026-03-16 21:02:49,549 [ERROR] Error on sample 0: a bytes-like object is required, not 'str'
2026-03-16 21:02:49,550 [ERROR] Error on sample 0: a bytes-like object is required, not 'str'
2026-03-16 21:02:49,551 [ERROR] Error on sample 0: a bytes-like object is required, not 'str'
2026-03-16 21:02:49,551 [ERROR] Error on sample 0: a bytes-like object is required, not 'str'
2026-03-16 21:02:49,552 [ERROR] Error on sample 0: a bytes-like object is required, not 'str'
2026-03-16 21:02:49,553 [ERROR] Error on sample 0: a bytes-like object is required, not 'str'
2026-03-16 21:02:49,553 [ERROR] Error on sample 0: a bytes-like object is required, not 'str'
2026-03-16 21:02:49,554 [ERROR] Error on sample 0: a bytes-like object is required, not 'str'
2026-03-16 21:02:49,555 [ERROR] Error on sample 0: a bytes-like object is required, not 'str'
2026-03-16 21:02:49,555 [ERROR] Error on sample 0: a bytes-like object is required, not 'str'
2026-03-16 21:02:49,556 [ERROR] Error on sample 0: a bytes-like object is required, not 'str'
2026-03-16 21:02:49,557 [ERROR] Error on sample 0: a bytes-like object is required, not 'str'
2026-03-16 21:02:49,558 [ERROR] Error on sample 0: a bytes-like object is required, not 'str'
2026-03-16 21:02:49,558 [ERROR] Error on sample 0: a bytes-like object is required, not 'str'
2026-03-16 21:02:49,559 [ERROR] Error on sample 0: a bytes-like object is required, not 'str'
2026-03-16 21:02:49,560 [ERROR] Error on sample 0: a bytes-like object is required, not 'str'
2026-03-16 21:02:49,560 [ERROR] Error on sample 0: a bytes-like object is required, not 'str'
2026-03-16 21:02:49,561 [ERROR] Error on sample 0: a bytes-like object is required, not 'str'
2026-03-16 21:02:49,562 [ERROR] Error on sample 0: a bytes-like object is required, not 'str'
2026-03-16 21:02:49,562 [ERROR] Error on sample 0: a bytes-like object is required, not 'str'
2026-03-16 21:02:49,563 [ERROR] Error on sample 0: a bytes-like object is required, not 'str'
2026-03-16 21:02:49,564 [ERROR] Error on sample 0: a bytes-like object is required, not 'str'
2026-03-16 21:02:49,564 [ERROR] Error on sample 0: a bytes-like object is required, not 'str'
2026-03-16 21:02:49,565 [ERROR] Error on sample 0: a bytes-like object is required, not 'str'
2026-03-16 21:02:49,566 [ERROR] Error on sample 0: a bytes-like object is required, not 'str'
2026-03-16 21:02:49,566 [ERROR] Error on sample 0: a bytes-like object is required, not 'str'
2026-03-16 21:02:49,567 [ERROR] Error on sample 0: a bytes-like object is required, not 'str'
2026-03-16 21:02:49,568 [ERROR] Error on sample 0: a bytes-like object is required, not 'str'
2026-03-16 21:02:49,568 [ERROR] Error on sample 0: a bytes-like object is required, not 'str'
2026-03-16 21:02:49,569 [ERROR] Error on sample 0: a bytes-like object is required, not 'str'
2026-03-16 21:02:49,570 [ERROR] Error on sample 0: a bytes-like object is required, not 'str'
2026-03-16 21:02:49,571 [ERROR] Error on sample 0: a bytes-like object is required, not 'str'
2026-03-16 21:02:49,571 [ERROR] Error on sample 0: a bytes-like object is required, not 'str'
2026-03-16 21:02:49,572 [ERROR] Error on sample 0: a bytes-like object is required, not 'str'
2026-03-16 21:02:49,573 [ERROR] Error on sample 0: a bytes-like object is required, not 'str'
2026-03-16 21:02:49,573 [ERROR] Error on sample 0: a bytes-like object is required, not 'str'
2026-03-16 21:02:49,574 [ERROR] Error on sample 0: a bytes-like object is required, not 'str'
2026-03-16 21:02:49,575 [ERROR] Error on sample 0: a bytes-like object is required, not 'str'
2026-03-16 21:02:49,575 [ERROR] Error on sample 0: a bytes-like object is required, not 'str'
2026-03-16 21:02:49,576 [ERROR] Error on sample 0: a bytes-like object is required, not 'str'
2026-03-16 21:02:49,577 [ERROR] Error on sample 0: a bytes-like object is required, not 'str'
2026-03-16 21:02:49,577 [ERROR] Error on sample 0: a bytes-like object is required, not 'str'
2026-03-16 21:02:49,578 [ERROR] Error on sample 0: a bytes-like object is required, not 'str'
2026-03-16 21:02:49,579 [ERROR] Error on sample 0: a bytes-like object is required, not 'str'
2026-03-16 21:02:49,579 [ERROR] Error on sample 0: a bytes-like object is required, not 'str'
2026-03-16 21:02:49,580 [ERROR] Error on sample 0: a bytes-like object is required, not 'str'
2026-03-16 21:02:49,581 [ERROR] Error on sample 0: a bytes-like object is required, not 'str'
2026-03-16 21:02:49,582 [ERROR] Error on sample 0: a bytes-like object is required, not 'str'
2026-03-16 21:02:49,582 [ERROR] Error on sample 0: a bytes-like object is required, not 'str'
2026-03-16 21:02:49,583 [ERROR] Error on sample 0: a bytes-like object is required, not 'str'
2026-03-16 21:02:49,584 [ERROR] Error on sample 0: a bytes-like object is required, not 'str'
2026-03-16 21:02:49,584 [ERROR] Error on sample 0: a bytes-like object is required, not 'str'
2026-03-16 21:02:49,585 [ERROR] Error on sample 0: a bytes-like object is required, not 'str'
2026-03-16 21:02:49,586 [ERROR] Error on sample 0: a bytes-like object is required, not 'str'
2026-03-16 21:02:49,586 [ERROR] Error on sample 0: a bytes-like object is required, not 'str'
2026-03-16 21:02:49,587 [ERROR] Error on sample 0: a bytes-like object is required, not 'str'
2026-03-16 21:02:49,588 [ERROR] Error on sample 0: a bytes-like object is required, not 'str'
2026-03-16 21:02:49,588 [ERROR] Error on sample 0: a bytes-like object is required, not 'str'
2026-03-16 21:02:49,589 [ERROR] Error on sample 0: a bytes-like object is required, not 'str'
2026-03-16 21:02:49,590 [ERROR] Error on sample 0: a bytes-like object is required, not 'str'
2026-03-16 21:02:49,590 [ERROR] Error on sample 0: a bytes-like object is required, not 'str'
2026-03-16 21:02:49,591 [ERROR] Error on sample 0: a bytes-like object is required, not 'str'
2026-03-16 21:02:49,592 [ERROR] Error on sample 0: a bytes-like object is required, not 'str'
2026-03-16 21:02:49,592 [ERROR] Error on sample 0: a bytes-like object is required, not 'str'
2026-03-16 21:02:49,593 [ERROR] Error on sample 0: a bytes-like object is required, not 'str'
2026-03-16 21:02:49,594 [ERROR] Error on sample 0: a bytes-like object is required, not 'str'
2026-03-16 21:02:49,595 [ERROR] Error on sample 0: a bytes-like object is required, not 'str'
2026-03-16 21:02:49,595 [ERROR] Error on sample 0: a bytes-like object is required, not 'str'
2026-03-16 21:02:49,596 [ERROR] Error on sample 0: a bytes-like object is required, not 'str'
2026-03-16 21:02:49,597 [ERROR] Error on sample 0: a bytes-like object is required, not 'str'
2026-03-16 21:02:49,597 [ERROR] Error on sample 0: a bytes-like object is required, not 'str'
2026-03-16 21:02:49,598 [ERROR] Error on sample 0: a bytes-like object is required, not 'str'
2026-03-16 21:02:49,599 [ERROR] Error on sample 0: a bytes-like object is required, not 'str'
2026-03-16 21:02:49,599 [ERROR] Error on sample 0: a bytes-like object is required, not 'str'
2026-03-16 21:02:49,600 [ERROR] Error on sample 0: a bytes-like object is required, not 'str'
2026-03-16 21:02:49,601 [ERROR] Error on sample 0: a bytes-like object is required, not 'str'
2026-03-16 21:02:49,601 [ERROR] Error on sample 0: a bytes-like object is required, not 'str'
2026-03-16 21:02:49,602 [ERROR] Error on sample 0: a bytes-like object is required, not 'str'
2026-03-16 21:02:49,603 [ERROR] Error on sample 0: a bytes-like object is required, not 'str'
2026-03-16 21:02:49,604 [ERROR] Error on sample 0: a bytes-like object is required, not 'str'
2026-03-16 21:02:49,604 [ERROR] Error on sample 0: a bytes-like object is required, not 'str'
2026-03-16 21:02:49,605 [ERROR] Error on sample 0: a bytes-like object is required, not 'str'
2026-03-16 21:02:49,606 [ERROR] Error on sample 0: a bytes-like object is required, not 'str'
2026-03-16 21:02:49,606 [ERROR] Error on sample 0: a bytes-like object is required, not 'str'
2026-03-16 21:02:49,607 [ERROR] Error on sample 0: a bytes-like object is required, not 'str'
2026-03-16 21:02:49,608 [ERROR] Error on sample 0: a bytes-like object is required, not 'str'
2026-03-16 21:02:49,609 [ERROR] Error on sample 0: a bytes-like object is required, not 'str'
2026-03-16 21:02:49,609 [ERROR] Error on sample 0: a bytes-like object is required, not 'str'
2026-03-16 21:02:49,610 [ERROR] Error on sample 0: a bytes-like object is required, not 'str'
2026-03-16 21:02:49,611 [ERROR] Error on sample 0: a bytes-like object is required, not 'str'
2026-03-16 21:02:49,611 [ERROR] Error on sample 0: a bytes-like object is required, not 'str'
2026-03-16 21:02:49,612 [ERROR] Error on sample 0: a bytes-like object is required, not 'str'
2026-03-16 21:02:49,613 [ERROR] Error on sample 0: a bytes-like object is required, not 'str'
2026-03-16 21:02:49,613 [ERROR] Error on sample 0: a bytes-like object is required, not 'str'
2026-03-16 21:02:49,614 [ERROR] Error on sample 0: a bytes-like object is required, not 'str'
2026-03-16 21:02:49,615 [ERROR] Error on sample 0: a bytes-like object is required, not 'str'
2026-03-16 21:02:49,615 [ERROR] Error on sample 0: a bytes-like object is required, not 'str'
2026-03-16 21:02:49,616 [ERROR] Error on sample 0: a bytes-like object is required, not 'str'
2026-03-16 21:02:49,617 [ERROR] Error on sample 0: a bytes-like object is required, not 'str'
2026-03-16 21:02:49,618 [ERROR] Error on sample 0: a bytes-like object is required, not 'str'
2026-03-16 21:02:49,618 [ERROR] Error on sample 0: a bytes-like object is required, not 'str'
2026-03-16 21:02:49,619 [ERROR] Error on sample 0: a bytes-like object is required, not 'str'
2026-03-16 21:02:49,620 [ERROR] Error on sample 0: a bytes-like object is required, not 'str'
2026-03-16 21:02:49,620 [ERROR] Error on sample 0: a bytes-like object is required, not 'str'
2026-03-16 21:02:49,621 [ERROR] Error on sample 0: a bytes-like object is required, not 'str'
2026-03-16 21:02:49,622 [ERROR] Error on sample 0: a bytes-like object is required, not 'str'
2026-03-16 21:02:49,622 [ERROR] Error on sample 0: a bytes-like object is required, not 'str'
2026-03-16 21:02:49,623 [ERROR] Error on sample 0: a bytes-like object is required, not 'str'
2026-03-16 21:02:49,624 [ERROR] Error on sample 0: a bytes-like object is required, not 'str'
2026-03-16 21:02:49,624 [ERROR] Error on sample 0: a bytes-like object is required, not 'str'
2026-03-16 21:02:49,625 [ERROR] Error on sample 0: a bytes-like object is required, not 'str'
2026-03-16 21:02:49,626 [ERROR] Error on sample 0: a bytes-like object is required, not 'str'
2026-03-16 21:02:49,626 [ERROR] Error on sample 0: a bytes-like object is required, not 'str'
2026-03-16 21:02:49,627 [ERROR] Error on sample 0: a bytes-like object is required, not 'str'
2026-03-16 21:02:49,628 [ERROR] Error on sample 0: a bytes-like object is required, not 'str'
2026-03-16 21:02:49,629 [ERROR] Error on sample 0: a bytes-like object is required, not 'str'
2026-03-16 21:02:49,629 [ERROR] Error on sample 0: a bytes-like object is required, not 'str'
2026-03-16 21:02:49,630 [ERROR] Error on sample 0: a bytes-like object is required, not 'str'
2026-03-16 21:02:49,631 [ERROR] Error on sample 0: a bytes-like object is required, not 'str'
2026-03-16 21:02:49,631 [ERROR] Error on sample 0: a bytes-like object is required, not 'str'
2026-03-16 21:02:49,632 [ERROR] Error on sample 0: a bytes-like object is required, not 'str'
2026-03-16 21:02:49,633 [ERROR] Error on sample 0: a bytes-like object is required, not 'str'
2026-03-16 21:02:49,633 [ERROR] Error on sample 0: a bytes-like object is required, not 'str'
2026-03-16 21:02:49,634 [ERROR] Error on sample 0: a bytes-like object is required, not 'str'
2026-03-16 21:02:49,635 [ERROR] Error on sample 0: a bytes-like object is required, not 'str'
2026-03-16 21:02:49,635 [ERROR] Error on sample 0: a bytes-like object is required, not 'str'
2026-03-16 21:02:49,636 [ERROR] Error on sample 0: a bytes-like object is required, not 'str'
2026-03-16 21:02:49,637 [ERROR] Error on sample 0: a bytes-like object is required, not 'str'
2026-03-16 21:02:49,637 [ERROR] Error on sample 0: a bytes-like object is required, not 'str'
2026-03-16 21:02:49,638 [ERROR] Error on sample 0: a bytes-like object is required, not 'str'
2026-03-16 21:02:49,639 [ERROR] Error on sample 0: a bytes-like object is required, not 'str'
2026-03-16 21:02:49,640 [ERROR] Error on sample 0: a bytes-like object is required, not 'str'
2026-03-16 21:02:49,640 [ERROR] Error on sample 0: a bytes-like object is required, not 'str'
2026-03-16 21:02:49,641 [ERROR] Error on sample 0: a bytes-like object is required, not 'str'
2026-03-16 21:02:49,642 [ERROR] Error on sample 0: a bytes-like object is required, not 'str'
2026-03-16 21:02:49,642 [ERROR] Error on sample 0: a bytes-like object is required, not 'str'
2026-03-16 21:02:49,643 [ERROR] Error on sample 0: a bytes-like object is required, not 'str'
2026-03-16 21:02:49,644 [ERROR] Error on sample 0: a bytes-like object is required, not 'str'
2026-03-16 21:02:49,644 [ERROR] Error on sample 0: a bytes-like object is required, not 'str'
2026-03-16 21:02:49,645 [ERROR] Error on sample 0: a bytes-like object is required, not 'str'
2026-03-16 21:02:49,646 [ERROR] Error on sample 0: a bytes-like object is required, not 'str'
2026-03-16 21:02:49,646 [ERROR] Error on sample 0: a bytes-like object is required, not 'str'
2026-03-16 21:02:49,647 [ERROR] Error on sample 0: a bytes-like object is required, not 'str'
2026-03-16 21:02:49,648 [ERROR] Error on sample 0: a bytes-like object is required, not 'str'
2026-03-16 21:02:49,648 [ERROR] Error on sample 0: a bytes-like object is required, not 'str'
2026-03-16 21:02:49,649 [ERROR] Error on sample 0: a bytes-like object is required, not 'str'
2026-03-16 21:02:49,650 [ERROR] Error on sample 0: a bytes-like object is required, not 'str'
2026-03-16 21:02:49,650 [ERROR] Error on sample 0: a bytes-like object is required, not 'str'
2026-03-16 21:02:49,651 [ERROR] Error on sample 0: a bytes-like object is required, not 'str'
2026-03-16 21:02:49,652 [ERROR] Error on sample 0: a bytes-like object is required, not 'str'
2026-03-16 21:02:49,653 [ERROR] Error on sample 0: a bytes-like object is required, not 'str'
2026-03-16 21:02:49,653 [ERROR] Error on sample 0: a bytes-like object is required, not 'str'
2026-03-16 21:02:49,654 [ERROR] Error on sample 0: a bytes-like object is required, not 'str'
2026-03-16 21:02:49,655 [ERROR] Error on sample 0: a bytes-like object is required, not 'str'
2026-03-16 21:02:49,655 [ERROR] Error on sample 0: a bytes-like object is required, not 'str'
2026-03-16 21:02:49,656 [ERROR] Error on sample 0: a bytes-like object is required, not 'str'
2026-03-16 21:02:49,657 [ERROR] Error on sample 0: a bytes-like object is required, not 'str'
2026-03-16 21:02:49,657 [ERROR] Error on sample 0: a bytes-like object is required, not 'str'
2026-03-16 21:02:49,658 [ERROR] Error on sample 0: a bytes-like object is required, not 'str'
2026-03-16 21:02:49,659 [ERROR] Error on sample 0: a bytes-like object is required, not 'str'
2026-03-16 21:02:49,659 [ERROR] Error on sample 0: a bytes-like object is required, not 'str'
2026-03-16 21:02:49,660 [ERROR] Error on sample 0: a bytes-like object is required, not 'str'
2026-03-16 21:02:49,661 [ERROR] Error on sample 0: a bytes-like object is required, not 'str'
2026-03-16 21:02:49,662 [ERROR] Error on sample 0: a bytes-like object is required, not 'str'
2026-03-16 21:02:49,662 [ERROR] Error on sample 0: a bytes-like object is required, not 'str'
2026-03-16 21:02:49,663 [ERROR] Error on sample 0: a bytes-like object is required, not 'str'
2026-03-16 21:02:49,664 [ERROR] Error on sample 0: a bytes-like object is required, not 'str'
2026-03-16 21:02:49,664 [ERROR] Error on sample 0: a bytes-like object is required, not 'str'
2026-03-16 21:02:49,665 [ERROR] Error on sample 0: a bytes-like object is required, not 'str'
2026-03-16 21:02:49,666 [ERROR] Error on sample 0: a bytes-like object is required, not 'str'
2026-03-16 21:02:49,666 [ERROR] Error on sample 0: a bytes-like object is required, not 'str'
2026-03-16 21:02:49,667 [ERROR] Error on sample 0: a bytes-like object is required, not 'str'
2026-03-16 21:02:49,668 [ERROR] Error on sample 0: a bytes-like object is required, not 'str'
2026-03-16 21:02:49,668 [ERROR] Error on sample 0: a bytes-like object is required, not 'str'
2026-03-16 21:02:49,669 [ERROR] Error on sample 0: a bytes-like object is required, not 'str'
2026-03-16 21:02:49,670 [ERROR] Error on sample 0: a bytes-like object is required, not 'str'
2026-03-16 21:02:49,670 [ERROR] Error on sample 0: a bytes-like object is required, not 'str'
2026-03-16 21:02:49,671 [ERROR] Error on sample 0: a bytes-like object is required, not 'str'
2026-03-16 21:02:49,672 [ERROR] Error on sample 0: a bytes-like object is required, not 'str'
2026-03-16 21:02:49,673 [ERROR] Error on sample 0: a bytes-like object is required, not 'str'
2026-03-16 21:02:49,673 [ERROR] Error on sample 0: a bytes-like object is required, not 'str'
2026-03-16 21:02:49,674 [ERROR] Error on sample 0: a bytes-like object is required, not 'str'
2026-03-16 21:02:49,675 [ERROR] Error on sample 0: a bytes-like object is required, not 'str'
2026-03-16 21:02:49,675 [ERROR] Error on sample 0: a bytes-like object is required, not 'str'
2026-03-16 21:02:49,676 [ERROR] Error on sample 0: a bytes-like object is required, not 'str'
2026-03-16 21:02:49,677 [ERROR] Error on sample 0: a bytes-like object is required, not 'str'
2026-03-16 21:02:49,677 [ERROR] Error on sample 0: a bytes-like object is required, not 'str'
2026-03-16 21:02:49,678 [ERROR] Error on sample 0: a bytes-like object is required, not 'str'
2026-03-16 21:02:49,679 [ERROR] Error on sample 0: a bytes-like object is required, not 'str'
2026-03-16 21:02:49,679 [ERROR] Error on sample 0: a bytes-like object is required, not 'str'
2026-03-16 21:02:49,680 [ERROR] Error on sample 0: a bytes-like object is required, not 'str'
2026-03-16 21:02:49,681 [ERROR] Error on sample 0: a bytes-like object is required, not 'str'
2026-03-16 21:02:49,681 [ERROR] Error on sample 0: a bytes-like object is required, not 'str'
2026-03-16 21:02:49,682 [ERROR] Error on sample 0: a bytes-like object is required, not 'str'
2026-03-16 21:02:49,683 [ERROR] Error on sample 0: a bytes-like object is required, not 'str'
2026-03-16 21:02:49,684 [ERROR] Error on sample 0: a bytes-like object is required, not 'str'
2026-03-16 21:02:49,684 [ERROR] Error on sample 0: a bytes-like object is required, not 'str'
2026-03-16 21:02:49,685 [ERROR] Error on sample 0: a bytes-like object is required, not 'str'
2026-03-16 21:02:49,686 [ERROR] Error on sample 0: a bytes-like object is required, not 'str'
2026-03-16 21:02:49,686 [ERROR] Error on sample 0: a bytes-like object is required, not 'str'
2026-03-16 21:02:49,687 [ERROR] Error on sample 0: a bytes-like object is required, not 'str'
2026-03-16 21:02:49,688 [ERROR] Error on sample 0: a bytes-like object is required, not 'str'
2026-03-16 21:02:49,688 [ERROR] Error on sample 0: a bytes-like object is required, not 'str'
2026-03-16 21:02:49,689 [ERROR] Error on sample 0: a bytes-like object is required, not 'str'
2026-03-16 21:02:49,690 [ERROR] Error on sample 0: a bytes-like object is required, not 'str'
2026-03-16 21:02:49,691 [ERROR] Error on sample 0: a bytes-like object is required, not 'str'
2026-03-16 21:02:49,691 [ERROR] Error on sample 0: a bytes-like object is required, not 'str'
2026-03-16 21:02:49,692 [ERROR] Error on sample 0: a bytes-like object is required, not 'str'
2026-03-16 21:02:49,693 [ERROR] Error on sample 0: a bytes-like object is required, not 'str'
2026-03-16 21:02:49,693 [ERROR] Error on sample 0: a bytes-like object is required, not 'str'
2026-03-16 21:02:49,694 [ERROR] Error on sample 0: a bytes-like object is required, not 'str'
2026-03-16 21:02:49,695 [ERROR] Error on sample 0: a bytes-like object is required, not 'str'
2026-03-16 21:02:49,695 [ERROR] Error on sample 0: a bytes-like object is required, not 'str'
2026-03-16 21:02:49,696 [ERROR] Error on sample 0: a bytes-like object is required, not 'str'
2026-03-16 21:02:49,697 [ERROR] Error on sample 0: a bytes-like object is required, not 'str'
2026-03-16 21:02:49,697 [ERROR] Error on sample 0: a bytes-like object is required, not 'str'
2026-03-16 21:02:49,698 [ERROR] Error on sample 0: a bytes-like object is required, not 'str'
2026-03-16 21:02:49,699 [ERROR] Error on sample 0: a bytes-like object is required, not 'str'
2026-03-16 21:02:49,699 [ERROR] Error on sample 0: a bytes-like object is required, not 'str'
2026-03-16 21:02:49,700 [ERROR] Error on sample 0: a bytes-like object is required, not 'str'
2026-03-16 21:02:49,701 [ERROR] Error on sample 0: a bytes-like object is required, not 'str'
2026-03-16 21:02:49,701 [ERROR] Error on sample 0: a bytes-like object is required, not 'str'
2026-03-16 21:02:49,702 [ERROR] Error on sample 0: a bytes-like object is required, not 'str'
2026-03-16 21:02:49,703 [ERROR] Error on sample 0: a bytes-like object is required, not 'str'
2026-03-16 21:02:49,704 [ERROR] Error on sample 0: a bytes-like object is required, not 'str'
2026-03-16 21:02:49,704 [ERROR] Error on sample 0: a bytes-like object is required, not 'str'
2026-03-16 21:02:49,705 [ERROR] Error on sample 0: a bytes-like object is required, not 'str'
2026-03-16 21:02:49,706 [ERROR] Error on sample 0: a bytes-like object is required, not 'str'
2026-03-16 21:02:49,706 [ERROR] Error on sample 0: a bytes-like object is required, not 'str'
2026-03-16 21:02:49,707 [ERROR] Error on sample 0: a bytes-like object is required, not 'str'
2026-03-16 21:02:49,708 [ERROR] Error on sample 0: a bytes-like object is required, not 'str'
2026-03-16 21:02:49,708 [ERROR] Error on sample 0: a bytes-like object is required, not 'str'
2026-03-16 21:02:49,709 [ERROR] Error on sample 0: a bytes-like object is required, not 'str'
2026-03-16 21:02:49,710 [ERROR] Error on sample 0: a bytes-like object is required, not 'str'
2026-03-16 21:02:49,711 [ERROR] Error on sample 0: a bytes-like object is required, not 'str'
2026-03-16 21:02:49,712 [ERROR] Error on sample 0: a bytes-like object is required, not 'str'
2026-03-16 21:02:49,712 [ERROR] Error on sample 0: a bytes-like object is required, not 'str'
2026-03-16 21:02:49,713 [ERROR] Error on sample 0: a bytes-like object is required, not 'str'
2026-03-16 21:02:49,714 [ERROR] Error on sample 0: a bytes-like object is required, not 'str'
2026-03-16 21:02:49,715 [ERROR] Error on sample 0: a bytes-like object is required, not 'str'
2026-03-16 21:02:49,716 [ERROR] Error on sample 0: a bytes-like object is required, not 'str'
2026-03-16 21:02:49,716 [ERROR] Error on sample 0: a bytes-like object is required, not 'str'
2026-03-16 21:02:49,717 [ERROR] Error on sample 0: a bytes-like object is required, not 'str'
2026-03-16 21:02:49,718 [ERROR] Error on sample 0: a bytes-like object is required, not 'str'
2026-03-16 21:02:49,718 [ERROR] Error on sample 0: a bytes-like object is required, not 'str'
2026-03-16 21:02:49,719 [ERROR] Error on sample 0: a bytes-like object is required, not 'str'
2026-03-16 21:02:49,720 [ERROR] Error on sample 0: a bytes-like object is required, not 'str'
2026-03-16 21:02:49,721 [ERROR] Error on sample 0: a bytes-like object is required, not 'str'
2026-03-16 21:02:49,721 [ERROR] Error on sample 0: a bytes-like object is required, not 'str'
2026-03-16 21:02:49,722 [ERROR] Error on sample 0: a bytes-like object is required, not 'str'
2026-03-16 21:02:49,723 [ERROR] Error on sample 0: a bytes-like object is required, not 'str'
2026-03-16 21:02:49,723 [ERROR] Error on sample 0: a bytes-like object is required, not 'str'
2026-03-16 21:02:49,724 [ERROR] Error on sample 0: a bytes-like object is required, not 'str'
2026-03-16 21:02:49,725 [ERROR] Error on sample 0: a bytes-like object is required, not 'str'
2026-03-16 21:02:49,726 [ERROR] Error on sample 0: a bytes-like object is required, not 'str'
2026-03-16 21:02:49,726 [ERROR] Error on sample 0: a bytes-like object is required, not 'str'
2026-03-16 21:02:49,727 [ERROR] Error on sample 0: a bytes-like object is required, not 'str'
2026-03-16 21:02:49,728 [ERROR] Error on sample 0: a bytes-like object is required, not 'str'
2026-03-16 21:02:49,728 [ERROR] Error on sample 0: a bytes-like object is required, not 'str'
2026-03-16 21:02:49,729 [ERROR] Error on sample 0: a bytes-like object is required, not 'str'
2026-03-16 21:02:49,730 [ERROR] Error on sample 0: a bytes-like object is required, not 'str'
2026-03-16 21:02:49,731 [ERROR] Error on sample 0: a bytes-like object is required, not 'str'
2026-03-16 21:02:49,731 [ERROR] Error on sample 0: a bytes-like object is required, not 'str'
2026-03-16 21:02:49,732 [ERROR] Error on sample 0: a bytes-like object is required, not 'str'
2026-03-16 21:02:49,733 [ERROR] Error on sample 0: a bytes-like object is required, not 'str'
2026-03-16 21:02:49,733 [ERROR] Error on sample 0: a bytes-like object is required, not 'str'
2026-03-16 21:02:49,734 [ERROR] Error on sample 0: a bytes-like object is required, not 'str'
2026-03-16 21:02:49,735 [ERROR] Error on sample 0: a bytes-like object is required, not 'str'
2026-03-16 21:02:49,736 [ERROR] Error on sample 0: a bytes-like object is required, not 'str'
2026-03-16 21:02:49,736 [ERROR] Error on sample 0: a bytes-like object is required, not 'str'
2026-03-16 21:02:49,737 [ERROR] Error on sample 0: a bytes-like object is required, not 'str'
2026-03-16 21:02:49,738 [ERROR] Error on sample 0: a bytes-like object is required, not 'str'
2026-03-16 21:02:49,738 [ERROR] Error on sample 0: a bytes-like object is required, not 'str'
2026-03-16 21:02:49,739 [ERROR] Error on sample 0: a bytes-like object is required, not 'str'
2026-03-16 21:02:49,740 [ERROR] Error on sample 0: a bytes-like object is required, not 'str'
2026-03-16 21:02:49,741 [ERROR] Error on sample 0: a bytes-like object is required, not 'str'
2026-03-16 21:02:49,741 [ERROR] Error on sample 0: a bytes-like object is required, not 'str'
2026-03-16 21:02:49,742 [ERROR] Error on sample 0: a bytes-like object is required, not 'str'
2026-03-16 21:02:49,743 [ERROR] Error on sample 0: a bytes-like object is required, not 'str'
2026-03-16 21:02:49,744 [ERROR] Error on sample 0: a bytes-like object is required, not 'str'
2026-03-16 21:02:49,744 [ERROR] Error on sample 0: a bytes-like object is required, not 'str'
2026-03-16 21:02:49,745 [ERROR] Error on sample 0: a bytes-like object is required, not 'str'
2026-03-16 21:02:49,746 [ERROR] Error on sample 0: a bytes-like object is required, not 'str'
2026-03-16 21:02:49,746 [ERROR] Error on sample 0: a bytes-like object is required, not 'str'
2026-03-16 21:02:49,747 [ERROR] Error on sample 0: a bytes-like object is required, not 'str'
2026-03-16 21:02:49,748 [ERROR] Error on sample 0: a bytes-like object is required, not 'str'
2026-03-16 21:02:49,748 [ERROR] Error on sample 0: a bytes-like object is required, not 'str'
2026-03-16 21:02:49,749 [ERROR] Error on sample 0: a bytes-like object is required, not 'str'
2026-03-16 21:02:49,750 [ERROR] Error on sample 0: a bytes-like object is required, not 'str'
2026-03-16 21:02:49,751 [ERROR] Error on sample 0: a bytes-like object is required, not 'str'
2026-03-16 21:02:49,751 [ERROR] Error on sample 0: a bytes-like object is required, not 'str'
2026-03-16 21:02:49,752 [ERROR] Error on sample 0: a bytes-like object is required, not 'str'
2026-03-16 21:02:49,753 [ERROR] Error on sample 0: a bytes-like object is required, not 'str'
2026-03-16 21:02:49,753 [ERROR] Error on sample 0: a bytes-like object is required, not 'str'
2026-03-16 21:02:49,754 [ERROR] Error on sample 0: a bytes-like object is required, not 'str'
2026-03-16 21:02:49,755 [ERROR] Error on sample 0: a bytes-like object is required, not 'str'
2026-03-16 21:02:49,755 [ERROR] Error on sample 0: a bytes-like object is required, not 'str'
2026-03-16 21:02:49,756 [ERROR] Error on sample 0: a bytes-like object is required, not 'str'
2026-03-16 21:02:49,757 [ERROR] Error on sample 0: a bytes-like object is required, not 'str'
2026-03-16 21:02:49,757 [ERROR] Error on sample 0: a bytes-like object is required, not 'str'
2026-03-16 21:02:49,758 [ERROR] Error on sample 0: a bytes-like object is required, not 'str'
2026-03-16 21:02:49,759 [ERROR] Error on sample 0: a bytes-like object is required, not 'str'
2026-03-16 21:02:49,759 [ERROR] Error on sample 0: a bytes-like object is required, not 'str'
2026-03-16 21:02:49,760 [ERROR] Error on sample 0: a bytes-like object is required, not 'str'
2026-03-16 21:02:49,761 [ERROR] Error on sample 0: a bytes-like object is required, not 'str'
2026-03-16 21:02:49,761 [ERROR] Error on sample 0: a bytes-like object is required, not 'str'
2026-03-16 21:02:49,762 [ERROR] Error on sample 0: a bytes-like object is required, not 'str'
2026-03-16 21:02:49,763 [ERROR] Error on sample 0: a bytes-like object is required, not 'str'
2026-03-16 21:02:49,763 [ERROR] Error on sample 0: a bytes-like object is required, not 'str'
2026-03-16 21:02:49,764 [ERROR] Error on sample 0: a bytes-like object is required, not 'str'
2026-03-16 21:02:49,765 [ERROR] Error on sample 0: a bytes-like object is required, not 'str'
2026-03-16 21:02:49,765 [ERROR] Error on sample 0: a bytes-like object is required, not 'str'
2026-03-16 21:02:49,766 [ERROR] Error on sample 0: a bytes-like object is required, not 'str'
2026-03-16 21:02:49,767 [ERROR] Error on sample 0: a bytes-like object is required, not 'str'
2026-03-16 21:02:49,768 [ERROR] Error on sample 0: a bytes-like object is required, not 'str'
2026-03-16 21:02:49,768 [ERROR] Error on sample 0: a bytes-like object is required, not 'str'
2026-03-16 21:02:49,769 [ERROR] Error on sample 0: a bytes-like object is required, not 'str'
2026-03-16 21:02:49,770 [ERROR] Error on sample 0: a bytes-like object is required, not 'str'
2026-03-16 21:02:49,770 [ERROR] Error on sample 0: a bytes-like object is required, not 'str'
2026-03-16 21:02:49,771 [ERROR] Error on sample 0: a bytes-like object is required, not 'str'
2026-03-16 21:02:49,772 [ERROR] Error on sample 0: a bytes-like object is required, not 'str'
2026-03-16 21:02:49,772 [ERROR] Error on sample 0: a bytes-like object is required, not 'str'
2026-03-16 21:02:49,773 [ERROR] Error on sample 0: a bytes-like object is required, not 'str'
2026-03-16 21:02:49,774 [ERROR] Error on sample 0: a bytes-like object is required, not 'str'
2026-03-16 21:02:49,774 [ERROR] Error on sample 0: a bytes-like object is required, not 'str'
2026-03-16 21:02:49,775 [ERROR] Error on sample 0: a bytes-like object is required, not 'str'
2026-03-16 21:02:49,776 [ERROR] Error on sample 0: a bytes-like object is required, not 'str'
2026-03-16 21:02:49,777 [ERROR] Error on sample 0: a bytes-like object is required, not 'str'
2026-03-16 21:02:49,777 [ERROR] Error on sample 0: a bytes-like object is required, not 'str'
2026-03-16 21:02:49,778 [ERROR] Error on sample 0: a bytes-like object is required, not 'str'
2026-03-16 21:02:49,779 [ERROR] Error on sample 0: a bytes-like object is required, not 'str'
2026-03-16 21:02:49,779 [ERROR] Error on sample 0: a bytes-like object is required, not 'str'
2026-03-16 21:02:49,780 [ERROR] Error on sample 0: a bytes-like object is required, not 'str'
2026-03-16 21:02:49,781 [ERROR] Error on sample 0: a bytes-like object is required, not 'str'
2026-03-16 21:02:49,782 [ERROR] Error on sample 0: a bytes-like object is required, not 'str'
2026-03-16 21:02:49,782 [ERROR] Error on sample 0: a bytes-like object is required, not 'str'
2026-03-16 21:02:49,783 [ERROR] Error on sample 0: a bytes-like object is required, not 'str'
2026-03-16 21:02:49,784 [ERROR] Error on sample 0: a bytes-like object is required, not 'str'
2026-03-16 21:02:49,784 [ERROR] Error on sample 0: a bytes-like object is required, not 'str'
2026-03-16 21:02:49,785 [ERROR] Error on sample 0: a bytes-like object is required, not 'str'
2026-03-16 21:02:49,786 [ERROR] Error on sample 0: a bytes-like object is required, not 'str'
2026-03-16 21:02:49,786 [ERROR] Error on sample 0: a bytes-like object is required, not 'str'
2026-03-16 21:02:49,787 [ERROR] Error on sample 0: a bytes-like object is required, not 'str'
2026-03-16 21:02:49,788 [ERROR] Error on sample 0: a bytes-like object is required, not 'str'
2026-03-16 21:02:49,788 [ERROR] Error on sample 0: a bytes-like object is required, not 'str'
2026-03-16 21:02:49,789 [ERROR] Error on sample 0: a bytes-like object is required, not 'str'
2026-03-16 21:02:49,790 [ERROR] Error on sample 0: a bytes-like object is required, not 'str'
2026-03-16 21:02:49,791 [ERROR] Error on sample 0: a bytes-like object is required, not 'str'
2026-03-16 21:02:49,791 [ERROR] Error on sample 0: a bytes-like object is required, not 'str'
2026-03-16 21:02:49,792 [ERROR] Error on sample 0: a bytes-like object is required, not 'str'
2026-03-16 21:02:49,793 [ERROR] Error on sample 0: a bytes-like object is required, not 'str'
2026-03-16 21:02:49,793 [ERROR] Error on sample 0: a bytes-like object is required, not 'str'
2026-03-16 21:02:49,794 [ERROR] Error on sample 0: a bytes-like object is required, not 'str'
2026-03-16 21:02:49,795 [ERROR] Error on sample 0: a bytes-like object is required, not 'str'
2026-03-16 21:02:49,796 [ERROR] Error on sample 0: a bytes-like object is required, not 'str'
2026-03-16 21:02:49,796 [ERROR] Error on sample 0: a bytes-like object is required, not 'str'
2026-03-16 21:02:49,797 [ERROR] Error on sample 0: a bytes-like object is required, not 'str'
2026-03-16 21:02:49,798 [ERROR] Error on sample 0: a bytes-like object is required, not 'str'
2026-03-16 21:02:49,798 [ERROR] Error on sample 0: a bytes-like object is required, not 'str'
2026-03-16 21:02:49,799 [ERROR] Error on sample 0: a bytes-like object is required, not 'str'
2026-03-16 21:02:49,800 [ERROR] Error on sample 0: a bytes-like object is required, not 'str'
2026-03-16 21:02:49,801 [ERROR] Error on sample 0: a bytes-like object is required, not 'str'
2026-03-16 21:02:49,801 [ERROR] Error on sample 0: a bytes-like object is required, not 'str'
2026-03-16 21:02:49,802 [ERROR] Error on sample 0: a bytes-like object is required, not 'str'
2026-03-16 21:02:49,803 [ERROR] Error on sample 0: a bytes-like object is required, not 'str'
2026-03-16 21:02:49,803 [ERROR] Error on sample 0: a bytes-like object is required, not 'str'
2026-03-16 21:02:49,804 [ERROR] Error on sample 0: a bytes-like object is required, not 'str'
2026-03-16 21:02:49,805 [ERROR] Error on sample 0: a bytes-like object is required, not 'str'
2026-03-16 21:02:49,806 [ERROR] Error on sample 0: a bytes-like object is required, not 'str'
2026-03-16 21:02:49,806 [ERROR] Error on sample 0: a bytes-like object is required, not 'str'
2026-03-16 21:02:49,807 [ERROR] Error on sample 0: a bytes-like object is required, not 'str'
2026-03-16 21:02:49,808 [ERROR] Error on sample 0: a bytes-like object is required, not 'str'
2026-03-16 21:02:49,809 [ERROR] Error on sample 0: a bytes-like object is required, not 'str'
2026-03-16 21:02:49,809 [ERROR] Error on sample 0: a bytes-like object is required, not 'str'
2026-03-16 21:02:49,810 [ERROR] Error on sample 0: a bytes-like object is required, not 'str'
2026-03-16 21:02:49,811 [ERROR] Error on sample 0: a bytes-like object is required, not 'str'
2026-03-16 21:02:49,811 [ERROR] Error on sample 0: a bytes-like object is required, not 'str'
2026-03-16 21:02:49,812 [ERROR] Error on sample 0: a bytes-like object is required, not 'str'
2026-03-16 21:02:49,813 [ERROR] Error on sample 0: a bytes-like object is required, not 'str'
2026-03-16 21:02:49,814 [ERROR] Error on sample 0: a bytes-like object is required, not 'str'
2026-03-16 21:02:49,814 [ERROR] Error on sample 0: a bytes-like object is required, not 'str'
2026-03-16 21:02:49,815 [ERROR] Error on sample 0: a bytes-like object is required, not 'str'
2026-03-16 21:02:49,816 [ERROR] Error on sample 0: a bytes-like object is required, not 'str'
2026-03-16 21:02:49,816 [ERROR] Error on sample 0: a bytes-like object is required, not 'str'
2026-03-16 21:02:49,817 [ERROR] Error on sample 0: a bytes-like object is required, not 'str'
2026-03-16 21:02:49,818 [ERROR] Error on sample 0: a bytes-like object is required, not 'str'
2026-03-16 21:02:49,819 [ERROR] Error on sample 0: a bytes-like object is required, not 'str'
2026-03-16 21:02:49,819 [ERROR] Error on sample 0: a bytes-like object is required, not 'str'
2026-03-16 21:02:49,820 [ERROR] Error on sample 0: a bytes-like object is required, not 'str'
2026-03-16 21:02:49,821 [ERROR] Error on sample 0: a bytes-like object is required, not 'str'
2026-03-16 21:02:49,822 [ERROR] Error on sample 0: a bytes-like object is required, not 'str'
2026-03-16 21:02:49,822 [ERROR] Error on sample 0: a bytes-like object is required, not 'str'
2026-03-16 21:02:49,823 [ERROR] Error on sample 0: a bytes-like object is required, not 'str'
2026-03-16 21:02:49,824 [ERROR] Error on sample 0: a bytes-like object is required, not 'str'
2026-03-16 21:02:49,824 [ERROR] Error on sample 0: a bytes-like object is required, not 'str'
2026-03-16 21:02:49,825 [ERROR] Error on sample 0: a bytes-like object is required, not 'str'
2026-03-16 21:02:49,826 [ERROR] Error on sample 0: a bytes-like object is required, not 'str'
2026-03-16 21:02:49,826 [ERROR] Error on sample 0: a bytes-like object is required, not 'str'
2026-03-16 21:02:49,827 [ERROR] Error on sample 0: a bytes-like object is required, not 'str'
2026-03-16 21:02:49,828 [ERROR] Error on sample 0: a bytes-like object is required, not 'str'
2026-03-16 21:02:49,829 [ERROR] Error on sample 0: a bytes-like object is required, not 'str'
2026-03-16 21:02:49,829 [ERROR] Error on sample 0: a bytes-like object is required, not 'str'
2026-03-16 21:02:49,830 [ERROR] Error on sample 0: a bytes-like object is required, not 'str'
2026-03-16 21:02:49,831 [ERROR] Error on sample 0: a bytes-like object is required, not 'str'
2026-03-16 21:02:49,832 [ERROR] Error on sample 0: a bytes-like object is required, not 'str'
2026-03-16 21:02:49,832 [ERROR] Error on sample 0: a bytes-like object is required, not 'str'
2026-03-16 21:02:49,833 [ERROR] Error on sample 0: a bytes-like object is required, not 'str'
2026-03-16 21:02:49,834 [ERROR] Error on sample 0: a bytes-like object is required, not 'str'
2026-03-16 21:02:49,834 [ERROR] Error on sample 0: a bytes-like object is required, not 'str'
2026-03-16 21:02:49,835 [ERROR] Error on sample 0: a bytes-like object is required, not 'str'
2026-03-16 21:02:49,836 [ERROR] Error on sample 0: a bytes-like object is required, not 'str'
2026-03-16 21:02:49,837 [ERROR] Error on sample 0: a bytes-like object is required, not 'str'
2026-03-16 21:02:49,837 [ERROR] Error on sample 0: a bytes-like object is required, not 'str'
2026-03-16 21:02:49,838 [ERROR] Error on sample 0: a bytes-like object is required, not 'str'
2026-03-16 21:02:49,839 [ERROR] Error on sample 0: a bytes-like object is required, not 'str'
2026-03-16 21:02:49,839 [ERROR] Error on sample 0: a bytes-like object is required, not 'str'
2026-03-16 21:02:49,840 [ERROR] Error on sample 0: a bytes-like object is required, not 'str'
2026-03-16 21:02:49,841 [ERROR] Error on sample 0: a bytes-like object is required, not 'str'
2026-03-16 21:02:49,842 [ERROR] Error on sample 0: a bytes-like object is required, not 'str'
2026-03-16 21:02:49,842 [ERROR] Error on sample 0: a bytes-like object is required, not 'str'
2026-03-16 21:02:49,843 [ERROR] Error on sample 0: a bytes-like object is required, not 'str'
2026-03-16 21:02:49,844 [ERROR] Error on sample 0: a bytes-like object is required, not 'str'
2026-03-16 21:02:49,845 [ERROR] Error on sample 0: a bytes-like object is required, not 'str'
2026-03-16 21:02:49,845 [ERROR] Error on sample 0: a bytes-like object is required, not 'str'
2026-03-16 21:02:49,846 [ERROR] Error on sample 0: a bytes-like object is required, not 'str'
2026-03-16 21:02:49,847 [ERROR] Error on sample 0: a bytes-like object is required, not 'str'
2026-03-16 21:02:49,847 [ERROR] Error on sample 0: a bytes-like object is required, not 'str'
2026-03-16 21:02:49,848 [ERROR] Error on sample 0: a bytes-like object is required, not 'str'
2026-03-16 21:02:49,849 [ERROR] Error on sample 0: a bytes-like object is required, not 'str'
2026-03-16 21:02:49,850 [ERROR] Error on sample 0: a bytes-like object is required, not 'str'
2026-03-16 21:02:49,850 [ERROR] Error on sample 0: a bytes-like object is required, not 'str'
2026-03-16 21:02:49,851 [ERROR] Error on sample 0: a bytes-like object is required, not 'str'
2026-03-16 21:02:49,852 [ERROR] Error on sample 0: a bytes-like object is required, not 'str'
2026-03-16 21:02:49,852 [ERROR] Error on sample 0: a bytes-like object is required, not 'str'
2026-03-16 21:02:49,853 [ERROR] Error on sample 0: a bytes-like object is required, not 'str'
2026-03-16 21:02:49,854 [ERROR] Error on sample 0: a bytes-like object is required, not 'str'
2026-03-16 21:02:49,855 [ERROR] Error on sample 0: a bytes-like object is required, not 'str'
2026-03-16 21:02:49,855 [ERROR] Error on sample 0: a bytes-like object is required, not 'str'
2026-03-16 21:02:49,856 [ERROR] Error on sample 0: a bytes-like object is required, not 'str'
2026-03-16 21:02:49,857 [ERROR] Error on sample 0: a bytes-like object is required, not 'str'
2026-03-16 21:02:49,857 [ERROR] Error on sample 0: a bytes-like object is required, not 'str'
2026-03-16 21:02:49,858 [ERROR] Error on sample 0: a bytes-like object is required, not 'str'
2026-03-16 21:02:49,859 [ERROR] Error on sample 0: a bytes-like object is required, not 'str'
2026-03-16 21:02:49,860 [ERROR] Error on sample 0: a bytes-like object is required, not 'str'
2026-03-16 21:02:49,860 [ERROR] Error on sample 0: a bytes-like object is required, not 'str'
2026-03-16 21:02:49,861 [ERROR] Error on sample 0: a bytes-like object is required, not 'str'
2026-03-16 21:02:49,862 [ERROR] Error on sample 0: a bytes-like object is required, not 'str'
2026-03-16 21:02:49,863 [ERROR] Error on sample 0: a bytes-like object is required, not 'str'
2026-03-16 21:02:49,865 [ERROR] Error on sample 0: a bytes-like object is required, not 'str'
2026-03-16 21:02:49,866 [ERROR] Error on sample 0: a bytes-like object is required, not 'str'
2026-03-16 21:02:49,867 [ERROR] Error on sample 0: a bytes-like object is required, not 'str'
2026-03-16 21:02:49,868 [ERROR] Error on sample 0: a bytes-like object is required, not 'str'
2026-03-16 21:02:49,869 [ERROR] Error on sample 0: a bytes-like object is required, not 'str'
2026-03-16 21:02:49,870 [ERROR] Error on sample 0: a bytes-like object is required, not 'str'
2026-03-16 21:02:49,871 [ERROR] Error on sample 0: a bytes-like object is required, not 'str'
2026-03-16 21:02:49,872 [ERROR] Error on sample 0: a bytes-like object is required, not 'str'
2026-03-16 21:02:49,873 [ERROR] Error on sample 0: a bytes-like object is required, not 'str'
2026-03-16 21:02:49,874 [ERROR] Error on sample 0: a bytes-like object is required, not 'str'
2026-03-16 21:02:49,875 [ERROR] Error on sample 0: a bytes-like object is required, not 'str'
2026-03-16 21:02:49,876 [ERROR] Error on sample 0: a bytes-like object is required, not 'str'
2026-03-16 21:02:49,877 [ERROR] Error on sample 0: a bytes-like object is required, not 'str'
2026-03-16 21:02:49,878 [ERROR] Error on sample 0: a bytes-like object is required, not 'str'
2026-03-16 21:02:49,879 [ERROR] Error on sample 0: a bytes-like object is required, not 'str'
2026-03-16 21:02:49,880 [ERROR] Error on sample 0: a bytes-like object is required, not 'str'
2026-03-16 21:02:49,882 [ERROR] Error on sample 0: a bytes-like object is required, not 'str'
2026-03-16 21:02:49,883 [ERROR] Error on sample 0: a bytes-like object is required, not 'str'
2026-03-16 21:02:49,884 [ERROR] Error on sample 0: a bytes-like object is required, not 'str'
2026-03-16 21:02:49,885 [ERROR] Error on sample 0: a bytes-like object is required, not 'str'
2026-03-16 21:02:49,886 [ERROR] Error on sample 0: a bytes-like object is required, not 'str'
2026-03-16 21:02:49,887 [ERROR] Error on sample 0: a bytes-like object is required, not 'str'
2026-03-16 21:02:49,888 [ERROR] Error on sample 0: a bytes-like object is required, not 'str'
2026-03-16 21:02:49,889 [ERROR] Error on sample 0: a bytes-like object is required, not 'str'
2026-03-16 21:02:49,890 [ERROR] Error on sample 0: a bytes-like object is required, not 'str'
2026-03-16 21:02:49,891 [ERROR] Error on sample 0: a bytes-like object is required, not 'str'
2026-03-16 21:02:49,892 [ERROR] Error on sample 0: a bytes-like object is required, not 'str'
2026-03-16 21:02:49,893 [ERROR] Error on sample 0: a bytes-like object is required, not 'str'
2026-03-16 21:02:49,894 [ERROR] Error on sample 0: a bytes-like object is required, not 'str'
2026-03-16 21:02:49,895 [ERROR] Error on sample 0: a bytes-like object is required, not 'str'
2026-03-16 21:02:49,896 [ERROR] Error on sample 0: a bytes-like object is required, not 'str'
2026-03-16 21:02:49,897 [ERROR] Error on sample 0: a bytes-like object is required, not 'str'
2026-03-16 21:02:49,898 [ERROR] Error on sample 0: a bytes-like object is required, not 'str'
2026-03-16 21:02:49,899 [ERROR] Error on sample 0: a bytes-like object is required, not 'str'
2026-03-16 21:02:49,900 [ERROR] Error on sample 0: a bytes-like object is required, not 'str'
2026-03-16 21:02:49,901 [ERROR] Error on sample 0: a bytes-like object is required, not 'str'
2026-03-16 21:02:49,902 [ERROR] Error on sample 0: a bytes-like object is required, not 'str'
2026-03-16 21:02:49,903 [ERROR] Error on sample 0: a bytes-like object is required, not 'str'
2026-03-16 21:02:49,904 [ERROR] Error on sample 0: a bytes-like object is required, not 'str'
2026-03-16 21:02:49,908 [ERROR] Error on sample 0: a bytes-like object is required, not 'str'
2026-03-16 21:02:49,909 [ERROR] Error on sample 0: a bytes-like object is required, not 'str'
2026-03-16 21:02:49,910 [ERROR] Error on sample 0: a bytes-like object is required, not 'str'
2026-03-16 21:02:49,911 [ERROR] Error on sample 0: a bytes-like object is required, not 'str'
2026-03-16 21:02:49,912 [ERROR] Error on sample 0: a bytes-like object is required, not 'str'
2026-03-16 21:02:49,913 [ERROR] Error on sample 0: a bytes-like object is required, not 'str'
2026-03-16 21:02:49,915 [ERROR] Error on sample 0: a bytes-like object is required, not 'str'
2026-03-16 21:02:49,917 [ERROR] Error on sample 0: a bytes-like object is required, not 'str'
2026-03-16 21:02:49,918 [ERROR] Error on sample 0: a bytes-like object is required, not 'str'
2026-03-16 21:02:49,919 [ERROR] Error on sample 0: a bytes-like object is required, not 'str'
2026-03-16 21:02:49,920 [ERROR] Error on sample 0: a bytes-like object is required, not 'str'
2026-03-16 21:02:49,920 [ERROR] Error on sample 0: a bytes-like object is required, not 'str'
2026-03-16 21:02:49,921 [ERROR] Error on sample 0: a bytes-like object is required, not 'str'
2026-03-16 21:02:49,922 [ERROR] Error on sample 0: a bytes-like object is required, not 'str'
2026-03-16 21:02:49,922 [ERROR] Error on sample 0: a bytes-like object is required, not 'str'
2026-03-16 21:02:49,923 [ERROR] Error on sample 0: a bytes-like object is required, not 'str'
2026-03-16 21:02:49,924 [ERROR] Error on sample 0: a bytes-like object is required, not 'str'
2026-03-16 21:02:49,924 [ERROR] Error on sample 0: a bytes-like object is required, not 'str'
2026-03-16 21:02:49,925 [ERROR] Error on sample 0: a bytes-like object is required, not 'str'
2026-03-16 21:02:49,926 [ERROR] Error on sample 0: a bytes-like object is required, not 'str'
2026-03-16 21:02:49,926 [ERROR] Error on sample 0: a bytes-like object is required, not 'str'
2026-03-16 21:02:49,927 [ERROR] Error on sample 0: a bytes-like object is required, not 'str'
2026-03-16 21:02:49,928 [ERROR] Error on sample 0: a bytes-like object is required, not 'str'
2026-03-16 21:02:49,929 [ERROR] Error on sample 0: a bytes-like object is required, not 'str'
2026-03-16 21:02:49,929 [ERROR] Error on sample 0: a bytes-like object is required, not 'str'
2026-03-16 21:02:49,930 [ERROR] Error on sample 0: a bytes-like object is required, not 'str'
2026-03-16 21:02:49,931 [ERROR] Error on sample 0: a bytes-like object is required, not 'str'
2026-03-16 21:02:49,932 [ERROR] Error on sample 0: a bytes-like object is required, not 'str'
2026-03-16 21:02:49,932 [ERROR] Error on sample 0: a bytes-like object is required, not 'str'
2026-03-16 21:02:49,933 [ERROR] Error on sample 0: a bytes-like object is required, not 'str'
2026-03-16 21:02:49,934 [ERROR] Error on sample 0: a bytes-like object is required, not 'str'
2026-03-16 21:02:49,934 [ERROR] Error on sample 0: a bytes-like object is required, not 'str'
2026-03-16 21:02:49,935 [ERROR] Error on sample 0: a bytes-like object is required, not 'str'
2026-03-16 21:02:49,936 [ERROR] Error on sample 0: a bytes-like object is required, not 'str'
2026-03-16 21:02:49,936 [ERROR] Error on sample 0: a bytes-like object is required, not 'str'
2026-03-16 21:02:49,937 [ERROR] Error on sample 0: a bytes-like object is required, not 'str'
2026-03-16 21:02:49,938 [ERROR] Error on sample 0: a bytes-like object is required, not 'str'
2026-03-16 21:02:49,939 [ERROR] Error on sample 0: a bytes-like object is required, not 'str'
2026-03-16 21:02:49,939 [ERROR] Error on sample 0: a bytes-like object is required, not 'str'
2026-03-16 21:02:49,940 [ERROR] Error on sample 0: a bytes-like object is required, not 'str'
2026-03-16 21:02:49,941 [ERROR] Error on sample 0: a bytes-like object is required, not 'str'
2026-03-16 21:02:49,941 [ERROR] Error on sample 0: a bytes-like object is required, not 'str'
2026-03-16 21:02:49,942 [ERROR] Error on sample 0: a bytes-like object is required, not 'str'
2026-03-16 21:02:49,943 [ERROR] Error on sample 0: a bytes-like object is required, not 'str'
2026-03-16 21:02:49,944 [ERROR] Error on sample 0: a bytes-like object is required, not 'str'
2026-03-16 21:02:49,944 [ERROR] Error on sample 0: a bytes-like object is required, not 'str'
2026-03-16 21:02:49,945 [ERROR] Error on sample 0: a bytes-like object is required, not 'str'
2026-03-16 21:02:49,946 [ERROR] Error on sample 0: a bytes-like object is required, not 'str'
2026-03-16 21:02:49,946 [ERROR] Error on sample 0: a bytes-like object is required, not 'str'
2026-03-16 21:02:49,947 [ERROR] Error on sample 0: a bytes-like object is required, not 'str'
2026-03-16 21:02:49,948 [ERROR] Error on sample 0: a bytes-like object is required, not 'str'
2026-03-16 21:02:49,949 [ERROR] Error on sample 0: a bytes-like object is required, not 'str'
2026-03-16 21:02:49,949 [ERROR] Error on sample 0: a bytes-like object is required, not 'str'
2026-03-16 21:02:49,950 [ERROR] Error on sample 0: a bytes-like object is required, not 'str'
2026-03-16 21:02:49,951 [ERROR] Error on sample 0: a bytes-like object is required, not 'str'
2026-03-16 21:02:49,951 [ERROR] Error on sample 0: a bytes-like object is required, not 'str'
2026-03-16 21:02:49,952 [ERROR] Error on sample 0: a bytes-like object is required, not 'str'
2026-03-16 21:02:49,953 [ERROR] Error on sample 0: a bytes-like object is required, not 'str'
2026-03-16 21:02:49,954 [ERROR] Error on sample 0: a bytes-like object is required, not 'str'
2026-03-16 21:02:49,955 [ERROR] Error on sample 0: a bytes-like object is required, not 'str'
2026-03-16 21:02:49,956 [ERROR] Error on sample 0: a bytes-like object is required, not 'str'
2026-03-16 21:02:49,957 [ERROR] Error on sample 0: a bytes-like object is required, not 'str'
2026-03-16 21:02:49,958 [ERROR] Error on sample 0: a bytes-like object is required, not 'str'
2026-03-16 21:02:49,958 [ERROR] Error on sample 0: a bytes-like object is required, not 'str'
2026-03-16 21:02:49,959 [ERROR] Error on sample 0: a bytes-like object is required, not 'str'
2026-03-16 21:02:49,960 [ERROR] Error on sample 0: a bytes-like object is required, not 'str'
2026-03-16 21:02:49,960 [ERROR] Error on sample 0: a bytes-like object is required, not 'str'
2026-03-16 21:02:49,961 [ERROR] Error on sample 0: a bytes-like object is required, not 'str'
2026-03-16 21:02:49,962 [ERROR] Error on sample 0: a bytes-like object is required, not 'str'
2026-03-16 21:02:49,962 [ERROR] Error on sample 0: a bytes-like object is required, not 'str'
2026-03-16 21:02:49,963 [ERROR] Error on sample 0: a bytes-like object is required, not 'str'
2026-03-16 21:02:49,964 [ERROR] Error on sample 0: a bytes-like object is required, not 'str'
2026-03-16 21:02:49,964 [ERROR] Error on sample 0: a bytes-like object is required, not 'str'
2026-03-16 21:02:49,965 [ERROR] Error on sample 0: a bytes-like object is required, not 'str'
2026-03-16 21:02:49,966 [ERROR] Error on sample 0: a bytes-like object is required, not 'str'
2026-03-16 21:02:49,966 [ERROR] Error on sample 0: a bytes-like object is required, not 'str'
2026-03-16 21:02:49,967 [ERROR] Error on sample 0: a bytes-like object is required, not 'str'
2026-03-16 21:02:49,968 [ERROR] Error on sample 0: a bytes-like object is required, not 'str'
2026-03-16 21:02:49,968 [ERROR] Error on sample 0: a bytes-like object is required, not 'str'
2026-03-16 21:02:49,969 [ERROR] Error on sample 0: a bytes-like object is required, not 'str'
2026-03-16 21:02:49,970 [ERROR] Error on sample 0: a bytes-like object is required, not 'str'
2026-03-16 21:02:49,971 [ERROR] Error on sample 0: a bytes-like object is required, not 'str'
2026-03-16 21:02:49,971 [ERROR] Error on sample 0: a bytes-like object is required, not 'str'
2026-03-16 21:02:49,972 [ERROR] Error on sample 0: a bytes-like object is required, not 'str'
2026-03-16 21:02:49,973 [ERROR] Error on sample 0: a bytes-like object is required, not 'str'
2026-03-16 21:02:49,973 [ERROR] Error on sample 0: a bytes-like object is required, not 'str'
2026-03-16 21:02:49,974 [ERROR] Error on sample 0: a bytes-like object is required, not 'str'
2026-03-16 21:02:49,975 [ERROR] Error on sample 0: a bytes-like object is required, not 'str'
2026-03-16 21:02:49,975 [ERROR] Error on sample 0: a bytes-like object is required, not 'str'
2026-03-16 21:02:49,976 [ERROR] Error on sample 0: a bytes-like object is required, not 'str'
2026-03-16 21:02:49,977 [ERROR] Error on sample 0: a bytes-like object is required, not 'str'
2026-03-16 21:02:49,977 [ERROR] Error on sample 0: a bytes-like object is required, not 'str'
2026-03-16 21:02:49,978 [ERROR] Error on sample 0: a bytes-like object is required, not 'str'
2026-03-16 21:02:49,979 [ERROR] Error on sample 0: a bytes-like object is required, not 'str'
2026-03-16 21:02:49,979 [ERROR] Error on sample 0: a bytes-like object is required, not 'str'
2026-03-16 21:02:49,980 [ERROR] Error on sample 0: a bytes-like object is required, not 'str'
2026-03-16 21:02:49,981 [ERROR] Error on sample 0: a bytes-like object is required, not 'str'
2026-03-16 21:02:49,982 [ERROR] Error on sample 0: a bytes-like object is required, not 'str'
2026-03-16 21:02:49,982 [ERROR] Error on sample 0: a bytes-like object is required, not 'str'
2026-03-16 21:02:49,983 [ERROR] Error on sample 0: a bytes-like object is required, not 'str'
2026-03-16 21:02:49,984 [ERROR] Error on sample 0: a bytes-like object is required, not 'str'
2026-03-16 21:02:49,984 [ERROR] Error on sample 0: a bytes-like object is required, not 'str'
2026-03-16 21:02:49,985 [ERROR] Error on sample 0: a bytes-like object is required, not 'str'
2026-03-16 21:02:49,986 [ERROR] Error on sample 0: a bytes-like object is required, not 'str'
2026-03-16 21:02:49,986 [ERROR] Error on sample 0: a bytes-like object is required, not 'str'
2026-03-16 21:02:49,987 [ERROR] Error on sample 0: a bytes-like object is required, not 'str'
2026-03-16 21:02:49,988 [ERROR] Error on sample 0: a bytes-like object is required, not 'str'
2026-03-16 21:02:49,988 [ERROR] Error on sample 0: a bytes-like object is required, not 'str'
2026-03-16 21:02:49,989 [ERROR] Error on sample 0: a bytes-like object is required, not 'str'
2026-03-16 21:02:49,990 [ERROR] Error on sample 0: a bytes-like object is required, not 'str'
2026-03-16 21:02:49,990 [ERROR] Error on sample 0: a bytes-like object is required, not 'str'
2026-03-16 21:02:49,991 [ERROR] Error on sample 0: a bytes-like object is required, not 'str'
2026-03-16 21:02:49,992 [ERROR] Error on sample 0: a bytes-like object is required, not 'str'
2026-03-16 21:02:49,992 [ERROR] Error on sample 0: a bytes-like object is required, not 'str'
2026-03-16 21:02:49,993 [ERROR] Error on sample 0: a bytes-like object is required, not 'str'
2026-03-16 21:02:49,994 [ERROR] Error on sample 0: a bytes-like object is required, not 'str'
2026-03-16 21:02:49,996 [ERROR] Error on sample 0: a bytes-like object is required, not 'str'
2026-03-16 21:02:49,997 [ERROR] Error on sample 0: a bytes-like object is required, not 'str'
2026-03-16 21:02:49,998 [ERROR] Error on sample 0: a bytes-like object is required, not 'str'
2026-03-16 21:02:49,999 [ERROR] Error on sample 0: a bytes-like object is required, not 'str'
2026-03-16 21:02:50,000 [ERROR] Error on sample 0: a bytes-like object is required, not 'str'
2026-03-16 21:02:50,002 [ERROR] Error on sample 0: a bytes-like object is required, not 'str'
2026-03-16 21:02:50,003 [ERROR] Error on sample 0: a bytes-like object is required, not 'str'
2026-03-16 21:02:50,004 [ERROR] Error on sample 0: a bytes-like object is required, not 'str'
2026-03-16 21:02:50,005 [ERROR] Error on sample 0: a bytes-like object is required, not 'str'
2026-03-16 21:02:50,006 [ERROR] Error on sample 0: a bytes-like object is required, not 'str'
2026-03-16 21:02:50,007 [ERROR] Error on sample 0: a bytes-like object is required, not 'str'
2026-03-16 21:02:50,008 [ERROR] Error on sample 0: a bytes-like object is required, not 'str'
2026-03-16 21:02:50,010 [ERROR] Error on sample 0: a bytes-like object is required, not 'str'
2026-03-16 21:02:50,011 [ERROR] Error on sample 0: a bytes-like object is required, not 'str'
2026-03-16 21:02:50,012 [ERROR] Error on sample 0: a bytes-like object is required, not 'str'
2026-03-16 21:02:50,013 [ERROR] Error on sample 0: a bytes-like object is required, not 'str'
2026-03-16 21:02:50,014 [ERROR] Error on sample 0: a bytes-like object is required, not 'str'
2026-03-16 21:02:50,016 [ERROR] Error on sample 0: a bytes-like object is required, not 'str'
2026-03-16 21:02:50,017 [ERROR] Error on sample 0: a bytes-like object is required, not 'str'
2026-03-16 21:02:50,018 [ERROR] Error on sample 0: a bytes-like object is required, not 'str'
2026-03-16 21:02:50,019 [ERROR] Error on sample 0: a bytes-like object is required, not 'str'
2026-03-16 21:02:50,020 [ERROR] Error on sample 0: a bytes-like object is required, not 'str'
2026-03-16 21:02:50,021 [ERROR] Error on sample 0: a bytes-like object is required, not 'str'
2026-03-16 21:02:50,022 [ERROR] Error on sample 0: a bytes-like object is required, not 'str'
2026-03-16 21:02:50,023 [ERROR] Error on sample 0: a bytes-like object is required, not 'str'
2026-03-16 21:02:50,025 [ERROR] Error on sample 0: a bytes-like object is required, not 'str'
2026-03-16 21:02:50,026 [ERROR] Error on sample 0: a bytes-like object is required, not 'str'
2026-03-16 21:02:50,028 [ERROR] Error on sample 0: a bytes-like object is required, not 'str'
2026-03-16 21:02:50,030 [ERROR] Error on sample 0: a bytes-like object is required, not 'str'
2026-03-16 21:02:50,030 [ERROR] Error on sample 0: a bytes-like object is required, not 'str'
2026-03-16 21:02:50,031 [ERROR] Error on sample 0: a bytes-like object is required, not 'str'
2026-03-16 21:02:50,032 [ERROR] Error on sample 0: a bytes-like object is required, not 'str'
2026-03-16 21:02:50,032 [ERROR] Error on sample 0: a bytes-like object is required, not 'str'
2026-03-16 21:02:50,033 [ERROR] Error on sample 0: a bytes-like object is required, not 'str'
2026-03-16 21:02:50,034 [ERROR] Error on sample 0: a bytes-like object is required, not 'str'
2026-03-16 21:02:50,034 [ERROR] Error on sample 0: a bytes-like object is required, not 'str'
2026-03-16 21:02:50,035 [ERROR] Error on sample 0: a bytes-like object is required, not 'str'
2026-03-16 21:02:50,036 [ERROR] Error on sample 0: a bytes-like object is required, not 'str'
2026-03-16 21:02:50,037 [ERROR] Error on sample 0: a bytes-like object is required, not 'str'
2026-03-16 21:02:50,037 [ERROR] Error on sample 0: a bytes-like object is required, not 'str'
2026-03-16 21:02:50,038 [ERROR] Error on sample 0: a bytes-like object is required, not 'str'
2026-03-16 21:02:50,039 [ERROR] Error on sample 0: a bytes-like object is required, not 'str'
2026-03-16 21:02:50,039 [ERROR] Error on sample 0: a bytes-like object is required, not 'str'
2026-03-16 21:02:50,040 [ERROR] Error on sample 0: a bytes-like object is required, not 'str'
2026-03-16 21:02:50,041 [ERROR] Error on sample 0: a bytes-like object is required, not 'str'
2026-03-16 21:02:50,042 [ERROR] Error on sample 0: a bytes-like object is required, not 'str'
2026-03-16 21:02:50,042 [ERROR] Error on sample 0: a bytes-like object is required, not 'str'
2026-03-16 21:02:50,043 [ERROR] Error on sample 0: a bytes-like object is required, not 'str'
2026-03-16 21:02:50,044 [ERROR] Error on sample 0: a bytes-like object is required, not 'str'
2026-03-16 21:02:50,044 [ERROR] Error on sample 0: a bytes-like object is required, not 'str'
2026-03-16 21:02:50,045 [ERROR] Error on sample 0: a bytes-like object is required, not 'str'
2026-03-16 21:02:50,046 [ERROR] Error on sample 0: a bytes-like object is required, not 'str'
2026-03-16 21:02:50,046 [ERROR] Error on sample 0: a bytes-like object is required, not 'str'
2026-03-16 21:02:50,047 [ERROR] Error on sample 0: a bytes-like object is required, not 'str'
2026-03-16 21:02:50,048 [ERROR] Error on sample 0: a bytes-like object is required, not 'str'
2026-03-16 21:02:50,048 [ERROR] Error on sample 0: a bytes-like object is required, not 'str'
2026-03-16 21:02:50,049 [ERROR] Error on sample 0: a bytes-like object is required, not 'str'
2026-03-16 21:02:50,050 [ERROR] Error on sample 0: a bytes-like object is required, not 'str'
2026-03-16 21:02:50,050 [ERROR] Error on sample 0: a bytes-like object is required, not 'str'
2026-03-16 21:02:50,051 [ERROR] Error on sample 0: a bytes-like object is required, not 'str'
2026-03-16 21:02:50,052 [ERROR] Error on sample 0: a bytes-like object is required, not 'str'
2026-03-16 21:02:50,052 [ERROR] Error on sample 0: a bytes-like object is required, not 'str'
2026-03-16 21:02:50,053 [ERROR] Error on sample 0: a bytes-like object is required, not 'str'
2026-03-16 21:02:50,054 [ERROR] Error on sample 0: a bytes-like object is required, not 'str'
2026-03-16 21:02:50,054 [ERROR] Error on sample 0: a bytes-like object is required, not 'str'
2026-03-16 21:02:50,055 [ERROR] Error on sample 0: a bytes-like object is required, not 'str'
2026-03-16 21:02:50,056 [ERROR] Error on sample 0: a bytes-like object is required, not 'str'
2026-03-16 21:02:50,056 [ERROR] Error on sample 0: a bytes-like object is required, not 'str'
2026-03-16 21:02:50,057 [ERROR] Error on sample 0: a bytes-like object is required, not 'str'
2026-03-16 21:02:50,058 [ERROR] Error on sample 0: a bytes-like object is required, not 'str'
2026-03-16 21:02:50,058 [ERROR] Error on sample 0: a bytes-like object is required, not 'str'
2026-03-16 21:02:50,059 [ERROR] Error on sample 0: a bytes-like object is required, not 'str'
2026-03-16 21:02:50,060 [ERROR] Error on sample 0: a bytes-like object is required, not 'str'
2026-03-16 21:02:50,061 [ERROR] Error on sample 0: a bytes-like object is required, not 'str'
2026-03-16 21:02:50,061 [ERROR] Error on sample 0: a bytes-like object is required, not 'str'
2026-03-16 21:02:50,062 [ERROR] Error on sample 0: a bytes-like object is required, not 'str'
2026-03-16 21:02:50,063 [ERROR] Error on sample 0: a bytes-like object is required, not 'str'
2026-03-16 21:02:50,063 [ERROR] Error on sample 0: a bytes-like object is required, not 'str'
2026-03-16 21:02:50,064 [ERROR] Error on sample 0: a bytes-like object is required, not 'str'
2026-03-16 21:02:50,065 [ERROR] Error on sample 0: a bytes-like object is required, not 'str'
2026-03-16 21:02:50,065 [ERROR] Error on sample 0: a bytes-like object is required, not 'str'
2026-03-16 21:02:50,066 [ERROR] Error on sample 0: a bytes-like object is required, not 'str'
2026-03-16 21:02:50,067 [ERROR] Error on sample 0: a bytes-like object is required, not 'str'
2026-03-16 21:02:50,067 [ERROR] Error on sample 0: a bytes-like object is required, not 'str'
2026-03-16 21:02:50,068 [ERROR] Error on sample 0: a bytes-like object is required, not 'str'
2026-03-16 21:02:50,069 [ERROR] Error on sample 0: a bytes-like object is required, not 'str'
2026-03-16 21:02:50,070 [ERROR] Error on sample 0: a bytes-like object is required, not 'str'
2026-03-16 21:02:50,071 [ERROR] Error on sample 0: a bytes-like object is required, not 'str'
2026-03-16 21:02:50,071 [ERROR] Error on sample 0: a bytes-like object is required, not 'str'
2026-03-16 21:02:50,072 [ERROR] Error on sample 0: a bytes-like object is required, not 'str'
2026-03-16 21:02:50,073 [ERROR] Error on sample 0: a bytes-like object is required, not 'str'
2026-03-16 21:02:50,074 [ERROR] Error on sample 0: a bytes-like object is required, not 'str'
2026-03-16 21:02:50,075 [ERROR] Error on sample 0: a bytes-like object is required, not 'str'
2026-03-16 21:02:50,075 [ERROR] Error on sample 0: a bytes-like object is required, not 'str'
2026-03-16 21:02:50,076 [ERROR] Error on sample 0: a bytes-like object is required, not 'str'
2026-03-16 21:02:50,077 [ERROR] Error on sample 0: a bytes-like object is required, not 'str'
2026-03-16 21:02:50,077 [ERROR] Error on sample 0: a bytes-like object is required, not 'str'
2026-03-16 21:02:50,078 [ERROR] Error on sample 0: a bytes-like object is required, not 'str'
2026-03-16 21:02:50,079 [ERROR] Error on sample 0: a bytes-like object is required, not 'str'
2026-03-16 21:02:50,079 [ERROR] Error on sample 0: a bytes-like object is required, not 'str'
2026-03-16 21:02:50,080 [ERROR] Error on sample 0: a bytes-like object is required, not 'str'
2026-03-16 21:02:50,081 [ERROR] Error on sample 0: a bytes-like object is required, not 'str'
2026-03-16 21:02:50,081 [ERROR] Error on sample 0: a bytes-like object is required, not 'str'
2026-03-16 21:02:50,082 [ERROR] Error on sample 0: a bytes-like object is required, not 'str'
2026-03-16 21:02:50,083 [ERROR] Error on sample 0: a bytes-like object is required, not 'str'
2026-03-16 21:02:50,083 [ERROR] Error on sample 0: a bytes-like object is required, not 'str'
2026-03-16 21:02:50,084 [ERROR] Error on sample 0: a bytes-like object is required, not 'str'
2026-03-16 21:02:50,085 [ERROR] Error on sample 0: a bytes-like object is required, not 'str'
2026-03-16 21:02:50,085 [ERROR] Error on sample 0: a bytes-like object is required, not 'str'
2026-03-16 21:02:50,086 [ERROR] Error on sample 0: a bytes-like object is required, not 'str'
2026-03-16 21:02:50,087 [ERROR] Error on sample 0: a bytes-like object is required, not 'str'
2026-03-16 21:02:50,087 [ERROR] Error on sample 0: a bytes-like object is required, not 'str'
2026-03-16 21:02:50,088 [ERROR] Error on sample 0: a bytes-like object is required, not 'str'
2026-03-16 21:02:50,089 [ERROR] Error on sample 0: a bytes-like object is required, not 'str'
2026-03-16 21:02:50,089 [ERROR] Error on sample 0: a bytes-like object is required, not 'str'
2026-03-16 21:02:50,090 [ERROR] Error on sample 0: a bytes-like object is required, not 'str'
2026-03-16 21:02:50,091 [ERROR] Error on sample 0: a bytes-like object is required, not 'str'
2026-03-16 21:02:50,091 [ERROR] Error on sample 0: a bytes-like object is required, not 'str'
2026-03-16 21:02:50,092 [ERROR] Error on sample 0: a bytes-like object is required, not 'str'
2026-03-16 21:02:50,093 [ERROR] Error on sample 0: a bytes-like object is required, not 'str'
2026-03-16 21:02:50,094 [ERROR] Error on sample 0: a bytes-like object is required, not 'str'
2026-03-16 21:02:50,094 [ERROR] Error on sample 0: a bytes-like object is required, not 'str'
2026-03-16 21:02:50,095 [ERROR] Error on sample 0: a bytes-like object is required, not 'str'
2026-03-16 21:02:50,096 [ERROR] Error on sample 0: a bytes-like object is required, not 'str'
2026-03-16 21:02:50,096 [ERROR] Error on sample 0: a bytes-like object is required, not 'str'
2026-03-16 21:02:50,097 [ERROR] Error on sample 0: a bytes-like object is required, not 'str'
2026-03-16 21:02:50,098 [ERROR] Error on sample 0: a bytes-like object is required, not 'str'
2026-03-16 21:02:50,098 [ERROR] Error on sample 0: a bytes-like object is required, not 'str'
2026-03-16 21:02:50,099 [ERROR] Error on sample 0: a bytes-like object is required, not 'str'
2026-03-16 21:02:50,100 [ERROR] Error on sample 0: a bytes-like object is required, not 'str'
2026-03-16 21:02:50,100 [ERROR] Error on sample 0: a bytes-like object is required, not 'str'
2026-03-16 21:02:50,101 [ERROR] Error on sample 0: a bytes-like object is required, not 'str'
2026-03-16 21:02:50,102 [ERROR] Error on sample 0: a bytes-like object is required, not 'str'
2026-03-16 21:02:50,102 [ERROR] Error on sample 0: a bytes-like object is required, not 'str'
2026-03-16 21:02:50,103 [ERROR] Error on sample 0: a bytes-like object is required, not 'str'
2026-03-16 21:02:50,104 [ERROR] Error on sample 0: a bytes-like object is required, not 'str'
2026-03-16 21:02:50,104 [ERROR] Error on sample 0: a bytes-like object is required, not 'str'
2026-03-16 21:02:50,105 [ERROR] Error on sample 0: a bytes-like object is required, not 'str'
2026-03-16 21:02:50,106 [ERROR] Error on sample 0: a bytes-like object is required, not 'str'
2026-03-16 21:02:50,106 [ERROR] Error on sample 0: a bytes-like object is required, not 'str'
2026-03-16 21:02:50,107 [ERROR] Error on sample 0: a bytes-like object is required, not 'str'
2026-03-16 21:02:50,108 [ERROR] Error on sample 0: a bytes-like object is required, not 'str'
2026-03-16 21:02:50,108 [ERROR] Error on sample 0: a bytes-like object is required, not 'str'
2026-03-16 21:02:50,109 [ERROR] Error on sample 0: a bytes-like object is required, not 'str'
2026-03-16 21:02:50,110 [ERROR] Error on sample 0: a bytes-like object is required, not 'str'
2026-03-16 21:02:50,110 [ERROR] Error on sample 0: a bytes-like object is required, not 'str'
2026-03-16 21:02:50,111 [ERROR] Error on sample 0: a bytes-like object is required, not 'str'
2026-03-16 21:02:50,112 [ERROR] Error on sample 0: a bytes-like object is required, not 'str'
2026-03-16 21:02:50,112 [ERROR] Error on sample 0: a bytes-like object is required, not 'str'
2026-03-16 21:02:50,113 [ERROR] Error on sample 0: a bytes-like object is required, not 'str'
2026-03-16 21:02:50,114 [ERROR] Error on sample 0: a bytes-like object is required, not 'str'
2026-03-16 21:02:50,114 [ERROR] Error on sample 0: a bytes-like object is required, not 'str'
2026-03-16 21:02:50,115 [ERROR] Error on sample 0: a bytes-like object is required, not 'str'
2026-03-16 21:02:50,116 [ERROR] Error on sample 0: a bytes-like object is required, not 'str'
2026-03-16 21:02:50,117 [ERROR] Error on sample 0: a bytes-like object is required, not 'str'
2026-03-16 21:02:50,117 [ERROR] Error on sample 0: a bytes-like object is required, not 'str'
2026-03-16 21:02:50,118 [ERROR] Error on sample 0: a bytes-like object is required, not 'str'
2026-03-16 21:02:50,119 [ERROR] Error on sample 0: a bytes-like object is required, not 'str'
2026-03-16 21:02:50,119 [ERROR] Error on sample 0: a bytes-like object is required, not 'str'
2026-03-16 21:02:50,120 [ERROR] Error on sample 0: a bytes-like object is required, not 'str'
2026-03-16 21:02:50,121 [ERROR] Error on sample 0: a bytes-like object is required, not 'str'
2026-03-16 21:02:50,121 [ERROR] Error on sample 0: a bytes-like object is required, not 'str'
2026-03-16 21:02:50,122 [ERROR] Error on sample 0: a bytes-like object is required, not 'str'
2026-03-16 21:02:50,123 [ERROR] Error on sample 0: a bytes-like object is required, not 'str'
2026-03-16 21:02:50,123 [ERROR] Error on sample 0: a bytes-like object is required, not 'str'
2026-03-16 21:02:50,124 [ERROR] Error on sample 0: a bytes-like object is required, not 'str'
2026-03-16 21:02:50,125 [ERROR] Error on sample 0: a bytes-like object is required, not 'str'
2026-03-16 21:02:50,125 [ERROR] Error on sample 0: a bytes-like object is required, not 'str'
2026-03-16 21:02:50,126 [ERROR] Error on sample 0: a bytes-like object is required, not 'str'
2026-03-16 21:02:50,127 [ERROR] Error on sample 0: a bytes-like object is required, not 'str'
2026-03-16 21:02:50,127 [ERROR] Error on sample 0: a bytes-like object is required, not 'str'
2026-03-16 21:02:50,128 [ERROR] Error on sample 0: a bytes-like object is required, not 'str'
2026-03-16 21:02:50,129 [ERROR] Error on sample 0: a bytes-like object is required, not 'str'
2026-03-16 21:02:50,129 [ERROR] Error on sample 0: a bytes-like object is required, not 'str'
2026-03-16 21:02:50,130 [ERROR] Error on sample 0: a bytes-like object is required, not 'str'
2026-03-16 21:02:50,131 [ERROR] Error on sample 0: a bytes-like object is required, not 'str'
2026-03-16 21:02:50,131 [ERROR] Error on sample 0: a bytes-like object is required, not 'str'
2026-03-16 21:02:50,132 [ERROR] Error on sample 0: a bytes-like object is required, not 'str'
2026-03-16 21:02:50,133 [ERROR] Error on sample 0: a bytes-like object is required, not 'str'
2026-03-16 21:02:50,133 [ERROR] Error on sample 0: a bytes-like object is required, not 'str'
2026-03-16 21:02:50,134 [ERROR] Error on sample 0: a bytes-like object is required, not 'str'
2026-03-16 21:02:50,135 [ERROR] Error on sample 0: a bytes-like object is required, not 'str'
2026-03-16 21:02:50,136 [ERROR] Error on sample 0: a bytes-like object is required, not 'str'
2026-03-16 21:02:50,136 [ERROR] Error on sample 0: a bytes-like object is required, not 'str'
2026-03-16 21:02:50,137 [ERROR] Error on sample 0: a bytes-like object is required, not 'str'
2026-03-16 21:02:50,138 [ERROR] Error on sample 0: a bytes-like object is required, not 'str'
2026-03-16 21:02:50,138 [ERROR] Error on sample 0: a bytes-like object is required, not 'str'
2026-03-16 21:02:50,139 [ERROR] Error on sample 0: a bytes-like object is required, not 'str'
2026-03-16 21:02:50,140 [ERROR] Error on sample 0: a bytes-like object is required, not 'str'
2026-03-16 21:02:50,140 [ERROR] Error on sample 0: a bytes-like object is required, not 'str'
2026-03-16 21:02:50,141 [ERROR] Error on sample 0: a bytes-like object is required, not 'str'
2026-03-16 21:02:50,142 [ERROR] Error on sample 0: a bytes-like object is required, not 'str'
2026-03-16 21:02:50,142 [ERROR] Error on sample 0: a bytes-like object is required, not 'str'
2026-03-16 21:02:50,143 [ERROR] Error on sample 0: a bytes-like object is required, not 'str'
2026-03-16 21:02:50,144 [ERROR] Error on sample 0: a bytes-like object is required, not 'str'
2026-03-16 21:02:50,144 [ERROR] Error on sample 0: a bytes-like object is required, not 'str'
2026-03-16 21:02:50,145 [ERROR] Error on sample 0: a bytes-like object is required, not 'str'
2026-03-16 21:02:50,146 [ERROR] Error on sample 0: a bytes-like object is required, not 'str'
2026-03-16 21:02:50,146 [ERROR] Error on sample 0: a bytes-like object is required, not 'str'
2026-03-16 21:02:50,147 [ERROR] Error on sample 0: a bytes-like object is required, not 'str'
2026-03-16 21:02:50,148 [ERROR] Error on sample 0: a bytes-like object is required, not 'str'
2026-03-16 21:02:50,148 [ERROR] Error on sample 0: a bytes-like object is required, not 'str'
2026-03-16 21:02:50,149 [ERROR] Error on sample 0: a bytes-like object is required, not 'str'
2026-03-16 21:02:50,150 [ERROR] Error on sample 0: a bytes-like object is required, not 'str'
2026-03-16 21:02:50,151 [ERROR] Error on sample 0: a bytes-like object is required, not 'str'
2026-03-16 21:02:50,151 [ERROR] Error on sample 0: a bytes-like object is required, not 'str'
2026-03-16 21:02:50,152 [ERROR] Error on sample 0: a bytes-like object is required, not 'str'
2026-03-16 21:02:50,153 [ERROR] Error on sample 0: a bytes-like object is required, not 'str'
2026-03-16 21:02:50,153 [ERROR] Error on sample 0: a bytes-like object is required, not 'str'
2026-03-16 21:02:50,154 [ERROR] Error on sample 0: a bytes-like object is required, not 'str'
2026-03-16 21:02:50,155 [ERROR] Error on sample 0: a bytes-like object is required, not 'str'
2026-03-16 21:02:50,155 [ERROR] Error on sample 0: a bytes-like object is required, not 'str'
2026-03-16 21:02:50,156 [ERROR] Error on sample 0: a bytes-like object is required, not 'str'
2026-03-16 21:02:50,157 [ERROR] Error on sample 0: a bytes-like object is required, not 'str'
2026-03-16 21:02:50,157 [ERROR] Error on sample 0: a bytes-like object is required, not 'str'
2026-03-16 21:02:50,158 [ERROR] Error on sample 0: a bytes-like object is required, not 'str'
2026-03-16 21:02:50,159 [ERROR] Error on sample 0: a bytes-like object is required, not 'str'
2026-03-16 21:02:50,159 [ERROR] Error on sample 0: a bytes-like object is required, not 'str'
2026-03-16 21:02:50,160 [ERROR] Error on sample 0: a bytes-like object is required, not 'str'
2026-03-16 21:02:50,161 [ERROR] Error on sample 0: a bytes-like object is required, not 'str'
2026-03-16 21:02:50,161 [ERROR] Error on sample 0: a bytes-like object is required, not 'str'
2026-03-16 21:02:50,162 [ERROR] Error on sample 0: a bytes-like object is required, not 'str'
2026-03-16 21:02:50,163 [ERROR] Error on sample 0: a bytes-like object is required, not 'str'
2026-03-16 21:02:50,163 [ERROR] Error on sample 0: a bytes-like object is required, not 'str'
2026-03-16 21:02:50,164 [ERROR] Error on sample 0: a bytes-like object is required, not 'str'
2026-03-16 21:02:50,165 [ERROR] Error on sample 0: a bytes-like object is required, not 'str'
2026-03-16 21:02:50,165 [ERROR] Error on sample 0: a bytes-like object is required, not 'str'
2026-03-16 21:02:50,166 [ERROR] Error on sample 0: a bytes-like object is required, not 'str'
2026-03-16 21:02:50,167 [ERROR] Error on sample 0: a bytes-like object is required, not 'str'
2026-03-16 21:02:50,167 [ERROR] Error on sample 0: a bytes-like object is required, not 'str'
2026-03-16 21:02:50,168 [ERROR] Error on sample 0: a bytes-like object is required, not 'str'
2026-03-16 21:02:50,169 [ERROR] Error on sample 0: a bytes-like object is required, not 'str'
2026-03-16 21:02:50,169 [ERROR] Error on sample 0: a bytes-like object is required, not 'str'
2026-03-16 21:02:50,170 [ERROR] Error on sample 0: a bytes-like object is required, not 'str'
2026-03-16 21:02:50,171 [ERROR] Error on sample 0: a bytes-like object is required, not 'str'
2026-03-16 21:02:50,171 [ERROR] Error on sample 0: a bytes-like object is required, not 'str'
2026-03-16 21:02:50,172 [ERROR] Error on sample 0: a bytes-like object is required, not 'str'
2026-03-16 21:02:50,173 [ERROR] Error on sample 0: a bytes-like object is required, not 'str'
2026-03-16 21:02:50,173 [ERROR] Error on sample 0: a bytes-like object is required, not 'str'
2026-03-16 21:02:50,174 [ERROR] Error on sample 0: a bytes-like object is required, not 'str'
2026-03-16 21:02:50,175 [ERROR] Error on sample 0: a bytes-like object is required, not 'str'
2026-03-16 21:02:50,175 [ERROR] Error on sample 0: a bytes-like object is required, not 'str'
2026-03-16 21:02:50,176 [ERROR] Error on sample 0: a bytes-like object is required, not 'str'
2026-03-16 21:02:50,177 [ERROR] Error on sample 0: a bytes-like object is required, not 'str'
2026-03-16 21:02:50,177 [ERROR] Error on sample 0: a bytes-like object is required, not 'str'
2026-03-16 21:02:50,178 [ERROR] Error on sample 0: a bytes-like object is required, not 'str'
2026-03-16 21:02:50,179 [ERROR] Error on sample 0: a bytes-like object is required, not 'str'
2026-03-16 21:02:50,179 [ERROR] Error on sample 0: a bytes-like object is required, not 'str'
2026-03-16 21:02:50,180 [ERROR] Error on sample 0: a bytes-like object is required, not 'str'
2026-03-16 21:02:50,181 [ERROR] Error on sample 0: a bytes-like object is required, not 'str'
2026-03-16 21:02:50,181 [ERROR] Error on sample 0: a bytes-like object is required, not 'str'
2026-03-16 21:02:50,182 [ERROR] Error on sample 0: a bytes-like object is required, not 'str'
2026-03-16 21:02:50,183 [ERROR] Error on sample 0: a bytes-like object is required, not 'str'
2026-03-16 21:02:50,184 [ERROR] Error on sample 0: a bytes-like object is required, not 'str'
2026-03-16 21:02:50,184 [ERROR] Error on sample 0: a bytes-like object is required, not 'str'
2026-03-16 21:02:50,185 [ERROR] Error on sample 0: a bytes-like object is required, not 'str'
2026-03-16 21:02:50,186 [ERROR] Error on sample 0: a bytes-like object is required, not 'str'
2026-03-16 21:02:50,186 [ERROR] Error on sample 0: a bytes-like object is required, not 'str'
2026-03-16 21:02:50,187 [ERROR] Error on sample 0: a bytes-like object is required, not 'str'
2026-03-16 21:02:50,188 [ERROR] Error on sample 0: a bytes-like object is required, not 'str'
2026-03-16 21:02:50,188 [ERROR] Error on sample 0: a bytes-like object is required, not 'str'
2026-03-16 21:02:50,189 [ERROR] Error on sample 0: a bytes-like object is required, not 'str'
2026-03-16 21:02:50,190 [ERROR] Error on sample 0: a bytes-like object is required, not 'str'
2026-03-16 21:02:50,191 [ERROR] Error on sample 0: a bytes-like object is required, not 'str'
2026-03-16 21:02:50,191 [ERROR] Error on sample 0: a bytes-like object is required, not 'str'
2026-03-16 21:02:50,192 [ERROR] Error on sample 0: a bytes-like object is required, not 'str'
2026-03-16 21:02:50,193 [ERROR] Error on sample 0: a bytes-like object is required, not 'str'
2026-03-16 21:02:50,193 [ERROR] Error on sample 0: a bytes-like object is required, not 'str'
2026-03-16 21:02:50,194 [ERROR] Error on sample 0: a bytes-like object is required, not 'str'
2026-03-16 21:02:50,195 [ERROR] Error on sample 0: a bytes-like object is required, not 'str'
2026-03-16 21:02:50,195 [ERROR] Error on sample 0: a bytes-like object is required, not 'str'
2026-03-16 21:02:50,196 [ERROR] Error on sample 0: a bytes-like object is required, not 'str'
2026-03-16 21:02:50,197 [ERROR] Error on sample 0: a bytes-like object is required, not 'str'
2026-03-16 21:02:50,197 [ERROR] Error on sample 0: a bytes-like object is required, not 'str'
2026-03-16 21:02:50,198 [ERROR] Error on sample 0: a bytes-like object is required, not 'str'
2026-03-16 21:02:50,199 [ERROR] Error on sample 0: a bytes-like object is required, not 'str'
2026-03-16 21:02:50,199 [ERROR] Error on sample 0: a bytes-like object is required, not 'str'
2026-03-16 21:02:50,200 [ERROR] Error on sample 0: a bytes-like object is required, not 'str'
2026-03-16 21:02:50,201 [ERROR] Error on sample 0: a bytes-like object is required, not 'str'
2026-03-16 21:02:50,201 [ERROR] Error on sample 0: a bytes-like object is required, not 'str'
2026-03-16 21:02:50,202 [ERROR] Error on sample 0: a bytes-like object is required, not 'str'
2026-03-16 21:02:50,203 [ERROR] Error on sample 0: a bytes-like object is required, not 'str'
2026-03-16 21:02:50,203 [ERROR] Error on sample 0: a bytes-like object is required, not 'str'
2026-03-16 21:02:50,204 [ERROR] Error on sample 0: a bytes-like object is required, not 'str'
2026-03-16 21:02:50,205 [ERROR] Error on sample 0: a bytes-like object is required, not 'str'
2026-03-16 21:02:50,206 [ERROR] Error on sample 0: a bytes-like object is required, not 'str'
2026-03-16 21:02:50,206 [ERROR] Error on sample 0: a bytes-like object is required, not 'str'
2026-03-16 21:02:50,207 [ERROR] Error on sample 0: a bytes-like object is required, not 'str'
2026-03-16 21:02:50,208 [ERROR] Error on sample 0: a bytes-like object is required, not 'str'
2026-03-16 21:02:50,208 [ERROR] Error on sample 0: a bytes-like object is required, not 'str'
2026-03-16 21:02:50,209 [ERROR] Error on sample 0: a bytes-like object is required, not 'str'
2026-03-16 21:02:50,210 [ERROR] Error on sample 0: a bytes-like object is required, not 'str'
2026-03-16 21:02:50,210 [ERROR] Error on sample 0: a bytes-like object is required, not 'str'
2026-03-16 21:02:50,211 [ERROR] Error on sample 0: a bytes-like object is required, not 'str'
2026-03-16 21:02:50,212 [ERROR] Error on sample 0: a bytes-like object is required, not 'str'
2026-03-16 21:02:50,212 [ERROR] Error on sample 0: a bytes-like object is required, not 'str'
2026-03-16 21:02:50,213 [ERROR] Error on sample 0: a bytes-like object is required, not 'str'
2026-03-16 21:02:50,214 [ERROR] Error on sample 0: a bytes-like object is required, not 'str'
2026-03-16 21:02:50,214 [ERROR] Error on sample 0: a bytes-like object is required, not 'str'
2026-03-16 21:02:50,215 [ERROR] Error on sample 0: a bytes-like object is required, not 'str'
2026-03-16 21:02:50,216 [ERROR] Error on sample 0: a bytes-like object is required, not 'str'
2026-03-16 21:02:50,216 [ERROR] Error on sample 0: a bytes-like object is required, not 'str'
2026-03-16 21:02:50,217 [ERROR] Error on sample 0: a bytes-like object is required, not 'str'
2026-03-16 21:02:50,218 [ERROR] Error on sample 0: a bytes-like object is required, not 'str'
2026-03-16 21:02:50,218 [ERROR] Error on sample 0: a bytes-like object is required, not 'str'
2026-03-16 21:02:50,219 [ERROR] Error on sample 0: a bytes-like object is required, not 'str'
2026-03-16 21:02:50,220 [ERROR] Error on sample 0: a bytes-like object is required, not 'str'
2026-03-16 21:02:50,221 [ERROR] Error on sample 0: a bytes-like object is required, not 'str'
2026-03-16 21:02:50,221 [ERROR] Error on sample 0: a bytes-like object is required, not 'str'
2026-03-16 21:02:50,222 [ERROR] Error on sample 0: a bytes-like object is required, not 'str'
2026-03-16 21:02:50,223 [ERROR] Error on sample 0: a bytes-like object is required, not 'str'
2026-03-16 21:02:50,223 [ERROR] Error on sample 0: a bytes-like object is required, not 'str'
2026-03-16 21:02:50,224 [ERROR] Error on sample 0: a bytes-like object is required, not 'str'
2026-03-16 21:02:50,225 [ERROR] Error on sample 0: a bytes-like object is required, not 'str'
2026-03-16 21:02:50,226 [ERROR] Error on sample 0: a bytes-like object is required, not 'str'
2026-03-16 21:02:50,227 [ERROR] Error on sample 0: a bytes-like object is required, not 'str'
2026-03-16 21:02:50,228 [ERROR] Error on sample 0: a bytes-like object is required, not 'str'
2026-03-16 21:02:50,229 [ERROR] Error on sample 0: a bytes-like object is required, not 'str'
2026-03-16 21:02:50,230 [ERROR] Error on sample 0: a bytes-like object is required, not 'str'
2026-03-16 21:02:50,230 [ERROR] Error on sample 0: a bytes-like object is required, not 'str'
2026-03-16 21:02:50,231 [ERROR] Error on sample 0: a bytes-like object is required, not 'str'
2026-03-16 21:02:50,232 [ERROR] Error on sample 0: a bytes-like object is required, not 'str'
2026-03-16 21:02:50,232 [ERROR] Error on sample 0: a bytes-like object is required, not 'str'
2026-03-16 21:02:50,233 [ERROR] Error on sample 0: a bytes-like object is required, not 'str'
2026-03-16 21:02:50,234 [ERROR] Error on sample 0: a bytes-like object is required, not 'str'
2026-03-16 21:02:50,235 [ERROR] Error on sample 0: a bytes-like object is required, not 'str'
2026-03-16 21:02:50,235 [ERROR] Error on sample 0: a bytes-like object is required, not 'str'
2026-03-16 21:02:50,236 [ERROR] Error on sample 0: a bytes-like object is required, not 'str'
2026-03-16 21:02:50,237 [ERROR] Error on sample 0: a bytes-like object is required, not 'str'
2026-03-16 21:02:50,237 [ERROR] Error on sample 0: a bytes-like object is required, not 'str'
2026-03-16 21:02:50,238 [ERROR] Error on sample 0: a bytes-like object is required, not 'str'
2026-03-16 21:02:50,239 [ERROR] Error on sample 0: a bytes-like object is required, not 'str'
2026-03-16 21:02:50,239 [ERROR] Error on sample 0: a bytes-like object is required, not 'str'
2026-03-16 21:02:50,240 [ERROR] Error on sample 0: a bytes-like object is required, not 'str'
2026-03-16 21:02:50,241 [ERROR] Error on sample 0: a bytes-like object is required, not 'str'
2026-03-16 21:02:50,241 [ERROR] Error on sample 0: a bytes-like object is required, not 'str'
2026-03-16 21:02:50,242 [ERROR] Error on sample 0: a bytes-like object is required, not 'str'
2026-03-16 21:02:50,243 [ERROR] Error on sample 0: a bytes-like object is required, not 'str'
2026-03-16 21:02:50,243 [ERROR] Error on sample 0: a bytes-like object is required, not 'str'
2026-03-16 21:02:50,244 [ERROR] Error on sample 0: a bytes-like object is required, not 'str'
2026-03-16 21:02:50,245 [ERROR] Error on sample 0: a bytes-like object is required, not 'str'
2026-03-16 21:02:50,246 [ERROR] Error on sample 0: a bytes-like object is required, not 'str'
2026-03-16 21:02:50,246 [ERROR] Error on sample 0: a bytes-like object is required, not 'str'
2026-03-16 21:02:50,247 [ERROR] Error on sample 0: a bytes-like object is required, not 'str'
2026-03-16 21:02:50,248 [ERROR] Error on sample 0: a bytes-like object is required, not 'str'
2026-03-16 21:02:50,248 [ERROR] Error on sample 0: a bytes-like object is required, not 'str'
2026-03-16 21:02:50,249 [ERROR] Error on sample 0: a bytes-like object is required, not 'str'
2026-03-16 21:02:50,250 [ERROR] Error on sample 0: a bytes-like object is required, not 'str'
2026-03-16 21:02:50,251 [ERROR] Error on sample 0: a bytes-like object is required, not 'str'
2026-03-16 21:02:50,252 [ERROR] Error on sample 0: a bytes-like object is required, not 'str'
2026-03-16 21:02:50,252 [ERROR] Error on sample 0: a bytes-like object is required, not 'str'
2026-03-16 21:02:50,253 [ERROR] Error on sample 0: a bytes-like object is required, not 'str'
2026-03-16 21:02:50,254 [ERROR] Error on sample 0: a bytes-like object is required, not 'str'
2026-03-16 21:02:50,255 [ERROR] Error on sample 0: a bytes-like object is required, not 'str'
2026-03-16 21:02:50,255 [ERROR] Error on sample 0: a bytes-like object is required, not 'str'
2026-03-16 21:02:50,256 [ERROR] Error on sample 0: a bytes-like object is required, not 'str'
2026-03-16 21:02:50,257 [ERROR] Error on sample 0: a bytes-like object is required, not 'str'
2026-03-16 21:02:50,257 [ERROR] Error on sample 0: a bytes-like object is required, not 'str'
2026-03-16 21:02:50,258 [ERROR] Error on sample 0: a bytes-like object is required, not 'str'
2026-03-16 21:02:50,259 [ERROR] Error on sample 0: a bytes-like object is required, not 'str'
2026-03-16 21:02:50,260 [ERROR] Error on sample 0: a bytes-like object is required, not 'str'
2026-03-16 21:02:50,260 [ERROR] Error on sample 0: a bytes-like object is required, not 'str'
2026-03-16 21:02:50,261 [ERROR] Error on sample 0: a bytes-like object is required, not 'str'
2026-03-16 21:02:50,262 [ERROR] Error on sample 0: a bytes-like object is required, not 'str'
2026-03-16 21:02:50,262 [ERROR] Error on sample 0: a bytes-like object is required, not 'str'
2026-03-16 21:02:50,263 [ERROR] Error on sample 0: a bytes-like object is required, not 'str'
2026-03-16 21:02:50,264 [ERROR] Error on sample 0: a bytes-like object is required, not 'str'
2026-03-16 21:02:50,264 [ERROR] Error on sample 0: a bytes-like object is required, not 'str'
2026-03-16 21:02:50,265 [ERROR] Error on sample 0: a bytes-like object is required, not 'str'
2026-03-16 21:02:50,266 [ERROR] Error on sample 0: a bytes-like object is required, not 'str'
2026-03-16 21:02:50,266 [ERROR] Error on sample 0: a bytes-like object is required, not 'str'
2026-03-16 21:02:50,267 [ERROR] Error on sample 0: a bytes-like object is required, not 'str'
2026-03-16 21:02:50,268 [ERROR] Error on sample 0: a bytes-like object is required, not 'str'
2026-03-16 21:02:50,268 [ERROR] Error on sample 0: a bytes-like object is required, not 'str'
2026-03-16 21:02:50,269 [ERROR] Error on sample 0: a bytes-like object is required, not 'str'
2026-03-16 21:02:50,270 [ERROR] Error on sample 0: a bytes-like object is required, not 'str'
2026-03-16 21:02:50,270 [ERROR] Error on sample 0: a bytes-like object is required, not 'str'
2026-03-16 21:02:50,271 [ERROR] Error on sample 0: a bytes-like object is required, not 'str'
2026-03-16 21:02:50,272 [ERROR] Error on sample 0: a bytes-like object is required, not 'str'
2026-03-16 21:02:50,272 [ERROR] Error on sample 0: a bytes-like object is required, not 'str'
2026-03-16 21:02:50,273 [ERROR] Error on sample 0: a bytes-like object is required, not 'str'
2026-03-16 21:02:50,274 [ERROR] Error on sample 0: a bytes-like object is required, not 'str'
2026-03-16 21:02:50,275 [ERROR] Error on sample 0: a bytes-like object is required, not 'str'
2026-03-16 21:02:50,275 [ERROR] Error on sample 0: a bytes-like object is required, not 'str'
2026-03-16 21:02:50,276 [ERROR] Error on sample 0: a bytes-like object is required, not 'str'
2026-03-16 21:02:50,277 [ERROR] Error on sample 0: a bytes-like object is required, not 'str'
2026-03-16 21:02:50,277 [ERROR] Error on sample 0: a bytes-like object is required, not 'str'
2026-03-16 21:02:50,278 [ERROR] Error on sample 0: a bytes-like object is required, not 'str'
2026-03-16 21:02:50,279 [ERROR] Error on sample 0: a bytes-like object is required, not 'str'
2026-03-16 21:02:50,279 [ERROR] Error on sample 0: a bytes-like object is required, not 'str'
2026-03-16 21:02:50,280 [ERROR] Error on sample 0: a bytes-like object is required, not 'str'
2026-03-16 21:02:50,281 [ERROR] Error on sample 0: a bytes-like object is required, not 'str'
2026-03-16 21:02:50,281 [ERROR] Error on sample 0: a bytes-like object is required, not 'str'
2026-03-16 21:02:50,282 [ERROR] Error on sample 0: a bytes-like object is required, not 'str'
2026-03-16 21:02:50,283 [ERROR] Error on sample 0: a bytes-like object is required, not 'str'
2026-03-16 21:02:50,283 [ERROR] Error on sample 0: a bytes-like object is required, not 'str'
2026-03-16 21:02:50,284 [ERROR] Error on sample 0: a bytes-like object is required, not 'str'
2026-03-16 21:02:50,285 [ERROR] Error on sample 0: a bytes-like object is required, not 'str'
2026-03-16 21:02:50,285 [ERROR] Error on sample 0: a bytes-like object is required, not 'str'
2026-03-16 21:02:50,286 [ERROR] Error on sample 0: a bytes-like object is required, not 'str'
2026-03-16 21:02:50,287 [ERROR] Error on sample 0: a bytes-like object is required, not 'str'
2026-03-16 21:02:50,287 [ERROR] Error on sample 0: a bytes-like object is required, not 'str'
2026-03-16 21:02:50,288 [ERROR] Error on sample 0: a bytes-like object is required, not 'str'
2026-03-16 21:02:50,289 [ERROR] Error on sample 0: a bytes-like object is required, not 'str'
2026-03-16 21:02:50,289 [ERROR] Error on sample 0: a bytes-like object is required, not 'str'
2026-03-16 21:02:50,290 [ERROR] Error on sample 0: a bytes-like object is required, not 'str'
2026-03-16 21:02:50,291 [ERROR] Error on sample 0: a bytes-like object is required, not 'str'
2026-03-16 21:02:50,291 [ERROR] Error on sample 0: a bytes-like object is required, not 'str'
2026-03-16 21:02:50,292 [ERROR] Error on sample 0: a bytes-like object is required, not 'str'
2026-03-16 21:02:50,293 [ERROR] Error on sample 0: a bytes-like object is required, not 'str'
2026-03-16 21:02:50,293 [ERROR] Error on sample 0: a bytes-like object is required, not 'str'
2026-03-16 21:02:50,294 [ERROR] Error on sample 0: a bytes-like object is required, not 'str'
2026-03-16 21:02:50,295 [ERROR] Error on sample 0: a bytes-like object is required, not 'str'
2026-03-16 21:02:50,296 [ERROR] Error on sample 0: a bytes-like object is required, not 'str'
2026-03-16 21:02:50,296 [ERROR] Error on sample 0: a bytes-like object is required, not 'str'
2026-03-16 21:02:50,297 [ERROR] Error on sample 0: a bytes-like object is required, not 'str'
2026-03-16 21:02:50,298 [ERROR] Error on sample 0: a bytes-like object is required, not 'str'
2026-03-16 21:02:50,298 [ERROR] Error on sample 0: a bytes-like object is required, not 'str'
2026-03-16 21:02:50,299 [ERROR] Error on sample 0: a bytes-like object is required, not 'str'
2026-03-16 21:02:50,300 [ERROR] Error on sample 0: a bytes-like object is required, not 'str'
2026-03-16 21:02:50,300 [ERROR] Error on sample 0: a bytes-like object is required, not 'str'
2026-03-16 21:02:50,301 [ERROR] Error on sample 0: a bytes-like object is required, not 'str'
2026-03-16 21:02:50,302 [ERROR] Error on sample 0: a bytes-like object is required, not 'str'
2026-03-16 21:02:50,302 [ERROR] Error on sample 0: a bytes-like object is required, not 'str'
2026-03-16 21:02:50,303 [ERROR] Error on sample 0: a bytes-like object is required, not 'str'
2026-03-16 21:02:50,304 [ERROR] Error on sample 0: a bytes-like object is required, not 'str'
2026-03-16 21:02:50,304 [ERROR] Error on sample 0: a bytes-like object is required, not 'str'
2026-03-16 21:02:50,305 [ERROR] Error on sample 0: a bytes-like object is required, not 'str'
2026-03-16 21:02:50,306 [ERROR] Error on sample 0: a bytes-like object is required, not 'str'
2026-03-16 21:02:50,306 [ERROR] Error on sample 0: a bytes-like object is required, not 'str'
2026-03-16 21:02:50,307 [ERROR] Error on sample 0: a bytes-like object is required, not 'str'
2026-03-16 21:02:50,308 [ERROR] Error on sample 0: a bytes-like object is required, not 'str'
2026-03-16 21:02:50,309 [ERROR] Error on sample 0: a bytes-like object is required, not 'str'
2026-03-16 21:02:50,309 [ERROR] Error on sample 0: a bytes-like object is required, not 'str'
2026-03-16 21:02:50,310 [ERROR] Error on sample 0: a bytes-like object is required, not 'str'
2026-03-16 21:02:50,311 [ERROR] Error on sample 0: a bytes-like object is required, not 'str'
2026-03-16 21:02:50,311 [ERROR] Error on sample 0: a bytes-like object is required, not 'str'
2026-03-16 21:02:50,312 [ERROR] Error on sample 0: a bytes-like object is required, not 'str'
2026-03-16 21:02:50,313 [ERROR] Error on sample 0: a bytes-like object is required, not 'str'
2026-03-16 21:02:50,313 [ERROR] Error on sample 0: a bytes-like object is required, not 'str'
2026-03-16 21:02:50,314 [ERROR] Error on sample 0: a bytes-like object is required, not 'str'
2026-03-16 21:02:50,315 [ERROR] Error on sample 0: a bytes-like object is required, not 'str'
2026-03-16 21:02:50,315 [ERROR] Error on sample 0: a bytes-like object is required, not 'str'
2026-03-16 21:02:50,316 [ERROR] Error on sample 0: a bytes-like object is required, not 'str'
2026-03-16 21:02:50,317 [ERROR] Error on sample 0: a bytes-like object is required, not 'str'
2026-03-16 21:02:50,317 [ERROR] Error on sample 0: a bytes-like object is required, not 'str'
2026-03-16 21:02:50,318 [ERROR] Error on sample 0: a bytes-like object is required, not 'str'
2026-03-16 21:02:50,319 [ERROR] Error on sample 0: a bytes-like object is required, not 'str'
2026-03-16 21:02:50,319 [ERROR] Error on sample 0: a bytes-like object is required, not 'str'
2026-03-16 21:02:50,320 [ERROR] Error on sample 0: a bytes-like object is required, not 'str'
2026-03-16 21:02:50,321 [ERROR] Error on sample 0: a bytes-like object is required, not 'str'
2026-03-16 21:02:50,321 [ERROR] Error on sample 0: a bytes-like object is required, not 'str'
2026-03-16 21:02:50,322 [ERROR] Error on sample 0: a bytes-like object is required, not 'str'
2026-03-16 21:02:50,323 [ERROR] Error on sample 0: a bytes-like object is required, not 'str'
2026-03-16 21:02:50,323 [ERROR] Error on sample 0: a bytes-like object is required, not 'str'
2026-03-16 21:02:50,324 [ERROR] Error on sample 0: a bytes-like object is required, not 'str'
2026-03-16 21:02:50,325 [ERROR] Error on sample 0: a bytes-like object is required, not 'str'
2026-03-16 21:02:50,325 [ERROR] Error on sample 0: a bytes-like object is required, not 'str'
2026-03-16 21:02:50,326 [ERROR] Error on sample 0: a bytes-like object is required, not 'str'
2026-03-16 21:02:50,327 [ERROR] Error on sample 0: a bytes-like object is required, not 'str'
2026-03-16 21:02:50,328 [ERROR] Error on sample 0: a bytes-like object is required, not 'str'
2026-03-16 21:02:50,328 [ERROR] Error on sample 0: a bytes-like object is required, not 'str'
2026-03-16 21:02:50,329 [ERROR] Error on sample 0: a bytes-like object is required, not 'str'
2026-03-16 21:02:50,330 [ERROR] Error on sample 0: a bytes-like object is required, not 'str'
2026-03-16 21:02:50,330 [ERROR] Error on sample 0: a bytes-like object is required, not 'str'
2026-03-16 21:02:50,331 [ERROR] Error on sample 0: a bytes-like object is required, not 'str'
2026-03-16 21:02:50,332 [ERROR] Error on sample 0: a bytes-like object is required, not 'str'
2026-03-16 21:02:50,332 [ERROR] Error on sample 0: a bytes-like object is required, not 'str'
2026-03-16 21:02:50,333 [ERROR] Error on sample 0: a bytes-like object is required, not 'str'
2026-03-16 21:02:50,334 [ERROR] Error on sample 0: a bytes-like object is required, not 'str'
2026-03-16 21:02:50,335 [ERROR] Error on sample 0: a bytes-like object is required, not 'str'
2026-03-16 21:02:50,335 [ERROR] Error on sample 0: a bytes-like object is required, not 'str'
2026-03-16 21:02:50,336 [ERROR] Error on sample 0: a bytes-like object is required, not 'str'
2026-03-16 21:02:50,337 [ERROR] Error on sample 0: a bytes-like object is required, not 'str'
2026-03-16 21:02:50,337 [ERROR] Error on sample 0: a bytes-like object is required, not 'str'
2026-03-16 21:02:50,338 [ERROR] Error on sample 0: a bytes-like object is required, not 'str'
2026-03-16 21:02:50,339 [ERROR] Error on sample 0: a bytes-like object is required, not 'str'
2026-03-16 21:02:50,339 [ERROR] Error on sample 0: a bytes-like object is required, not 'str'
2026-03-16 21:02:50,340 [ERROR] Error on sample 0: a bytes-like object is required, not 'str'
2026-03-16 21:02:50,341 [ERROR] Error on sample 0: a bytes-like object is required, not 'str'
2026-03-16 21:02:50,341 [ERROR] Error on sample 0: a bytes-like object is required, not 'str'
2026-03-16 21:02:50,342 [ERROR] Error on sample 0: a bytes-like object is required, not 'str'
2026-03-16 21:02:50,343 [ERROR] Error on sample 0: a bytes-like object is required, not 'str'
2026-03-16 21:02:50,344 [ERROR] Error on sample 0: a bytes-like object is required, not 'str'
2026-03-16 21:02:50,344 [ERROR] Error on sample 0: a bytes-like object is required, not 'str'
2026-03-16 21:02:50,345 [ERROR] Error on sample 0: a bytes-like object is required, not 'str'
2026-03-16 21:02:50,346 [ERROR] Error on sample 0: a bytes-like object is required, not 'str'
2026-03-16 21:02:50,346 [ERROR] Error on sample 0: a bytes-like object is required, not 'str'
2026-03-16 21:02:50,347 [ERROR] Error on sample 0: a bytes-like object is required, not 'str'
2026-03-16 21:02:50,348 [ERROR] Error on sample 0: a bytes-like object is required, not 'str'
2026-03-16 21:02:50,348 [ERROR] Error on sample 0: a bytes-like object is required, not 'str'
2026-03-16 21:02:50,349 [ERROR] Error on sample 0: a bytes-like object is required, not 'str'
2026-03-16 21:02:50,350 [ERROR] Error on sample 0: a bytes-like object is required, not 'str'
2026-03-16 21:02:50,350 [ERROR] Error on sample 0: a bytes-like object is required, not 'str'
2026-03-16 21:02:50,351 [ERROR] Error on sample 0: a bytes-like object is required, not 'str'
2026-03-16 21:02:50,352 [ERROR] Error on sample 0: a bytes-like object is required, not 'str'
2026-03-16 21:02:50,352 [ERROR] Error on sample 0: a bytes-like object is required, not 'str'
2026-03-16 21:02:50,353 [ERROR] Error on sample 0: a bytes-like object is required, not 'str'
2026-03-16 21:02:50,354 [ERROR] Error on sample 0: a bytes-like object is required, not 'str'
2026-03-16 21:02:50,355 [ERROR] Error on sample 0: a bytes-like object is required, not 'str'
2026-03-16 21:02:50,355 [ERROR] Error on sample 0: a bytes-like object is required, not 'str'
2026-03-16 21:02:50,356 [ERROR] Error on sample 0: a bytes-like object is required, not 'str'
2026-03-16 21:02:50,357 [ERROR] Error on sample 0: a bytes-like object is required, not 'str'
2026-03-16 21:02:50,357 [ERROR] Error on sample 0: a bytes-like object is required, not 'str'
2026-03-16 21:02:50,358 [ERROR] Error on sample 0: a bytes-like object is required, not 'str'
2026-03-16 21:02:50,359 [ERROR] Error on sample 0: a bytes-like object is required, not 'str'
2026-03-16 21:02:50,359 [ERROR] Error on sample 0: a bytes-like object is required, not 'str'
2026-03-16 21:02:50,360 [ERROR] Error on sample 0: a bytes-like object is required, not 'str'
2026-03-16 21:02:50,361 [ERROR] Error on sample 0: a bytes-like object is required, not 'str'
2026-03-16 21:02:50,362 [ERROR] Error on sample 0: a bytes-like object is required, not 'str'
2026-03-16 21:02:50,363 [ERROR] Error on sample 0: a bytes-like object is required, not 'str'
2026-03-16 21:02:50,363 [ERROR] Error on sample 0: a bytes-like object is required, not 'str'
2026-03-16 21:02:50,364 [ERROR] Error on sample 0: a bytes-like object is required, not 'str'
2026-03-16 21:02:50,365 [ERROR] Error on sample 0: a bytes-like object is required, not 'str'
2026-03-16 21:02:50,365 [ERROR] Error on sample 0: a bytes-like object is required, not 'str'
2026-03-16 21:02:50,366 [ERROR] Error on sample 0: a bytes-like object is required, not 'str'
2026-03-16 21:02:50,367 [ERROR] Error on sample 0: a bytes-like object is required, not 'str'
2026-03-16 21:02:50,367 [ERROR] Error on sample 0: a bytes-like object is required, not 'str'
2026-03-16 21:02:50,368 [ERROR] Error on sample 0: a bytes-like object is required, not 'str'
2026-03-16 21:02:50,369 [ERROR] Error on sample 0: a bytes-like object is required, not 'str'
2026-03-16 21:02:50,370 [ERROR] Error on sample 0: a bytes-like object is required, not 'str'
2026-03-16 21:02:50,371 [ERROR] Error on sample 0: a bytes-like object is required, not 'str'
2026-03-16 21:02:50,372 [ERROR] Error on sample 0: a bytes-like object is required, not 'str'
2026-03-16 21:02:50,373 [ERROR] Error on sample 0: a bytes-like object is required, not 'str'
2026-03-16 21:02:50,374 [ERROR] Error on sample 0: a bytes-like object is required, not 'str'
2026-03-16 21:02:50,374 [ERROR] Error on sample 0: a bytes-like object is required, not 'str'
2026-03-16 21:02:50,375 [ERROR] Error on sample 0: a bytes-like object is required, not 'str'
2026-03-16 21:02:50,376 [ERROR] Error on sample 0: a bytes-like object is required, not 'str'
2026-03-16 21:02:50,376 [ERROR] Error on sample 0: a bytes-like object is required, not 'str'
2026-03-16 21:02:50,377 [ERROR] Error on sample 0: a bytes-like object is required, not 'str'
2026-03-16 21:02:50,378 [ERROR] Error on sample 0: a bytes-like object is required, not 'str'
2026-03-16 21:02:50,379 [ERROR] Error on sample 0: a bytes-like object is required, not 'str'
2026-03-16 21:02:50,379 [ERROR] Error on sample 0: a bytes-like object is required, not 'str'
2026-03-16 21:02:50,380 [ERROR] Error on sample 0: a bytes-like object is required, not 'str'
2026-03-16 21:02:50,381 [ERROR] Error on sample 0: a bytes-like object is required, not 'str'
2026-03-16 21:02:50,381 [ERROR] Error on sample 0: a bytes-like object is required, not 'str'
2026-03-16 21:02:50,382 [ERROR] Error on sample 0: a bytes-like object is required, not 'str'
2026-03-16 21:02:50,383 [ERROR] Error on sample 0: a bytes-like object is required, not 'str'
2026-03-16 21:02:50,383 [ERROR] Error on sample 0: a bytes-like object is required, not 'str'
2026-03-16 21:02:50,384 [ERROR] Error on sample 0: a bytes-like object is required, not 'str'
2026-03-16 21:02:50,385 [ERROR] Error on sample 0: a bytes-like object is required, not 'str'
2026-03-16 21:02:50,385 [ERROR] Error on sample 0: a bytes-like object is required, not 'str'
2026-03-16 21:02:50,386 [ERROR] Error on sample 0: a bytes-like object is required, not 'str'
2026-03-16 21:02:50,387 [ERROR] Error on sample 0: a bytes-like object is required, not 'str'
2026-03-16 21:02:50,387 [ERROR] Error on sample 0: a bytes-like object is required, not 'str'
2026-03-16 21:02:50,388 [ERROR] Error on sample 0: a bytes-like object is required, not 'str'
2026-03-16 21:02:50,389 [ERROR] Error on sample 0: a bytes-like object is required, not 'str'
2026-03-16 21:02:50,389 [ERROR] Error on sample 0: a bytes-like object is required, not 'str'
2026-03-16 21:02:50,390 [ERROR] Error on sample 0: a bytes-like object is required, not 'str'
2026-03-16 21:02:50,391 [ERROR] Error on sample 0: a bytes-like object is required, not 'str'
2026-03-16 21:02:50,391 [ERROR] Error on sample 0: a bytes-like object is required, not 'str'
2026-03-16 21:02:50,392 [ERROR] Error on sample 0: a bytes-like object is required, not 'str'
2026-03-16 21:02:50,393 [ERROR] Error on sample 0: a bytes-like object is required, not 'str'
2026-03-16 21:02:50,394 [ERROR] Error on sample 0: a bytes-like object is required, not 'str'
2026-03-16 21:02:50,394 [ERROR] Error on sample 0: a bytes-like object is required, not 'str'
2026-03-16 21:02:50,395 [ERROR] Error on sample 0: a bytes-like object is required, not 'str'
2026-03-16 21:02:50,396 [ERROR] Error on sample 0: a bytes-like object is required, not 'str'
2026-03-16 21:02:50,396 [ERROR] Error on sample 0: a bytes-like object is required, not 'str'
2026-03-16 21:02:50,397 [ERROR] Error on sample 0: a bytes-like object is required, not 'str'
2026-03-16 21:02:50,398 [ERROR] Error on sample 0: a bytes-like object is required, not 'str'
2026-03-16 21:02:50,398 [ERROR] Error on sample 0: a bytes-like object is required, not 'str'
2026-03-16 21:02:50,399 [ERROR] Error on sample 0: a bytes-like object is required, not 'str'
2026-03-16 21:02:50,400 [ERROR] Error on sample 0: a bytes-like object is required, not 'str'
2026-03-16 21:02:50,400 [ERROR] Error on sample 0: a bytes-like object is required, not 'str'
2026-03-16 21:02:50,401 [ERROR] Error on sample 0: a bytes-like object is required, not 'str'
2026-03-16 21:02:50,402 [ERROR] Error on sample 0: a bytes-like object is required, not 'str'
2026-03-16 21:02:50,402 [ERROR] Error on sample 0: a bytes-like object is required, not 'str'
2026-03-16 21:02:50,403 [ERROR] Error on sample 0: a bytes-like object is required, not 'str'
2026-03-16 21:02:50,404 [ERROR] Error on sample 0: a bytes-like object is required, not 'str'
2026-03-16 21:02:50,404 [ERROR] Error on sample 0: a bytes-like object is required, not 'str'
2026-03-16 21:02:50,405 [ERROR] Error on sample 0: a bytes-like object is required, not 'str'
2026-03-16 21:02:50,406 [ERROR] Error on sample 0: a bytes-like object is required, not 'str'
2026-03-16 21:02:50,407 [ERROR] Error on sample 0: a bytes-like object is required, not 'str'
2026-03-16 21:02:50,407 [ERROR] Error on sample 0: a bytes-like object is required, not 'str'
2026-03-16 21:02:50,408 [ERROR] Error on sample 0: a bytes-like object is required, not 'str'
2026-03-16 21:02:50,409 [ERROR] Error on sample 0: a bytes-like object is required, not 'str'
2026-03-16 21:02:50,409 [ERROR] Error on sample 0: a bytes-like object is required, not 'str'
2026-03-16 21:02:50,410 [ERROR] Error on sample 0: a bytes-like object is required, not 'str'
2026-03-16 21:02:50,411 [ERROR] Error on sample 0: a bytes-like object is required, not 'str'
2026-03-16 21:02:50,411 [ERROR] Error on sample 0: a bytes-like object is required, not 'str'
2026-03-16 21:02:50,412 [ERROR] Error on sample 0: a bytes-like object is required, not 'str'
2026-03-16 21:02:50,413 [ERROR] Error on sample 0: a bytes-like object is required, not 'str'
2026-03-16 21:02:50,413 [ERROR] Error on sample 0: a bytes-like object is required, not 'str'
2026-03-16 21:02:50,414 [ERROR] Error on sample 0: a bytes-like object is required, not 'str'
2026-03-16 21:02:50,415 [ERROR] Error on sample 0: a bytes-like object is required, not 'str'
2026-03-16 21:02:50,415 [ERROR] Error on sample 0: a bytes-like object is required, not 'str'
2026-03-16 21:02:50,416 [ERROR] Error on sample 0: a bytes-like object is required, not 'str'
2026-03-16 21:02:50,417 [ERROR] Error on sample 0: a bytes-like object is required, not 'str'
2026-03-16 21:02:50,419 [ERROR] Error on sample 0: a bytes-like object is required, not 'str'
2026-03-16 21:02:50,420 [ERROR] Error on sample 0: a bytes-like object is required, not 'str'
2026-03-16 21:02:50,420 [ERROR] Error on sample 0: a bytes-like object is required, not 'str'
2026-03-16 21:02:50,421 [ERROR] Error on sample 0: a bytes-like object is required, not 'str'
2026-03-16 21:02:50,422 [ERROR] Error on sample 0: a bytes-like object is required, not 'str'
2026-03-16 21:02:50,423 [ERROR] Error on sample 0: a bytes-like object is required, not 'str'
2026-03-16 21:02:50,423 [ERROR] Error on sample 0: a bytes-like object is required, not 'str'
2026-03-16 21:02:50,424 [ERROR] Error on sample 0: a bytes-like object is required, not 'str'
2026-03-16 21:02:50,425 [ERROR] Error on sample 0: a bytes-like object is required, not 'str'
2026-03-16 21:02:50,425 [ERROR] Error on sample 0: a bytes-like object is required, not 'str'
2026-03-16 21:02:50,426 [ERROR] Error on sample 0: a bytes-like object is required, not 'str'
2026-03-16 21:02:50,427 [ERROR] Error on sample 0: a bytes-like object is required, not 'str'
2026-03-16 21:02:50,428 [ERROR] Error on sample 0: a bytes-like object is required, not 'str'
2026-03-16 21:02:50,428 [ERROR] Error on sample 0: a bytes-like object is required, not 'str'
2026-03-16 21:02:50,429 [ERROR] Error on sample 0: a bytes-like object is required, not 'str'
2026-03-16 21:02:50,430 [ERROR] Error on sample 0: a bytes-like object is required, not 'str'
2026-03-16 21:02:50,431 [ERROR] Error on sample 0: a bytes-like object is required, not 'str'
2026-03-16 21:02:50,431 [ERROR] Error on sample 0: a bytes-like object is required, not 'str'
2026-03-16 21:02:50,432 [ERROR] Error on sample 0: a bytes-like object is required, not 'str'
2026-03-16 21:02:50,433 [ERROR] Error on sample 0: a bytes-like object is required, not 'str'
2026-03-16 21:02:50,434 [ERROR] Error on sample 0: a bytes-like object is required, not 'str'
2026-03-16 21:02:50,435 [ERROR] Error on sample 0: a bytes-like object is required, not 'str'
2026-03-16 21:02:50,435 [ERROR] Error on sample 0: a bytes-like object is required, not 'str'
2026-03-16 21:02:50,436 [ERROR] Error on sample 0: a bytes-like object is required, not 'str'
2026-03-16 21:02:50,437 [ERROR] Error on sample 0: a bytes-like object is required, not 'str'
2026-03-16 21:02:50,437 [ERROR] Error on sample 0: a bytes-like object is required, not 'str'
2026-03-16 21:02:50,438 [ERROR] Error on sample 0: a bytes-like object is required, not 'str'
2026-03-16 21:02:50,439 [ERROR] Error on sample 0: a bytes-like object is required, not 'str'
2026-03-16 21:02:50,439 [ERROR] Error on sample 0: a bytes-like object is required, not 'str'
2026-03-16 21:02:50,440 [ERROR] Error on sample 0: a bytes-like object is required, not 'str'
2026-03-16 21:02:50,441 [ERROR] Error on sample 0: a bytes-like object is required, not 'str'
2026-03-16 21:02:50,442 [ERROR] Error on sample 0: a bytes-like object is required, not 'str'
2026-03-16 21:02:50,442 [ERROR] Error on sample 0: a bytes-like object is required, not 'str'
2026-03-16 21:02:50,443 [ERROR] Error on sample 0: a bytes-like object is required, not 'str'
2026-03-16 21:02:50,444 [ERROR] Error on sample 0: a bytes-like object is required, not 'str'
2026-03-16 21:02:50,444 [ERROR] Error on sample 0: a bytes-like object is required, not 'str'
2026-03-16 21:02:50,445 [ERROR] Error on sample 0: a bytes-like object is required, not 'str'
2026-03-16 21:02:50,446 [ERROR] Error on sample 0: a bytes-like object is required, not 'str'
2026-03-16 21:02:50,446 [ERROR] Error on sample 0: a bytes-like object is required, not 'str'
2026-03-16 21:02:50,447 [ERROR] Error on sample 0: a bytes-like object is required, not 'str'
2026-03-16 21:02:50,448 [ERROR] Error on sample 0: a bytes-like object is required, not 'str'
2026-03-16 21:02:50,449 [ERROR] Error on sample 0: a bytes-like object is required, not 'str'
2026-03-16 21:02:50,449 [ERROR] Error on sample 0: a bytes-like object is required, not 'str'
2026-03-16 21:02:50,450 [ERROR] Error on sample 0: a bytes-like object is required, not 'str'
2026-03-16 21:02:50,451 [ERROR] Error on sample 0: a bytes-like object is required, not 'str'
2026-03-16 21:02:50,451 [ERROR] Error on sample 0: a bytes-like object is required, not 'str'
2026-03-16 21:02:50,452 [ERROR] Error on sample 0: a bytes-like object is required, not 'str'
2026-03-16 21:02:50,453 [ERROR] Error on sample 0: a bytes-like object is required, not 'str'
2026-03-16 21:02:50,453 [ERROR] Error on sample 0: a bytes-like object is required, not 'str'
2026-03-16 21:02:50,454 [ERROR] Error on sample 0: a bytes-like object is required, not 'str'
2026-03-16 21:02:50,455 [ERROR] Error on sample 0: a bytes-like object is required, not 'str'
2026-03-16 21:02:50,455 [ERROR] Error on sample 0: a bytes-like object is required, not 'str'
2026-03-16 21:02:50,456 [ERROR] Error on sample 0: a bytes-like object is required, not 'str'
2026-03-16 21:02:50,457 [ERROR] Error on sample 0: a bytes-like object is required, not 'str'
2026-03-16 21:02:50,457 [ERROR] Error on sample 0: a bytes-like object is required, not 'str'
2026-03-16 21:02:50,458 [ERROR] Error on sample 0: a bytes-like object is required, not 'str'
2026-03-16 21:02:50,459 [ERROR] Error on sample 0: a bytes-like object is required, not 'str'
2026-03-16 21:02:50,459 [ERROR] Error on sample 0: a bytes-like object is required, not 'str'
2026-03-16 21:02:50,460 [ERROR] Error on sample 0: a bytes-like object is required, not 'str'
2026-03-16 21:02:50,461 [ERROR] Error on sample 0: a bytes-like object is required, not 'str'
2026-03-16 21:02:50,462 [ERROR] Error on sample 0: a bytes-like object is required, not 'str'
2026-03-16 21:02:50,462 [ERROR] Error on sample 0: a bytes-like object is required, not 'str'
2026-03-16 21:02:50,463 [ERROR] Error on sample 0: a bytes-like object is required, not 'str'
2026-03-16 21:02:50,464 [ERROR] Error on sample 0: a bytes-like object is required, not 'str'
2026-03-16 21:02:50,464 [ERROR] Error on sample 0: a bytes-like object is required, not 'str'
2026-03-16 21:02:50,465 [ERROR] Error on sample 0: a bytes-like object is required, not 'str'
2026-03-16 21:02:50,466 [ERROR] Error on sample 0: a bytes-like object is required, not 'str'
2026-03-16 21:02:50,466 [ERROR] Error on sample 0: a bytes-like object is required, not 'str'
2026-03-16 21:02:50,467 [ERROR] Error on sample 0: a bytes-like object is required, not 'str'
2026-03-16 21:02:50,468 [ERROR] Error on sample 0: a bytes-like object is required, not 'str'
2026-03-16 21:02:50,468 [ERROR] Error on sample 0: a bytes-like object is required, not 'str'
2026-03-16 21:02:50,469 [ERROR] Error on sample 0: a bytes-like object is required, not 'str'
2026-03-16 21:02:50,470 [ERROR] Error on sample 0: a bytes-like object is required, not 'str'
2026-03-16 21:02:50,470 [ERROR] Error on sample 0: a bytes-like object is required, not 'str'
2026-03-16 21:02:50,471 [ERROR] Error on sample 0: a bytes-like object is required, not 'str'
2026-03-16 21:02:50,472 [ERROR] Error on sample 0: a bytes-like object is required, not 'str'
2026-03-16 21:02:50,473 [ERROR] Error on sample 0: a bytes-like object is required, not 'str'
2026-03-16 21:02:50,473 [ERROR] Error on sample 0: a bytes-like object is required, not 'str'
2026-03-16 21:02:50,474 [ERROR] Error on sample 0: a bytes-like object is required, not 'str'
2026-03-16 21:02:50,475 [ERROR] Error on sample 0: a bytes-like object is required, not 'str'
2026-03-16 21:02:50,475 [ERROR] Error on sample 0: a bytes-like object is required, not 'str'
2026-03-16 21:02:50,476 [ERROR] Error on sample 0: a bytes-like object is required, not 'str'
2026-03-16 21:02:50,477 [ERROR] Error on sample 0: a bytes-like object is required, not 'str'
2026-03-16 21:02:50,477 [ERROR] Error on sample 0: a bytes-like object is required, not 'str'
2026-03-16 21:02:50,478 [ERROR] Error on sample 0: a bytes-like object is required, not 'str'
2026-03-16 21:02:50,479 [ERROR] Error on sample 0: a bytes-like object is required, not 'str'
2026-03-16 21:02:50,479 [ERROR] Error on sample 0: a bytes-like object is required, not 'str'
2026-03-16 21:02:50,480 [ERROR] Error on sample 0: a bytes-like object is required, not 'str'
2026-03-16 21:02:50,481 [ERROR] Error on sample 0: a bytes-like object is required, not 'str'
2026-03-16 21:02:50,481 [ERROR] Error on sample 0: a bytes-like object is required, not 'str'
2026-03-16 21:02:50,482 [ERROR] Error on sample 0: a bytes-like object is required, not 'str'
2026-03-16 21:02:50,483 [ERROR] Error on sample 0: a bytes-like object is required, not 'str'
2026-03-16 21:02:50,484 [ERROR] Error on sample 0: a bytes-like object is required, not 'str'
2026-03-16 21:02:50,484 [ERROR] Error on sample 0: a bytes-like object is required, not 'str'
2026-03-16 21:02:50,485 [ERROR] Error on sample 0: a bytes-like object is required, not 'str'
2026-03-16 21:02:50,486 [ERROR] Error on sample 0: a bytes-like object is required, not 'str'
2026-03-16 21:02:50,486 [ERROR] Error on sample 0: a bytes-like object is required, not 'str'
2026-03-16 21:02:50,487 [ERROR] Error on sample 0: a bytes-like object is required, not 'str'
2026-03-16 21:02:50,488 [ERROR] Error on sample 0: a bytes-like object is required, not 'str'
2026-03-16 21:02:50,488 [ERROR] Error on sample 0: a bytes-like object is required, not 'str'
2026-03-16 21:02:50,489 [ERROR] Error on sample 0: a bytes-like object is required, not 'str'
2026-03-16 21:02:50,490 [ERROR] Error on sample 0: a bytes-like object is required, not 'str'
2026-03-16 21:02:50,491 [ERROR] Error on sample 0: a bytes-like object is required, not 'str'
2026-03-16 21:02:50,491 [ERROR] Error on sample 0: a bytes-like object is required, not 'str'
2026-03-16 21:02:50,492 [ERROR] Error on sample 0: a bytes-like object is required, not 'str'
2026-03-16 21:02:50,493 [ERROR] Error on sample 0: a bytes-like object is required, not 'str'
2026-03-16 21:02:50,493 [ERROR] Error on sample 0: a bytes-like object is required, not 'str'
2026-03-16 21:02:50,494 [ERROR] Error on sample 0: a bytes-like object is required, not 'str'
2026-03-16 21:02:50,495 [ERROR] Error on sample 0: a bytes-like object is required, not 'str'
2026-03-16 21:02:50,495 [ERROR] Error on sample 0: a bytes-like object is required, not 'str'
2026-03-16 21:02:50,496 [ERROR] Error on sample 0: a bytes-like object is required, not 'str'
2026-03-16 21:02:50,497 [ERROR] Error on sample 0: a bytes-like object is required, not 'str'
2026-03-16 21:02:50,498 [ERROR] Error on sample 0: a bytes-like object is required, not 'str'
2026-03-16 21:02:50,498 [ERROR] Error on sample 0: a bytes-like object is required, not 'str'
2026-03-16 21:02:50,499 [ERROR] Error on sample 0: a bytes-like object is required, not 'str'
2026-03-16 21:02:50,500 [ERROR] Error on sample 0: a bytes-like object is required, not 'str'
2026-03-16 21:02:50,500 [ERROR] Error on sample 0: a bytes-like object is required, not 'str'
2026-03-16 21:02:50,501 [ERROR] Error on sample 0: a bytes-like object is required, not 'str'
2026-03-16 21:02:50,502 [ERROR] Error on sample 0: a bytes-like object is required, not 'str'
2026-03-16 21:02:50,502 [ERROR] Error on sample 0: a bytes-like object is required, not 'str'
2026-03-16 21:02:50,503 [ERROR] Error on sample 0: a bytes-like object is required, not 'str'
2026-03-16 21:02:50,504 [ERROR] Error on sample 0: a bytes-like object is required, not 'str'
2026-03-16 21:02:50,504 [ERROR] Error on sample 0: a bytes-like object is required, not 'str'
2026-03-16 21:02:50,505 [ERROR] Error on sample 0: a bytes-like object is required, not 'str'
2026-03-16 21:02:50,506 [ERROR] Error on sample 0: a bytes-like object is required, not 'str'
2026-03-16 21:02:50,506 [ERROR] Error on sample 0: a bytes-like object is required, not 'str'
2026-03-16 21:02:50,507 [ERROR] Error on sample 0: a bytes-like object is required, not 'str'
2026-03-16 21:02:50,508 [ERROR] Error on sample 0: a bytes-like object is required, not 'str'
2026-03-16 21:02:50,509 [ERROR] Error on sample 0: a bytes-like object is required, not 'str'
2026-03-16 21:02:50,509 [ERROR] Error on sample 0: a bytes-like object is required, not 'str'
2026-03-16 21:02:50,510 [ERROR] Error on sample 0: a bytes-like object is required, not 'str'
2026-03-16 21:02:50,511 [ERROR] Error on sample 0: a bytes-like object is required, not 'str'
2026-03-16 21:02:50,511 [ERROR] Error on sample 0: a bytes-like object is required, not 'str'
2026-03-16 21:02:50,512 [ERROR] Error on sample 0: a bytes-like object is required, not 'str'
2026-03-16 21:02:50,513 [ERROR] Error on sample 0: a bytes-like object is required, not 'str'
2026-03-16 21:02:50,513 [ERROR] Error on sample 0: a bytes-like object is required, not 'str'
2026-03-16 21:02:50,514 [ERROR] Error on sample 0: a bytes-like object is required, not 'str'
2026-03-16 21:02:50,515 [ERROR] Error on sample 0: a bytes-like object is required, not 'str'
2026-03-16 21:02:50,516 [ERROR] Error on sample 0: a bytes-like object is required, not 'str'
2026-03-16 21:02:50,517 [ERROR] Error on sample 0: a bytes-like object is required, not 'str'
2026-03-16 21:02:50,517 [ERROR] Error on sample 0: a bytes-like object is required, not 'str'
2026-03-16 21:02:50,518 [ERROR] Error on sample 0: a bytes-like object is required, not 'str'
2026-03-16 21:02:50,519 [ERROR] Error on sample 0: a bytes-like object is required, not 'str'
2026-03-16 21:02:50,519 [ERROR] Error on sample 0: a bytes-like object is required, not 'str'
2026-03-16 21:02:50,520 [ERROR] Error on sample 0: a bytes-like object is required, not 'str'
2026-03-16 21:02:50,521 [ERROR] Error on sample 0: a bytes-like object is required, not 'str'
2026-03-16 21:02:50,522 [ERROR] Error on sample 0: a bytes-like object is required, not 'str'
2026-03-16 21:02:50,522 [ERROR] Error on sample 0: a bytes-like object is required, not 'str'
2026-03-16 21:02:50,523 [ERROR] Error on sample 0: a bytes-like object is required, not 'str'
2026-03-16 21:02:50,524 [ERROR] Error on sample 0: a bytes-like object is required, not 'str'
2026-03-16 21:02:50,524 [ERROR] Error on sample 0: a bytes-like object is required, not 'str'
2026-03-16 21:02:50,525 [ERROR] Error on sample 0: a bytes-like object is required, not 'str'
2026-03-16 21:02:50,526 [ERROR] Error on sample 0: a bytes-like object is required, not 'str'
2026-03-16 21:02:50,526 [ERROR] Error on sample 0: a bytes-like object is required, not 'str'
2026-03-16 21:02:50,527 [ERROR] Error on sample 0: a bytes-like object is required, not 'str'
2026-03-16 21:02:50,528 [ERROR] Error on sample 0: a bytes-like object is required, not 'str'
2026-03-16 21:02:50,529 [ERROR] Error on sample 0: a bytes-like object is required, not 'str'
2026-03-16 21:02:50,530 [ERROR] Error on sample 0: a bytes-like object is required, not 'str'
2026-03-16 21:02:50,531 [ERROR] Error on sample 0: a bytes-like object is required, not 'str'
2026-03-16 21:02:50,532 [ERROR] Error on sample 0: a bytes-like object is required, not 'str'
2026-03-16 21:02:50,533 [ERROR] Error on sample 0: a bytes-like object is required, not 'str'
2026-03-16 21:02:50,533 [ERROR] Error on sample 0: a bytes-like object is required, not 'str'
2026-03-16 21:02:50,534 [ERROR] Error on sample 0: a bytes-like object is required, not 'str'
2026-03-16 21:02:50,535 [ERROR] Error on sample 0: a bytes-like object is required, not 'str'
2026-03-16 21:02:50,536 [ERROR] Error on sample 0: a bytes-like object is required, not 'str'
2026-03-16 21:02:50,536 [ERROR] Error on sample 0: a bytes-like object is required, not 'str'
2026-03-16 21:02:50,537 [ERROR] Error on sample 0: a bytes-like object is required, not 'str'
2026-03-16 21:02:50,538 [ERROR] Error on sample 0: a bytes-like object is required, not 'str'
2026-03-16 21:02:50,538 [ERROR] Error on sample 0: a bytes-like object is required, not 'str'
2026-03-16 21:02:50,539 [ERROR] Error on sample 0: a bytes-like object is required, not 'str'
2026-03-16 21:02:50,540 [ERROR] Error on sample 0: a bytes-like object is required, not 'str'
2026-03-16 21:02:50,540 [ERROR] Error on sample 0: a bytes-like object is required, not 'str'
2026-03-16 21:02:50,541 [ERROR] Error on sample 0: a bytes-like object is required, not 'str'
2026-03-16 21:02:50,542 [ERROR] Error on sample 0: a bytes-like object is required, not 'str'
2026-03-16 21:02:50,543 [ERROR] Error on sample 0: a bytes-like object is required, not 'str'
2026-03-16 21:02:50,543 [ERROR] Error on sample 0: a bytes-like object is required, not 'str'
2026-03-16 21:02:50,544 [ERROR] Error on sample 0: a bytes-like object is required, not 'str'
2026-03-16 21:02:50,545 [ERROR] Error on sample 0: a bytes-like object is required, not 'str'
2026-03-16 21:02:50,545 [ERROR] Error on sample 0: a bytes-like object is required, not 'str'
2026-03-16 21:02:50,546 [ERROR] Error on sample 0: a bytes-like object is required, not 'str'
2026-03-16 21:02:50,547 [ERROR] Error on sample 0: a bytes-like object is required, not 'str'
2026-03-16 21:02:50,548 [ERROR] Error on sample 0: a bytes-like object is required, not 'str'
2026-03-16 21:02:50,549 [ERROR] Error on sample 0: a bytes-like object is required, not 'str'
2026-03-16 21:02:50,549 [ERROR] Error on sample 0: a bytes-like object is required, not 'str'
2026-03-16 21:02:50,550 [ERROR] Error on sample 0: a bytes-like object is required, not 'str'
2026-03-16 21:02:50,551 [ERROR] Error on sample 0: a bytes-like object is required, not 'str'
2026-03-16 21:02:50,551 [ERROR] Error on sample 0: a bytes-like object is required, not 'str'
2026-03-16 21:02:50,552 [ERROR] Error on sample 0: a bytes-like object is required, not 'str'
2026-03-16 21:02:50,553 [ERROR] Error on sample 0: a bytes-like object is required, not 'str'
2026-03-16 21:02:50,553 [ERROR] Error on sample 0: a bytes-like object is required, not 'str'
2026-03-16 21:02:50,554 [ERROR] Error on sample 0: a bytes-like object is required, not 'str'
2026-03-16 21:02:50,555 [ERROR] Error on sample 0: a bytes-like object is required, not 'str'
2026-03-16 21:02:50,555 [ERROR] Error on sample 0: a bytes-like object is required, not 'str'
2026-03-16 21:02:50,556 [ERROR] Error on sample 0: a bytes-like object is required, not 'str'
2026-03-16 21:02:50,557 [ERROR] Error on sample 0: a bytes-like object is required, not 'str'
2026-03-16 21:02:50,557 [ERROR] Error on sample 0: a bytes-like object is required, not 'str'
2026-03-16 21:02:50,558 [ERROR] Error on sample 0: a bytes-like object is required, not 'str'
2026-03-16 21:02:50,559 [ERROR] Error on sample 0: a bytes-like object is required, not 'str'
2026-03-16 21:02:50,560 [ERROR] Error on sample 0: a bytes-like object is required, not 'str'
2026-03-16 21:02:50,560 [ERROR] Error on sample 0: a bytes-like object is required, not 'str'
2026-03-16 21:02:50,561 [ERROR] Error on sample 0: a bytes-like object is required, not 'str'
2026-03-16 21:02:50,562 [ERROR] Error on sample 0: a bytes-like object is required, not 'str'
2026-03-16 21:02:50,562 [ERROR] Error on sample 0: a bytes-like object is required, not 'str'
2026-03-16 21:02:50,563 [ERROR] Error on sample 0: a bytes-like object is required, not 'str'
2026-03-16 21:02:50,564 [ERROR] Error on sample 0: a bytes-like object is required, not 'str'
2026-03-16 21:02:50,564 [ERROR] Error on sample 0: a bytes-like object is required, not 'str'
2026-03-16 21:02:50,565 [ERROR] Error on sample 0: a bytes-like object is required, not 'str'
2026-03-16 21:02:50,566 [ERROR] Error on sample 0: a bytes-like object is required, not 'str'
2026-03-16 21:02:50,567 [ERROR] Error on sample 0: a bytes-like object is required, not 'str'
2026-03-16 21:02:50,567 [ERROR] Error on sample 0: a bytes-like object is required, not 'str'
2026-03-16 21:02:50,568 [ERROR] Error on sample 0: a bytes-like object is required, not 'str'
2026-03-16 21:02:50,569 [ERROR] Error on sample 0: a bytes-like object is required, not 'str'
2026-03-16 21:02:50,569 [ERROR] Error on sample 0: a bytes-like object is required, not 'str'
2026-03-16 21:02:50,570 [ERROR] Error on sample 0: a bytes-like object is required, not 'str'
2026-03-16 21:02:50,571 [ERROR] Error on sample 0: a bytes-like object is required, not 'str'
2026-03-16 21:02:50,571 [ERROR] Error on sample 0: a bytes-like object is required, not 'str'
2026-03-16 21:02:50,572 [ERROR] Error on sample 0: a bytes-like object is required, not 'str'
2026-03-16 21:02:50,573 [ERROR] Error on sample 0: a bytes-like object is required, not 'str'
2026-03-16 21:02:50,573 [ERROR] Error on sample 0: a bytes-like object is required, not 'str'
2026-03-16 21:02:50,574 [ERROR] Error on sample 0: a bytes-like object is required, not 'str'
2026-03-16 21:02:50,575 [ERROR] Error on sample 0: a bytes-like object is required, not 'str'
2026-03-16 21:02:50,575 [ERROR] Error on sample 0: a bytes-like object is required, not 'str'
2026-03-16 21:02:50,576 [ERROR] Error on sample 0: a bytes-like object is required, not 'str'
2026-03-16 21:02:50,577 [ERROR] Error on sample 0: a bytes-like object is required, not 'str'
2026-03-16 21:02:50,578 [ERROR] Error on sample 0: a bytes-like object is required, not 'str'
2026-03-16 21:02:50,578 [ERROR] Error on sample 0: a bytes-like object is required, not 'str'
2026-03-16 21:02:50,579 [ERROR] Error on sample 0: a bytes-like object is required, not 'str'
2026-03-16 21:02:50,580 [ERROR] Error on sample 0: a bytes-like object is required, not 'str'
2026-03-16 21:02:50,580 [ERROR] Error on sample 0: a bytes-like object is required, not 'str'
2026-03-16 21:02:50,581 [ERROR] Error on sample 0: a bytes-like object is required, not 'str'
2026-03-16 21:02:50,582 [ERROR] Error on sample 0: a bytes-like object is required, not 'str'
2026-03-16 21:02:50,582 [ERROR] Error on sample 0: a bytes-like object is required, not 'str'
2026-03-16 21:02:50,583 [ERROR] Error on sample 0: a bytes-like object is required, not 'str'
2026-03-16 21:02:50,584 [ERROR] Error on sample 0: a bytes-like object is required, not 'str'
2026-03-16 21:02:50,584 [ERROR] Error on sample 0: a bytes-like object is required, not 'str'
2026-03-16 21:02:50,585 [ERROR] Error on sample 0: a bytes-like object is required, not 'str'
2026-03-16 21:02:50,586 [ERROR] Error on sample 0: a bytes-like object is required, not 'str'
2026-03-16 21:02:50,586 [ERROR] Error on sample 0: a bytes-like object is required, not 'str'
2026-03-16 21:02:50,587 [ERROR] Error on sample 0: a bytes-like object is required, not 'str'
2026-03-16 21:02:50,588 [ERROR] Error on sample 0: a bytes-like object is required, not 'str'
2026-03-16 21:02:50,588 [ERROR] Error on sample 0: a bytes-like object is required, not 'str'
2026-03-16 21:02:50,589 [ERROR] Error on sample 0: a bytes-like object is required, not 'str'
2026-03-16 21:02:50,590 [ERROR] Error on sample 0: a bytes-like object is required, not 'str'
2026-03-16 21:02:50,590 [ERROR] Error on sample 0: a bytes-like object is required, not 'str'
2026-03-16 21:02:50,591 [ERROR] Error on sample 0: a bytes-like object is required, not 'str'
2026-03-16 21:02:50,592 [ERROR] Error on sample 0: a bytes-like object is required, not 'str'
2026-03-16 21:02:50,592 [ERROR] Error on sample 0: a bytes-like object is required, not 'str'
2026-03-16 21:02:50,593 [ERROR] Error on sample 0: a bytes-like object is required, not 'str'
2026-03-16 21:02:50,594 [ERROR] Error on sample 0: a bytes-like object is required, not 'str'
2026-03-16 21:02:50,595 [ERROR] Error on sample 0: a bytes-like object is required, not 'str'
2026-03-16 21:02:50,595 [ERROR] Error on sample 0: a bytes-like object is required, not 'str'
2026-03-16 21:02:50,596 [ERROR] Error on sample 0: a bytes-like object is required, not 'str'
2026-03-16 21:02:50,597 [ERROR] Error on sample 0: a bytes-like object is required, not 'str'
2026-03-16 21:02:50,597 [ERROR] Error on sample 0: a bytes-like object is required, not 'str'
2026-03-16 21:02:50,598 [ERROR] Error on sample 0: a bytes-like object is required, not 'str'
2026-03-16 21:02:50,599 [ERROR] Error on sample 0: a bytes-like object is required, not 'str'
2026-03-16 21:02:50,599 [ERROR] Error on sample 0: a bytes-like object is required, not 'str'
2026-03-16 21:02:50,600 [ERROR] Error on sample 0: a bytes-like object is required, not 'str'
2026-03-16 21:02:50,601 [ERROR] Error on sample 0: a bytes-like object is required, not 'str'
2026-03-16 21:02:50,601 [ERROR] Error on sample 0: a bytes-like object is required, not 'str'
2026-03-16 21:02:50,602 [ERROR] Error on sample 0: a bytes-like object is required, not 'str'
2026-03-16 21:02:50,603 [ERROR] Error on sample 0: a bytes-like object is required, not 'str'
2026-03-16 21:02:50,603 [ERROR] Error on sample 0: a bytes-like object is required, not 'str'
2026-03-16 21:02:50,604 [ERROR] Error on sample 0: a bytes-like object is required, not 'str'
2026-03-16 21:02:50,605 [ERROR] Error on sample 0: a bytes-like object is required, not 'str'
2026-03-16 21:02:50,605 [ERROR] Error on sample 0: a bytes-like object is required, not 'str'
2026-03-16 21:02:50,606 [ERROR] Error on sample 0: a bytes-like object is required, not 'str'
2026-03-16 21:02:50,607 [ERROR] Error on sample 0: a bytes-like object is required, not 'str'
2026-03-16 21:02:50,608 [ERROR] Error on sample 0: a bytes-like object is required, not 'str'
2026-03-16 21:02:50,608 [ERROR] Error on sample 0: a bytes-like object is required, not 'str'
2026-03-16 21:02:50,609 [ERROR] Error on sample 0: a bytes-like object is required, not 'str'
2026-03-16 21:02:50,610 [ERROR] Error on sample 0: a bytes-like object is required, not 'str'
2026-03-16 21:02:50,611 [ERROR] Error on sample 0: a bytes-like object is required, not 'str'
2026-03-16 21:02:50,612 [ERROR] Error on sample 0: a bytes-like object is required, not 'str'
2026-03-16 21:02:50,612 [ERROR] Error on sample 0: a bytes-like object is required, not 'str'
2026-03-16 21:02:50,613 [ERROR] Error on sample 0: a bytes-like object is required, not 'str'
2026-03-16 21:02:50,614 [ERROR] Error on sample 0: a bytes-like object is required, not 'str'
2026-03-16 21:02:50,615 [ERROR] Error on sample 0: a bytes-like object is required, not 'str'
2026-03-16 21:02:50,615 [ERROR] Error on sample 0: a bytes-like object is required, not 'str'
2026-03-16 21:02:50,616 [ERROR] Error on sample 0: a bytes-like object is required, not 'str'
2026-03-16 21:02:50,617 [ERROR] Error on sample 0: a bytes-like object is required, not 'str'
2026-03-16 21:02:50,617 [ERROR] Error on sample 0: a bytes-like object is required, not 'str'
2026-03-16 21:02:50,618 [ERROR] Error on sample 0: a bytes-like object is required, not 'str'
2026-03-16 21:02:50,619 [ERROR] Error on sample 0: a bytes-like object is required, not 'str'
2026-03-16 21:02:50,619 [ERROR] Error on sample 0: a bytes-like object is required, not 'str'
2026-03-16 21:02:50,620 [ERROR] Error on sample 0: a bytes-like object is required, not 'str'
2026-03-16 21:02:50,621 [ERROR] Error on sample 0: a bytes-like object is required, not 'str'
2026-03-16 21:02:50,622 [ERROR] Error on sample 0: a bytes-like object is required, not 'str'
2026-03-16 21:02:50,622 [ERROR] Error on sample 0: a bytes-like object is required, not 'str'
2026-03-16 21:02:50,623 [ERROR] Error on sample 0: a bytes-like object is required, not 'str'
2026-03-16 21:02:50,624 [ERROR] Error on sample 0: a bytes-like object is required, not 'str'
2026-03-16 21:02:50,624 [ERROR] Error on sample 0: a bytes-like object is required, not 'str'
2026-03-16 21:02:50,625 [ERROR] Error on sample 0: a bytes-like object is required, not 'str'
2026-03-16 21:02:50,626 [ERROR] Error on sample 0: a bytes-like object is required, not 'str'
2026-03-16 21:02:50,626 [ERROR] Error on sample 0: a bytes-like object is required, not 'str'
2026-03-16 21:02:50,627 [ERROR] Error on sample 0: a bytes-like object is required, not 'str'
2026-03-16 21:02:50,628 [ERROR] Error on sample 0: a bytes-like object is required, not 'str'
2026-03-16 21:02:50,628 [ERROR] Error on sample 0: a bytes-like object is required, not 'str'
2026-03-16 21:02:50,629 [ERROR] Error on sample 0: a bytes-like object is required, not 'str'
2026-03-16 21:02:50,630 [ERROR] Error on sample 0: a bytes-like object is required, not 'str'
2026-03-16 21:02:50,631 [ERROR] Error on sample 0: a bytes-like object is required, not 'str'
2026-03-16 21:02:50,631 [ERROR] Error on sample 0: a bytes-like object is required, not 'str'
2026-03-16 21:02:50,632 [ERROR] Error on sample 0: a bytes-like object is required, not 'str'
2026-03-16 21:02:50,632 [ERROR] Error on sample 0: a bytes-like object is required, not 'str'
2026-03-16 21:02:50,633 [ERROR] Error on sample 0: a bytes-like object is required, not 'str'
2026-03-16 21:02:50,634 [ERROR] Error on sample 0: a bytes-like object is required, not 'str'
2026-03-16 21:02:50,635 [ERROR] Error on sample 0: a bytes-like object is required, not 'str'
2026-03-16 21:02:50,635 [ERROR] Error on sample 0: a bytes-like object is required, not 'str'
2026-03-16 21:02:50,636 [ERROR] Error on sample 0: a bytes-like object is required, not 'str'
2026-03-16 21:02:50,637 [ERROR] Error on sample 0: a bytes-like object is required, not 'str'
2026-03-16 21:02:50,637 [ERROR] Error on sample 0: a bytes-like object is required, not 'str'
2026-03-16 21:02:50,638 [ERROR] Error on sample 0: a bytes-like object is required, not 'str'
2026-03-16 21:02:50,639 [ERROR] Error on sample 0: a bytes-like object is required, not 'str'
2026-03-16 21:02:50,639 [ERROR] Error on sample 0: a bytes-like object is required, not 'str'
2026-03-16 21:02:50,640 [ERROR] Error on sample 0: a bytes-like object is required, not 'str'
2026-03-16 21:02:50,641 [ERROR] Error on sample 0: a bytes-like object is required, not 'str'
2026-03-16 21:02:50,641 [ERROR] Error on sample 0: a bytes-like object is required, not 'str'
2026-03-16 21:02:50,642 [ERROR] Error on sample 0: a bytes-like object is required, not 'str'
2026-03-16 21:02:50,643 [ERROR] Error on sample 0: a bytes-like object is required, not 'str'
2026-03-16 21:02:50,643 [ERROR] Error on sample 0: a bytes-like object is required, not 'str'
2026-03-16 21:02:50,644 [ERROR] Error on sample 0: a bytes-like object is required, not 'str'
2026-03-16 21:02:50,645 [ERROR] Error on sample 0: a bytes-like object is required, not 'str'
2026-03-16 21:02:50,646 [ERROR] Error on sample 0: a bytes-like object is required, not 'str'
2026-03-16 21:02:50,646 [ERROR] Error on sample 0: a bytes-like object is required, not 'str'
2026-03-16 21:02:50,647 [ERROR] Error on sample 0: a bytes-like object is required, not 'str'
2026-03-16 21:02:50,648 [ERROR] Error on sample 0: a bytes-like object is required, not 'str'
2026-03-16 21:02:50,648 [ERROR] Error on sample 0: a bytes-like object is required, not 'str'
2026-03-16 21:02:50,649 [ERROR] Error on sample 0: a bytes-like object is required, not 'str'
2026-03-16 21:02:50,650 [ERROR] Error on sample 0: a bytes-like object is required, not 'str'
2026-03-16 21:02:50,650 [ERROR] Error on sample 0: a bytes-like object is required, not 'str'
2026-03-16 21:02:50,651 [ERROR] Error on sample 0: a bytes-like object is required, not 'str'
2026-03-16 21:02:50,652 [ERROR] Error on sample 0: a bytes-like object is required, not 'str'
2026-03-16 21:02:50,652 [ERROR] Error on sample 0: a bytes-like object is required, not 'str'
2026-03-16 21:02:50,653 [ERROR] Error on sample 0: a bytes-like object is required, not 'str'
2026-03-16 21:02:50,654 [ERROR] Error on sample 0: a bytes-like object is required, not 'str'
2026-03-16 21:02:50,654 [ERROR] Error on sample 0: a bytes-like object is required, not 'str'
2026-03-16 21:02:50,655 [ERROR] Error on sample 0: a bytes-like object is required, not 'str'
2026-03-16 21:02:50,656 [ERROR] Error on sample 0: a bytes-like object is required, not 'str'
2026-03-16 21:02:50,657 [ERROR] Error on sample 0: a bytes-like object is required, not 'str'
2026-03-16 21:02:50,657 [ERROR] Error on sample 0: a bytes-like object is required, not 'str'
2026-03-16 21:02:50,658 [ERROR] Error on sample 0: a bytes-like object is required, not 'str'
2026-03-16 21:02:50,659 [ERROR] Error on sample 0: a bytes-like object is required, not 'str'
2026-03-16 21:02:50,659 [ERROR] Error on sample 0: a bytes-like object is required, not 'str'
2026-03-16 21:02:50,660 [ERROR] Error on sample 0: a bytes-like object is required, not 'str'
2026-03-16 21:02:50,661 [ERROR] Error on sample 0: a bytes-like object is required, not 'str'
2026-03-16 21:02:50,661 [ERROR] Error on sample 0: a bytes-like object is required, not 'str'
2026-03-16 21:02:50,662 [ERROR] Error on sample 0: a bytes-like object is required, not 'str'
2026-03-16 21:02:50,663 [ERROR] Error on sample 0: a bytes-like object is required, not 'str'
2026-03-16 21:02:50,663 [ERROR] Error on sample 0: a bytes-like object is required, not 'str'
2026-03-16 21:02:50,664 [ERROR] Error on sample 0: a bytes-like object is required, not 'str'
2026-03-16 21:02:50,665 [ERROR] Error on sample 0: a bytes-like object is required, not 'str'
2026-03-16 21:02:50,665 [ERROR] Error on sample 0: a bytes-like object is required, not 'str'
2026-03-16 21:02:50,666 [ERROR] Error on sample 0: a bytes-like object is required, not 'str'
2026-03-16 21:02:50,667 [ERROR] Error on sample 0: a bytes-like object is required, not 'str'
2026-03-16 21:02:50,667 [ERROR] Error on sample 0: a bytes-like object is required, not 'str'
2026-03-16 21:02:50,668 [ERROR] Error on sample 0: a bytes-like object is required, not 'str'
2026-03-16 21:02:50,669 [ERROR] Error on sample 0: a bytes-like object is required, not 'str'
2026-03-16 21:02:50,669 [ERROR] Error on sample 0: a bytes-like object is required, not 'str'
2026-03-16 21:02:50,670 [ERROR] Error on sample 0: a bytes-like object is required, not 'str'
2026-03-16 21:02:50,671 [ERROR] Error on sample 0: a bytes-like object is required, not 'str'
2026-03-16 21:02:50,671 [ERROR] Error on sample 0: a bytes-like object is required, not 'str'
2026-03-16 21:02:50,672 [ERROR] Error on sample 0: a bytes-like object is required, not 'str'
2026-03-16 21:02:50,673 [ERROR] Error on sample 0: a bytes-like object is required, not 'str'
2026-03-16 21:02:50,675 [ERROR] Error on sample 0: a bytes-like object is required, not 'str'
2026-03-16 21:02:50,676 [ERROR] Error on sample 0: a bytes-like object is required, not 'str'
2026-03-16 21:02:50,677 [ERROR] Error on sample 0: a bytes-like object is required, not 'str'
2026-03-16 21:02:50,677 [ERROR] Error on sample 0: a bytes-like object is required, not 'str'
2026-03-16 21:02:50,678 [ERROR] Error on sample 0: a bytes-like object is required, not 'str'
2026-03-16 21:02:50,679 [ERROR] Error on sample 0: a bytes-like object is required, not 'str'
2026-03-16 21:02:50,679 [ERROR] Error on sample 0: a bytes-like object is required, not 'str'
2026-03-16 21:02:50,680 [ERROR] Error on sample 0: a bytes-like object is required, not 'str'
2026-03-16 21:02:50,681 [ERROR] Error on sample 0: a bytes-like object is required, not 'str'
2026-03-16 21:02:50,682 [ERROR] Error on sample 0: a bytes-like object is required, not 'str'
2026-03-16 21:02:50,682 [ERROR] Error on sample 0: a bytes-like object is required, not 'str'
2026-03-16 21:02:50,683 [ERROR] Error on sample 0: a bytes-like object is required, not 'str'
2026-03-16 21:02:50,684 [ERROR] Error on sample 0: a bytes-like object is required, not 'str'
2026-03-16 21:02:50,685 [ERROR] Error on sample 0: a bytes-like object is required, not 'str'
2026-03-16 21:02:50,686 [ERROR] Error on sample 0: a bytes-like object is required, not 'str'
2026-03-16 21:02:50,687 [ERROR] Error on sample 0: a bytes-like object is required, not 'str'
2026-03-16 21:02:50,688 [ERROR] Error on sample 0: a bytes-like object is required, not 'str'
2026-03-16 21:02:50,689 [ERROR] Error on sample 0: a bytes-like object is required, not 'str'
2026-03-16 21:02:50,689 [ERROR] Error on sample 0: a bytes-like object is required, not 'str'
2026-03-16 21:02:50,690 [ERROR] Error on sample 0: a bytes-like object is required, not 'str'
2026-03-16 21:02:50,691 [ERROR] Error on sample 0: a bytes-like object is required, not 'str'
2026-03-16 21:02:50,691 [ERROR] Error on sample 0: a bytes-like object is required, not 'str'
2026-03-16 21:02:50,692 [ERROR] Error on sample 0: a bytes-like object is required, not 'str'
2026-03-16 21:02:50,693 [ERROR] Error on sample 0: a bytes-like object is required, not 'str'
2026-03-16 21:02:50,693 [ERROR] Error on sample 0: a bytes-like object is required, not 'str'
2026-03-16 21:02:50,694 [ERROR] Error on sample 0: a bytes-like object is required, not 'str'
2026-03-16 21:02:50,695 [ERROR] Error on sample 0: a bytes-like object is required, not 'str'
2026-03-16 21:02:50,695 [ERROR] Error on sample 0: a bytes-like object is required, not 'str'
2026-03-16 21:02:50,696 [ERROR] Error on sample 0: a bytes-like object is required, not 'str'
2026-03-16 21:02:50,697 [ERROR] Error on sample 0: a bytes-like object is required, not 'str'
2026-03-16 21:02:50,698 [ERROR] Error on sample 0: a bytes-like object is required, not 'str'
2026-03-16 21:02:50,698 [ERROR] Error on sample 0: a bytes-like object is required, not 'str'
2026-03-16 21:02:50,699 [ERROR] Error on sample 0: a bytes-like object is required, not 'str'
2026-03-16 21:02:50,700 [ERROR] Error on sample 0: a bytes-like object is required, not 'str'
2026-03-16 21:02:50,700 [ERROR] Error on sample 0: a bytes-like object is required, not 'str'
2026-03-16 21:02:50,701 [ERROR] Error on sample 0: a bytes-like object is required, not 'str'
2026-03-16 21:02:50,702 [ERROR] Error on sample 0: a bytes-like object is required, not 'str'
2026-03-16 21:02:50,702 [ERROR] Error on sample 0: a bytes-like object is required, not 'str'
2026-03-16 21:02:50,703 [ERROR] Error on sample 0: a bytes-like object is required, not 'str'
2026-03-16 21:02:50,704 [ERROR] Error on sample 0: a bytes-like object is required, not 'str'
2026-03-16 21:02:50,705 [ERROR] Error on sample 0: a bytes-like object is required, not 'str'
2026-03-16 21:02:50,705 [ERROR] Error on sample 0: a bytes-like object is required, not 'str'
2026-03-16 21:02:50,706 [ERROR] Error on sample 0: a bytes-like object is required, not 'str'
2026-03-16 21:02:50,707 [ERROR] Error on sample 0: a bytes-like object is required, not 'str'
2026-03-16 21:02:50,707 [ERROR] Error on sample 0: a bytes-like object is required, not 'str'
2026-03-16 21:02:50,708 [ERROR] Error on sample 0: a bytes-like object is required, not 'str'
2026-03-16 21:02:50,709 [ERROR] Error on sample 0: a bytes-like object is required, not 'str'
2026-03-16 21:02:50,709 [ERROR] Error on sample 0: a bytes-like object is required, not 'str'
2026-03-16 21:02:50,710 [ERROR] Error on sample 0: a bytes-like object is required, not 'str'
2026-03-16 21:02:50,711 [ERROR] Error on sample 0: a bytes-like object is required, not 'str'
2026-03-16 21:02:50,711 [ERROR] Error on sample 0: a bytes-like object is required, not 'str'
2026-03-16 21:02:50,712 [ERROR] Error on sample 0: a bytes-like object is required, not 'str'
2026-03-16 21:02:50,713 [ERROR] Error on sample 0: a bytes-like object is required, not 'str'
2026-03-16 21:02:50,713 [ERROR] Error on sample 0: a bytes-like object is required, not 'str'
2026-03-16 21:02:50,714 [ERROR] Error on sample 0: a bytes-like object is required, not 'str'
2026-03-16 21:02:50,715 [ERROR] Error on sample 0: a bytes-like object is required, not 'str'
2026-03-16 21:02:50,715 [ERROR] Error on sample 0: a bytes-like object is required, not 'str'
2026-03-16 21:02:50,716 [ERROR] Error on sample 0: a bytes-like object is required, not 'str'
2026-03-16 21:02:50,717 [ERROR] Error on sample 0: a bytes-like object is required, not 'str'
2026-03-16 21:02:50,718 [ERROR] Error on sample 0: a bytes-like object is required, not 'str'
2026-03-16 21:02:50,718 [ERROR] Error on sample 0: a bytes-like object is required, not 'str'
2026-03-16 21:02:50,719 [ERROR] Error on sample 0: a bytes-like object is required, not 'str'
2026-03-16 21:02:50,720 [ERROR] Error on sample 0: a bytes-like object is required, not 'str'
2026-03-16 21:02:50,720 [ERROR] Error on sample 0: a bytes-like object is required, not 'str'
2026-03-16 21:02:50,721 [ERROR] Error on sample 0: a bytes-like object is required, not 'str'
2026-03-16 21:02:50,722 [ERROR] Error on sample 0: a bytes-like object is required, not 'str'
2026-03-16 21:02:50,722 [ERROR] Error on sample 0: a bytes-like object is required, not 'str'
2026-03-16 21:02:50,723 [ERROR] Error on sample 0: a bytes-like object is required, not 'str'
2026-03-16 21:02:50,724 [ERROR] Error on sample 0: a bytes-like object is required, not 'str'
2026-03-16 21:02:50,724 [ERROR] Error on sample 0: a bytes-like object is required, not 'str'
2026-03-16 21:02:50,725 [ERROR] Error on sample 0: a bytes-like object is required, not 'str'
2026-03-16 21:02:50,726 [ERROR] Error on sample 0: a bytes-like object is required, not 'str'
2026-03-16 21:02:50,726 [ERROR] Error on sample 0: a bytes-like object is required, not 'str'
2026-03-16 21:02:50,727 [ERROR] Error on sample 0: a bytes-like object is required, not 'str'
2026-03-16 21:02:50,728 [ERROR] Error on sample 0: a bytes-like object is required, not 'str'
2026-03-16 21:02:50,728 [ERROR] Error on sample 0: a bytes-like object is required, not 'str'
2026-03-16 21:02:50,729 [ERROR] Error on sample 0: a bytes-like object is required, not 'str'
2026-03-16 21:02:50,730 [ERROR] Error on sample 0: a bytes-like object is required, not 'str'
2026-03-16 21:02:50,730 [ERROR] Error on sample 0: a bytes-like object is required, not 'str'
2026-03-16 21:02:50,731 [ERROR] Error on sample 0: a bytes-like object is required, not 'str'
2026-03-16 21:02:50,732 [ERROR] Error on sample 0: a bytes-like object is required, not 'str'
2026-03-16 21:02:50,732 [ERROR] Error on sample 0: a bytes-like object is required, not 'str'
2026-03-16 21:02:50,733 [ERROR] Error on sample 0: a bytes-like object is required, not 'str'
2026-03-16 21:02:50,734 [ERROR] Error on sample 0: a bytes-like object is required, not 'str'
2026-03-16 21:02:50,735 [ERROR] Error on sample 0: a bytes-like object is required, not 'str'
2026-03-16 21:02:50,735 [ERROR] Error on sample 0: a bytes-like object is required, not 'str'
2026-03-16 21:02:50,736 [ERROR] Error on sample 0: a bytes-like object is required, not 'str'
2026-03-16 21:02:50,737 [ERROR] Error on sample 0: a bytes-like object is required, not 'str'
2026-03-16 21:02:50,737 [ERROR] Error on sample 0: a bytes-like object is required, not 'str'
2026-03-16 21:02:50,738 [ERROR] Error on sample 0: a bytes-like object is required, not 'str'
2026-03-16 21:02:50,739 [ERROR] Error on sample 0: a bytes-like object is required, not 'str'
2026-03-16 21:02:50,739 [ERROR] Error on sample 0: a bytes-like object is required, not 'str'
2026-03-16 21:02:50,740 [ERROR] Error on sample 0: a bytes-like object is required, not 'str'
2026-03-16 21:02:50,741 [ERROR] Error on sample 0: a bytes-like object is required, not 'str'
2026-03-16 21:02:50,741 [ERROR] Error on sample 0: a bytes-like object is required, not 'str'
2026-03-16 21:02:50,742 [ERROR] Error on sample 0: a bytes-like object is required, not 'str'
2026-03-16 21:02:50,743 [ERROR] Error on sample 0: a bytes-like object is required, not 'str'
2026-03-16 21:02:50,743 [ERROR] Error on sample 0: a bytes-like object is required, not 'str'
2026-03-16 21:02:50,744 [ERROR] Error on sample 0: a bytes-like object is required, not 'str'
2026-03-16 21:02:50,745 [ERROR] Error on sample 0: a bytes-like object is required, not 'str'
2026-03-16 21:02:50,746 [ERROR] Error on sample 0: a bytes-like object is required, not 'str'
2026-03-16 21:02:50,746 [ERROR] Error on sample 0: a bytes-like object is required, not 'str'
2026-03-16 21:02:50,747 [ERROR] Error on sample 0: a bytes-like object is required, not 'str'
2026-03-16 21:02:50,748 [ERROR] Error on sample 0: a bytes-like object is required, not 'str'
2026-03-16 21:02:50,748 [ERROR] Error on sample 0: a bytes-like object is required, not 'str'
2026-03-16 21:02:50,749 [ERROR] Error on sample 0: a bytes-like object is required, not 'str'
2026-03-16 21:02:50,750 [ERROR] Error on sample 0: a bytes-like object is required, not 'str'
2026-03-16 21:02:50,750 [ERROR] Error on sample 0: a bytes-like object is required, not 'str'
2026-03-16 21:02:50,751 [ERROR] Error on sample 0: a bytes-like object is required, not 'str'
2026-03-16 21:02:50,752 [ERROR] Error on sample 0: a bytes-like object is required, not 'str'
2026-03-16 21:02:50,752 [ERROR] Error on sample 0: a bytes-like object is required, not 'str'
2026-03-16 21:02:50,753 [ERROR] Error on sample 0: a bytes-like object is required, not 'str'
2026-03-16 21:02:50,754 [ERROR] Error on sample 0: a bytes-like object is required, not 'str'
2026-03-16 21:02:50,754 [ERROR] Error on sample 0: a bytes-like object is required, not 'str'
2026-03-16 21:02:50,755 [ERROR] Error on sample 0: a bytes-like object is required, not 'str'
2026-03-16 21:02:50,756 [ERROR] Error on sample 0: a bytes-like object is required, not 'str'
2026-03-16 21:02:50,756 [ERROR] Error on sample 0: a bytes-like object is required, not 'str'
2026-03-16 21:02:50,757 [ERROR] Error on sample 0: a bytes-like object is required, not 'str'
2026-03-16 21:02:50,758 [ERROR] Error on sample 0: a bytes-like object is required, not 'str'
2026-03-16 21:02:50,758 [ERROR] Error on sample 0: a bytes-like object is required, not 'str'
2026-03-16 21:02:50,759 [ERROR] Error on sample 0: a bytes-like object is required, not 'str'
2026-03-16 21:02:50,760 [ERROR] Error on sample 0: a bytes-like object is required, not 'str'
2026-03-16 21:02:50,760 [ERROR] Error on sample 0: a bytes-like object is required, not 'str'
2026-03-16 21:02:50,761 [ERROR] Error on sample 0: a bytes-like object is required, not 'str'
2026-03-16 21:02:50,762 [ERROR] Error on sample 0: a bytes-like object is required, not 'str'
2026-03-16 21:02:50,763 [ERROR] Error on sample 0: a bytes-like object is required, not 'str'
2026-03-16 21:02:50,763 [ERROR] Error on sample 0: a bytes-like object is required, not 'str'
2026-03-16 21:02:50,764 [ERROR] Error on sample 0: a bytes-like object is required, not 'str'
2026-03-16 21:02:50,765 [ERROR] Error on sample 0: a bytes-like object is required, not 'str'
2026-03-16 21:02:50,765 [ERROR] Error on sample 0: a bytes-like object is required, not 'str'
2026-03-16 21:02:50,766 [ERROR] Error on sample 0: a bytes-like object is required, not 'str'
2026-03-16 21:02:50,767 [ERROR] Error on sample 0: a bytes-like object is required, not 'str'
2026-03-16 21:02:50,767 [ERROR] Error on sample 0: a bytes-like object is required, not 'str'
2026-03-16 21:02:50,768 [ERROR] Error on sample 0: a bytes-like object is required, not 'str'
2026-03-16 21:02:50,769 [ERROR] Error on sample 0: a bytes-like object is required, not 'str'
2026-03-16 21:02:50,769 [ERROR] Error on sample 0: a bytes-like object is required, not 'str'
2026-03-16 21:02:50,770 [ERROR] Error on sample 0: a bytes-like object is required, not 'str'
2026-03-16 21:02:50,771 [ERROR] Error on sample 0: a bytes-like object is required, not 'str'
2026-03-16 21:02:50,771 [ERROR] Error on sample 0: a bytes-like object is required, not 'str'
2026-03-16 21:02:50,772 [ERROR] Error on sample 0: a bytes-like object is required, not 'str'
2026-03-16 21:02:50,773 [ERROR] Error on sample 0: a bytes-like object is required, not 'str'
2026-03-16 21:02:50,773 [ERROR] Error on sample 0: a bytes-like object is required, not 'str'
2026-03-16 21:02:50,774 [ERROR] Error on sample 0: a bytes-like object is required, not 'str'
2026-03-16 21:02:50,775 [ERROR] Error on sample 0: a bytes-like object is required, not 'str'
2026-03-16 21:02:50,775 [ERROR] Error on sample 0: a bytes-like object is required, not 'str'
2026-03-16 21:02:50,776 [ERROR] Error on sample 0: a bytes-like object is required, not 'str'
2026-03-16 21:02:50,777 [ERROR] Error on sample 0: a bytes-like object is required, not 'str'
2026-03-16 21:02:50,778 [ERROR] Error on sample 0: a bytes-like object is required, not 'str'
2026-03-16 21:02:50,778 [ERROR] Error on sample 0: a bytes-like object is required, not 'str'
2026-03-16 21:02:50,779 [ERROR] Error on sample 0: a bytes-like object is required, not 'str'
2026-03-16 21:02:50,780 [ERROR] Error on sample 0: a bytes-like object is required, not 'str'
2026-03-16 21:02:50,780 [ERROR] Error on sample 0: a bytes-like object is required, not 'str'
2026-03-16 21:02:50,781 [ERROR] Error on sample 0: a bytes-like object is required, not 'str'
2026-03-16 21:02:50,782 [ERROR] Error on sample 0: a bytes-like object is required, not 'str'
2026-03-16 21:02:50,782 [ERROR] Error on sample 0: a bytes-like object is required, not 'str'
2026-03-16 21:02:50,783 [ERROR] Error on sample 0: a bytes-like object is required, not 'str'
2026-03-16 21:02:50,784 [ERROR] Error on sample 0: a bytes-like object is required, not 'str'
2026-03-16 21:02:50,785 [ERROR] Error on sample 0: a bytes-like object is required, not 'str'
2026-03-16 21:02:50,785 [ERROR] Error on sample 0: a bytes-like object is required, not 'str'
2026-03-16 21:02:50,786 [ERROR] Error on sample 0: a bytes-like object is required, not 'str'
2026-03-16 21:02:50,787 [ERROR] Error on sample 0: a bytes-like object is required, not 'str'
2026-03-16 21:02:50,787 [ERROR] Error on sample 0: a bytes-like object is required, not 'str'
2026-03-16 21:02:50,788 [ERROR] Error on sample 0: a bytes-like object is required, not 'str'
2026-03-16 21:02:50,789 [ERROR] Error on sample 0: a bytes-like object is required, not 'str'
2026-03-16 21:02:50,790 [ERROR] Error on sample 0: a bytes-like object is required, not 'str'
2026-03-16 21:02:50,791 [ERROR] Error on sample 0: a bytes-like object is required, not 'str'
2026-03-16 21:02:50,791 [ERROR] Error on sample 0: a bytes-like object is required, not 'str'
2026-03-16 21:02:50,792 [ERROR] Error on sample 0: a bytes-like object is required, not 'str'
2026-03-16 21:02:50,793 [ERROR] Error on sample 0: a bytes-like object is required, not 'str'
2026-03-16 21:02:50,794 [ERROR] Error on sample 0: a bytes-like object is required, not 'str'
2026-03-16 21:02:50,794 [ERROR] Error on sample 0: a bytes-like object is required, not 'str'
2026-03-16 21:02:50,795 [ERROR] Error on sample 0: a bytes-like object is required, not 'str'
2026-03-16 21:02:50,796 [ERROR] Error on sample 0: a bytes-like object is required, not 'str'
2026-03-16 21:02:50,796 [ERROR] Error on sample 0: a bytes-like object is required, not 'str'
2026-03-16 21:02:50,797 [ERROR] Error on sample 0: a bytes-like object is required, not 'str'
2026-03-16 21:02:50,798 [ERROR] Error on sample 0: a bytes-like object is required, not 'str'
2026-03-16 21:02:50,798 [ERROR] Error on sample 0: a bytes-like object is required, not 'str'
2026-03-16 21:02:50,799 [ERROR] Error on sample 0: a bytes-like object is required, not 'str'
2026-03-16 21:02:50,800 [ERROR] Error on sample 0: a bytes-like object is required, not 'str'
2026-03-16 21:02:50,801 [ERROR] Error on sample 0: a bytes-like object is required, not 'str'
2026-03-16 21:02:50,802 [ERROR] Error on sample 0: a bytes-like object is required, not 'str'
2026-03-16 21:02:50,803 [ERROR] Error on sample 0: a bytes-like object is required, not 'str'
2026-03-16 21:02:50,804 [ERROR] Error on sample 0: a bytes-like object is required, not 'str'
2026-03-16 21:02:50,805 [ERROR] Error on sample 0: a bytes-like object is required, not 'str'
2026-03-16 21:02:50,806 [ERROR] Error on sample 0: a bytes-like object is required, not 'str'
2026-03-16 21:02:50,807 [ERROR] Error on sample 0: a bytes-like object is required, not 'str'
2026-03-16 21:02:50,808 [ERROR] Error on sample 0: a bytes-like object is required, not 'str'
2026-03-16 21:02:50,809 [ERROR] Error on sample 0: a bytes-like object is required, not 'str'
2026-03-16 21:02:50,810 [ERROR] Error on sample 0: a bytes-like object is required, not 'str'
2026-03-16 21:02:50,812 [ERROR] Error on sample 0: a bytes-like object is required, not 'str'
2026-03-16 21:02:50,813 [ERROR] Error on sample 0: a bytes-like object is required, not 'str'
2026-03-16 21:02:50,814 [ERROR] Error on sample 0: a bytes-like object is required, not 'str'
2026-03-16 21:02:50,815 [ERROR] Error on sample 0: a bytes-like object is required, not 'str'
2026-03-16 21:02:50,816 [ERROR] Error on sample 0: a bytes-like object is required, not 'str'
2026-03-16 21:02:50,817 [ERROR] Error on sample 0: a bytes-like object is required, not 'str'
2026-03-16 21:02:50,818 [ERROR] Error on sample 0: a bytes-like object is required, not 'str'
2026-03-16 21:02:50,819 [ERROR] Error on sample 0: a bytes-like object is required, not 'str'
2026-03-16 21:02:50,820 [ERROR] Error on sample 0: a bytes-like object is required, not 'str'
2026-03-16 21:02:50,821 [ERROR] Error on sample 0: a bytes-like object is required, not 'str'
2026-03-16 21:02:50,823 [ERROR] Error on sample 0: a bytes-like object is required, not 'str'
2026-03-16 21:02:50,824 [ERROR] Error on sample 0: a bytes-like object is required, not 'str'
2026-03-16 21:02:50,825 [ERROR] Error on sample 0: a bytes-like object is required, not 'str'
2026-03-16 21:02:50,826 [ERROR] Error on sample 0: a bytes-like object is required, not 'str'
2026-03-16 21:02:50,827 [ERROR] Error on sample 0: a bytes-like object is required, not 'str'
2026-03-16 21:02:50,828 [ERROR] Error on sample 0: a bytes-like object is required, not 'str'
2026-03-16 21:02:50,829 [ERROR] Error on sample 0: a bytes-like object is required, not 'str'
2026-03-16 21:02:50,830 [ERROR] Error on sample 0: a bytes-like object is required, not 'str'
2026-03-16 21:02:50,831 [ERROR] Error on sample 0: a bytes-like object is required, not 'str'
2026-03-16 21:02:50,832 [ERROR] Error on sample 0: a bytes-like object is required, not 'str'
2026-03-16 21:02:50,834 [ERROR] Error on sample 0: a bytes-like object is required, not 'str'
2026-03-16 21:02:50,836 [ERROR] Error on sample 0: a bytes-like object is required, not 'str'
2026-03-16 21:02:50,838 [ERROR] Error on sample 0: a bytes-like object is required, not 'str'
2026-03-16 21:02:50,839 [ERROR] Error on sample 0: a bytes-like object is required, not 'str'
2026-03-16 21:02:50,839 [ERROR] Error on sample 0: a bytes-like object is required, not 'str'
2026-03-16 21:02:50,840 [ERROR] Error on sample 0: a bytes-like object is required, not 'str'
2026-03-16 21:02:50,841 [ERROR] Error on sample 0: a bytes-like object is required, not 'str'
2026-03-16 21:02:50,841 [ERROR] Error on sample 0: a bytes-like object is required, not 'str'
2026-03-16 21:02:50,842 [ERROR] Error on sample 0: a bytes-like object is required, not 'str'
2026-03-16 21:02:50,843 [ERROR] Error on sample 0: a bytes-like object is required, not 'str'
2026-03-16 21:02:50,844 [ERROR] Error on sample 0: a bytes-like object is required, not 'str'
2026-03-16 21:02:50,844 [ERROR] Error on sample 0: a bytes-like object is required, not 'str'
2026-03-16 21:02:50,845 [ERROR] Error on sample 0: a bytes-like object is required, not 'str'
2026-03-16 21:02:50,846 [ERROR] Error on sample 0: a bytes-like object is required, not 'str'
2026-03-16 21:02:50,846 [ERROR] Error on sample 0: a bytes-like object is required, not 'str'
2026-03-16 21:02:50,847 [ERROR] Error on sample 0: a bytes-like object is required, not 'str'
2026-03-16 21:02:50,848 [ERROR] Error on sample 0: a bytes-like object is required, not 'str'
2026-03-16 21:02:50,848 [ERROR] Error on sample 0: a bytes-like object is required, not 'str'
2026-03-16 21:02:50,849 [ERROR] Error on sample 0: a bytes-like object is required, not 'str'
2026-03-16 21:02:50,850 [ERROR] Error on sample 0: a bytes-like object is required, not 'str'
2026-03-16 21:02:50,850 [ERROR] Error on sample 0: a bytes-like object is required, not 'str'
2026-03-16 21:02:50,851 [ERROR] Error on sample 0: a bytes-like object is required, not 'str'
2026-03-16 21:02:50,852 [ERROR] Error on sample 0: a bytes-like object is required, not 'str'
2026-03-16 21:02:50,852 [ERROR] Error on sample 0: a bytes-like object is required, not 'str'
2026-03-16 21:02:50,853 [ERROR] Error on sample 0: a bytes-like object is required, not 'str'
2026-03-16 21:02:50,854 [ERROR] Error on sample 0: a bytes-like object is required, not 'str'
2026-03-16 21:02:50,854 [ERROR] Error on sample 0: a bytes-like object is required, not 'str'
2026-03-16 21:02:50,855 [ERROR] Error on sample 0: a bytes-like object is required, not 'str'
2026-03-16 21:02:50,856 [ERROR] Error on sample 0: a bytes-like object is required, not 'str'
2026-03-16 21:02:50,856 [ERROR] Error on sample 0: a bytes-like object is required, not 'str'
2026-03-16 21:02:50,857 [ERROR] Error on sample 0: a bytes-like object is required, not 'str'
2026-03-16 21:02:50,858 [ERROR] Error on sample 0: a bytes-like object is required, not 'str'
2026-03-16 21:02:50,859 [ERROR] Error on sample 0: a bytes-like object is required, not 'str'
2026-03-16 21:02:50,859 [ERROR] Error on sample 0: a bytes-like object is required, not 'str'
2026-03-16 21:02:50,860 [ERROR] Error on sample 0: a bytes-like object is required, not 'str'
2026-03-16 21:02:50,861 [ERROR] Error on sample 0: a bytes-like object is required, not 'str'
2026-03-16 21:02:50,861 [ERROR] Error on sample 0: a bytes-like object is required, not 'str'
2026-03-16 21:02:50,862 [ERROR] Error on sample 0: a bytes-like object is required, not 'str'
2026-03-16 21:02:50,863 [ERROR] Error on sample 0: a bytes-like object is required, not 'str'
2026-03-16 21:02:50,863 [ERROR] Error on sample 0: a bytes-like object is required, not 'str'
2026-03-16 21:02:50,864 [ERROR] Error on sample 0: a bytes-like object is required, not 'str'
2026-03-16 21:02:50,865 [ERROR] Error on sample 0: a bytes-like object is required, not 'str'
2026-03-16 21:02:50,866 [ERROR] Error on sample 0: a bytes-like object is required, not 'str'
2026-03-16 21:02:50,866 [ERROR] Error on sample 0: a bytes-like object is required, not 'str'
2026-03-16 21:02:50,867 [ERROR] Error on sample 0: a bytes-like object is required, not 'str'
2026-03-16 21:02:50,868 [ERROR] Error on sample 0: a bytes-like object is required, not 'str'
2026-03-16 21:02:50,868 [ERROR] Error on sample 0: a bytes-like object is required, not 'str'
2026-03-16 21:02:50,869 [ERROR] Error on sample 0: a bytes-like object is required, not 'str'
2026-03-16 21:02:50,870 [ERROR] Error on sample 0: a bytes-like object is required, not 'str'
2026-03-16 21:02:50,870 [ERROR] Error on sample 0: a bytes-like object is required, not 'str'
2026-03-16 21:02:50,871 [ERROR] Error on sample 0: a bytes-like object is required, not 'str'
2026-03-16 21:02:50,872 [ERROR] Error on sample 0: a bytes-like object is required, not 'str'
2026-03-16 21:02:50,872 [ERROR] Error on sample 0: a bytes-like object is required, not 'str'
2026-03-16 21:02:50,873 [ERROR] Error on sample 0: a bytes-like object is required, not 'str'
2026-03-16 21:02:50,874 [ERROR] Error on sample 0: a bytes-like object is required, not 'str'
2026-03-16 21:02:50,874 [ERROR] Error on sample 0: a bytes-like object is required, not 'str'
2026-03-16 21:02:50,875 [ERROR] Error on sample 0: a bytes-like object is required, not 'str'
2026-03-16 21:02:50,876 [ERROR] Error on sample 0: a bytes-like object is required, not 'str'
2026-03-16 21:02:50,876 [ERROR] Error on sample 0: a bytes-like object is required, not 'str'
2026-03-16 21:02:50,877 [ERROR] Error on sample 0: a bytes-like object is required, not 'str'
2026-03-16 21:02:50,878 [ERROR] Error on sample 0: a bytes-like object is required, not 'str'
2026-03-16 21:02:50,878 [ERROR] Error on sample 0: a bytes-like object is required, not 'str'
2026-03-16 21:02:50,879 [ERROR] Error on sample 0: a bytes-like object is required, not 'str'
2026-03-16 21:02:50,880 [ERROR] Error on sample 0: a bytes-like object is required, not 'str'
2026-03-16 21:02:50,881 [ERROR] Error on sample 0: a bytes-like object is required, not 'str'
2026-03-16 21:02:50,881 [ERROR] Error on sample 0: a bytes-like object is required, not 'str'
2026-03-16 21:02:50,882 [ERROR] Error on sample 0: a bytes-like object is required, not 'str'
2026-03-16 21:02:50,883 [ERROR] Error on sample 0: a bytes-like object is required, not 'str'
2026-03-16 21:02:50,883 [ERROR] Error on sample 0: a bytes-like object is required, not 'str'
2026-03-16 21:02:50,884 [ERROR] Error on sample 0: a bytes-like object is required, not 'str'
2026-03-16 21:02:50,885 [ERROR] Error on sample 0: a bytes-like object is required, not 'str'
2026-03-16 21:02:50,885 [ERROR] Error on sample 0: a bytes-like object is required, not 'str'
2026-03-16 21:02:50,886 [ERROR] Error on sample 0: a bytes-like object is required, not 'str'
2026-03-16 21:02:50,887 [ERROR] Error on sample 0: a bytes-like object is required, not 'str'
2026-03-16 21:02:50,887 [ERROR] Error on sample 0: a bytes-like object is required, not 'str'
2026-03-16 21:02:50,888 [ERROR] Error on sample 0: a bytes-like object is required, not 'str'
2026-03-16 21:02:50,889 [ERROR] Error on sample 0: a bytes-like object is required, not 'str'
2026-03-16 21:02:50,889 [ERROR] Error on sample 0: a bytes-like object is required, not 'str'
2026-03-16 21:02:50,890 [ERROR] Error on sample 0: a bytes-like object is required, not 'str'
2026-03-16 21:02:50,891 [ERROR] Error on sample 0: a bytes-like object is required, not 'str'
2026-03-16 21:02:50,891 [ERROR] Error on sample 0: a bytes-like object is required, not 'str'
2026-03-16 21:02:50,892 [ERROR] Error on sample 0: a bytes-like object is required, not 'str'
2026-03-16 21:02:50,893 [ERROR] Error on sample 0: a bytes-like object is required, not 'str'
2026-03-16 21:02:50,893 [ERROR] Error on sample 0: a bytes-like object is required, not 'str'
2026-03-16 21:02:50,894 [ERROR] Error on sample 0: a bytes-like object is required, not 'str'
2026-03-16 21:02:50,895 [ERROR] Error on sample 0: a bytes-like object is required, not 'str'
2026-03-16 21:02:50,896 [ERROR] Error on sample 0: a bytes-like object is required, not 'str'
2026-03-16 21:02:50,896 [ERROR] Error on sample 0: a bytes-like object is required, not 'str'
2026-03-16 21:02:50,897 [ERROR] Error on sample 0: a bytes-like object is required, not 'str'
2026-03-16 21:02:50,898 [ERROR] Error on sample 0: a bytes-like object is required, not 'str'
2026-03-16 21:02:50,898 [ERROR] Error on sample 0: a bytes-like object is required, not 'str'
2026-03-16 21:02:50,899 [ERROR] Error on sample 0: a bytes-like object is required, not 'str'
2026-03-16 21:02:50,900 [ERROR] Error on sample 0: a bytes-like object is required, not 'str'
2026-03-16 21:02:50,900 [ERROR] Error on sample 0: a bytes-like object is required, not 'str'
2026-03-16 21:02:50,901 [ERROR] Error on sample 0: a bytes-like object is required, not 'str'
2026-03-16 21:02:50,902 [ERROR] Error on sample 0: a bytes-like object is required, not 'str'
2026-03-16 21:02:50,902 [ERROR] Error on sample 0: a bytes-like object is required, not 'str'
2026-03-16 21:02:50,903 [ERROR] Error on sample 0: a bytes-like object is required, not 'str'
2026-03-16 21:02:50,904 [ERROR] Error on sample 0: a bytes-like object is required, not 'str'
2026-03-16 21:02:50,904 [ERROR] Error on sample 0: a bytes-like object is required, not 'str'
2026-03-16 21:02:50,905 [ERROR] Error on sample 0: a bytes-like object is required, not 'str'
2026-03-16 21:02:50,906 [ERROR] Error on sample 0: a bytes-like object is required, not 'str'
2026-03-16 21:02:50,906 [ERROR] Error on sample 0: a bytes-like object is required, not 'str'
2026-03-16 21:02:50,907 [ERROR] Error on sample 0: a bytes-like object is required, not 'str'
2026-03-16 21:02:50,908 [ERROR] Error on sample 0: a bytes-like object is required, not 'str'
2026-03-16 21:02:50,909 [ERROR] Error on sample 0: a bytes-like object is required, not 'str'
2026-03-16 21:02:50,909 [ERROR] Error on sample 0: a bytes-like object is required, not 'str'
2026-03-16 21:02:50,910 [ERROR] Error on sample 0: a bytes-like object is required, not 'str'
2026-03-16 21:02:50,911 [ERROR] Error on sample 0: a bytes-like object is required, not 'str'
2026-03-16 21:02:50,911 [ERROR] Error on sample 0: a bytes-like object is required, not 'str'
2026-03-16 21:02:50,912 [ERROR] Error on sample 0: a bytes-like object is required, not 'str'
2026-03-16 21:02:50,913 [ERROR] Error on sample 0: a bytes-like object is required, not 'str'
2026-03-16 21:02:50,913 [ERROR] Error on sample 0: a bytes-like object is required, not 'str'
2026-03-16 21:02:50,914 [ERROR] Error on sample 0: a bytes-like object is required, not 'str'
2026-03-16 21:02:50,915 [ERROR] Error on sample 0: a bytes-like object is required, not 'str'
2026-03-16 21:02:50,915 [ERROR] Error on sample 0: a bytes-like object is required, not 'str'
2026-03-16 21:02:50,916 [ERROR] Error on sample 0: a bytes-like object is required, not 'str'
2026-03-16 21:02:50,917 [ERROR] Error on sample 0: a bytes-like object is required, not 'str'
2026-03-16 21:02:50,917 [ERROR] Error on sample 0: a bytes-like object is required, not 'str'
2026-03-16 21:02:50,918 [ERROR] Error on sample 0: a bytes-like object is required, not 'str'
2026-03-16 21:02:50,919 [ERROR] Error on sample 0: a bytes-like object is required, not 'str'
2026-03-16 21:02:50,919 [ERROR] Error on sample 0: a bytes-like object is required, not 'str'
2026-03-16 21:02:50,920 [ERROR] Error on sample 0: a bytes-like object is required, not 'str'
2026-03-16 21:02:50,921 [ERROR] Error on sample 0: a bytes-like object is required, not 'str'
2026-03-16 21:02:50,921 [ERROR] Error on sample 0: a bytes-like object is required, not 'str'
2026-03-16 21:02:50,922 [ERROR] Error on sample 0: a bytes-like object is required, not 'str'
2026-03-16 21:02:50,923 [ERROR] Error on sample 0: a bytes-like object is required, not 'str'
2026-03-16 21:02:50,924 [ERROR] Error on sample 0: a bytes-like object is required, not 'str'
2026-03-16 21:02:50,924 [ERROR] Error on sample 0: a bytes-like object is required, not 'str'
2026-03-16 21:02:50,925 [ERROR] Error on sample 0: a bytes-like object is required, not 'str'
2026-03-16 21:02:50,926 [ERROR] Error on sample 0: a bytes-like object is required, not 'str'
2026-03-16 21:02:50,926 [ERROR] Error on sample 0: a bytes-like object is required, not 'str'
2026-03-16 21:02:50,927 [ERROR] Error on sample 0: a bytes-like object is required, not 'str'
2026-03-16 21:02:50,928 [ERROR] Error on sample 0: a bytes-like object is required, not 'str'
2026-03-16 21:02:50,928 [ERROR] Error on sample 0: a bytes-like object is required, not 'str'
2026-03-16 21:02:50,929 [ERROR] Error on sample 0: a bytes-like object is required, not 'str'
2026-03-16 21:02:50,930 [ERROR] Error on sample 0: a bytes-like object is required, not 'str'
2026-03-16 21:02:50,930 [ERROR] Error on sample 0: a bytes-like object is required, not 'str'
2026-03-16 21:02:50,931 [ERROR] Error on sample 0: a bytes-like object is required, not 'str'
2026-03-16 21:02:50,932 [ERROR] Error on sample 0: a bytes-like object is required, not 'str'
2026-03-16 21:02:50,933 [ERROR] Error on sample 0: a bytes-like object is required, not 'str'
2026-03-16 21:02:50,933 [ERROR] Error on sample 0: a bytes-like object is required, not 'str'
2026-03-16 21:02:50,934 [ERROR] Error on sample 0: a bytes-like object is required, not 'str'
2026-03-16 21:02:50,935 [ERROR] Error on sample 0: a bytes-like object is required, not 'str'
2026-03-16 21:02:50,935 [ERROR] Error on sample 0: a bytes-like object is required, not 'str'
2026-03-16 21:02:50,936 [ERROR] Error on sample 0: a bytes-like object is required, not 'str'
2026-03-16 21:02:50,937 [ERROR] Error on sample 0: a bytes-like object is required, not 'str'
2026-03-16 21:02:50,937 [ERROR] Error on sample 0: a bytes-like object is required, not 'str'
2026-03-16 21:02:50,938 [ERROR] Error on sample 0: a bytes-like object is required, not 'str'
2026-03-16 21:02:50,939 [ERROR] Error on sample 0: a bytes-like object is required, not 'str'
2026-03-16 21:02:50,939 [ERROR] Error on sample 0: a bytes-like object is required, not 'str'
2026-03-16 21:02:50,940 [ERROR] Error on sample 0: a bytes-like object is required, not 'str'
2026-03-16 21:02:50,941 [ERROR] Error on sample 0: a bytes-like object is required, not 'str'
2026-03-16 21:02:50,941 [ERROR] Error on sample 0: a bytes-like object is required, not 'str'
2026-03-16 21:02:50,942 [ERROR] Error on sample 0: a bytes-like object is required, not 'str'
2026-03-16 21:02:50,943 [ERROR] Error on sample 0: a bytes-like object is required, not 'str'
2026-03-16 21:02:50,943 [ERROR] Error on sample 0: a bytes-like object is required, not 'str'
2026-03-16 21:02:50,944 [ERROR] Error on sample 0: a bytes-like object is required, not 'str'
2026-03-16 21:02:50,945 [ERROR] Error on sample 0: a bytes-like object is required, not 'str'
2026-03-16 21:02:50,945 [ERROR] Error on sample 0: a bytes-like object is required, not 'str'
2026-03-16 21:02:50,946 [ERROR] Error on sample 0: a bytes-like object is required, not 'str'
2026-03-16 21:02:50,947 [ERROR] Error on sample 0: a bytes-like object is required, not 'str'
2026-03-16 21:02:50,948 [ERROR] Error on sample 0: a bytes-like object is required, not 'str'
2026-03-16 21:02:50,948 [ERROR] Error on sample 0: a bytes-like object is required, not 'str'
2026-03-16 21:02:50,949 [ERROR] Error on sample 0: a bytes-like object is required, not 'str'
2026-03-16 21:02:50,950 [ERROR] Error on sample 0: a bytes-like object is required, not 'str'
2026-03-16 21:02:50,950 [ERROR] Error on sample 0: a bytes-like object is required, not 'str'
2026-03-16 21:02:50,951 [ERROR] Error on sample 0: a bytes-like object is required, not 'str'
2026-03-16 21:02:50,952 [ERROR] Error on sample 0: a bytes-like object is required, not 'str'
2026-03-16 21:02:50,952 [ERROR] Error on sample 0: a bytes-like object is required, not 'str'
2026-03-16 21:02:50,953 [ERROR] Error on sample 0: a bytes-like object is required, not 'str'
2026-03-16 21:02:50,954 [ERROR] Error on sample 0: a bytes-like object is required, not 'str'
2026-03-16 21:02:50,954 [ERROR] Error on sample 0: a bytes-like object is required, not 'str'
2026-03-16 21:02:50,955 [ERROR] Error on sample 0: a bytes-like object is required, not 'str'
2026-03-16 21:02:50,956 [ERROR] Error on sample 0: a bytes-like object is required, not 'str'
2026-03-16 21:02:50,956 [ERROR] Error on sample 0: a bytes-like object is required, not 'str'
2026-03-16 21:02:50,957 [ERROR] Error on sample 0: a bytes-like object is required, not 'str'
2026-03-16 21:02:50,958 [ERROR] Error on sample 0: a bytes-like object is required, not 'str'
2026-03-16 21:02:50,959 [ERROR] Error on sample 0: a bytes-like object is required, not 'str'
2026-03-16 21:02:50,959 [ERROR] Error on sample 0: a bytes-like object is required, not 'str'
2026-03-16 21:02:50,960 [ERROR] Error on sample 0: a bytes-like object is required, not 'str'
2026-03-16 21:02:50,961 [ERROR] Error on sample 0: a bytes-like object is required, not 'str'
2026-03-16 21:02:50,961 [ERROR] Error on sample 0: a bytes-like object is required, not 'str'
2026-03-16 21:02:50,962 [ERROR] Error on sample 0: a bytes-like object is required, not 'str'
2026-03-16 21:02:50,963 [ERROR] Error on sample 0: a bytes-like object is required, not 'str'
2026-03-16 21:02:50,963 [ERROR] Error on sample 0: a bytes-like object is required, not 'str'
2026-03-16 21:02:50,964 [ERROR] Error on sample 0: a bytes-like object is required, not 'str'
2026-03-16 21:02:50,965 [ERROR] Error on sample 0: a bytes-like object is required, not 'str'
2026-03-16 21:02:50,965 [ERROR] Error on sample 0: a bytes-like object is required, not 'str'
2026-03-16 21:02:50,966 [ERROR] Error on sample 0: a bytes-like object is required, not 'str'
2026-03-16 21:02:50,967 [ERROR] Error on sample 0: a bytes-like object is required, not 'str'
2026-03-16 21:02:50,968 [ERROR] Error on sample 0: a bytes-like object is required, not 'str'
2026-03-16 21:02:50,969 [ERROR] Error on sample 0: a bytes-like object is required, not 'str'
2026-03-16 21:02:50,969 [ERROR] Error on sample 0: a bytes-like object is required, not 'str'
2026-03-16 21:02:50,970 [ERROR] Error on sample 0: a bytes-like object is required, not 'str'
2026-03-16 21:02:50,971 [ERROR] Error on sample 0: a bytes-like object is required, not 'str'
2026-03-16 21:02:50,972 [ERROR] Error on sample 0: a bytes-like object is required, not 'str'
2026-03-16 21:02:50,972 [ERROR] Error on sample 0: a bytes-like object is required, not 'str'
2026-03-16 21:02:50,973 [ERROR] Error on sample 0: a bytes-like object is required, not 'str'
2026-03-16 21:02:50,974 [ERROR] Error on sample 0: a bytes-like object is required, not 'str'
2026-03-16 21:02:50,974 [ERROR] Error on sample 0: a bytes-like object is required, not 'str'
2026-03-16 21:02:50,975 [ERROR] Error on sample 0: a bytes-like object is required, not 'str'
2026-03-16 21:02:50,976 [ERROR] Error on sample 0: a bytes-like object is required, not 'str'
2026-03-16 21:02:50,976 [ERROR] Error on sample 0: a bytes-like object is required, not 'str'
2026-03-16 21:02:50,977 [ERROR] Error on sample 0: a bytes-like object is required, not 'str'
2026-03-16 21:02:50,978 [ERROR] Error on sample 0: a bytes-like object is required, not 'str'
2026-03-16 21:02:50,978 [ERROR] Error on sample 0: a bytes-like object is required, not 'str'
2026-03-16 21:02:50,979 [ERROR] Error on sample 0: a bytes-like object is required, not 'str'
2026-03-16 21:02:50,980 [ERROR] Error on sample 0: a bytes-like object is required, not 'str'
2026-03-16 21:02:50,981 [ERROR] Error on sample 0: a bytes-like object is required, not 'str'
2026-03-16 21:02:50,981 [ERROR] Error on sample 0: a bytes-like object is required, not 'str'
2026-03-16 21:02:50,982 [ERROR] Error on sample 0: a bytes-like object is required, not 'str'
2026-03-16 21:02:50,983 [ERROR] Error on sample 0: a bytes-like object is required, not 'str'
2026-03-16 21:02:50,983 [ERROR] Error on sample 0: a bytes-like object is required, not 'str'
2026-03-16 21:02:50,984 [ERROR] Error on sample 0: a bytes-like object is required, not 'str'
2026-03-16 21:02:50,985 [ERROR] Error on sample 0: a bytes-like object is required, not 'str'
2026-03-16 21:02:50,985 [ERROR] Error on sample 0: a bytes-like object is required, not 'str'
2026-03-16 21:02:50,986 [ERROR] Error on sample 0: a bytes-like object is required, not 'str'
2026-03-16 21:02:50,987 [ERROR] Error on sample 0: a bytes-like object is required, not 'str'
2026-03-16 21:02:50,987 [ERROR] Error on sample 0: a bytes-like object is required, not 'str'
2026-03-16 21:02:50,988 [ERROR] Error on sample 0: a bytes-like object is required, not 'str'
2026-03-16 21:02:50,989 [ERROR] Error on sample 0: a bytes-like object is required, not 'str'
2026-03-16 21:02:50,989 [ERROR] Error on sample 0: a bytes-like object is required, not 'str'
2026-03-16 21:02:50,990 [ERROR] Error on sample 0: a bytes-like object is required, not 'str'
2026-03-16 21:02:50,991 [ERROR] Error on sample 0: a bytes-like object is required, not 'str'
2026-03-16 21:02:50,992 [ERROR] Error on sample 0: a bytes-like object is required, not 'str'
2026-03-16 21:02:50,992 [ERROR] Error on sample 0: a bytes-like object is required, not 'str'
2026-03-16 21:02:50,993 [ERROR] Error on sample 0: a bytes-like object is required, not 'str'
2026-03-16 21:02:50,994 [ERROR] Error on sample 0: a bytes-like object is required, not 'str'
2026-03-16 21:02:50,994 [ERROR] Error on sample 0: a bytes-like object is required, not 'str'
2026-03-16 21:02:50,995 [ERROR] Error on sample 0: a bytes-like object is required, not 'str'
2026-03-16 21:02:50,996 [ERROR] Error on sample 0: a bytes-like object is required, not 'str'
2026-03-16 21:02:50,996 [ERROR] Error on sample 0: a bytes-like object is required, not 'str'
2026-03-16 21:02:50,997 [ERROR] Error on sample 0: a bytes-like object is required, not 'str'
2026-03-16 21:02:50,998 [ERROR] Error on sample 0: a bytes-like object is required, not 'str'
2026-03-16 21:02:50,998 [ERROR] Error on sample 0: a bytes-like object is required, not 'str'
2026-03-16 21:02:50,999 [ERROR] Error on sample 0: a bytes-like object is required, not 'str'
2026-03-16 21:02:51,000 [ERROR] Error on sample 0: a bytes-like object is required, not 'str'
2026-03-16 21:02:51,000 [ERROR] Error on sample 0: a bytes-like object is required, not 'str'
2026-03-16 21:02:51,001 [ERROR] Error on sample 0: a bytes-like object is required, not 'str'
2026-03-16 21:02:51,002 [ERROR] Error on sample 0: a bytes-like object is required, not 'str'
2026-03-16 21:02:51,002 [ERROR] Error on sample 0: a bytes-like object is required, not 'str'
2026-03-16 21:02:51,003 [ERROR] Error on sample 0: a bytes-like object is required, not 'str'
2026-03-16 21:02:51,004 [ERROR] Error on sample 0: a bytes-like object is required, not 'str'
2026-03-16 21:02:51,004 [ERROR] Error on sample 0: a bytes-like object is required, not 'str'
2026-03-16 21:02:51,005 [ERROR] Error on sample 0: a bytes-like object is required, not 'str'
2026-03-16 21:02:51,006 [ERROR] Error on sample 0: a bytes-like object is required, not 'str'
2026-03-16 21:02:51,006 [ERROR] Error on sample 0: a bytes-like object is required, not 'str'
2026-03-16 21:02:51,007 [ERROR] Error on sample 0: a bytes-like object is required, not 'str'
2026-03-16 21:02:51,008 [ERROR] Error on sample 0: a bytes-like object is required, not 'str'
2026-03-16 21:02:51,008 [ERROR] Error on sample 0: a bytes-like object is required, not 'str'
2026-03-16 21:02:51,009 [ERROR] Error on sample 0: a bytes-like object is required, not 'str'
2026-03-16 21:02:51,010 [ERROR] Error on sample 0: a bytes-like object is required, not 'str'
2026-03-16 21:02:51,010 [ERROR] Error on sample 0: a bytes-like object is required, not 'str'
2026-03-16 21:02:51,011 [ERROR] Error on sample 0: a bytes-like object is required, not 'str'
2026-03-16 21:02:51,012 [ERROR] Error on sample 0: a bytes-like object is required, not 'str'
2026-03-16 21:02:51,012 [ERROR] Error on sample 0: a bytes-like object is required, not 'str'
2026-03-16 21:02:51,013 [ERROR] Error on sample 0: a bytes-like object is required, not 'str'
2026-03-16 21:02:51,014 [ERROR] Error on sample 0: a bytes-like object is required, not 'str'
2026-03-16 21:02:51,015 [ERROR] Error on sample 0: a bytes-like object is required, not 'str'
2026-03-16 21:02:51,015 [ERROR] Error on sample 0: a bytes-like object is required, not 'str'
2026-03-16 21:02:51,016 [ERROR] Error on sample 0: a bytes-like object is required, not 'str'
2026-03-16 21:02:51,017 [ERROR] Error on sample 0: a bytes-like object is required, not 'str'
2026-03-16 21:02:51,017 [ERROR] Error on sample 0: a bytes-like object is required, not 'str'
2026-03-16 21:02:51,018 [ERROR] Error on sample 0: a bytes-like object is required, not 'str'
2026-03-16 21:02:51,019 [ERROR] Error on sample 0: a bytes-like object is required, not 'str'
2026-03-16 21:02:51,019 [ERROR] Error on sample 0: a bytes-like object is required, not 'str'
2026-03-16 21:02:51,020 [ERROR] Error on sample 0: a bytes-like object is required, not 'str'
2026-03-16 21:02:51,021 [ERROR] Error on sample 0: a bytes-like object is required, not 'str'
2026-03-16 21:02:51,021 [ERROR] Error on sample 0: a bytes-like object is required, not 'str'
2026-03-16 21:02:51,022 [ERROR] Error on sample 0: a bytes-like object is required, not 'str'
2026-03-16 21:02:51,023 [ERROR] Error on sample 0: a bytes-like object is required, not 'str'
2026-03-16 21:02:51,023 [ERROR] Error on sample 0: a bytes-like object is required, not 'str'
2026-03-16 21:02:51,024 [ERROR] Error on sample 0: a bytes-like object is required, not 'str'
2026-03-16 21:02:51,025 [ERROR] Error on sample 0: a bytes-like object is required, not 'str'
2026-03-16 21:02:51,025 [ERROR] Error on sample 0: a bytes-like object is required, not 'str'
2026-03-16 21:02:51,026 [ERROR] Error on sample 0: a bytes-like object is required, not 'str'
2026-03-16 21:02:51,027 [ERROR] Error on sample 0: a bytes-like object is required, not 'str'
2026-03-16 21:02:51,027 [ERROR] Error on sample 0: a bytes-like object is required, not 'str'
2026-03-16 21:02:51,028 [ERROR] Error on sample 0: a bytes-like object is required, not 'str'
2026-03-16 21:02:51,029 [ERROR] Error on sample 0: a bytes-like object is required, not 'str'
2026-03-16 21:02:51,029 [ERROR] Error on sample 0: a bytes-like object is required, not 'str'
2026-03-16 21:02:51,030 [ERROR] Error on sample 0: a bytes-like object is required, not 'str'
2026-03-16 21:02:51,031 [ERROR] Error on sample 0: a bytes-like object is required, not 'str'
2026-03-16 21:02:51,032 [ERROR] Error on sample 0: a bytes-like object is required, not 'str'
2026-03-16 21:02:51,032 [ERROR] Error on sample 0: a bytes-like object is required, not 'str'
2026-03-16 21:02:51,033 [ERROR] Error on sample 0: a bytes-like object is required, not 'str'
2026-03-16 21:02:51,034 [ERROR] Error on sample 0: a bytes-like object is required, not 'str'
2026-03-16 21:02:51,034 [ERROR] Error on sample 0: a bytes-like object is required, not 'str'
2026-03-16 21:02:51,035 [ERROR] Error on sample 0: a bytes-like object is required, not 'str'
2026-03-16 21:02:51,036 [ERROR] Error on sample 0: a bytes-like object is required, not 'str'
2026-03-16 21:02:51,036 [ERROR] Error on sample 0: a bytes-like object is required, not 'str'
2026-03-16 21:02:51,037 [ERROR] Error on sample 0: a bytes-like object is required, not 'str'
2026-03-16 21:02:51,038 [ERROR] Error on sample 0: a bytes-like object is required, not 'str'
2026-03-16 21:02:51,038 [ERROR] Error on sample 0: a bytes-like object is required, not 'str'
2026-03-16 21:02:51,039 [ERROR] Error on sample 0: a bytes-like object is required, not 'str'
2026-03-16 21:02:51,040 [ERROR] Error on sample 0: a bytes-like object is required, not 'str'
2026-03-16 21:02:51,040 [ERROR] Error on sample 0: a bytes-like object is required, not 'str'
2026-03-16 21:02:51,041 [ERROR] Error on sample 0: a bytes-like object is required, not 'str'
2026-03-16 21:02:51,042 [ERROR] Error on sample 0: a bytes-like object is required, not 'str'
2026-03-16 21:02:51,042 [ERROR] Error on sample 0: a bytes-like object is required, not 'str'
2026-03-16 21:02:51,043 [ERROR] Error on sample 0: a bytes-like object is required, not 'str'
2026-03-16 21:02:51,044 [ERROR] Error on sample 0: a bytes-like object is required, not 'str'
2026-03-16 21:02:51,044 [ERROR] Error on sample 0: a bytes-like object is required, not 'str'
2026-03-16 21:02:51,045 [ERROR] Error on sample 0: a bytes-like object is required, not 'str'
2026-03-16 21:02:51,046 [ERROR] Error on sample 0: a bytes-like object is required, not 'str'
2026-03-16 21:02:51,047 [ERROR] Error on sample 0: a bytes-like object is required, not 'str'
2026-03-16 21:02:51,047 [ERROR] Error on sample 0: a bytes-like object is required, not 'str'
2026-03-16 21:02:51,048 [ERROR] Error on sample 0: a bytes-like object is required, not 'str'
2026-03-16 21:02:51,049 [ERROR] Error on sample 0: a bytes-like object is required, not 'str'
2026-03-16 21:02:51,049 [ERROR] Error on sample 0: a bytes-like object is required, not 'str'
2026-03-16 21:02:51,050 [ERROR] Error on sample 0: a bytes-like object is required, not 'str'
2026-03-16 21:02:51,051 [ERROR] Error on sample 0: a bytes-like object is required, not 'str'
2026-03-16 21:02:51,051 [ERROR] Error on sample 0: a bytes-like object is required, not 'str'
2026-03-16 21:02:51,052 [ERROR] Error on sample 0: a bytes-like object is required, not 'str'
2026-03-16 21:02:51,053 [ERROR] Error on sample 0: a bytes-like object is required, not 'str'
2026-03-16 21:02:51,053 [ERROR] Error on sample 0: a bytes-like object is required, not 'str'
2026-03-16 21:02:51,054 [ERROR] Error on sample 0: a bytes-like object is required, not 'str'
2026-03-16 21:02:51,055 [ERROR] Error on sample 0: a bytes-like object is required, not 'str'
2026-03-16 21:02:51,055 [ERROR] Error on sample 0: a bytes-like object is required, not 'str'
2026-03-16 21:02:51,056 [ERROR] Error on sample 0: a bytes-like object is required, not 'str'
2026-03-16 21:02:51,057 [ERROR] Error on sample 0: a bytes-like object is required, not 'str'
2026-03-16 21:02:51,057 [ERROR] Error on sample 0: a bytes-like object is required, not 'str'
2026-03-16 21:02:51,058 [ERROR] Error on sample 0: a bytes-like object is required, not 'str'
2026-03-16 21:02:51,059 [ERROR] Error on sample 0: a bytes-like object is required, not 'str'
2026-03-16 21:02:51,060 [ERROR] Error on sample 0: a bytes-like object is required, not 'str'
2026-03-16 21:02:51,060 [ERROR] Error on sample 0: a bytes-like object is required, not 'str'
2026-03-16 21:02:51,061 [ERROR] Error on sample 0: a bytes-like object is required, not 'str'
2026-03-16 21:02:51,062 [ERROR] Error on sample 0: a bytes-like object is required, not 'str'
2026-03-16 21:02:51,062 [ERROR] Error on sample 0: a bytes-like object is required, not 'str'
2026-03-16 21:02:51,063 [ERROR] Error on sample 0: a bytes-like object is required, not 'str'
2026-03-16 21:02:51,064 [ERROR] Error on sample 0: a bytes-like object is required, not 'str'
2026-03-16 21:02:51,064 [ERROR] Error on sample 0: a bytes-like object is required, not 'str'
2026-03-16 21:02:51,065 [ERROR] Error on sample 0: a bytes-like object is required, not 'str'
2026-03-16 21:02:51,066 [ERROR] Error on sample 0: a bytes-like object is required, not 'str'
2026-03-16 21:02:51,066 [ERROR] Error on sample 0: a bytes-like object is required, not 'str'
2026-03-16 21:02:51,067 [ERROR] Error on sample 0: a bytes-like object is required, not 'str'
2026-03-16 21:02:51,068 [ERROR] Error on sample 0: a bytes-like object is required, not 'str'
2026-03-16 21:02:51,068 [ERROR] Error on sample 0: a bytes-like object is required, not 'str'
2026-03-16 21:02:51,069 [ERROR] Error on sample 0: a bytes-like object is required, not 'str'
2026-03-16 21:02:51,070 [ERROR] Error on sample 0: a bytes-like object is required, not 'str'
2026-03-16 21:02:51,071 [ERROR] Error on sample 0: a bytes-like object is required, not 'str'
2026-03-16 21:02:51,071 [ERROR] Error on sample 0: a bytes-like object is required, not 'str'
2026-03-16 21:02:51,072 [ERROR] Error on sample 0: a bytes-like object is required, not 'str'
2026-03-16 21:02:51,073 [ERROR] Error on sample 0: a bytes-like object is required, not 'str'
2026-03-16 21:02:51,073 [ERROR] Error on sample 0: a bytes-like object is required, not 'str'
2026-03-16 21:02:51,074 [ERROR] Error on sample 0: a bytes-like object is required, not 'str'
2026-03-16 21:02:51,075 [ERROR] Error on sample 0: a bytes-like object is required, not 'str'
2026-03-16 21:02:51,075 [ERROR] Error on sample 0: a bytes-like object is required, not 'str'
2026-03-16 21:02:51,076 [ERROR] Error on sample 0: a bytes-like object is required, not 'str'
2026-03-16 21:02:51,077 [ERROR] Error on sample 0: a bytes-like object is required, not 'str'
2026-03-16 21:02:51,077 [ERROR] Error on sample 0: a bytes-like object is required, not 'str'
2026-03-16 21:02:51,078 [ERROR] Error on sample 0: a bytes-like object is required, not 'str'
2026-03-16 21:02:51,079 [ERROR] Error on sample 0: a bytes-like object is required, not 'str'
2026-03-16 21:02:51,079 [ERROR] Error on sample 0: a bytes-like object is required, not 'str'
2026-03-16 21:02:51,080 [ERROR] Error on sample 0: a bytes-like object is required, not 'str'
2026-03-16 21:02:51,081 [ERROR] Error on sample 0: a bytes-like object is required, not 'str'
2026-03-16 21:02:51,081 [ERROR] Error on sample 0: a bytes-like object is required, not 'str'
2026-03-16 21:02:51,082 [ERROR] Error on sample 0: a bytes-like object is required, not 'str'
2026-03-16 21:02:51,083 [ERROR] Error on sample 0: a bytes-like object is required, not 'str'
2026-03-16 21:02:51,083 [ERROR] Error on sample 0: a bytes-like object is required, not 'str'
2026-03-16 21:02:51,084 [ERROR] Error on sample 0: a bytes-like object is required, not 'str'
2026-03-16 21:02:51,085 [ERROR] Error on sample 0: a bytes-like object is required, not 'str'
2026-03-16 21:02:51,085 [ERROR] Error on sample 0: a bytes-like object is required, not 'str'
2026-03-16 21:02:51,086 [ERROR] Error on sample 0: a bytes-like object is required, not 'str'
2026-03-16 21:02:51,087 [ERROR] Error on sample 0: a bytes-like object is required, not 'str'
2026-03-16 21:02:51,087 [ERROR] Error on sample 0: a bytes-like object is required, not 'str'
2026-03-16 21:02:51,088 [ERROR] Error on sample 0: a bytes-like object is required, not 'str'
2026-03-16 21:02:51,089 [ERROR] Error on sample 0: a bytes-like object is required, not 'str'
2026-03-16 21:02:51,089 [ERROR] Error on sample 0: a bytes-like object is required, not 'str'
2026-03-16 21:02:51,090 [ERROR] Error on sample 0: a bytes-like object is required, not 'str'
2026-03-16 21:02:51,091 [ERROR] Error on sample 0: a bytes-like object is required, not 'str'
2026-03-16 21:02:51,091 [ERROR] Error on sample 0: a bytes-like object is required, not 'str'
2026-03-16 21:02:51,092 [ERROR] Error on sample 0: a bytes-like object is required, not 'str'
2026-03-16 21:02:51,093 [ERROR] Error on sample 0: a bytes-like object is required, not 'str'
2026-03-16 21:02:51,094 [ERROR] Error on sample 0: a bytes-like object is required, not 'str'
2026-03-16 21:02:51,094 [ERROR] Error on sample 0: a bytes-like object is required, not 'str'
2026-03-16 21:02:51,095 [ERROR] Error on sample 0: a bytes-like object is required, not 'str'
2026-03-16 21:02:51,096 [ERROR] Error on sample 0: a bytes-like object is required, not 'str'
2026-03-16 21:02:51,096 [ERROR] Error on sample 0: a bytes-like object is required, not 'str'
2026-03-16 21:02:51,097 [ERROR] Error on sample 0: a bytes-like object is required, not 'str'
2026-03-16 21:02:51,098 [ERROR] Error on sample 0: a bytes-like object is required, not 'str'
2026-03-16 21:02:51,098 [ERROR] Error on sample 0: a bytes-like object is required, not 'str'
2026-03-16 21:02:51,099 [ERROR] Error on sample 0: a bytes-like object is required, not 'str'
2026-03-16 21:02:51,100 [ERROR] Error on sample 0: a bytes-like object is required, not 'str'
2026-03-16 21:02:51,101 [ERROR] Error on sample 0: a bytes-like object is required, not 'str'
2026-03-16 21:02:51,101 [ERROR] Error on sample 0: a bytes-like object is required, not 'str'
2026-03-16 21:02:51,102 [ERROR] Error on sample 0: a bytes-like object is required, not 'str'
2026-03-16 21:02:51,103 [ERROR] Error on sample 0: a bytes-like object is required, not 'str'
2026-03-16 21:02:51,103 [ERROR] Error on sample 0: a bytes-like object is required, not 'str'
2026-03-16 21:02:51,104 [ERROR] Error on sample 0: a bytes-like object is required, not 'str'
2026-03-16 21:02:51,105 [ERROR] Error on sample 0: a bytes-like object is required, not 'str'
2026-03-16 21:02:51,105 [ERROR] Error on sample 0: a bytes-like object is required, not 'str'
2026-03-16 21:02:51,106 [ERROR] Error on sample 0: a bytes-like object is required, not 'str'
2026-03-16 21:02:51,107 [ERROR] Error on sample 0: a bytes-like object is required, not 'str'
2026-03-16 21:02:51,107 [ERROR] Error on sample 0: a bytes-like object is required, not 'str'
2026-03-16 21:02:51,108 [ERROR] Error on sample 0: a bytes-like object is required, not 'str'
2026-03-16 21:02:51,109 [ERROR] Error on sample 0: a bytes-like object is required, not 'str'
2026-03-16 21:02:51,109 [ERROR] Error on sample 0: a bytes-like object is required, not 'str'
2026-03-16 21:02:51,110 [ERROR] Error on sample 0: a bytes-like object is required, not 'str'
2026-03-16 21:02:51,111 [ERROR] Error on sample 0: a bytes-like object is required, not 'str'
2026-03-16 21:02:51,112 [ERROR] Error on sample 0: a bytes-like object is required, not 'str'
2026-03-16 21:02:51,112 [ERROR] Error on sample 0: a bytes-like object is required, not 'str'
2026-03-16 21:02:51,113 [ERROR] Error on sample 0: a bytes-like object is required, not 'str'
2026-03-16 21:02:51,114 [ERROR] Error on sample 0: a bytes-like object is required, not 'str'
2026-03-16 21:02:51,114 [ERROR] Error on sample 0: a bytes-like object is required, not 'str'
2026-03-16 21:02:51,115 [ERROR] Error on sample 0: a bytes-like object is required, not 'str'
2026-03-16 21:02:51,116 [ERROR] Error on sample 0: a bytes-like object is required, not 'str'
2026-03-16 21:02:51,116 [ERROR] Error on sample 0: a bytes-like object is required, not 'str'
2026-03-16 21:02:51,117 [ERROR] Error on sample 0: a bytes-like object is required, not 'str'
2026-03-16 21:02:51,118 [ERROR] Error on sample 0: a bytes-like object is required, not 'str'
2026-03-16 21:02:51,118 [ERROR] Error on sample 0: a bytes-like object is required, not 'str'
2026-03-16 21:02:51,119 [ERROR] Error on sample 0: a bytes-like object is required, not 'str'
2026-03-16 21:02:51,120 [ERROR] Error on sample 0: a bytes-like object is required, not 'str'
2026-03-16 21:02:51,120 [ERROR] Error on sample 0: a bytes-like object is required, not 'str'
2026-03-16 21:02:51,121 [ERROR] Error on sample 0: a bytes-like object is required, not 'str'
2026-03-16 21:02:51,122 [ERROR] Error on sample 0: a bytes-like object is required, not 'str'
2026-03-16 21:02:51,122 [ERROR] Error on sample 0: a bytes-like object is required, not 'str'
2026-03-16 21:02:51,123 [ERROR] Error on sample 0: a bytes-like object is required, not 'str'
2026-03-16 21:02:51,124 [ERROR] Error on sample 0: a bytes-like object is required, not 'str'
2026-03-16 21:02:51,124 [ERROR] Error on sample 0: a bytes-like object is required, not 'str'
2026-03-16 21:02:51,125 [ERROR] Error on sample 0: a bytes-like object is required, not 'str'
2026-03-16 21:02:51,126 [ERROR] Error on sample 0: a bytes-like object is required, not 'str'
2026-03-16 21:02:51,126 [ERROR] Error on sample 0: a bytes-like object is required, not 'str'
2026-03-16 21:02:51,127 [ERROR] Error on sample 0: a bytes-like object is required, not 'str'
2026-03-16 21:02:51,128 [ERROR] Error on sample 0: a bytes-like object is required, not 'str'
2026-03-16 21:02:51,129 [ERROR] Error on sample 0: a bytes-like object is required, not 'str'
2026-03-16 21:02:51,129 [ERROR] Error on sample 0: a bytes-like object is required, not 'str'
2026-03-16 21:02:51,130 [ERROR] Error on sample 0: a bytes-like object is required, not 'str'
2026-03-16 21:02:51,131 [ERROR] Error on sample 0: a bytes-like object is required, not 'str'
2026-03-16 21:02:51,131 [ERROR] Error on sample 0: a bytes-like object is required, not 'str'
2026-03-16 21:02:51,132 [ERROR] Error on sample 0: a bytes-like object is required, not 'str'
2026-03-16 21:02:51,133 [ERROR] Error on sample 0: a bytes-like object is required, not 'str'
2026-03-16 21:02:51,133 [ERROR] Error on sample 0: a bytes-like object is required, not 'str'
2026-03-16 21:02:51,134 [ERROR] Error on sample 0: a bytes-like object is required, not 'str'
2026-03-16 21:02:51,135 [ERROR] Error on sample 0: a bytes-like object is required, not 'str'
2026-03-16 21:02:51,135 [ERROR] Error on sample 0: a bytes-like object is required, not 'str'
2026-03-16 21:02:51,136 [ERROR] Error on sample 0: a bytes-like object is required, not 'str'
2026-03-16 21:02:51,137 [ERROR] Error on sample 0: a bytes-like object is required, not 'str'
2026-03-16 21:02:51,137 [ERROR] Error on sample 0: a bytes-like object is required, not 'str'
2026-03-16 21:02:51,138 [ERROR] Error on sample 0: a bytes-like object is required, not 'str'
2026-03-16 21:02:51,139 [ERROR] Error on sample 0: a bytes-like object is required, not 'str'
2026-03-16 21:02:51,139 [ERROR] Error on sample 0: a bytes-like object is required, not 'str'
2026-03-16 21:02:51,140 [ERROR] Error on sample 0: a bytes-like object is required, not 'str'
2026-03-16 21:02:51,141 [ERROR] Error on sample 0: a bytes-like object is required, not 'str'
2026-03-16 21:02:51,141 [ERROR] Error on sample 0: a bytes-like object is required, not 'str'
2026-03-16 21:02:51,142 [ERROR] Error on sample 0: a bytes-like object is required, not 'str'
2026-03-16 21:02:51,143 [ERROR] Error on sample 0: a bytes-like object is required, not 'str'
2026-03-16 21:02:51,143 [ERROR] Error on sample 0: a bytes-like object is required, not 'str'
2026-03-16 21:02:51,144 [ERROR] Error on sample 0: a bytes-like object is required, not 'str'
2026-03-16 21:02:51,145 [ERROR] Error on sample 0: a bytes-like object is required, not 'str'
2026-03-16 21:02:51,146 [ERROR] Error on sample 0: a bytes-like object is required, not 'str'
2026-03-16 21:02:51,147 [ERROR] Error on sample 0: a bytes-like object is required, not 'str'
2026-03-16 21:02:51,147 [ERROR] Error on sample 0: a bytes-like object is required, not 'str'
2026-03-16 21:02:51,148 [ERROR] Error on sample 0: a bytes-like object is required, not 'str'
2026-03-16 21:02:51,149 [ERROR] Error on sample 0: a bytes-like object is required, not 'str'
2026-03-16 21:02:51,150 [ERROR] Error on sample 0: a bytes-like object is required, not 'str'
2026-03-16 21:02:51,150 [ERROR] Error on sample 0: a bytes-like object is required, not 'str'
2026-03-16 21:02:51,151 [ERROR] Error on sample 0: a bytes-like object is required, not 'str'
2026-03-16 21:02:51,152 [ERROR] Error on sample 0: a bytes-like object is required, not 'str'
2026-03-16 21:02:51,152 [ERROR] Error on sample 0: a bytes-like object is required, not 'str'
2026-03-16 21:02:51,153 [ERROR] Error on sample 0: a bytes-like object is required, not 'str'
2026-03-16 21:02:51,154 [ERROR] Error on sample 0: a bytes-like object is required, not 'str'
2026-03-16 21:02:51,154 [ERROR] Error on sample 0: a bytes-like object is required, not 'str'
2026-03-16 21:02:51,155 [ERROR] Error on sample 0: a bytes-like object is required, not 'str'
2026-03-16 21:02:51,156 [ERROR] Error on sample 0: a bytes-like object is required, not 'str'
2026-03-16 21:02:51,157 [ERROR] Error on sample 0: a bytes-like object is required, not 'str'
2026-03-16 21:02:51,157 [ERROR] Error on sample 0: a bytes-like object is required, not 'str'
2026-03-16 21:02:51,158 [ERROR] Error on sample 0: a bytes-like object is required, not 'str'
2026-03-16 21:02:51,159 [ERROR] Error on sample 0: a bytes-like object is required, not 'str'
2026-03-16 21:02:51,159 [ERROR] Error on sample 0: a bytes-like object is required, not 'str'
2026-03-16 21:02:51,160 [ERROR] Error on sample 0: a bytes-like object is required, not 'str'
2026-03-16 21:02:51,161 [ERROR] Error on sample 0: a bytes-like object is required, not 'str'
2026-03-16 21:02:51,162 [ERROR] Error on sample 0: a bytes-like object is required, not 'str'
2026-03-16 21:02:51,162 [ERROR] Error on sample 0: a bytes-like object is required, not 'str'
2026-03-16 21:02:51,163 [ERROR] Error on sample 0: a bytes-like object is required, not 'str'
2026-03-16 21:02:51,164 [ERROR] Error on sample 0: a bytes-like object is required, not 'str'
2026-03-16 21:02:51,164 [ERROR] Error on sample 0: a bytes-like object is required, not 'str'
2026-03-16 21:02:51,165 [ERROR] Error on sample 0: a bytes-like object is required, not 'str'
2026-03-16 21:02:51,166 [ERROR] Error on sample 0: a bytes-like object is required, not 'str'
2026-03-16 21:02:51,166 [ERROR] Error on sample 0: a bytes-like object is required, not 'str'
2026-03-16 21:02:51,167 [ERROR] Error on sample 0: a bytes-like object is required, not 'str'
2026-03-16 21:02:51,168 [ERROR] Error on sample 0: a bytes-like object is required, not 'str'
2026-03-16 21:02:51,168 [ERROR] Error on sample 0: a bytes-like object is required, not 'str'
2026-03-16 21:02:51,169 [ERROR] Error on sample 0: a bytes-like object is required, not 'str'
2026-03-16 21:02:51,170 [ERROR] Error on sample 0: a bytes-like object is required, not 'str'
2026-03-16 21:02:51,170 [ERROR] Error on sample 0: a bytes-like object is required, not 'str'
2026-03-16 21:02:51,171 [ERROR] Error on sample 0: a bytes-like object is required, not 'str'
2026-03-16 21:02:51,172 [ERROR] Error on sample 0: a bytes-like object is required, not 'str'
2026-03-16 21:02:51,172 [ERROR] Error on sample 0: a bytes-like object is required, not 'str'
2026-03-16 21:02:51,173 [ERROR] Error on sample 0: a bytes-like object is required, not 'str'
2026-03-16 21:02:51,174 [ERROR] Error on sample 0: a bytes-like object is required, not 'str'
2026-03-16 21:02:51,174 [ERROR] Error on sample 0: a bytes-like object is required, not 'str'
2026-03-16 21:02:51,175 [ERROR] Error on sample 0: a bytes-like object is required, not 'str'
2026-03-16 21:02:51,176 [ERROR] Error on sample 0: a bytes-like object is required, not 'str'
2026-03-16 21:02:51,176 [ERROR] Error on sample 0: a bytes-like object is required, not 'str'
2026-03-16 21:02:51,177 [ERROR] Error on sample 0: a bytes-like object is required, not 'str'
2026-03-16 21:02:51,178 [ERROR] Error on sample 0: a bytes-like object is required, not 'str'
2026-03-16 21:02:51,178 [ERROR] Error on sample 0: a bytes-like object is required, not 'str'
2026-03-16 21:02:51,179 [ERROR] Error on sample 0: a bytes-like object is required, not 'str'
2026-03-16 21:02:51,180 [ERROR] Error on sample 0: a bytes-like object is required, not 'str'
2026-03-16 21:02:51,180 [ERROR] Error on sample 0: a bytes-like object is required, not 'str'
2026-03-16 21:02:51,181 [ERROR] Error on sample 0: a bytes-like object is required, not 'str'
2026-03-16 21:02:51,182 [ERROR] Error on sample 0: a bytes-like object is required, not 'str'
2026-03-16 21:02:51,183 [ERROR] Error on sample 0: a bytes-like object is required, not 'str'
2026-03-16 21:02:51,183 [ERROR] Error on sample 0: a bytes-like object is required, not 'str'
2026-03-16 21:02:51,184 [ERROR] Error on sample 0: a bytes-like object is required, not 'str'
2026-03-16 21:02:51,185 [ERROR] Error on sample 0: a bytes-like object is required, not 'str'
2026-03-16 21:02:51,185 [ERROR] Error on sample 0: a bytes-like object is required, not 'str'
2026-03-16 21:02:51,186 [ERROR] Error on sample 0: a bytes-like object is required, not 'str'
2026-03-16 21:02:51,187 [ERROR] Error on sample 0: a bytes-like object is required, not 'str'
2026-03-16 21:02:51,187 [ERROR] Error on sample 0: a bytes-like object is required, not 'str'
2026-03-16 21:02:51,188 [ERROR] Error on sample 0: a bytes-like object is required, not 'str'
2026-03-16 21:02:51,189 [ERROR] Error on sample 0: a bytes-like object is required, not 'str'
2026-03-16 21:02:51,189 [ERROR] Error on sample 0: a bytes-like object is required, not 'str'
2026-03-16 21:02:51,190 [ERROR] Error on sample 0: a bytes-like object is required, not 'str'
2026-03-16 21:02:51,191 [ERROR] Error on sample 0: a bytes-like object is required, not 'str'
2026-03-16 21:02:51,191 [ERROR] Error on sample 0: a bytes-like object is required, not 'str'
2026-03-16 21:02:51,192 [ERROR] Error on sample 0: a bytes-like object is required, not 'str'
2026-03-16 21:02:51,193 [ERROR] Error on sample 0: a bytes-like object is required, not 'str'
2026-03-16 21:02:51,193 [ERROR] Error on sample 0: a bytes-like object is required, not 'str'
2026-03-16 21:02:51,194 [ERROR] Error on sample 0: a bytes-like object is required, not 'str'
2026-03-16 21:02:51,195 [ERROR] Error on sample 0: a bytes-like object is required, not 'str'
2026-03-16 21:02:51,195 [ERROR] Error on sample 0: a bytes-like object is required, not 'str'
2026-03-16 21:02:51,196 [ERROR] Error on sample 0: a bytes-like object is required, not 'str'
2026-03-16 21:02:51,197 [ERROR] Error on sample 0: a bytes-like object is required, not 'str'
2026-03-16 21:02:51,197 [ERROR] Error on sample 0: a bytes-like object is required, not 'str'
2026-03-16 21:02:51,198 [ERROR] Error on sample 0: a bytes-like object is required, not 'str'
2026-03-16 21:02:51,199 [ERROR] Error on sample 0: a bytes-like object is required, not 'str'
2026-03-16 21:02:51,199 [ERROR] Error on sample 0: a bytes-like object is required, not 'str'
2026-03-16 21:02:51,200 [ERROR] Error on sample 0: a bytes-like object is required, not 'str'
2026-03-16 21:02:51,201 [ERROR] Error on sample 0: a bytes-like object is required, not 'str'
2026-03-16 21:02:51,201 [ERROR] Error on sample 0: a bytes-like object is required, not 'str'
2026-03-16 21:02:51,202 [ERROR] Error on sample 0: a bytes-like object is required, not 'str'
2026-03-16 21:02:51,203 [ERROR] Error on sample 0: a bytes-like object is required, not 'str'
2026-03-16 21:02:51,203 [ERROR] Error on sample 0: a bytes-like object is required, not 'str'
2026-03-16 21:02:51,204 [ERROR] Error on sample 0: a bytes-like object is required, not 'str'
2026-03-16 21:02:51,205 [ERROR] Error on sample 0: a bytes-like object is required, not 'str'
2026-03-16 21:02:51,205 [ERROR] Error on sample 0: a bytes-like object is required, not 'str'
2026-03-16 21:02:51,206 [ERROR] Error on sample 0: a bytes-like object is required, not 'str'
2026-03-16 21:02:51,207 [ERROR] Error on sample 0: a bytes-like object is required, not 'str'
2026-03-16 21:02:51,207 [ERROR] Error on sample 0: a bytes-like object is required, not 'str'
2026-03-16 21:02:51,208 [ERROR] Error on sample 0: a bytes-like object is required, not 'str'
2026-03-16 21:02:51,209 [ERROR] Error on sample 0: a bytes-like object is required, not 'str'
2026-03-16 21:02:51,210 [ERROR] Error on sample 0: a bytes-like object is required, not 'str'
2026-03-16 21:02:51,210 [ERROR] Error on sample 0: a bytes-like object is required, not 'str'
2026-03-16 21:02:51,211 [ERROR] Error on sample 0: a bytes-like object is required, not 'str'
2026-03-16 21:02:51,212 [ERROR] Error on sample 0: a bytes-like object is required, not 'str'
2026-03-16 21:02:51,212 [ERROR] Error on sample 0: a bytes-like object is required, not 'str'
2026-03-16 21:02:51,213 [ERROR] Error on sample 0: a bytes-like object is required, not 'str'
2026-03-16 21:02:51,214 [ERROR] Error on sample 0: a bytes-like object is required, not 'str'
2026-03-16 21:02:51,214 [ERROR] Error on sample 0: a bytes-like object is required, not 'str'
2026-03-16 21:02:51,215 [ERROR] Error on sample 0: a bytes-like object is required, not 'str'
2026-03-16 21:02:51,216 [ERROR] Error on sample 0: a bytes-like object is required, not 'str'
2026-03-16 21:02:51,216 [ERROR] Error on sample 0: a bytes-like object is required, not 'str'
2026-03-16 21:02:51,217 [ERROR] Error on sample 0: a bytes-like object is required, not 'str'
2026-03-16 21:02:51,218 [ERROR] Error on sample 0: a bytes-like object is required, not 'str'
2026-03-16 21:02:51,218 [ERROR] Error on sample 0: a bytes-like object is required, not 'str'
2026-03-16 21:02:51,219 [ERROR] Error on sample 0: a bytes-like object is required, not 'str'
2026-03-16 21:02:51,220 [ERROR] Error on sample 0: a bytes-like object is required, not 'str'
2026-03-16 21:02:51,220 [ERROR] Error on sample 0: a bytes-like object is required, not 'str'
2026-03-16 21:02:51,221 [ERROR] Error on sample 0: a bytes-like object is required, not 'str'
2026-03-16 21:02:51,222 [ERROR] Error on sample 0: a bytes-like object is required, not 'str'
2026-03-16 21:02:51,222 [ERROR] Error on sample 0: a bytes-like object is required, not 'str'
2026-03-16 21:02:51,223 [ERROR] Error on sample 0: a bytes-like object is required, not 'str'
2026-03-16 21:02:51,224 [ERROR] Error on sample 0: a bytes-like object is required, not 'str'
2026-03-16 21:02:51,224 [ERROR] Error on sample 0: a bytes-like object is required, not 'str'
2026-03-16 21:02:51,225 [ERROR] Error on sample 0: a bytes-like object is required, not 'str'
2026-03-16 21:02:51,226 [ERROR] Error on sample 0: a bytes-like object is required, not 'str'
2026-03-16 21:02:51,226 [ERROR] Error on sample 0: a bytes-like object is required, not 'str'
2026-03-16 21:02:51,227 [ERROR] Error on sample 0: a bytes-like object is required, not 'str'
2026-03-16 21:02:51,228 [ERROR] Error on sample 0: a bytes-like object is required, not 'str'
2026-03-16 21:02:51,228 [ERROR] Error on sample 0: a bytes-like object is required, not 'str'
2026-03-16 21:02:51,229 [ERROR] Error on sample 0: a bytes-like object is required, not 'str'
2026-03-16 21:02:51,230 [ERROR] Error on sample 0: a bytes-like object is required, not 'str'
2026-03-16 21:02:51,230 [ERROR] Error on sample 0: a bytes-like object is required, not 'str'
2026-03-16 21:02:51,231 [ERROR] Error on sample 0: a bytes-like object is required, not 'str'
2026-03-16 21:02:51,232 [ERROR] Error on sample 0: a bytes-like object is required, not 'str'
2026-03-16 21:02:51,233 [ERROR] Error on sample 0: a bytes-like object is required, not 'str'
2026-03-16 21:02:51,233 [ERROR] Error on sample 0: a bytes-like object is required, not 'str'
2026-03-16 21:02:51,234 [ERROR] Error on sample 0: a bytes-like object is required, not 'str'
2026-03-16 21:02:51,235 [ERROR] Error on sample 0: a bytes-like object is required, not 'str'
2026-03-16 21:02:51,235 [ERROR] Error on sample 0: a bytes-like object is required, not 'str'
2026-03-16 21:02:51,236 [ERROR] Error on sample 0: a bytes-like object is required, not 'str'
2026-03-16 21:02:51,237 [ERROR] Error on sample 0: a bytes-like object is required, not 'str'
2026-03-16 21:02:51,237 [ERROR] Error on sample 0: a bytes-like object is required, not 'str'
2026-03-16 21:02:51,238 [ERROR] Error on sample 0: a bytes-like object is required, not 'str'
2026-03-16 21:02:51,239 [ERROR] Error on sample 0: a bytes-like object is required, not 'str'
2026-03-16 21:02:51,239 [ERROR] Error on sample 0: a bytes-like object is required, not 'str'
2026-03-16 21:02:51,240 [ERROR] Error on sample 0: a bytes-like object is required, not 'str'
2026-03-16 21:02:51,241 [ERROR] Error on sample 0: a bytes-like object is required, not 'str'
2026-03-16 21:02:51,241 [ERROR] Error on sample 0: a bytes-like object is required, not 'str'
2026-03-16 21:02:51,242 [ERROR] Error on sample 0: a bytes-like object is required, not 'str'
2026-03-16 21:02:51,243 [ERROR] Error on sample 0: a bytes-like object is required, not 'str'
2026-03-16 21:02:51,243 [ERROR] Error on sample 0: a bytes-like object is required, not 'str'
2026-03-16 21:02:51,244 [ERROR] Error on sample 0: a bytes-like object is required, not 'str'
2026-03-16 21:02:51,245 [ERROR] Error on sample 0: a bytes-like object is required, not 'str'
2026-03-16 21:02:51,245 [ERROR] Error on sample 0: a bytes-like object is required, not 'str'
2026-03-16 21:02:51,246 [ERROR] Error on sample 0: a bytes-like object is required, not 'str'
2026-03-16 21:02:51,247 [ERROR] Error on sample 0: a bytes-like object is required, not 'str'
2026-03-16 21:02:51,247 [ERROR] Error on sample 0: a bytes-like object is required, not 'str'
2026-03-16 21:02:51,248 [ERROR] Error on sample 0: a bytes-like object is required, not 'str'
2026-03-16 21:02:51,249 [ERROR] Error on sample 0: a bytes-like object is required, not 'str'
2026-03-16 21:02:51,249 [ERROR] Error on sample 0: a bytes-like object is required, not 'str'
2026-03-16 21:02:51,250 [ERROR] Error on sample 0: a bytes-like object is required, not 'str'
2026-03-16 21:02:51,251 [ERROR] Error on sample 0: a bytes-like object is required, not 'str'
2026-03-16 21:02:51,251 [ERROR] Error on sample 0: a bytes-like object is required, not 'str'
2026-03-16 21:02:51,252 [ERROR] Error on sample 0: a bytes-like object is required, not 'str'
2026-03-16 21:02:51,253 [ERROR] Error on sample 0: a bytes-like object is required, not 'str'
2026-03-16 21:02:51,253 [ERROR] Error on sample 0: a bytes-like object is required, not 'str'
2026-03-16 21:02:51,254 [ERROR] Error on sample 0: a bytes-like object is required, not 'str'
2026-03-16 21:02:51,255 [ERROR] Error on sample 0: a bytes-like object is required, not 'str'
2026-03-16 21:02:51,255 [ERROR] Error on sample 0: a bytes-like object is required, not 'str'
2026-03-16 21:02:51,256 [ERROR] Error on sample 0: a bytes-like object is required, not 'str'
2026-03-16 21:02:51,257 [ERROR] Error on sample 0: a bytes-like object is required, not 'str'
2026-03-16 21:02:51,258 [ERROR] Error on sample 0: a bytes-like object is required, not 'str'
2026-03-16 21:02:51,258 [ERROR] Error on sample 0: a bytes-like object is required, not 'str'
2026-03-16 21:02:51,259 [INFO] Done — processed: 0 | errors: 7985
2026-03-16 21:02:51,259 [INFO] Manifest: /usershome/cs671_user2/p16_blv/data/keyframes/charades_luv_manifest.json
2026-03-16 21:07:46,513 [INFO] Starting: dataset=charades method=luv max_videos=3
2026-03-16 21:07:46,513 [INFO] Streaming HuggingFaceM4/charades
2026-03-16 21:07:58,607 [INFO] Downloading zip from S3: https://ai2-public-datasets.s3-us-west-2.amazonaws.com/chara...
2026-03-18 16:02:36,939 [INFO] Starting: dataset=charades method=luv max_videos=5
2026-03-18 16:02:36,939 [INFO] Using local zip: /usershome/cs671_user2/p16_blv/data/raw/Charades_v1.zip (58.8 GB)
2026-03-18 16:03:02,371 [INFO] Starting: dataset=charades method=luv max_videos=5
2026-03-18 16:03:02,372 [INFO] Using local zip: /usershome/cs671_user2/p16_blv/data/raw/Charades_v1.zip (58.8 GB)
2026-03-18 16:03:02,748 [INFO] PyTorch version 2.5.1+cu121 available.
2026-03-18 16:03:03,018 [INFO] Loading Charades metadata only (streaming)...
2026-03-18 16:03:16,568 [INFO] Loaded metadata for 7985 videos
2026-03-18 16:03:21,518 [INFO] Done — processed: 5 | errors: 0
2026-03-18 16:03:21,518 [INFO] Manifest: /usershome/cs671_user2/p16_blv/data/keyframes/charades_luv_manifest.json
2026-03-18 16:14:58,144 [INFO] Starting: dataset=charades method=luv max_videos=7985
2026-03-18 16:14:58,144 [INFO] Using local zip: /usershome/cs671_user2/p16_blv/data/raw/Charades_v1.zip (58.8 GB)
2026-03-18 16:14:58,478 [INFO] PyTorch version 2.5.1+cu121 available.
2026-03-18 16:14:58,659 [INFO] Loading Charades metadata only (streaming)...
2026-03-18 16:15:14,112 [INFO] Loaded metadata for 7985 videos
2026-03-18 16:17:59,721 [INFO] Checkpoint: 200 done
2026-03-18 16:20:15,731 [INFO] Checkpoint: 400 done
2026-03-18 16:22:40,529 [INFO] Checkpoint: 600 done
2026-03-18 16:25:00,873 [INFO] Checkpoint: 800 done
2026-03-18 16:27:21,630 [INFO] Checkpoint: 1000 done
2026-03-18 16:29:40,495 [INFO] Checkpoint: 1200 done
2026-03-18 16:32:05,937 [INFO] Checkpoint: 1400 done
2026-03-18 16:34:47,741 [INFO] Checkpoint: 1600 done
2026-03-18 16:37:12,659 [INFO] Checkpoint: 1800 done
2026-03-18 16:39:41,118 [INFO] Checkpoint: 2000 done
2026-03-18 16:41:52,635 [INFO] Checkpoint: 2200 done
2026-03-18 16:44:09,438 [INFO] Checkpoint: 2400 done
2026-03-18 16:46:34,458 [INFO] Checkpoint: 2600 done
2026-03-18 16:48:44,382 [INFO] Checkpoint: 2800 done
2026-03-18 16:51:12,295 [INFO] Checkpoint: 3000 done
2026-03-18 16:53:32,022 [INFO] Checkpoint: 3200 done
2026-03-18 16:55:47,090 [INFO] Checkpoint: 3400 done
2026-03-18 16:58:14,367 [INFO] Checkpoint: 3600 done
2026-03-18 17:00:29,269 [INFO] Checkpoint: 3800 done
2026-03-18 17:02:40,034 [INFO] Checkpoint: 4000 done
2026-03-18 17:04:59,356 [INFO] Checkpoint: 4200 done
2026-03-18 17:07:24,372 [INFO] Checkpoint: 4400 done
2026-03-18 17:09:49,014 [INFO] Checkpoint: 4600 done
2026-03-18 17:12:11,617 [INFO] Checkpoint: 4800 done
2026-03-18 17:14:20,570 [INFO] Checkpoint: 5000 done
2026-03-18 17:16:42,254 [INFO] Checkpoint: 5200 done
2026-03-18 17:19:07,432 [INFO] Checkpoint: 5400 done
2026-03-18 17:21:29,610 [INFO] Checkpoint: 5600 done
2026-03-18 17:23:44,132 [INFO] Checkpoint: 5800 done
2026-03-18 17:26:19,331 [INFO] Checkpoint: 6000 done
2026-03-18 17:28:37,583 [INFO] Checkpoint: 6200 done
2026-03-18 17:30:52,983 [INFO] Checkpoint: 6400 done
2026-03-18 17:33:30,397 [INFO] Checkpoint: 6600 done
2026-03-18 17:36:01,120 [INFO] Checkpoint: 6800 done
2026-03-18 17:38:27,042 [INFO] Checkpoint: 7000 done
2026-03-18 17:40:47,138 [INFO] Checkpoint: 7200 done
2026-03-18 17:43:15,846 [INFO] Checkpoint: 7400 done
2026-03-18 17:45:31,654 [INFO] Checkpoint: 7600 done
2026-03-18 17:47:37,439 [INFO] Checkpoint: 7800 done
2026-03-18 17:49:41,379 [INFO] Done — processed: 7985 | errors: 0
2026-03-18 17:49:41,379 [INFO] Manifest: /usershome/cs671_user2/p16_blv/data/keyframes/charades_luv_manifest.json
2026-03-18 18:36:57,314 [INFO] Starting: dataset=avcaps method=luv max_videos=2000
2026-03-18 18:36:57,672 [INFO] PyTorch version 2.5.1+cu121 available.
2026-03-18 18:36:57,870 [INFO] Streaming AVCaps (standard format)...
2026-03-18 18:44:36,926 [INFO] Starting: dataset=avcaps method=luv max_videos=2000
2026-03-18 18:44:36,986 [INFO] Downloading AVCaps train_captions.json...
2026-03-18 18:44:37,302 [INFO] Loaded captions for 1661 videos
2026-03-18 18:44:37,302 [INFO] Downloading AVCaps train_videos.zip (~8.5GB)...
2026-03-18 18:56:11,483 [INFO] Starting: dataset=avcaps method=luv max_videos=2000
2026-03-18 18:56:11,547 [INFO] Downloading AVCaps train_captions.json...
2026-03-18 18:56:12,174 [INFO] Loaded captions for 1661 videos
2026-03-18 18:56:12,174 [INFO] Downloading AVCaps train_videos.zip (~8.5GB)...
2026-03-18 19:15:21,258 [INFO] Starting: dataset=avcaps method=luv max_videos=2000
2026-03-18 19:15:21,327 [INFO] Downloading AVCaps train_captions.json...
2026-03-18 19:15:21,747 [INFO] Loaded captions for 1661 videos
2026-03-18 19:15:21,747 [INFO] Using cached zip: /usershome/cs671_user2/p16_blv/data/raw/avcaps_train_videos.zip
2026-03-18 19:17:26,431 [INFO] Checkpoint: 200 done
2026-03-18 19:19:40,965 [INFO] Checkpoint: 400 done
2026-03-18 19:21:48,658 [INFO] Checkpoint: 600 done
2026-03-18 19:24:03,256 [INFO] Checkpoint: 800 done
2026-03-18 19:26:06,508 [INFO] Checkpoint: 1000 done
2026-03-18 19:27:59,680 [INFO] Checkpoint: 1200 done
2026-03-18 19:30:09,774 [INFO] Checkpoint: 1400 done
2026-03-18 19:32:06,989 [INFO] Checkpoint: 1600 done
2026-03-18 19:32:45,758 [INFO] Done — processed: 1661 | errors: 0
